time,eyes_open,yaw,pitch,perclos,fatigue_score,distraction_score,driver_state,alert_level,total_alerts
0.0,False,-0.833375178039589,1.5150394678344132,100.0,0.6000000000000001,0.007070644053141315,fatigued,3,1
0.03333333333333333,False,-2.3070193647093946,1.7475383011302887,100.0,0.6022222222222223,0.010603740949402966,fatigued,3,1
0.06666666666666667,False,1.4852753593617318,-0.29099527105012923,100.0,0.6044444444444446,0.004653200640510427,fatigued,3,1
0.1,False,0.26975956849193167,0.9655815979358253,100.0,0.6066666666666668,0.0037266018475783547,fatigued,3,1
0.13333333333333333,True,-2.461581150212982,1.6290876402672196,80.0,0.5466666666666666,0.00589339256281521,fatigued,2,2
0.16666666666666666,True,-0.9765178402675425,1.7328627257321079,66.66666666666666,0.4933333333333333,0.006276308026889413,fatigued,2,2
0.2,True,-1.416299103166619,0.3198139181125791,57.14285714285714,0.4552380952380953,0.006380458348268963,fatigued,2,2
0.23333333333333334,True,0.9673868672659145,0.3895637407175731,50.0,0.4266666666666667,0.005153676056453605,fatigued,2,2
0.26666666666666666,True,0.2718846537319695,-0.6323667975399866,44.44444444444444,0.40444444444444444,0.004290641406970136,fatigued,2,2
0.3,True,-0.17591229722152207,0.41931328224472275,40.0,0.3866666666666667,0.004032941238870404,attentive,2,2
0.3333333333333333,True,1.3953529921282997,1.0107130138461708,36.36363636363637,0.37212121212121213,0.0033067156776780586,attentive,2,2
0.36666666666666664,True,-1.2245077029792406,2.6873934704883107,33.33333333333333,0.36,0.003982342866843182,attentive,2,2
0.4,True,-1.2450471487315287,2.1593342025524866,30.76923076923077,0.34974358974358977,0.004470782902729698,attentive,0,2
0.43333333333333335,True,1.7261044191451864,0.5938727610656582,28.57142857142857,0.34095238095238095,0.0036977371275784144,attentive,0,2
0.4666666666666667,True,0.3012108573413984,0.5512402403938506,26.666666666666668,0.33333333333333337,0.0034436388784377875,attentive,0,2
0.5,True,1.0467127081834056,0.10044954796082678,25.0,0.3266666666666667,0.00295160924459015,attentive,0,2
0.5333333333333333,True,3.0661832741940893,-0.4153198916990049,23.52941176470588,0.3207843137254902,0.0019220784471845613,attentive,0,2
0.5666666666666667,True,0.051708052562403795,1.6341681590605872,22.22222222222222,0.3155555555555556,0.0020042780462836635,attentive,0,2
0.6,True,1.525568157641021,0.12056128335197297,21.052631578947366,0.31087719298245614,0.002242295396706823,attentive,0,2
0.6333333333333333,True,-1.7548392182221453,0.4318617019460424,20.0,0.3066666666666667,0.0019161796979286598,attentive,0,2
0.6666666666666666,True,0.6807090023641037,0.08113923579052136,19.047619047619047,0.3028571428571429,0.0018557001214670706,attentive,0,2
0.7,True,4.489894718547247,0.8967573143959872,18.181818181818183,0.29939393939393943,0.0027689811009448785,attentive,0,2
0.7333333333333333,True,0.15794569489384688,0.7642529516379895,17.391304347826086,0.296231884057971,0.0027529523904135248,attentive,0,2
0.7666666666666666,True,-2.0936950137098886,0.33602581565713935,16.666666666666664,0.29333333333333333,0.0022816382434275324,attentive,0,2
0.8,True,0.12752450808795943,-1.7910848088625433,16.0,0.2906666666666667,0.0020538361987849536,attentive,0,2
0.8333333333333334,True,1.4700671292193843,0.9010798128620228,15.384615384615385,0.2882051282051282,0.0023031513938146595,attentive,0,2
0.8666666666666667,True,0.6195424215933915,-0.24681195465541306,14.814814814814813,0.28592592592592597,0.002299518040836452,attentive,0,2
0.9,True,3.3639165949081025,-0.11114976499829338,14.285714285714285,0.28380952380952384,0.0027425260016651423,attentive,0,2
0.9333333333333333,True,0.3100260103084257,-0.09682790491220156,13.793103448275861,0.28183908045977013,0.002688049941508463,attentive,0,2
0.9666666666666667,True,0.8186837296366273,1.4614521278514458,13.333333333333334,0.28,0.002827990468430381,attentive,0,2
1.0,True,2.2578535692887587,0.92197043301269,12.903225806451612,0.27827956989247316,0.003126562644831566,attentive,0,2
1.0333333333333332,True,0.1545437432334316,-0.8786235717545174,12.5,0.2637634408602151,0.0029893064451467152,attentive,0,2
1.0666666666666667,True,-0.0852292115564941,1.6077389808859845,12.121212121212121,0.2501515151515152,0.0029955079709013937,attentive,0,2
1.1,True,0.8727330000381821,-0.7831675156370275,11.76470588235294,0.2373618538324421,0.0029703001210669953,attentive,0,2
1.1333333333333333,True,0.2881868664759717,-0.30283781168970053,11.428571428571429,0.2253221288515406,0.0029028017634023665,attentive,0,2
1.1666666666666667,True,1.206220530447757,-0.7033578818553938,11.11111111111111,0.21396825396825395,0.002927667342754777,attentive,0,2
1.2,True,-1.3669790906432633,-1.3112390608671738,10.81081081081081,0.20324324324324325,0.0026055864090374593,attentive,0,2
1.2333333333333334,True,0.4754043752389465,0.46155744402876303,10.526315789473683,0.1930962541488857,0.002619612859940371,attentive,0,2
1.2666666666666666,True,1.0972972300321882,-0.7503566298280848,10.256410256410255,0.18348178137651824,0.0026347360532886976,attentive,0,2
1.3,True,-2.159813472250356,-0.09112453400323084,10.0,0.17435897435897432,0.002323825903150706,attentive,0,2
1.3333333333333333,True,3.5954022879419893,1.5856126509360429,9.75609756097561,0.16569105691056912,0.0027428337931454053,attentive,0,2
1.3666666666666667,True,1.5067028237804039,0.36672674606435296,9.523809523809524,0.15744483159117303,0.002856371210431634,attentive,0,2
1.4,True,-0.2847112835284508,-0.5251377460623003,9.30232558139535,0.1495902547065338,0.0027333775485291313,attentive,0,2
1.4333333333333333,True,-1.0279117967404292,1.543614904134373,9.090909090909092,0.14210007047216353,0.002645386205792535,attentive,0,2
1.4666666666666666,True,-0.5423531861098104,0.958051072813916,8.88888888888889,0.13494949494949499,0.002580345262977111,attentive,0,2
1.5,True,0.5904459706462966,-1.6487040119004208,8.695652173913043,0.12811594202898552,0.0025016511838009017,attentive,0,2
1.5333333333333332,True,-1.9541665926736755,-1.9950599443285348,8.51063829787234,0.12157878507554734,0.0021693043203311006,attentive,0,2
1.5666666666666667,True,-0.3969694486199251,0.5516032878532071,8.333333333333332,0.11531914893617023,0.0021128912391488956,attentive,0,2
1.6,True,-2.0832533610661508,1.20266719267727,8.16326530612245,0.10931972789115647,0.001935356518646762,attentive,0,2
1.6333333333333333,True,0.05709237893011787,0.9774480342400884,8.0,0.10356462585034017,0.0019451664012560637,attentive,0,2
1.6666666666666667,True,0.4589832718575025,0.10644189517629199,7.8431372549019605,0.09803921568627452,0.0019516624168693997,attentive,0,2
1.7,True,1.7865198290171636,0.15672019271709736,7.6923076923076925,0.09273001508295628,0.002073521893927528,attentive,0,2
1.7333333333333334,True,-1.9972922653129848,1.0568780092791423,7.547169811320755,0.08762457668118044,0.0019112245617005166,attentive,0,2
1.7666666666666666,True,-1.0868619620295152,0.6611070974016342,7.4074074074074066,0.08271139063591895,0.0018135839082263345,attentive,0,2
1.8,True,1.3440938812141394,-0.08340762624849307,7.2727272727272725,0.077979797979798,0.001885853297215342,attentive,0,2
1.8333333333333333,True,0.9457203214744958,0.6742339052464783,7.142857142857142,0.07341991341991347,0.0019539898275506024,attentive,0,2
1.8666666666666667,True,0.9586114377231758,2.0616946440762325,7.017543859649122,0.06902255639097742,0.002074832794300108,attentive,0,2
1.9,True,2.2226800100111923,0.27695205585248095,6.896551724137931,0.06477918935269207,0.0022199913122479932,attentive,0,2
1.9333333333333333,True,-0.03251724047327231,-0.019465159427226264,6.779661016949152,0.060681862458601216,0.0021791816801995803,attentive,0,2
1.9666666666666666,True,0.0026393100139536774,-1.2470702660652755,6.666666666666667,0.056723163841807894,0.0020968697023430183,attentive,0,2
2.0,True,2.59731561001529,-0.3810478611913659,6.557377049180328,0.05289617486338798,0.0022378530171985687,attentive,0,2
2.033333333333333,True,2.63459250443399,-0.014206490332017152,6.451612903225806,0.052473118279569894,0.0023901090982307045,attentive,0,2
2.0666666666666664,True,0.9011843842269123,-0.22822056227587628,6.349206349206349,0.05206349206349206,0.0024076963684943426,attentive,0,2
2.1,True,-0.7719840147026116,0.74241059093475,6.25,0.051666666666666666,0.002342244257234172,attentive,0,2
2.1333333333333333,True,0.8809934594669165,-0.4827468002148585,6.153846153846154,0.05128205128205129,0.0023499444351132697,attentive,0,2
2.1666666666666665,True,1.6091610155359053,2.8031295917005004,6.0606060606060606,0.05090909090909092,0.002517081695280655,attentive,0,2
2.2,True,0.6473906708891027,-0.3816305720132701,5.970149253731343,0.05054726368159204,0.002509800236139316,attentive,0,2
2.2333333333333334,True,1.4137290755628324,2.167391785486909,5.88235294117647,0.050196078431372554,0.0026361217992226455,attentive,0,2
2.2666666666666666,True,-2.612134657651766,-0.16941001174211856,5.797101449275362,0.04985507246376812,0.0024242076563338907,attentive,0,2
2.3,True,1.1848881889605127,1.2879280514653846,5.714285714285714,0.049523809523809526,0.0025056937193191657,attentive,0,2
2.3333333333333335,True,-1.355583498940607,0.8622941360786776,5.633802816901409,0.0492018779342723,0.0024125345632785974,attentive,0,2
2.3666666666666667,True,0.4257517019366159,0.7636659877963139,5.555555555555555,0.04888888888888889,0.0024288780459389113,attentive,0,2
2.4,True,1.1161575950533795,-0.015322804776675025,5.47945205479452,0.04858447488584475,0.0024630940966134185,attentive,0,2
2.433333333333333,True,-1.0173384211769547,1.0688346108628373,5.405405405405405,0.048288288288288295,0.00240080477003783,attentive,0,2
2.466666666666667,True,-1.1660101285820685,1.2158752794975638,5.333333333333334,0.048,0.0023357230774694263,attentive,0,2
2.5,True,1.4343739177377055,0.41162727342163247,5.263157894736842,0.047719298245614036,0.002400907279926614,attentive,0,2
2.533333333333333,True,3.450381988650909,-0.9051860631848525,5.194805194805195,0.047445887445887444,0.0025427592175355598,attentive,0,2
2.5666666666666664,True,1.1796845746751936,1.7777042028949435,5.128205128205128,0.04717948717948718,0.0026280250780584755,attentive,0,2
2.6,True,0.047054716002870145,0.3428613328319238,5.063291139240507,0.046919831223628694,0.0026070506611727187,attentive,0,2
2.6333333333333333,True,0.6687936452278611,-0.1063794089247555,5.0,0.046666666666666676,0.002608662746839475,attentive,0,2
2.6666666666666665,True,0.49604295023605394,1.336886109744754,4.938271604938271,0.046419753086419754,0.0026403520136196977,attentive,0,2
2.7,True,0.7720482682851479,0.5824196896010065,4.878048780487805,0.046178861788617895,0.0026657817648403598,attentive,0,2
2.7333333333333334,True,1.3015934754077256,0.6120607414522976,4.819277108433735,0.04594377510040161,0.002719748187814646,attentive,0,2
2.7666666666666666,True,1.7203727133332152,0.2594400946154667,4.761904761904762,0.04571428571428572,0.002785258739051823,attentive,0,2
2.8,True,-0.7212607722151732,1.2894506630886586,4.705882352941177,0.045490196078431376,0.002748489136073653,attentive,0,2
2.8333333333333335,True,1.3569514724477858,1.1316320421748454,4.651162790697675,0.04527131782945737,0.002815897789196063,attentive,0,2
2.8666666666666667,True,1.5213657983966624,0.6301870679351429,4.597701149425287,0.04505747126436782,0.0028773477166440893,attentive,0,2
2.9,True,2.213724003453703,-0.3250225015056981,4.545454545454546,0.04484848484848485,0.0029482471871721677,attentive,0,2
2.933333333333333,True,-0.4575735470403095,-0.45524825330082797,4.49438202247191,0.04464419475655431,0.0028809037019884237,attentive,0,2
2.966666666666667,True,2.4845184764931116,1.2955006617906255,4.444444444444445,0.044444444444444446,0.0030035736019608204,attentive,0,2
3.0,False,0.9451445550716252,0.9875789857748086,5.4945054945054945,0.04864468864468865,0.003040844907822498,attentive,0,2
3.033333333333333,False,-0.13747077398947127,2.5820363825068804,6.521739130434782,0.05497584541062802,0.003063519174151189,attentive,0,2
3.0666666666666664,False,0.6592608094739127,1.8543456039009913,7.526881720430108,0.06121863799283153,0.0031063933341148875,attentive,0,2
3.1,False,3.0058870043676817,-0.39519587322133076,8.51063829787234,0.0673758865248227,0.003206126221470971,attentive,0,2
3.1333333333333333,True,-2.2977895796416297,0.28763942039054446,8.421052631578947,0.11567002612915268,0.0030716070041948386,attentive,0,2
3.1666666666666665,True,1.839134229457842,0.6141908754470605,8.333333333333332,0.11263157894736843,0.003138973582492873,attentive,0,2
3.2,True,3.439571147031394,-0.424112660248818,8.24742268041237,0.10965635738831614,0.0032544945795534037,attentive,0,2
3.2333333333333334,True,5.252129996187129,1.2604742348828923,8.16326530612245,0.10674240830352762,0.00348805946994928,attentive,0,2
3.2666666666666666,True,-0.9559693575805737,0.14658731788384793,8.080808080808081,0.10388785817357248,0.0034132002520198866,attentive,0,2
3.3,True,-0.00873627111264108,-0.013580775868894834,8.0,0.1010909090909091,0.0033783781757642612,attentive,0,2
3.3333333333333335,True,3.5133341058501673,0.5718538186084825,7.920792079207921,0.09834983498349835,0.003512113089982411,attentive,0,2
3.3666666666666667,True,2.716131865921377,1.5483822430496887,7.8431372549019605,0.0956629780625121,0.003629764399010741,attentive,0,2
3.4,True,0.8546081710427884,2.1426525155511458,7.766990291262135,0.09302874547877404,0.003677627934675939,attentive,0,2
3.433333333333333,True,-1.747065215930664,1.6092280327069597,7.6923076923076925,0.09044560617376156,0.003601990435322123,attentive,0,2
3.466666666666667,True,-0.12826412195428238,1.7221769525539532,7.6190476190476195,0.08791208791208789,0.003598704784798323,attentive,0,2
3.5,True,1.4504999907825373,-0.0018386952583964167,7.547169811320755,0.08542677448337825,0.0036255338022647262,attentive,0,2
3.533333333333333,True,2.4328124808814584,0.7520474325488422,7.476635514018691,0.08298830306236407,0.0037083205558118212,attentive,0,2
3.5666666666666664,True,-0.027572794104287146,-0.07580502594446714,7.4074074074074066,0.08059536171685708,0.0036712897972877813,attentive,0,2
3.6,True,-0.7551190085927479,2.7893494849035223,7.339449541284404,0.07824668705402651,0.0036636859452783724,attentive,0,2
3.6333333333333333,True,-0.7415197638331901,1.9044203096223935,7.2727272727272725,0.0759410619961079,0.0036388924524820244,attentive,0,2
3.6666666666666665,True,0.2089497129629303,2.6642087201475206,7.207207207207207,0.07367731367731371,0.003667813504383055,attentive,0,2
3.6999999999999997,True,1.2058714269978015,1.3799653456916747,7.142857142857142,0.07145431145431147,0.0037102974750718425,attentive,0,2
3.7333333333333334,True,1.4622919181868166,1.094699228362618,7.079646017699115,0.06927096502317738,0.003756504932317741,attentive,0,2
3.7666666666666666,True,1.5295487465997275,0.4730628271562507,7.017543859649122,0.06712622263623663,0.003792406162353076,attentive,0,2
3.8,True,0.8684000012288027,1.3770358424467173,6.956521739130435,0.06501906941266207,0.0038195994584273845,attentive,0,2
3.8333333333333335,True,-0.2785844121611747,0.11558417398996634,6.896551724137931,0.06294852573713143,0.0037782124008292096,attentive,0,2
3.8666666666666667,True,1.6924131515711758,1.7431947523354923,6.837606837606838,0.06091364574123195,0.0038433182977922623,attentive,0,2
3.9,True,-0.361530499168909,0.8760853614187054,6.779661016949152,0.058913515862668436,0.0038136296184904613,attentive,0,2
3.933333333333333,True,2.4090657502262456,2.3775149285718156,6.722689075630252,0.05694725347766223,0.003915954793106776,attentive,0,2
3.966666666666667,True,1.7775079944699137,0.23303222798561996,6.666666666666667,0.05501400560224089,0.003953470877551726,attentive,0,2
4.0,True,2.4954549959411696,2.8857046488852935,6.6115702479338845,0.0531129476584022,0.004065455317328942,attentive,0,2
4.033333333333333,True,0.44070418465865335,-0.8983592890761503,6.557377049180328,0.052896174863387976,0.004031823153165793,attentive,0,2
4.066666666666666,True,1.2167756428460756,1.5818814864075903,6.504065040650407,0.05268292682926829,0.0040715903140181,attentive,0,2
4.1,True,-1.4283173763016155,1.2358344345894814,6.451612903225806,0.05247311827956989,0.004009708307578639,attentive,0,2
4.133333333333333,True,-2.6475498020445674,1.7215580333420397,6.4,0.05226666666666666,0.003914101013193616,attentive,0,2
4.166666666666667,True,1.0816182298079529,1.1903620321747796,6.349206349206349,0.05206349206349206,0.003942183077318018,attentive,0,2
4.2,True,0.7832287761495424,0.9740091251645232,6.299212598425196,0.051863517060367445,0.003955594875964921,attentive,0,2
4.233333333333333,True,1.4777708307739412,1.458476645794106,6.25,0.051666666666666666,0.004001324053276687,attentive,0,2
4.266666666666667,True,1.361229906845856,1.9519985942728972,6.2015503875969,0.05147286821705426,0.004050830730003477,attentive,0,2
4.3,True,2.2544790430610413,-1.1345254614415161,6.153846153846154,0.05128205128205128,0.004077353102587734,attentive,0,2
4.333333333333333,True,2.296825938005858,0.5390859123638173,6.106870229007633,0.051094147582697196,0.00413329761305781,attentive,0,2
4.366666666666666,True,1.4435313091195048,1.1216604807592112,6.0606060606060606,0.050909090909090904,0.004169471673211383,attentive,0,2
4.4,True,1.657423376389078,0.598765920202503,6.015037593984962,0.05072681704260651,0.0042035126159020355,attentive,0,2
4.433333333333334,True,0.6174758985535828,1.7906787535363877,5.970149253731343,0.05054726368159203,0.004222319413140636,attentive,0,2
4.466666666666667,True,2.9590653103649087,3.5292412455372153,5.9259259259259265,0.05037037037037037,0.004346555267138229,attentive,0,2
4.5,True,2.3974237504718228,-0.10723518502156137,5.88235294117647,0.05019607843137254,0.00439119027442107,attentive,0,2
4.533333333333333,True,3.15235631175711,1.5587045944378592,5.839416058394161,0.0500243309002433,0.004486687137267178,attentive,0,2
4.566666666666666,True,-3.0878274870564932,1.3351775587786614,5.797101449275362,0.04985507246376811,0.004376228415413643,attentive,0,2
4.6,True,-1.0277632573774584,2.8045991760769677,5.755395683453238,0.04968824940047961,0.004356720339864257,attentive,0,2
4.633333333333333,True,-0.4565613746508488,0.5876631986778058,5.714285714285714,0.04952380952380952,0.004320434884252149,attentive,0,2
4.666666666666667,True,0.5997428899597191,0.04262847651611823,5.673758865248227,0.04936170212765957,0.004309369770911283,attentive,0,2
4.7,True,-0.7448137594047977,1.5585539813698772,5.633802816901409,0.0492018779342723,0.004280100757854166,attentive,0,2
4.733333333333333,True,0.37251329272974587,1.4940534467517694,5.594405594405594,0.049044289044289036,0.0042849653218196195,attentive,0,2
4.766666666666667,True,-0.4172493597849001,0.2938530195775422,5.555555555555555,0.048888888888888885,0.004246865320356485,attentive,0,2
4.8,True,4.4802676436081015,2.5098062092182194,5.517241379310345,0.04873563218390804,0.004393367268284056,attentive,0,2
4.833333333333333,True,2.090423042019315,1.4560721483857524,5.47945205479452,0.04858447488584475,0.0044490735538502135,attentive,0,2
4.866666666666666,True,1.4915331147638888,0.594984813362415,5.442176870748299,0.04843537414965986,0.004472897710216919,attentive,0,2
4.9,True,1.792866384364891,1.9387299859367277,5.405405405405405,0.04828828828828828,0.004525625319602338,attentive,0,2
4.933333333333334,True,0.24171618070486645,2.6249445816599266,5.369127516778524,0.048143176733780754,0.004541611084691803,attentive,0,2
4.966666666666667,True,0.5298511680585826,0.8753142792934288,5.333333333333334,0.048,0.004540000590281422,attentive,0,2
5.0,True,1.3262621063302884,0.41584736065930805,5.298013245033113,0.047858719646799115,0.004555090675751521,attentive,0,2
5.033333333333333,True,1.1590973898339756,1.215143510213128,5.263157894736842,0.04771929824561403,0.004576779966479488,attentive,0,2
5.066666666666666,True,-0.5661096758258648,2.0773702638045286,5.228758169934641,0.04758169934640523,0.004560594054021057,attentive,0,2
5.1,True,-0.1555937583771645,0.8531636850220464,5.194805194805195,0.047445887445887444,0.004538800530845851,attentive,0,2
5.133333333333333,True,3.2404369481818502,0.8297349750250338,5.161290322580645,0.04731182795698924,0.004614329543498296,attentive,0,2
5.166666666666667,True,0.733902213681421,2.025513830047715,5.128205128205128,0.047179487179487174,0.0046345128763022325,attentive,0,2
5.2,True,0.24853750681876785,0.9369598421154653,5.095541401273886,0.04704883227176221,0.004625291419280534,attentive,0,2
5.233333333333333,True,3.7570385727099045,0.2810931476802667,5.063291139240507,0.046919831223628694,0.004705654135939098,attentive,0,2
5.266666666666667,True,2.701612094849855,1.3424230185089319,5.031446540880504,0.04679245283018868,0.004770337613885093,attentive,0,2
5.3,True,2.961953712649162,1.9316701333308313,5.0,0.04666666666666666,0.004849628247668162,attentive,0,2
5.333333333333333,True,-0.9055360271279562,2.199913814431236,4.968944099378882,0.04654244306418219,0.004824873369113637,attentive,0,2
5.366666666666666,True,0.06656268751298722,0.8067574669298331,4.938271604938271,0.04641975308641975,0.0048079829689196,attentive,0,2
5.4,True,1.3064382439377127,0.25011489070055815,4.9079754601226995,0.04629856850715746,0.0048175180615244,attentive,0,2
5.433333333333334,True,-0.29856647532586056,1.8626956877626404,4.878048780487805,0.04617886178861788,0.0048052914979664725,attentive,0,2
5.466666666666667,True,2.1431697366498916,1.5250196738871062,4.848484848484849,0.04606060606060605,0.0048544359824526945,attentive,0,2
5.5,True,-0.6061258486605667,1.2363684678778277,4.819277108433735,0.0459437751004016,0.004825515240531047,attentive,0,2
5.533333333333333,True,2.007647643416131,1.5295742153869902,4.790419161676647,0.04582834331337325,0.004870403965001843,attentive,0,2
5.566666666666666,True,1.3487080972403969,2.3423891090634683,4.761904761904762,0.04571428571428571,0.004908077556526888,attentive,0,2
5.6,True,0.9049393271529161,-0.2838093984697174,4.733727810650888,0.04560157790927021,0.004899102334375659,attentive,0,2
5.633333333333333,True,5.269828522883528,2.2613664724848137,4.705882352941177,0.04549019607843137,0.005037617726111382,attentive,0,2
5.666666666666667,True,-0.1049532563339921,1.9504856672281232,4.678362573099415,0.045380116959064326,0.005030777585472136,attentive,0,2
5.7,True,1.752990598281996,-0.3110808458548431,4.651162790697675,0.045271317829457355,0.005042806660888761,attentive,0,2
5.733333333333333,True,-0.3279560550827043,3.305226885136998,4.624277456647398,0.04516377649325626,0.005047688507742603,attentive,0,2
5.766666666666667,True,0.18570613090071864,1.0449165008143755,4.597701149425287,0.04505747126436781,0.005036767293619125,attentive,0,2
5.8,True,3.6202867877755907,3.0116887375119337,4.571428571428571,0.04495238095238095,0.005138173224170673,attentive,0,2
5.833333333333333,True,1.8323824468586785,1.5938980797171547,4.545454545454546,0.044848484848484846,0.005175376317889837,attentive,0,2
5.866666666666666,True,0.691833019565196,-0.6791527610005812,4.519774011299435,0.0447457627118644,0.005154982017011988,attentive,0,2
5.9,True,1.4808085147387284,2.8186381568922316,4.49438202247191,0.044644194756554303,0.005198184429979706,attentive,0,2
5.933333333333334,True,-1.11759306176205,1.8312580870198312,4.4692737430167595,0.0445437616387337,0.005164129668589328,attentive,0,2
5.966666666666667,True,1.7206164920628322,1.6916018327832612,4.444444444444445,0.04444444444444444,0.005198808390392337,attentive,0,2
6.0,False,3.434109516238827,2.844382720339466,4.972375690607735,0.0465561694290976,0.005289331876913399,attentive,0,2
6.033333333333333,False,2.657579762863418,1.9250448678162155,5.4945054945054945,0.05086691086691086,0.00534867259790158,attentive,0,2
6.066666666666666,False,2.3985809331819374,-1.9571919684096486,6.0109289617486334,0.05515482695810563,0.005353931459211822,attentive,0,2
6.1,False,2.5179589430953824,0.8252950879557728,6.521739130434782,0.05942028985507243,0.005395621601935267,attentive,0,2
6.133333333333333,True,2.521794414507016,0.09422718897297844,6.486486486486487,0.05261261261261258,0.005428171587486213,attentive,0,2
6.166666666666667,True,-0.1417474669358887,0.0263146025295804,6.451612903225806,0.05247311827956986,0.0053959152249329154,attentive,0,2
6.2,True,3.3153871475932566,1.1037723457069277,6.417112299465241,0.052335115864527604,0.005458973867709786,attentive,0,2
6.233333333333333,True,2.1754398830388046,4.566473763685318,6.382978723404255,0.052198581560283654,0.005535342842760537,attentive,0,2
6.266666666666667,True,3.6271695656779945,2.6284693534524948,6.349206349206349,0.052063492063492034,0.0056222552966766585,attentive,0,2
6.3,True,4.259840664590134,1.2560433053241145,6.315789473684211,0.05192982456140348,0.005707000439963207,attentive,0,2
6.333333333333333,True,4.0647065322422495,1.858564881563943,6.282722513089005,0.051797556719022655,0.00579332769706693,attentive,0,2
6.366666666666666,True,-0.21083539767456427,1.9433329343191967,6.25,0.05166666666666664,0.005780765945623527,attentive,0,2
6.4,True,1.1306803351436225,1.6393749188373006,6.217616580310881,0.051537132987910156,0.005795727268750688,attentive,0,2
6.433333333333334,True,2.7917317967244513,2.940308976128919,6.185567010309279,0.05140893470790375,0.005863490101495705,attentive,0,2
6.466666666666667,True,4.891906549551425,2.8573970559944444,6.153846153846154,0.05128205128205125,0.005977480296474899,attentive,0,2
6.5,True,1.4083071791348174,3.0715264991340017,6.122448979591836,0.05115646258503398,0.006013741914660727,attentive,0,2
6.533333333333333,True,0.5830768191392441,-0.21186849098985605,6.091370558375635,0.051032148900169175,0.005993979943828141,attentive,0,2
6.566666666666666,True,0.03946366307500604,1.587608556007355,6.0606060606060606,0.050909090909090876,0.00598241142427073,attentive,0,2
6.6,True,1.829972592635797,1.1844043293965694,6.030150753768844,0.050787269681742006,0.006006445643966388,attentive,0,2
6.633333333333333,True,3.5411747974350454,1.1907655490326807,6.0,0.05066666666666664,0.006068336917345478,attentive,0,2
6.666666666666667,True,4.274471217631097,0.7170772194525048,5.970149253731343,0.050547263681592,0.006140589742573883,attentive,0,2
6.7,True,1.9789692039500868,1.3000037958630695,5.9405940594059405,0.0504290429042904,0.006168033932008481,attentive,0,2
6.733333333333333,True,1.0786028235204752,1.0553328045257322,5.911330049261084,0.05031198686371097,0.006172816889667625,attentive,0,2
6.766666666666667,True,-0.13056290739026566,1.4200326701187564,5.88235294117647,0.05019607843137251,0.006155182241029148,attentive,0,2
6.8,True,1.945380766794952,1.8609458092485496,5.853658536585367,0.0500813008130081,0.006187506092892295,attentive,0,2
6.833333333333333,True,-0.14895569121348284,2.269048943625384,5.825242718446602,0.04996763754045304,0.0061787332754100616,attentive,0,2
6.866666666666666,True,2.6013285001311037,1.4703404468264019,5.797101449275362,0.04985507246376808,0.006220521439373069,attentive,0,2
6.8999999999999995,True,4.091157375450527,0.17312307168590313,5.769230769230769,0.04974358974358971,0.00627988258440372,attentive,0,2
6.933333333333334,True,2.9532913599899606,1.1710133308523412,5.741626794258373,0.049633173843700126,0.0063250888458375384,attentive,0,2
6.966666666666667,True,1.4326974177091212,1.0612319332177005,5.714285714285714,0.04952380952380949,0.006336520981160386,attentive,0,2
7.0,True,2.601718620579839,0.2831528756277588,5.687203791469194,0.04941548183254341,0.006364274068840905,attentive,0,2
7.033333333333333,True,1.7659591393119345,1.6573120376780743,5.660377358490567,0.0493081761006289,0.006388648355898802,attentive,0,2
7.066666666666666,True,3.053131431953042,2.8659336284907306,5.633802816901409,0.049201877934272276,0.00645226134215068,attentive,0,2
7.1,True,3.268364669512307,1.637620889396359,5.607476635514018,0.04909657320872271,0.006506994806579061,attentive,0,2
7.133333333333333,True,1.6898143465805886,2.4864172537874025,5.5813953488372094,0.04899224806201547,0.006537360680315371,attentive,0,2
7.166666666666667,True,3.0049648600169307,2.798111676343493,5.555555555555555,0.04888888888888886,0.006597712831449481,attentive,0,2
7.2,True,2.5030583056979343,2.512412595828107,5.529953917050691,0.0487864823348694,0.006644303291593585,attentive,0,2
7.233333333333333,True,-0.15156210518901192,1.1556091380795288,5.5045871559633035,0.04868501529051985,0.006622514794615852,attentive,0,2
7.266666666666667,True,1.6875430686936674,0.7780614109645254,5.47945205479452,0.04858447488584472,0.006634417543380688,attentive,0,2
7.3,True,0.6021478081523239,0.8600925701570794,5.454545454545454,0.04848484848484845,0.006625113505925541,attentive,0,2
7.333333333333333,True,2.8007336487633223,2.2698949216706206,5.429864253393665,0.0483861236802413,0.006674284558127963,attentive,0,2
7.366666666666666,True,1.859349051951894,2.6923943005474937,5.405405405405405,0.04828828828828825,0.006708395312415186,attentive,0,2
7.3999999999999995,True,0.6603901150925735,2.5075909663553095,5.381165919282512,0.048191330343796676,0.006716463008538292,attentive,0,2
7.433333333333334,True,1.8177697633833492,1.1941783823496934,5.357142857142857,0.048095238095238066,0.006734392666824742,attentive,0,2
7.466666666666667,True,0.8349874998178359,1.5137891485794865,5.333333333333334,0.04799999999999997,0.006735906616929868,attentive,0,2
7.5,True,4.161199780215031,2.7337235701616227,5.3097345132743365,0.047905604719763975,0.0068148148288568414,attentive,0,2
7.533333333333333,True,1.5501002822241317,2.4052295922247335,5.286343612334802,0.04781204111600584,0.006838689165456817,attentive,0,2
7.566666666666666,True,0.7527444542682644,2.64379333313032,5.263157894736842,0.047719298245614,0.0068491362621157965,attentive,0,2
7.6,True,0.5022492039785229,0.9804585697037858,5.240174672489083,0.047627365356622965,0.006838489446586526,attentive,0,2
7.633333333333333,True,2.5307648824496436,4.014984023760094,5.217391304347826,0.047536231884057936,0.006896452669172956,attentive,0,2
7.666666666666667,True,3.751766265737318,2.293953718042716,5.194805194805195,0.047445887445887416,0.006960849807685602,attentive,0,2
7.7,True,1.512497498740521,2.230919877101757,5.172413793103448,0.04735632183908042,0.006981190156930087,attentive,0,2
7.733333333333333,True,4.001988148274294,1.4026906886305677,5.150214592274678,0.04726752503576535,0.00704094343699266,attentive,0,2
7.766666666666667,True,0.7835334711559985,2.0347707560010457,5.128205128205128,0.047179487179487146,0.007045059421338968,attentive,0,2
7.8,True,0.5553391576297342,3.9868200849292053,5.106382978723404,0.047092198581560246,0.007063283739642383,attentive,0,2
7.833333333333333,True,0.7086917452305237,0.3995271885308107,5.084745762711865,0.04700564971751409,0.007050462958061901,attentive,0,2
7.866666666666666,True,0.6646787948753463,-0.5164754153089628,5.063291139240507,0.046919831223628666,0.007028336130526166,attentive,0,2
7.8999999999999995,True,0.24134423330826604,1.578124540442452,5.042016806722689,0.04683473389355739,0.0070180472579614815,attentive,0,2
7.933333333333334,True,1.9191142057105512,3.2056706664515424,5.02092050209205,0.04675034867503483,0.0070541772236685,attentive,0,2
7.966666666666667,True,2.220692958033751,-0.8346611253646614,5.0,0.046666666666666634,0.007058180418483795,attentive,0,2
8.0,True,1.5378851299059322,2.7910879622275533,4.979253112033195,0.046583679114799416,0.007082990718472008,attentive,0,2
8.033333333333333,True,-1.5497100784981455,2.560595437141588,4.958677685950414,0.04650137741046829,0.007048774276385994,attentive,0,2
8.066666666666666,True,4.220972015121528,-0.26565998050032036,4.938271604938271,0.04641975308641972,0.007094538662534774,attentive,0,2
8.1,True,3.1575890727500484,1.8401744930089903,4.918032786885246,0.04633879781420762,0.007139737298603703,attentive,0,2
8.133333333333333,True,-0.3320802641724323,2.2769106096478824,4.8979591836734695,0.046258503401360514,0.007125223632362717,attentive,0,2
8.166666666666666,True,3.869301715912847,0.13023508372767,4.878048780487805,0.04617886178861785,0.007167341860736612,attentive,0,2
8.2,True,2.64118311933288,1.5438181597809975,4.8582995951417,0.04609986504723343,0.0071997384469814655,attentive,0,2
8.233333333333333,True,3.663907762426171,0.9940972912091941,4.838709677419355,0.04602150537634406,0.007245276354821248,attentive,0,2
8.266666666666666,True,1.2852783443471063,0.8574982683504642,4.819277108433735,0.045943775100401575,0.007246772834940615,attentive,0,2
8.3,True,3.008835781680565,2.3118606799048305,4.8,0.04586666666666664,0.0072918260302076605,attentive,0,2
8.333333333333334,True,3.5503100956858527,2.6203582039589723,4.780876494023905,0.04579017264276225,0.007348839369576738,attentive,0,2
8.366666666666667,True,4.62744233155641,2.1366122446730014,4.761904761904762,0.04571428571428568,0.007420131425938963,attentive,0,2
8.4,True,2.8367437201766474,0.9655975786027857,4.743083003952568,0.04563899868247691,0.0074491171604781255,attentive,0,2
8.433333333333334,True,3.310350938917711,2.147337371859464,4.724409448818897,0.04556430446194222,0.007496500682153362,attentive,0,2
8.466666666666667,True,1.3032415373427657,4.002198838207272,4.705882352941177,0.04549019607843134,0.007524694639503462,attentive,0,2
8.5,True,2.786350602070997,1.7347239082682164,4.6875,0.04541666666666663,0.007558733810724239,attentive,0,2
8.533333333333333,True,-0.35198205918776093,2.493682808476911,4.669260700389105,0.045343709468223053,0.007544797697237645,attentive,0,2
8.566666666666666,True,4.759667459235818,2.7069326831793683,4.651162790697675,0.04527131782945733,0.007620862371121316,attentive,0,2
8.6,True,2.820966975548125,1.7452285610746094,4.633204633204633,0.04519948519948516,0.007654820109818581,attentive,0,2
8.633333333333333,True,3.712597741190061,1.767560209554438,4.615384615384616,0.0451282051282051,0.007703949055481113,attentive,0,2
8.666666666666666,True,2.6543036632957655,2.4158383363279543,4.597701149425287,0.04505747126436778,0.007740199958741675,attentive,0,2
8.7,True,2.8299909262769614,1.863939376975179,4.580152671755725,0.04498727735368953,0.0077744733365881155,attentive,0,2
8.733333333333333,True,0.35886976506358303,2.8902866870788624,4.562737642585551,0.044917617237008836,0.007775398670054456,attentive,0,2
8.766666666666666,True,3.1783530156706425,1.3007388401155766,4.545454545454546,0.04484848484848482,0.007810403009026951,attentive,0,2
8.8,True,-0.30137675302111333,3.6445238987937745,4.528301886792453,0.044779874213836446,0.007806437298659565,attentive,0,2
8.833333333333334,True,1.9131212828017987,3.103321695330431,4.511278195488721,0.04471177944862152,0.007834980886600562,attentive,0,2
8.866666666666667,True,4.453606809557073,2.036643343761514,4.49438202247191,0.044644194756554276,0.007896721340732108,attentive,0,2
8.9,True,3.8314682931387956,2.821175724780332,4.477611940298507,0.044577114427860665,0.007954188900497684,attentive,0,2
8.933333333333334,True,1.9481383966665953,3.264110034801444,4.4609665427509295,0.044510532837670355,0.0079837717325746,attentive,0,2
8.966666666666667,True,2.912085311216161,1.1705753558648322,4.444444444444445,0.04444444444444441,0.008011772133386441,attentive,0,2
9.0,False,0.5972477310210165,1.882329911447525,4.797047970479705,0.04585485854858545,0.008007438618941716,attentive,0,2
9.033333333333333,False,3.165508494114356,2.9748563316591903,5.147058823529411,0.049477124183006496,0.008054027883168547,attentive,0,2
9.066666666666666,False,4.498164066493164,1.0006611216009165,5.4945054945054945,0.053089133089133045,0.00810590152343848,attentive,0,2
9.1,False,2.579278853256495,2.6033456801328474,5.839416058394161,0.056690997566909915,0.008139269306902376,attentive,0,2
9.133333333333333,True,2.1108822690996254,1.97243455194234,5.818181818181818,0.049939393939393895,0.008159726098029937,attentive,0,2
9.166666666666666,True,2.4791167429853704,2.1508993955232163,5.797101449275362,0.049855072463768066,0.008187401268218186,attentive,0,2
9.2,True,2.3259090535361686,2.491544542050946,5.776173285198556,0.04977135980746084,0.008215151224723802,attentive,0,2
9.233333333333333,True,5.193847102586389,1.037557642254111,5.755395683453238,0.04968824940047957,0.008276929272655865,attentive,0,2
9.266666666666666,True,2.9038664930058378,2.289485892585756,5.734767025089606,0.04960573476702504,0.008311756837019882,attentive,0,2
9.3,True,1.1557175978917509,3.6486065657368973,5.714285714285714,0.04952380952380947,0.00832937390991561,attentive,0,2
9.333333333333334,True,0.9031041159072215,1.7281543691559462,5.6939501779359425,0.04944246737841039,0.008327682682881274,attentive,0,2
9.366666666666667,True,4.149780976665874,2.532687064805856,5.673758865248227,0.04936170212765953,0.008383512405582938,attentive,0,2
9.4,True,3.544038050869982,2.2622977397325528,5.6537102473498235,0.04928150765606591,0.008427311331840968,attentive,0,2
9.433333333333334,True,2.0146874100481167,1.729898811343429,5.633802816901409,0.049201877934272255,0.008442702439290978,attentive,0,2
9.466666666666667,True,2.5315565718404316,1.481941895368153,5.614035087719298,0.049122807017543804,0.00846411248951607,attentive,0,2
9.5,True,1.0960565020695405,0.6584255631751286,5.594405594405594,0.049044289044288994,0.008456666397418416,attentive,0,2
9.533333333333333,True,0.38861675891024383,1.8951937525145497,5.574912891986063,0.04896631823461087,0.008447893090345219,attentive,0,2
9.566666666666666,True,0.7727432230114804,2.4566321951370442,5.555555555555555,0.04888888888888884,0.008449440673296645,attentive,0,2
9.6,True,1.153137305999741,2.785779820861236,5.536332179930796,0.048811995386389806,0.008459358444383743,attentive,0,2
9.633333333333333,True,2.9699533132382663,3.3900261827337728,5.517241379310345,0.048735632183908,0.008501681980852998,attentive,0,2
9.666666666666666,True,4.1068571138055745,1.7873972501714415,5.498281786941581,0.048659793814432944,0.008548840091478417,attentive,0,2
9.7,True,2.138148537317075,1.2077217688744497,5.47945205479452,0.0485844748858447,0.008561298545073114,attentive,0,2
9.733333333333333,True,1.4744944162898084,1.7532375300396559,5.460750853242321,0.0485096700796359,0.008567742549755227,attentive,0,2
9.766666666666666,True,4.381661748249478,2.617517916787703,5.442176870748299,0.048435374149659816,0.008624623557056035,attentive,0,2
9.8,True,4.559406372524706,2.292525960688889,5.423728813559322,0.04836158192090391,0.008681348665192103,attentive,0,2
9.833333333333334,True,3.0791373886635194,1.3476481007886134,5.405405405405405,0.04828828828828824,0.008708370556924678,attentive,0,2
9.866666666666667,True,2.0454613749269104,0.8929058468245845,5.387205387205387,0.04821548821548817,0.008716339594306365,attentive,0,2
9.9,True,1.3665283039039489,1.7486329037730832,5.369127516778524,0.04814317673378071,0.008720510636022569,attentive,0,2
9.933333333333334,True,2.516892233339536,1.6498394116829078,5.351170568561873,0.04807134894091411,0.008741018953318384,attentive,0,2
9.966666666666667,True,4.667801175457193,1.576772291718889,5.333333333333334,0.04799999999999995,0.008792714628234236,attentive,0,2
10.0,True,5.117029743748305,1.6963761420860728,5.3156146179401995,0.04792912513842741,0.008851582948993757,attentive,0,2
10.033333333333333,True,4.014377412536944,1.4714450772185934,5.298013245033113,0.04785871964679907,0.00889217888405811,attentive,0,2
10.066666666666666,True,1.6368266861499412,2.50127054905692,5.2805280528052805,0.04778877887788774,0.00890518543648591,attentive,0,2
10.1,True,3.5562781871115385,1.8162206024960477,5.263157894736842,0.04771929824561398,0.008941160900888692,attentive,0,2
10.133333333333333,True,2.062143593514242,3.7342536537164177,5.245901639344262,0.047650273224043665,0.008969102747412153,attentive,0,2
10.166666666666666,True,2.7488974644091293,2.7468674717449755,5.228758169934641,0.04758169934640518,0.008999666045627314,attentive,0,2
10.2,True,1.6803765661644072,3.057982198081067,5.211726384364821,0.0475135722041259,0.009016813245119732,attentive,0,2
10.233333333333333,True,3.6849125349357887,2.9043374606692196,5.194805194805195,0.047445887445887396,0.00906166603422678,attentive,0,2
10.266666666666666,True,2.9846251894344,1.856963514465366,5.177993527508091,0.04737864077669898,0.009088623705409318,attentive,0,2
10.3,True,1.169697094554977,4.155842657798141,5.161290322580645,0.0473118279569892,0.009105866402036374,attentive,0,2
10.333333333333334,True,0.8069960908386551,3.0996977426512657,5.144694533762058,0.047245444801714845,0.009110268331607023,attentive,0,2
10.366666666666667,True,3.437739835729437,2.636526927074571,5.128205128205128,0.047179487179487126,0.00914881808836849,attentive,0,2
10.4,True,3.7421683069707656,0.9249225851349285,5.111821086261981,0.04711395101171454,0.009179292288292598,attentive,0,2
10.433333333333334,True,4.1167472254850335,1.0676744069855233,5.095541401273886,0.04704883227176217,0.009215884555300554,attentive,0,2
10.466666666666667,True,1.8550047538046437,1.0070270451698455,5.079365079365079,0.046984126984126934,0.009219904932746012,attentive,0,2
10.5,True,2.2905552725805647,-0.17375249075234445,5.063291139240507,0.046919831223628646,0.009221722097546807,attentive,0,2
10.533333333333333,True,2.885846977572167,3.0893292348623413,5.047318611987381,0.04685594111461615,0.009254748723877763,attentive,0,2
10.566666666666666,True,2.8765657492996923,2.6031228767505814,5.031446540880504,0.04679245283018864,0.00928404025042986,attentive,0,2
10.6,True,5.651588630380887,2.725961056228419,5.015673981191222,0.04672936259143151,0.009352666653803575,attentive,0,2
10.633333333333333,True,4.994519475052345,1.9831561199995744,5.0,0.04666666666666662,0.009406579814052827,attentive,0,2
10.666666666666666,True,2.1234801225486497,2.5015530757351403,4.984423676012461,0.04660436137071646,0.009423994507057387,attentive,0,2
10.7,True,2.669380339536624,2.9754511458083868,4.968944099378882,0.04654244306418215,0.00945210640696564,attentive,0,2
10.733333333333333,True,4.111516848119835,0.3972515011117934,4.953560371517028,0.04648090815273473,0.009482150007338649,attentive,0,2
10.766666666666666,True,2.297747451243638,2.1714036279370474,4.938271604938271,0.0464197530864197,0.009499296310679677,attentive,0,2
10.8,True,0.5378187272564001,2.005381263498386,4.923076923076923,0.046358974358974306,0.009491134501299885,attentive,0,2
10.833333333333334,True,-0.11952117496272008,2.926295483692311,4.9079754601226995,0.04629856850715741,0.009480338609058453,attentive,0,2
10.866666666666667,True,2.0869358316142597,1.3810109309798664,4.892966360856269,0.04623853211009169,0.009489096544635294,attentive,0,2
10.9,True,2.799624846168561,-0.18570547143554172,4.878048780487805,0.04617886178861784,0.009496843501111008,attentive,0,2
10.933333333333334,True,3.6656601216565514,2.6614097195753734,4.86322188449848,0.04611955420466054,0.009535473358506408,attentive,0,2
10.966666666666667,True,2.767413195604772,0.925094742942042,4.848484848484849,0.04606060606060601,0.009550079137111278,attentive,0,2
11.0,True,3.6230255237092654,2.005401913501824,4.833836858006042,0.046002014098690786,0.00958333806526986,attentive,0,2
11.033333333333333,True,4.260222699538666,0.9557964719253014,4.819277108433735,0.045943775100401554,0.009617901249618126,attentive,0,2
11.066666666666666,True,1.4428586891641904,3.0182860114827834,4.804804804804805,0.04588588588588584,0.009628418085303698,attentive,0,2
11.1,True,2.183530367557011,1.4634948245641033,4.790419161676647,0.04582834331337321,0.009638383271074101,attentive,0,2
11.133333333333333,True,1.1198330064728848,2.8030694992638145,4.776119402985075,0.045771144278606915,0.009643062959566481,attentive,0,2
11.166666666666666,True,3.5075131032872084,3.2186015558203547,4.761904761904762,0.045714285714285666,0.009682046090721175,attentive,0,2
11.2,True,4.8369127166005494,1.050453899100284,4.747774480712167,0.04565776458951529,0.009724033288818615,attentive,0,2
11.233333333333333,True,2.527276698025936,3.596270395401186,4.733727810650888,0.04560157790927016,0.009752139855626537,attentive,0,2
11.266666666666666,True,2.1225370117963056,2.9989300178740077,4.71976401179941,0.045545722713864256,0.00977085857805482,attentive,0,2
11.3,True,3.28194203375695,0.14225841525994243,4.705882352941177,0.04549019607843133,0.009785951755327038,attentive,0,2
11.333333333333334,True,1.6685520458531427,0.6557433551957403,4.69208211143695,0.04543499511241442,0.009783274460814199,attentive,0,2
11.366666666666667,True,2.5071033706756998,2.473038320763181,4.678362573099415,0.04538011695906428,0.009803318460520162,attentive,0,2
11.4,True,4.914629643609983,0.15129052443605073,4.664723032069971,0.0453255587949465,0.00983939916349666,attentive,0,2
11.433333333333334,True,2.5871531144507838,1.3837383613229286,4.651162790697675,0.045271317829457314,0.009853160888087426,attentive,0,2
11.466666666666667,True,3.8531095806507634,1.9837470975465072,4.63768115942029,0.04521739130434778,0.009887016243058176,attentive,0,2
11.5,True,1.240069090279141,3.153412159022503,4.624277456647398,0.045163776493256216,0.009894623134710099,attentive,0,2
11.533333333333333,True,0.3856086710269677,1.1153161878189424,4.610951008645533,0.04511047070124875,0.009878189917414251,attentive,0,2
11.566666666666666,True,1.8415138698984088,2.0776592315200975,4.597701149425287,0.045057471264367766,0.009886590310188712,attentive,0,2
11.6,True,3.5710919468480653,2.8579417560482554,4.584527220630372,0.04500477554918811,0.009921936760428508,attentive,0,2
11.633333333333333,True,0.7141057138352069,2.0746645511839437,4.571428571428571,0.0449523809523809,0.009915828852089848,attentive,0,2
11.666666666666666,True,3.266798905000666,1.0904929538024426,4.5584045584045585,0.04490028490028485,0.00993584764145587,attentive,0,2
11.7,True,2.709680556509093,2.2322927711638734,4.545454545454546,0.044848484848484804,0.009955926697298846,attentive,0,2
11.733333333333333,True,3.8582889699654053,4.259233990685468,4.53257790368272,0.0447969782813975,0.010003113634137572,attentive,0,2
11.766666666666666,True,0.280137172053891,0.6519096656958223,4.519774011299435,0.044745762711864354,0.009982465692357544,attentive,0,2
11.8,True,3.9711449587862537,1.1592864298976011,4.507042253521127,0.044694835680751124,0.01001131994453851,attentive,0,2
11.833333333333334,True,3.957467259413801,1.034998306406499,4.49438202247191,0.04464419475655426,0.010039065505401129,attentive,0,2
11.866666666666667,True,2.4426998692783153,1.5604637167402773,4.481792717086835,0.04459383753501396,0.010051068518024014,attentive,0,2
11.9,True,5.8581381885017265,2.4744866281906197,4.4692737430167595,0.04454376163873365,0.010111079580544705,attentive,0,2
11.933333333333334,True,1.342115674451629,1.650985583086039,4.456824512534819,0.04449396471680589,0.010109750153870263,attentive,0,2
11.966666666666667,True,4.125672258685569,2.559176972535286,4.444444444444445,0.0444444444444444,0.010148399128689183,attentive,0,2
12.0,False,2.032838152000635,2.4540114042933068,4.7091412742382275,0.04550323176361953,0.010160420723643843,attentive,0,2
12.033333333333333,False,0.5127546718199869,0.5080065550010178,4.972375690607735,0.04877839165131977,0.010141767111446185,attentive,0,2
12.066666666666666,False,1.0635749467368933,1.1880270353342195,5.234159779614325,0.052047750229568354,0.010134123289766704,attentive,0,2
12.1,False,1.5032516924299912,2.398041005566556,5.4945054945054945,0.05531135531135524,0.010139277068216226,attentive,0,2
12.133333333333333,True,3.785944777940806,0.39795448444422044,5.47945205479452,0.04858447488584469,0.010160020869492503,attentive,0,2
12.166666666666666,True,3.299648653377164,2.512129036836683,5.46448087431694,0.048524590163934365,0.010187582599621946,attentive,0,2
12.2,True,1.2586565608976752,2.8413218751779636,5.449591280653951,0.04846503178928241,0.010192270597364264,attentive,0,2
12.233333333333333,True,1.7577454470220295,1.0970101734700868,5.434782608695652,0.04840579710144921,0.010192427477187332,attentive,0,2
12.266666666666666,True,1.5790753787605922,2.8886177764535583,5.420054200542006,0.04834688346883463,0.010201221070498024,attentive,0,2
12.3,True,4.444841476648632,1.9449058747404495,5.405405405405405,0.048288288288288225,0.01023872280831372,attentive,0,2
12.333333333333334,True,0.44406010489172854,0.8348078599266129,5.3908355795148255,0.04823000898472591,0.010221445197088617,attentive,0,2
12.366666666666667,True,1.574233189983632,0.9569701920586173,5.376344086021505,0.048172043010752626,0.01021849290457569,attentive,0,2
12.4,True,1.8821562642640732,1.73727379332559,5.361930294906166,0.04811438784629127,0.010223874283871458,attentive,0,2
12.433333333333334,True,1.7474108521807736,0.32189323054984853,5.347593582887701,0.04805704099821741,0.010219215766385832,attentive,0,2
12.466666666666667,True,4.334401137646671,0.3833631107506026,5.333333333333334,0.047999999999999945,0.010245606985889066,attentive,0,2
12.5,True,5.887619934394637,3.246109603407349,5.319148936170213,0.047943262411347456,0.010307136692322553,attentive,0,2
12.533333333333333,True,2.270540488813178,-0.027770988373094108,5.305039787798409,0.047886825817860246,0.010306400461716651,attentive,0,2
12.566666666666666,True,2.714945298871026,3.5326251188053392,5.291005291005291,0.04783068783068777,0.010331824538781759,attentive,0,2
12.6,True,3.088493135127637,1.4073001770250264,5.277044854881266,0.047774846086191675,0.010349033365547097,attentive,0,2
12.633333333333333,True,2.43179186629525,2.247287869510809,5.263157894736842,0.047719298245613974,0.010363383111673442,attentive,0,2
12.666666666666666,True,1.4237897047910708,0.7075416168412789,5.2493438320209975,0.04766404199475059,0.010356918245101092,attentive,0,2
12.7,True,4.716195407957516,1.854777872923853,5.2356020942408374,0.04760907504362996,0.010395467142591163,attentive,0,2
12.733333333333333,True,6.024117254163506,1.4455353640531208,5.221932114882506,0.047554395126196636,0.010446617764338851,attentive,0,2
12.766666666666666,True,3.527511060492581,1.9108801405291485,5.208333333333334,0.047499999999999945,0.010471299039035391,attentive,0,2
12.8,True,2.1128494433314824,1.6997501098241667,5.194805194805195,0.04744588744588739,0.010478302585522669,attentive,0,2
12.833333333333334,True,3.5591758652651966,-0.6747391219524366,5.181347150259067,0.047392055267702876,0.010488252939265287,attentive,0,2
12.866666666666667,True,1.2801910378346406,0.6921499395185278,5.167958656330749,0.047338501291989604,0.010479828122684859,attentive,0,2
12.9,True,2.7282713235621765,2.2502482592835955,5.154639175257731,0.04728522336769753,0.01049695795230227,attentive,0,2
12.933333333333334,True,1.8938182258149647,4.451942196155117,5.141388174807198,0.0472322193658954,0.01051704334258647,attentive,0,2
12.966666666666667,True,2.42832336688723,1.2279978272714496,5.128205128205128,0.04717948717948712,0.010524746904164143,attentive,0,2
13.0,True,3.5793780318701627,0.9984628925478456,5.115089514066496,0.04712702472293259,0.010544190398619466,attentive,0,2
13.033333333333333,True,3.7987327052830886,1.364201296089519,5.1020408163265305,0.047074829931972734,0.01056809505296911,attentive,0,2
13.066666666666666,True,1.4612711934166311,1.1587069779035266,5.089058524173027,0.047022900763358716,0.010564281689049973,attentive,0,2
13.1,True,3.785481081830081,1.9208928074571838,5.0761421319796955,0.04697123519458539,0.01059100435239484,attentive,0,2
13.133333333333333,True,2.7443131075361045,2.15603923755015,5.063291139240507,0.04691983122362864,0.010607199646313516,attentive,0,2
13.166666666666666,True,5.334882643713755,2.6479086368127196,5.05050505050505,0.04686868686868681,0.01065514821019342,attentive,0,2
13.2,True,3.2091623519327146,0.5851413429255379,5.037783375314862,0.046817800167926055,0.010667511206847237,attentive,0,2
13.233333333333333,True,-0.1779518893317582,2.0430184949567876,5.025125628140704,0.04676716917922942,0.010650128374201852,attentive,0,2
13.266666666666666,True,3.679549529405662,2.7810460455028068,5.012531328320802,0.04671679197994981,0.010679911650926572,attentive,0,2
13.299999999999999,True,0.5586856821725932,2.6183579093529152,5.0,0.046666666666666606,0.010673965923319801,attentive,0,2
13.333333333333334,True,1.8380926021591106,1.1923692640865045,4.987531172069826,0.04661679135494591,0.010674327629071594,attentive,0,2
13.366666666666667,True,4.985523956651156,1.443020975506244,4.975124378109453,0.04656716417910442,0.010710870589025857,attentive,0,2
13.4,True,4.2694024157785755,1.8287662955689634,4.962779156327544,0.04651778329197678,0.010741461597363682,attentive,0,2
13.433333333333334,True,4.434591423209292,1.0828620368689228,4.9504950495049505,0.04646864686468641,0.010769615542162766,attentive,0,2
13.466666666666667,True,3.8839720904763975,1.4127064149851378,4.938271604938271,0.04641975308641969,0.01079339783901854,attentive,0,2
13.5,True,3.5772551345795174,3.9085196199334162,4.926108374384237,0.04637110016420355,0.010827366097702362,attentive,0,2
13.533333333333333,True,6.069348040723504,2.591601631201118,4.914004914004914,0.04632268632268626,0.010881190738536006,attentive,0,2
13.566666666666666,True,2.936977955035787,2.4155902402180773,4.901960784313726,0.04627450980392151,0.010899671186890846,attentive,0,2
13.6,True,1.026140807769306,2.504402117561564,4.88997555012225,0.04622656886715561,0.010897779481913934,attentive,0,2
13.633333333333333,True,2.4517270969333755,3.8711828980871723,4.878048780487805,0.046178861788617825,0.010918758540586522,attentive,0,2
13.666666666666666,True,0.49758124758342825,2.1916708715536664,4.866180048661801,0.04613138686131381,0.010909423001378394,attentive,0,2
13.7,True,2.993412265913342,1.4732589362654793,4.854368932038835,0.04608414239482195,0.010923181594245017,attentive,0,2
13.733333333333333,True,3.2256584051140993,2.8420596580384614,4.842615012106537,0.04603712671509276,0.010946737928659092,attentive,0,2
13.766666666666666,True,6.049386967505644,1.7001552039686112,4.830917874396135,0.045990338164251146,0.010994364858723956,attentive,0,2
13.799999999999999,True,5.248845404340396,1.0421679542398405,4.819277108433735,0.04594377510040155,0.011029665499026469,attentive,0,2
13.833333333333334,True,1.1125455523021346,1.9135180870928818,4.807692307692308,0.04589743589743584,0.01102525983512228,attentive,0,2
13.866666666666667,True,3.5820782783009717,0.4582310096368709,4.796163069544365,0.045851318944844066,0.011039440600592214,attentive,0,2
13.9,True,3.055831964330342,1.080768813515777,4.784688995215311,0.04580542264752785,0.011051267737603964,attentive,0,2
13.933333333333334,True,5.275263939459684,0.23843039261532017,4.77326968973747,0.04575974542561649,0.011082113071942935,attentive,0,2
13.966666666666667,True,4.701821158707272,-0.2711452477416061,4.761904761904762,0.04571428571428565,0.01110404717875404,attentive,0,2
14.0,True,8.034728454592418,1.9409232393111133,4.750593824228028,0.045669041963578724,0.01117273843722887,attentive,0,2
14.033333333333333,True,0.4354528967017326,-0.2828267167046361,4.739336492890995,0.045624012638230585,0.011149359536649334,attentive,0,2
14.066666666666666,True,4.8392821751151125,1.993684492362276,4.7281323877068555,0.045579196217494025,0.01118432164356344,attentive,0,2
14.1,True,4.390354641367422,1.4694551991126197,4.716981132075472,0.0455345911949685,0.011211665562547945,attentive,0,2
14.133333333333333,True,2.4543769592993057,2.5693978012221983,4.705882352941177,0.045490196078431314,0.011224386619890035,attentive,0,2
14.166666666666666,True,2.8372635564904978,1.3863593581463287,4.694835680751173,0.0454460093896713,0.011234871296427208,attentive,0,2
14.2,True,0.8915726138614004,0.799572875316615,4.683840749414521,0.04540202966432469,0.011222001278314523,attentive,0,2
14.233333333333333,True,1.917647608621063,0.11826467901144788,4.672897196261682,0.045358255451713334,0.011216308959108977,attentive,0,2
14.266666666666666,True,5.857784577040151,0.8787070026010676,4.662004662004662,0.04531468531468526,0.011255402132510079,attentive,0,2
14.299999999999999,True,3.307161809293936,-0.6006929847916693,4.651162790697675,0.0452713178294573,0.011260304973203444,attentive,0,2
14.333333333333334,True,3.7037514566763488,0.3752479928569661,4.640371229698376,0.045228151585460105,0.011274306590467008,attentive,0,2
14.366666666666667,True,1.7795602678782139,3.1176505556138716,4.62962962962963,0.04518518518518513,0.011282554188850036,attentive,0,2
14.4,True,1.9840938469987215,3.0133617631774454,4.618937644341801,0.04514241724403381,0.011292327861275963,attentive,0,2
14.433333333333334,True,3.184231072682326,2.760853248677297,4.6082949308755765,0.04509984639016891,0.011313053759158543,attentive,0,2
14.466666666666667,True,2.9195209960711606,-0.0680457608017786,4.597701149425287,0.04505747126436775,0.011316528201251619,attentive,0,2
14.5,True,1.5153952366798285,1.4742427561416798,4.587155963302752,0.04501529051987761,0.011313534294722252,attentive,0,2
14.533333333333333,True,3.8775531990714946,0.4584301847189458,4.576659038901601,0.044973302822273006,0.011329412485163321,attentive,0,2
14.566666666666666,True,4.269783117613092,0.9794553555067147,4.5662100456621,0.044931506849315,0.011351841637737697,attentive,0,2
14.6,True,3.9391585183490223,0.43945058691375705,4.555808656036446,0.04488990129081239,0.011368087848249617,attentive,0,2
14.633333333333333,True,3.434603420712374,3.140976386461669,4.545454545454546,0.04484848484848479,0.011392807765907063,attentive,0,2
14.666666666666666,True,1.4500315091939058,2.317411869952267,4.535147392290249,0.044807256235827604,0.011393264865396515,attentive,0,2
14.7,True,2.109943494144934,1.6286126079754937,4.524886877828054,0.044766214177978825,0.011396892469251905,attentive,0,2
14.733333333333333,True,0.202926016447869,1.5802702007786744,4.514672686230249,0.044725357411587605,0.011381128840571247,attentive,0,2
14.766666666666666,True,0.4622412004006673,1.0773288286218943,4.504504504504505,0.04468468468468463,0.011365514742729238,attentive,0,2
14.799999999999999,True,1.3458938808527932,0.9909721946195651,4.49438202247191,0.04464419475655425,0.01135836507142885,attentive,0,2
14.833333333333334,True,-2.2038330806154987,0.7463761836678213,4.484304932735426,0.04460388639760831,0.01131465528438497,attentive,0,2
14.866666666666667,True,4.678966376641071,0.7776868880576502,4.47427293064877,0.04456375838926169,0.01133973122156303,attentive,0,2
14.9,True,4.1022625175067375,1.4256994847864737,4.464285714285714,0.044523809523809466,0.011362188292347237,attentive,0,2
14.933333333333334,True,0.9131015589997249,1.0896315027307486,4.4543429844097995,0.0444840386043058,0.01135131400325629,attentive,0,2
14.966666666666667,True,5.097906793247008,2.010342561969233,4.444444444444445,0.044444444444444384,0.01138636617534023,attentive,0,2
15.0,False,2.341604060243301,1.1427968294081214,4.656319290465632,0.045291943828529135,0.011389825846052188,attentive,0,2
15.033333333333333,False,3.66571943082381,0.4363646664435463,4.867256637168142,0.048357915437561384,0.011402816907494506,attentive,0,2
15.066666666666666,False,3.8525339337573827,0.8210118079194495,5.077262693156733,0.05142016188373797,0.01141947038832385,attentive,0,2
15.1,False,1.6046759455013166,2.0189614174081805,5.286343612334802,0.054478707782672456,0.011419908722311443,attentive,0,2
15.133333333333333,True,3.0477134385361437,2.42021731879697,5.274725274725275,0.0477655677655677,0.01143640046966592,attentive,0,2
15.166666666666666,True,1.888853639518831,2.8979945313386377,5.263157894736842,0.04771929824561397,0.011443853303969166,attentive,0,2
15.2,True,2.3025179482938842,1.7283276802698002,5.25164113785558,0.04767323121808892,0.011449608857531391,attentive,0,2
15.233333333333333,True,1.965005535560096,2.3302022806753744,5.240174672489083,0.04762736535662293,0.011454984351786154,attentive,0,2
15.266666666666666,True,4.650514916365918,0.23137988292114708,5.228758169934641,0.04758169934640517,0.011476178574770173,attentive,0,2
15.299999999999999,True,2.072919111747703,3.1025261119696754,5.217391304347826,0.04753623188405791,0.011486246613305528,attentive,0,2
15.333333333333334,True,2.1415154030003416,1.678038774402677,5.206073752711497,0.047490961677512586,0.011490065647310907,attentive,0,2
15.366666666666667,True,2.3929795101902087,0.3892608264972721,5.194805194805195,0.04744588744588738,0.011490088207703347,attentive,0,2
15.4,True,2.487890203140112,0.3209469288336271,5.183585313174946,0.047401007919366384,0.011490693859931074,attentive,0,2
15.433333333333334,True,2.2479279051291674,3.223223295491289,5.172413793103448,0.047356321839080395,0.01150289820317236,attentive,0,2
15.466666666666667,True,5.5646195369976805,2.2850617395421646,5.161290322580645,0.04731182795698918,0.011542267362656757,attentive,0,2
15.5,True,3.471046707820192,2.8308855752439923,5.150214592274678,0.04726752503576531,0.01156410312173014,attentive,0,2
15.533333333333333,True,3.956628690182764,1.8573578815619571,5.139186295503212,0.04722341184867945,0.011585834117957355,attentive,0,2
15.566666666666666,True,0.6383755919236855,-0.07554889519313579,5.128205128205128,0.04717948717948711,0.011566781776720762,attentive,0,2
15.6,True,4.000197492414298,1.0783452451862723,5.11727078891258,0.04713574982231693,0.011585136140286223,attentive,0,2
15.633333333333333,True,2.93773987630007,0.8864051831770112,5.106382978723404,0.04709219858156022,0.011592458001622622,attentive,0,2
15.666666666666666,True,2.2237544673658456,0.48374282196373397,5.095541401273886,0.04704883227176215,0.011591111673035528,attentive,0,2
15.7,True,3.6103036302247054,1.5147886179403987,5.084745762711865,0.04700564971751406,0.011607681332289406,attentive,0,2
15.733333333333333,True,3.0450298264378217,0.5509615347605427,5.07399577167019,0.046962649753347366,0.01161434125518396,attentive,0,2
15.766666666666666,True,5.801908377378849,1.2354188113172577,5.063291139240507,0.04691983122362863,0.0116500317474542,attentive,0,2
15.799999999999999,True,4.650840448483896,1.209512192990677,5.052631578947368,0.04687719298245607,0.011674680537178664,attentive,0,2
15.833333333333334,True,2.587069419727729,0.5194838989980791,5.042016806722689,0.046834733893557356,0.01167673476918951,attentive,0,2
15.866666666666667,True,4.7993509162918375,1.9387461869705567,5.031446540880504,0.046792452830188624,0.011706005290379441,attentive,0,2
15.9,True,1.4824175812101474,1.694826340817205,5.02092050209205,0.0467503486750348,0.011703178508057575,attentive,0,2
15.933333333333334,True,3.0482093371668246,-0.14942046584093682,5.010438413361169,0.046708420320111285,0.01170633586310219,attentive,0,2
15.966666666666667,True,1.828355777917053,2.240723538665152,5.0,0.046666666666666606,0.011709250603639705,attentive,0,2
16.0,True,2.096985145530017,1.4752010847422816,4.98960498960499,0.04662508662508656,0.011711098645238989,attentive,0,2
16.03333333333333,True,4.584202981747375,2.8276356027175247,4.979253112033195,0.04658367911479938,0.01174210854462052,attentive,0,2
16.066666666666666,True,4.974100496553749,2.2217464755314147,4.968944099378882,0.046542443064182135,0.011773790157795401,attentive,0,2
16.1,True,3.263419373687014,3.0029979191196254,4.958677685950414,0.04650137741046825,0.011793219134358693,attentive,0,2
16.133333333333333,True,4.21416920397778,2.1317891998599356,4.948453608247423,0.046460481099656295,0.011817288683029274,attentive,0,2
16.166666666666668,True,6.376626862348129,0.8940046429623361,4.938271604938271,0.046419753086419685,0.011855375004292628,attentive,0,2
16.2,True,5.32412664493314,1.1093115804832905,4.9281314168377826,0.04637919233401773,0.011884682082177262,attentive,0,2
16.233333333333334,True,2.8245913752385774,1.0046212117707949,4.918032786885246,0.04633879781420759,0.01189062787919579,attentive,0,2
16.266666666666666,True,3.2204759153000913,1.3367013534057501,4.9079754601226995,0.0462985685071574,0.011901656602842087,attentive,0,2
16.3,True,3.13199154123282,3.195118301885704,4.8979591836734695,0.04625850340136048,0.011920265926710895,attentive,0,2
16.333333333333332,True,2.1575841650805394,2.8997016768245936,4.887983706720977,0.04621860149355051,0.01192864225773586,attentive,0,2
16.366666666666667,True,2.4337558383137354,2.1835870740464363,4.878048780487805,0.046178861788617825,0.01193624483106329,attentive,0,2
16.4,True,2.744093602927294,1.1767049459847363,4.86815415821501,0.04613928329952664,0.0119420757166971,attentive,0,2
16.433333333333334,True,-1.2434460014776128,1.3169667932137905,4.8582995951417,0.0460998650472334,0.011912638652899281,attentive,0,2
16.466666666666665,True,1.415893917834335,0.01527986217848376,4.848484848484849,0.046060606060605996,0.011901354164926405,attentive,0,2
16.5,True,0.9902819935304419,1.9383266487473514,4.838709677419355,0.04602150537634402,0.011894917253015974,attentive,0,2
16.53333333333333,True,3.93563504605063,0.22301918087825068,4.82897384305835,0.0459825620389,0.011907175587507916,attentive,0,2
16.566666666666666,True,2.62959436959802,0.935508414462997,4.819277108433735,0.04594377510040154,0.011910908153948255,attentive,0,2
16.6,True,4.722928379739564,2.2184166471758813,4.809619238476954,0.04590514362057442,0.011938983703880916,attentive,0,2
16.633333333333333,True,2.546755701231428,3.3472063427888123,4.8,0.045866666666666604,0.011952620037563158,attentive,0,2
16.666666666666668,True,1.6907908876924154,1.39309603829985,4.790419161676647,0.045828343313373196,0.011949940945954293,attentive,0,2
16.7,True,4.648816287787247,1.5165937414194177,4.780876494023905,0.04579017264276222,0.011974008023826425,attentive,0,2
16.733333333333334,True,2.7460023956115327,-0.49905727535136557,4.7713717693836974,0.0457521537442014,0.011972261365576588,attentive,0,2
16.766666666666666,True,2.1850054237638323,-0.006661096544362977,4.761904761904762,0.04571428571428565,0.011967745634255926,attentive,0,2
16.8,True,1.7431947566249464,2.334075274868601,4.752475247524752,0.045676567656765615,0.011969659734377833,attentive,0,2
16.833333333333332,True,3.613161960619999,0.9949396271184977,4.743083003952568,0.04563899868247688,0.011982109961289948,attentive,0,2
16.866666666666667,True,1.934892614527512,0.016740139302983792,4.733727810650888,0.04560157790927015,0.01197551156499706,attentive,0,2
16.9,True,4.951420029174013,-0.30863753722902953,4.724409448818897,0.04556430446194219,0.011993907113189844,attentive,0,2
16.933333333333334,True,2.887572143590528,1.3031969881735328,4.715127701375246,0.045527177472167585,0.012001246484831054,attentive,0,2
16.966666666666665,True,2.0317160643353755,1.940569477323156,4.705882352941177,0.045490196078431314,0.012003875856019811,attentive,0,2
17.0,True,2.505003440638471,2.1638348337207214,4.6966731898238745,0.0454533594259621,0.012011582303420502,attentive,0,2
17.03333333333333,True,2.3545511386241214,1.576017504895772,4.6875,0.045416666666666605,0.012015401347455247,attentive,0,2
17.066666666666666,True,4.686482402964332,1.3948756339679855,4.678362573099415,0.045380116959064264,0.012038623828865435,attentive,0,2
17.1,True,3.402198559959982,0.45481095842061314,4.669260700389105,0.045343709468223026,0.01204658676598325,attentive,0,2
17.133333333333333,True,5.808789086531219,1.3648784833186296,4.660194174757281,0.045307443365695727,0.012079214565817935,attentive,0,2
17.166666666666668,True,2.7187401438729593,2.2041211245801,4.651162790697675,0.0452713178294573,0.01208871480206991,attentive,0,2
17.2,True,1.9921690732516057,0.283305946094637,4.642166344294004,0.04523533204384263,0.012083675998853346,attentive,0,2
17.233333333333334,True,3.114670311332422,0.24968893083236876,4.633204633204633,0.045199485199485134,0.012088143503589565,attentive,0,2
17.266666666666666,True,1.8088804864423835,0.3470015870232115,4.624277456647398,0.0451637764932562,0.012081828359009358,attentive,0,2
17.3,True,3.854472758882097,0.7578687928238066,4.615384615384616,0.04512820512820506,0.012094777040842835,attentive,0,2
17.333333333333332,True,2.0191265750506373,1.858956165990603,4.606525911708253,0.04509277031349962,0.012096715874912843,attentive,0,2
17.366666666666667,True,4.194039757783931,0.3640269742633939,4.597701149425287,0.04505747126436775,0.012110800950886109,attentive,0,2
17.4,True,1.4283592567131453,1.0166641567661374,4.588910133843212,0.04502230720203945,0.012104102511295262,attentive,0,2
17.433333333333334,True,4.900704178385671,1.826422953388986,4.580152671755725,0.0449872773536895,0.01213031534072731,attentive,0,2
17.466666666666665,True,2.633494982301788,1.7927506350701843,4.571428571428571,0.04495238095238089,0.012137092478066344,attentive,0,2
17.5,True,2.5440674638808973,1.2995895654717673,4.562737642585551,0.04491761723700881,0.012141004742021153,attentive,0,2
17.53333333333333,True,3.4715803255447004,0.715592888664702,4.554079696394687,0.04488298545224535,0.012150261758280248,attentive,0,2
17.566666666666666,True,4.572657477741551,1.8693535266917465,4.545454545454546,0.04484848484848479,0.012173607931221953,attentive,0,2
17.6,True,3.076962414673827,-0.09204933342294541,4.536862003780719,0.04481411468178948,0.01217606015523739,attentive,0,2
17.633333333333333,True,0.3807066200955047,0.2216195313592263,4.528301886792453,0.04477987421383642,0.012157208187529606,attentive,0,2
17.666666666666668,True,2.3328464182610413,0.7506624111888591,4.519774011299435,0.04474576271186434,0.012156980573230893,attentive,0,2
17.7,True,3.6395631025743462,-0.03130052339484768,4.511278195488721,0.04471177944862149,0.012164404067064644,attentive,0,2
17.733333333333334,True,5.076386854340418,2.7142737022990113,4.50281425891182,0.04467792370231388,0.012195227771800106,attentive,0,2
17.766666666666666,True,2.565600286558801,2.13854991992305,4.49438202247191,0.04464419475655425,0.012202643077650004,attentive,0,2
17.8,True,1.7414368025319744,-0.4489823085192507,4.485981308411215,0.04461059190031146,0.012192436232007647,attentive,0,2
17.833333333333332,True,4.242379145009776,4.204027682214574,4.477611940298507,0.04457711442786064,0.012222296056501141,attentive,0,2
17.866666666666667,True,2.609938885317913,-0.12238046513381096,4.4692737430167595,0.04454376163873364,0.012220630275744163,attentive,0,2
17.9,True,3.648871752870148,0.30718671143959986,4.4609665427509295,0.04451053283767033,0.01222932770074662,attentive,0,2
17.933333333333334,True,-0.056736596546636875,1.3597101891495056,4.452690166975881,0.04447742733457012,0.012211776843318133,attentive,0,2
17.966666666666665,True,2.202701557516467,0.17756275139021505,4.444444444444445,0.044444444444444384,0.012208022383593566,attentive,0,2
18.0,False,1.827911917016781,-0.5944770316739202,4.621072088724584,0.04515095502156494,0.012198031571228571,attentive,0,2
18.03333333333333,False,3.18575033259636,0.44114087116490225,4.797047970479705,0.04807708077080752,0.012203458087543886,attentive,0,2
18.066666666666666,False,2.713676747148331,-0.8160154594518187,4.972375690607735,0.051000613873541975,0.01219985580350644,attentive,0,2
18.1,False,2.715874058225709,0.4544656134785363,5.147058823529411,0.05392156862745101,0.012201474588712128,attentive,0,2
18.133333333333333,True,2.278997187307624,0.6667882386633772,5.137614678899083,0.047217125382262935,0.012200390466585147,attentive,0,2
18.166666666666668,True,1.5156879136383932,1.4304670181664494,5.128205128205128,0.04717948717948711,0.012196205147641232,attentive,0,2
18.2,True,2.54967690411282,1.3089386175184585,5.118829981718465,0.047141986593540464,0.012199942706484642,attentive,0,2
18.233333333333334,True,-0.939688036668044,2.4177678254637165,5.109489051094891,0.047104622871046165,0.012179863296647697,attentive,0,2
18.266666666666666,True,2.880374363919101,1.877545562241654,5.100182149362477,0.04706739526411652,0.012188595762976734,attentive,0,2
18.3,True,3.8385852642601863,0.21344371533759454,5.090909090909091,0.047030303030302964,0.012198315949443475,attentive,0,2
18.333333333333332,True,1.4861204846424143,1.3970336438108604,5.081669691470054,0.046993345432546824,0.0121937990405338,attentive,0,2
18.366666666666667,True,1.0218181313504733,-1.2147689840832647,5.072463768115942,0.04695652173913037,0.012175045649673805,attentive,0,2
18.4,True,-0.3060038704447532,-0.8148115756238388,5.063291139240507,0.04691983122362863,0.012147295640194735,attentive,0,2
18.433333333333334,True,3.543916978745872,0.6567658123902282,5.054151624548736,0.046883273164861544,0.012156434495917938,attentive,0,2
18.466666666666665,True,5.163076130970377,-0.13705252023306114,5.045045045045045,0.046846846846846785,0.0121753282065027,attentive,0,2
18.5,True,2.1465102123281676,3.1409793046323626,5.0359712230215825,0.04681055155875294,0.012183142363322696,attentive,0,2
18.53333333333333,True,5.700088717040223,0.555065856149572,5.026929982046679,0.04677438659485332,0.012208966537377092,attentive,0,2
18.566666666666666,True,6.689522415523976,1.8070503911073266,5.017921146953405,0.046738351254480226,0.012247564945502682,attentive,0,2
18.6,True,2.663846898609474,0.35083040223161943,5.008944543828265,0.04670244484197966,0.012248229306361259,attentive,0,2
18.633333333333333,True,5.068803414319972,0.6118614398597138,5.0,0.046666666666666606,0.012269014088427278,attentive,0,2
18.666666666666668,True,0.952368779405234,0.9927270097447591,4.991087344028521,0.046631016042780686,0.012258621568042104,attentive,0,2
18.7,True,-0.1806922984619983,0.9962261950422562,4.98220640569395,0.0465954922894424,0.012239319321670017,attentive,0,2
18.733333333333334,True,2.202181486632518,0.9228802010689262,4.9733570159857905,0.04656009473060976,0.012238607063843228,attentive,0,2
18.766666666666666,True,3.0654326975915485,-0.08699531041511421,4.964539007092199,0.0465248226950354,0.012240720920841016,attentive,0,2
18.8,True,4.617648463801681,1.2679599707190459,4.95575221238938,0.04648967551622413,0.012260366672990256,attentive,0,2
18.833333333333332,True,1.640304370208722,-0.44483067785133745,4.946996466431095,0.046454652532390985,0.012249839044642078,attentive,0,2
18.866666666666667,True,2.1674180994492787,0.9507738706821145,4.938271604938271,0.046419753086419685,0.012248950087164093,attentive,0,2
18.9,True,1.204928202382765,0.3353818251968569,4.929577464788732,0.046384976525821534,0.012238125402855557,attentive,0,2
18.933333333333334,True,3.0968831888278014,-1.4724332857867908,4.92091388400703,0.04635032220269472,0.012235056379854519,attentive,0,2
18.966666666666665,True,3.0008342531691286,1.0930859852317047,4.912280701754386,0.046315789473684144,0.012241251230227367,attentive,0,2
19.0,True,4.272761331514895,0.7584152470122966,4.903677758318739,0.04628137769994156,0.012256022099487687,attentive,0,2
19.03333333333333,True,1.8742558834197474,0.6458613849065173,4.895104895104895,0.046247086247086185,0.012251667644192337,attentive,0,2
19.066666666666666,True,4.108617115529103,0.4287341573146376,4.886561954624781,0.046212914485165735,0.012263817025415865,attentive,0,2
19.1,True,3.474561898524407,0.4992992909032322,4.878048780487805,0.046178861788617825,0.012271287816846426,attentive,0,2
19.133333333333333,True,4.084957629628319,0.7473202874384031,4.869565217391305,0.046144927536231825,0.012284409192804355,attentive,0,2
19.166666666666668,True,2.2159544739018213,2.5406744796013703,4.861111111111112,0.04611111111111105,0.012289982492536777,attentive,0,2
19.2,True,4.065295855255783,-1.3350293983269625,4.852686308492201,0.04607741190063541,0.0122948547058645,attentive,0,2
19.233333333333334,True,5.141480742799704,-0.458494010637175,4.844290657439446,0.046043829296424386,0.012311355216657745,attentive,0,2
19.266666666666666,True,4.91927478720017,0.8030721323271106,4.8359240069084635,0.046010362694300456,0.01233093499734948,attentive,0,2
19.3,True,2.2309441625359074,-0.5146548238816195,4.827586206896552,0.04597701149425281,0.01232479826459999,attentive,0,2
19.333333333333332,True,3.6196808901099446,1.269129951315726,4.819277108433735,0.04594377510040154,0.01233612866242927,attentive,0,2
19.366666666666667,True,2.543045539940156,0.2071606041797474,4.810996563573884,0.045910652920962136,0.01233514352988237,attentive,0,2
19.4,True,3.0099720735245596,0.372359350707999,4.802744425385934,0.04587764436821034,0.012338351034777779,attentive,0,2
19.433333333333334,True,3.4880673354283855,0.17342500052734577,4.794520547945205,0.04584474885844743,0.012344429047356673,attentive,0,2
19.466666666666665,True,2.103138833647261,0.055495139987105035,4.786324786324787,0.045811965811965755,0.012339516529734532,attentive,0,2
19.5,True,0.806560289189937,0.7243115242165005,4.778156996587031,0.045779294653014724,0.01232732331647786,attentive,0,2
19.53333333333333,True,4.015111333765033,0.4387470630867278,4.770017035775128,0.04574673480976711,0.012338383979881996,attentive,0,2
19.566666666666666,True,1.0440416423921182,1.1442607165177043,4.761904761904762,0.04571428571428565,0.012329616297381446,attentive,0,2
19.6,True,2.7674877002533695,-0.007039299327968318,4.753820033955857,0.045681946802490034,0.012329539363849498,attentive,0,2
19.633333333333333,True,1.7792827228628743,1.1346697641980277,4.745762711864407,0.045649717514124236,0.012326318808279597,attentive,0,2
19.666666666666668,True,0.9914424897145593,1.3411940335307497,4.737732656514383,0.04561759729272413,0.012317960979925524,attentive,0,2
19.7,True,2.3365759440951064,-0.48827165464035127,4.72972972972973,0.04558558558558552,0.012312862623291076,attentive,0,2
19.733333333333334,True,2.5641448625069794,0.8532540067482975,4.721753794266442,0.045553681843732374,0.01231451432106616,attentive,0,2
19.766666666666666,True,2.5135835941205333,1.0939146682965446,4.713804713804714,0.04552188552188546,0.012316682485720326,attentive,0,2
19.8,True,1.5544242072385077,1.6351477966740937,4.705882352941177,0.045490196078431314,0.012313700185412488,attentive,0,2
19.833333333333332,True,2.862434094435701,0.45953856523657854,4.697986577181208,0.04545861297539144,0.012316098551074954,attentive,0,2
19.866666666666667,True,3.4784351739499892,0.473754581933123,4.690117252931323,0.04542713567839189,0.012323127698969422,attentive,0,2
19.9,True,1.4988377056243536,-1.4332075103620228,4.682274247491638,0.045395763656633156,0.01230833416658871,attentive,0,2
19.933333333333334,True,1.3564517065687274,-1.1852706727614888,4.674457429048414,0.04536449638286026,0.012293453374028557,attentive,0,2
19.966666666666665,True,2.1102676514546483,-0.5960242543887753,4.666666666666667,0.04533333333333327,0.012286388400066364,attentive,0,2
20.0,True,1.328693597797766,2.5080638142053626,4.658901830282862,0.045302273987798056,0.012285044625726453,attentive,0,2
20.03333333333333,True,0.938888225155428,-0.6673901930891659,4.651162790697675,0.0452713178294573,0.012269105593521375,attentive,0,2
20.066666666666666,True,4.104978916805315,-1.2823386107097707,4.643449419568822,0.04524046434494189,0.012274289016059854,attentive,0,2
20.1,True,2.1943311888933024,-0.46893827839266833,4.635761589403973,0.04520971302428249,0.012268388699805871,attentive,0,2
20.133333333333333,True,2.1294379798446785,0.45097513611342277,4.628099173553719,0.04517906336088148,0.012265410099919334,attentive,0,2
20.166666666666668,True,2.954478946550874,1.345040227479901,4.62046204620462,0.045148514851485085,0.012271770802433517,attentive,0,2
20.2,True,2.65517918881207,-1.730979147664214,4.612850082372323,0.04511806699615589,0.012264657796278894,attentive,0,2
20.233333333333334,True,3.5904418802068507,0.7058638031067541,4.605263157894736,0.04508771929824555,0.012273311493483556,attentive,0,2
20.266666666666666,True,3.6711550974407454,-0.6799049355986517,4.597701149425287,0.04505747126436775,0.012277469184004318,attentive,0,2
20.3,True,6.227261001430551,1.1976507428315664,4.590163934426229,0.04502732240437152,0.012307076876583153,attentive,0,2
20.333333333333332,True,2.7268145308349885,0.48677946174405523,4.582651391162029,0.04499727223131472,0.012308539775033607,attentive,0,2
20.366666666666667,True,-1.6885052700211078,1.2162948256508437,4.57516339869281,0.04496732026143785,0.012280582045864557,attentive,0,2
20.4,True,-1.1358289676475346,-1.992450700005415,4.567699836867863,0.04493746601413806,0.012245090399839762,attentive,0,2
20.433333333333334,True,3.8592206257853494,0.8836038343454687,4.5602605863192185,0.04490770901194348,0.012256280245681194,attentive,0,2
20.466666666666665,True,4.541739160643043,-0.7705354324739181,4.5528455284552845,0.04487804878048774,0.01226638906872819,attentive,0,2
20.5,True,2.7517101120848304,-0.31072666546557937,4.545454545454546,0.04484848484848479,0.01226520876020646,attentive,0,2
20.53333333333333,True,4.723457298940085,1.3365804486184698,4.538087520259319,0.04481901674770388,0.012284168425628416,attentive,0,2
20.566666666666666,True,1.2208058440855334,1.2301159770046781,4.53074433656958,0.044789644012944926,0.012277494034667045,attentive,0,2
20.6,True,5.747489047256286,-0.6236838850916653,4.523424878836833,0.044760366182013935,0.012296687794831543,attentive,0,2
20.633333333333333,True,2.084034140927576,0.1422059394974813,4.516129032258064,0.04473118279569886,0.012292303438966591,attentive,0,2
20.666666666666668,True,2.5500844569902323,-0.72484541048739,4.508856682769726,0.04470209339774551,0.012288165979513944,attentive,0,2
20.7,True,2.3943094382497745,-0.26481931747865733,4.501607717041801,0.04467309753483381,0.01228457228486671,attentive,0,2
20.733333333333334,True,2.1480777771542616,0.0890897383892105,4.49438202247191,0.04464419475655425,0.012280495908068095,attentive,0,2
20.766666666666666,True,3.5200809175710943,-0.12979098997301797,4.487179487179487,0.04461538461538456,0.01228542520894608,attentive,0,2
20.8,True,2.7194386077514747,1.517410664587192,4.4799999999999995,0.0445866666666666,0.012290501996629864,attentive,0,2
20.833333333333332,True,4.153484864762801,0.7832687676412257,4.472843450479233,0.04455804046858354,0.012303137824101227,attentive,0,2
20.866666666666667,True,2.7008833506767806,0.33852589132505195,4.4657097288676235,0.0445295055821371,0.012303860420492627,attentive,0,2
20.9,True,2.7798329449462873,1.441923027549746,4.45859872611465,0.0445010615711252,0.012309043901484209,attentive,0,2
20.933333333333334,True,2.4872336829583412,0.09508277994150804,4.451510333863275,0.04447270800211971,0.012307385114662764,attentive,0,2
20.966666666666665,True,3.2679102384748964,1.2584786716672751,4.444444444444445,0.044444444444444384,0.012315342701424738,attentive,0,2
21.0,False,3.962643572347872,-0.13535440500774576,4.595879556259905,0.04505018489170622,0.012323259688655046,attentive,0,2
21.03333333333333,False,4.006001623161284,-0.21885269036553212,4.746835443037975,0.0478762306610406,0.012331162936531498,attentive,0,2
21.066666666666666,False,3.668464648574842,0.911483132588177,4.897314375987362,0.050700368615060484,0.012340639464908883,attentive,0,2
21.1,False,1.6268036029805333,-0.0004216390667778555,5.047318611987381,0.0535226077812829,0.012332577417266701,attentive,0,2
21.133333333333333,True,4.456367916419808,0.3644553724499655,5.039370078740157,0.04682414698162723,0.012345622146461867,attentive,0,2
21.166666666666668,True,5.571225716932479,0.6532250916905394,5.031446540880504,0.04679245283018861,0.012367425593560567,attentive,0,2
21.2,True,0.3508706003548321,-0.37963271856992753,5.023547880690738,0.04676085818942955,0.012349134182310045,attentive,0,2
21.233333333333334,True,2.4561046624142384,0.7181032023629159,5.015673981191222,0.046729362591431484,0.012349389153209217,attentive,0,2
21.266666666666666,True,2.9580325173479998,0.7718241717280927,5.007824726134586,0.04669796557120494,0.012353321214024658,attentive,0,2
21.3,True,2.600935825552801,0.618351072099072,5.0,0.0466666666666666,0.01235422825630554,attentive,0,2
21.333333333333332,True,0.8068223596829265,-0.8616107618212638,4.99219968798752,0.04663546541861668,0.012337562044630055,attentive,0,2
21.366666666666667,True,3.6156289051152046,0.17443829628515367,4.984423676012461,0.04660436137071644,0.012343978774247335,attentive,0,2
21.4,True,3.4745686783626804,-0.8447056637919483,4.976671850699844,0.04657335406946597,0.012345878346545667,attentive,0,2
21.433333333333334,True,2.9279925488134397,1.8821682189650148,4.968944099378882,0.04654244306418212,0.012353409430260804,attentive,0,2
21.466666666666665,True,2.5531342899288405,-0.948305114728968,4.961240310077519,0.046511627906976674,0.012348582313022253,attentive,0,2
21.5,True,1.252440350845753,0.7154931517949782,4.953560371517028,0.04648090815273471,0.012340544857957327,attentive,0,2
21.53333333333333,True,4.927318284177309,-1.8949337357216642,4.945904173106646,0.04645028335909318,0.012348810211371557,attentive,0,2
21.566666666666666,True,2.538632789576535,-1.0982979528577879,4.938271604938271,0.046419753086419685,0.012343398699132795,attentive,0,2
21.6,True,2.948063424977664,2.056425387892716,4.930662557781202,0.04638931689779141,0.012351609700068385,attentive,0,2
21.633333333333333,True,1.75283124845723,-0.431426560171858,4.923076923076923,0.04635897435897429,0.012343117431937485,attentive,0,2
21.666666666666668,True,2.2883788339248494,0.2402922374946208,4.915514592933948,0.04632872503840239,0.012340600439484756,attentive,0,2
21.7,True,1.2288631835223132,-0.24110962659384166,4.9079754601226995,0.0462985685071574,0.012329228069146249,attentive,0,2
21.733333333333334,True,3.0337713633229733,-0.36848532476983364,4.900459418070445,0.04626850433894837,0.012329741612691462,attentive,0,2
21.766666666666666,True,-0.0310364196162074,-0.014204349892996487,4.892966360856269,0.04623853211009167,0.012310629615019573,attentive,0,2
21.8,True,4.4530735364274765,0.8451665085859205,4.885496183206107,0.04620865139949103,0.01232491809764784,attentive,0,2
21.833333333333332,True,1.1071976321247472,0.25396476810070295,4.878048780487805,0.04617886178861782,0.012314491765969009,attentive,0,2
21.866666666666667,True,4.72181605551444,-0.5461975558968808,4.87062404870624,0.04614916286149156,0.012325842732518801,attentive,0,2
21.9,True,1.1685413887414569,-0.8813442304299662,4.86322188449848,0.04611955420466052,0.012312026823425316,attentive,0,2
21.933333333333334,True,2.914866936717582,1.1417225209574289,4.855842185128983,0.04609003540718253,0.012316852466061807,attentive,0,2
21.966666666666665,True,2.9497101281445586,1.0785634110933293,4.848484848484849,0.04606060606060599,0.012321685462888926,attentive,0,2
22.0,True,2.2333603596298826,-0.10392702556742117,4.841149773071105,0.046031265758951015,0.012317711804241733,attentive,0,2
22.03333333333333,True,3.152775695779572,0.3462985105985669,4.833836858006042,0.046002014098690765,0.012321434125793427,attentive,0,2
22.066666666666666,True,3.6047401058713207,1.7408239614113024,4.826546003016592,0.04597285067873297,0.012332849104229986,attentive,0,2
22.1,True,3.4661201916201847,-2.347939282900029,4.819277108433735,0.04594377510040154,0.012329617909462368,attentive,0,2
22.133333333333333,True,3.125304252727717,-0.7354847455436345,4.8120300751879705,0.04591478696741848,0.012329506951068563,attentive,0,2
22.166666666666668,True,-0.4919564968983905,-2.1429292549844527,4.804804804804805,0.04588588588588582,0.012300560937132086,attentive,0,2
22.2,True,1.0346847550838327,-1.7048986860236077,4.7976011994003,0.0458570714642678,0.012283333612136032,attentive,0,2
22.233333333333334,True,3.256668655136898,-0.6435927525886856,4.790419161676647,0.04582834331337318,0.012284472149834715,attentive,0,2
22.266666666666666,True,2.4749728272095624,-1.1899711992058677,4.783258594917788,0.04579970104633775,0.012278599244961065,attentive,0,2
22.3,True,1.6423962502084717,-0.5592411386383158,4.776119402985075,0.0457711442786069,0.012269312948780456,attentive,0,2
22.333333333333332,True,3.1750900807688254,-0.662590736251889,4.769001490312966,0.04574267262791846,0.01226986402875507,attentive,0,2
22.366666666666667,True,0.6479844915982307,-0.47746126000931594,4.761904761904762,0.045714285714285645,0.012254312007955622,attentive,0,2
22.4,True,1.6565624447644782,-1.0308684991386574,4.75482912332838,0.04568598315998012,0.012243639450540432,attentive,0,2
22.433333333333334,True,1.4767868856203143,-0.3755275739348756,4.747774480712167,0.04565776458951526,0.012233973800835726,attentive,0,2
22.466666666666665,True,-0.035012225331392255,-0.529690027791707,4.7407407407407405,0.04562962962962956,0.01221387502655151,attentive,0,2
22.5,True,2.656478979996118,-0.40123490996383276,4.733727810650888,0.04560157790927015,0.0122119535251974,attentive,0,2
22.53333333333333,True,3.090562320743911,0.35819692899535727,4.726735598227474,0.0455736090595765,0.012215380219712892,attentive,0,2
22.566666666666666,True,3.436097313950053,-1.198436489467201,4.71976401179941,0.045545722713864235,0.012215959823251282,attentive,0,2
22.6,True,-0.583156657201434,-1.273609307847893,4.712812960235641,0.04551791850760916,0.012189983372448749,attentive,0,2
22.633333333333333,True,3.7432860102597956,0.0623759629886107,4.705882352941177,0.0454901960784313,0.01219672669096478,attentive,0,2
22.666666666666668,True,2.2964218608130103,-2.307349638232333,4.698972099853157,0.04546255506607923,0.012186274633769348,attentive,0,2
22.7,True,3.101860853026979,0.10979808658072632,4.69208211143695,0.045434995112414396,0.012188978107889385,attentive,0,2
22.733333333333334,True,1.2384588129669258,-1.2239670126118531,4.685212298682284,0.04540751586139573,0.012175208498209123,attentive,0,2
22.766666666666666,True,2.1349224308482913,-1.469627900394625,4.678362573099415,0.04538011695906426,0.012166506006776724,attentive,0,2
22.8,True,-0.23852325902651783,-2.0431957529455738,4.671532846715328,0.045352798053527904,0.012140568715701142,attentive,0,2
22.833333333333332,True,1.817936046138192,-1.818259412575105,4.664723032069971,0.04532555879494648,0.01212875905181269,attentive,0,2
22.866666666666667,True,0.7450008898332343,-1.1239110855276526,4.657933042212519,0.04529839883551667,0.01211228856538482,attentive,0,2
22.9,True,-0.3483424552758825,-1.6894756113659242,4.651162790697675,0.04527131782945729,0.0120869762579677,attentive,0,2
22.933333333333334,True,-1.8030735668873068,-0.17627402787009339,4.644412191582003,0.045244315432994606,0.01205723408580924,attentive,0,2
22.966666666666665,True,1.4561774072118756,-0.01762933370937103,4.63768115942029,0.04521739130434775,0.012049082620888468,attentive,0,2
23.0,True,1.8420596076161815,-0.23650851409498858,4.630969609261939,0.045190545103714355,0.012042732801051639,attentive,0,2
23.03333333333333,True,3.580338413842746,-0.13280301865477218,4.624277456647398,0.04516377649325619,0.012047898645780465,attentive,0,2
23.066666666666666,True,0.8870150662148655,2.340708067311953,4.617604617604617,0.045137085137085066,0.01204370811767125,attentive,0,2
23.1,True,0.7249592861146228,-2.1928424969697797,4.610951008645533,0.045110470701248725,0.012023975192350426,attentive,0,2
23.133333333333333,True,3.9220952314751676,-0.08195785146910095,4.60431654676259,0.04508393285371695,0.012031493797546028,attentive,0,2
23.166666666666668,True,3.3675260577087074,-1.4940719973896934,4.597701149425287,0.045057471264367745,0.012030940821521546,attentive,0,2
23.2,True,2.35385935493207,-1.8135266407480963,4.591104734576758,0.045031085604973625,0.01202290724492161,attentive,0,2
23.233333333333334,True,1.8768786835430216,0.14725728638358782,4.584527220630372,0.04500477554918808,0.012018102107682692,attentive,0,2
23.266666666666666,True,4.08656900274097,-1.5310612141557316,4.57796852646638,0.04497854077253212,0.012022024952517751,attentive,0,2
23.3,True,2.8567985688330237,-0.2681673046239233,4.571428571428571,0.04495238095238088,0.012022137709992069,attentive,0,2
23.333333333333332,True,3.6271721842424642,0.4973470997360836,4.56490727532097,0.04492629576795047,0.012029561166954264,attentive,0,2
23.366666666666667,True,3.9575288720726345,0.9828327787654375,4.5584045584045585,0.04490028490028483,0.01204059183488013,attentive,0,2
23.4,True,3.133637794640363,-2.580092078638966,4.551920341394026,0.0448743480322427,0.012035119785520073,attentive,0,2
23.433333333333334,True,1.0139507344901568,-0.6759220944699065,4.545454545454546,0.044848484848484776,0.012022292056577604,attentive,0,2
23.466666666666665,True,0.10887642208594972,-3.9144309630172986,4.539007092198582,0.04482269503546092,0.011993586904349693,attentive,0,2
23.5,True,1.3822672493562436,-0.9745875533741932,4.53257790368272,0.044796978281397476,0.011982232900063828,attentive,0,2
23.53333333333333,True,3.790402938464709,-0.2537250013412047,4.526166902404526,0.0447713342762847,0.011988315175941747,attentive,0,2
23.566666666666666,True,0.7176273820220815,-0.2182404483825392,4.519774011299435,0.04474576271186434,0.011975202409107119,attentive,0,2
23.6,True,0.9872332071059633,-1.0060300510567488,4.513399153737659,0.044720263281617226,0.011961347512630257,attentive,0,2
23.633333333333333,True,1.7164420741016482,0.019042386585673254,4.507042253521127,0.044694835680751104,0.01195530469621118,attentive,0,2
23.666666666666668,True,1.0777945628831045,-1.4373806084663856,4.50070323488045,0.044669479606188396,0.01194073467403273,attentive,0,2
23.7,True,4.690705424328579,-0.6371977345429918,4.49438202247191,0.044644194756554234,0.01195125553080801,attentive,0,2
23.733333333333334,True,4.305361008457265,0.19736136702017382,4.488078541374474,0.04461898083216449,0.011961945941888173,attentive,0,2
23.766666666666666,True,-0.3846617105822254,-0.4676079355751908,4.481792717086835,0.04459383753501393,0.011941342745403302,attentive,0,2
23.8,True,1.9901054678120884,0.23482697682906495,4.475524475524476,0.0445687645687645,0.01193774191767066,attentive,0,2
23.833333333333332,True,0.10905870129872608,-1.0608081335561934,4.4692737430167595,0.04454376163873364,0.011918453666292912,attentive,0,2
23.866666666666667,True,0.9134350873524999,-1.4103612286988791,4.463040446304045,0.04451882845188278,0.011903121897491344,attentive,0,2
23.9,True,1.4351171796599511,-0.4035369748927478,4.456824512534819,0.044493964716805876,0.011894178203683098,attentive,0,2
23.933333333333334,True,1.9061763747347464,-0.901542261436777,4.450625869262865,0.044469170143718054,0.011886632013902153,attentive,0,2
23.966666666666665,True,0.8635707997143127,-0.4014612627447462,4.444444444444445,0.04444444444444437,0.011874214408749154,attentive,0,2
24.0,False,-1.0785185040991987,-0.15021881076309918,4.5769764216366156,0.04497457235321306,0.011850634034876757,attentive,0,2
24.03333333333333,False,0.5254349539868417,-0.28371076436828435,4.7091412742382275,0.047725453985841604,0.011836581630530531,attentive,0,2
24.066666666666666,False,1.5197944237304308,0.3244720614681855,4.840940525587829,0.05047487321346235,0.011830549969781154,attentive,0,2
24.1,False,4.617119353170956,0.2514812693593711,4.972375690607735,0.053222836095764295,0.011843324593750768,attentive,0,2
24.133333333333333,True,4.95873327202953,-1.1371870897198482,4.9655172413793105,0.04652873563218384,0.011853901707581115,attentive,0,2
24.166666666666668,True,1.9852490588448979,-0.389803859509084,4.958677685950414,0.04650137741046825,0.011848534209845484,attentive,0,2
24.2,True,0.035917169473766775,-2.8326021267069033,4.951856946354883,0.046474094452086126,0.011823797519696654,attentive,0,2
24.233333333333334,True,2.09764647294042,-1.103442994668514,4.945054945054945,0.04644688644688638,0.01181699392100114,attentive,0,2
24.266666666666666,True,-0.4506348512165277,-0.5699005192973414,4.938271604938271,0.046419753086419685,0.01179629946135724,attentive,0,2
24.3,True,0.14030911534195023,-0.10235468864878894,4.931506849315069,0.04639269406392687,0.01178068280621089,attentive,0,2
24.333333333333332,True,0.08427429776199213,-1.385378228898378,4.924760601915184,0.046365709074327334,0.011760867828566356,attentive,0,2
24.366666666666667,True,1.4678369601682437,-0.6201798931794748,4.918032786885246,0.04633879781420758,0.011751830498585488,attentive,0,2
24.4,True,0.7953027215088468,0.9135851875950302,4.911323328785812,0.04631195998180985,0.011743389894996736,attentive,0,2
24.433333333333334,True,0.085783246259856,-0.10010321859697568,4.904632152588556,0.046285195277020824,0.01172760708488827,attentive,0,2
24.466666666666665,True,0.4822658475528314,-1.6381325099034747,4.8979591836734695,0.04625850340136048,0.011709614570895836,attentive,0,2
24.5,True,4.306411116014008,-0.5009227800661262,4.891304347826087,0.04623188405797095,0.011718197218525843,attentive,0,2
24.53333333333333,True,2.942779811926082,-1.8682526039643295,4.884667571234735,0.04620533695160554,0.011714410450160253,attentive,0,2
24.566666666666666,True,3.606989355943231,-0.12009424145227576,4.878048780487805,0.04617886178861782,0.011719897953225178,attentive,0,2
24.6,True,3.6017118899402405,-0.8164762845557755,4.871447902571042,0.04615245827695076,0.011723244798560836,attentive,0,2
24.633333333333333,True,0.12639459183076807,-1.3480256898870953,4.864864864864865,0.04612612612612606,0.011704113577342884,attentive,0,2
24.666666666666668,True,0.376206254740709,0.9422105672407322,4.8582995951417,0.046099865047233395,0.011693400642770739,attentive,0,2
24.7,True,2.5956914153797475,-1.8309640270644634,4.8517520215633425,0.046073674752919964,0.01168770549007367,attentive,0,2
24.733333333333334,True,2.053204027924334,-1.499609318961899,4.8452220726783315,0.04604755495737992,0.011679771681987394,attentive,0,2
24.766666666666666,True,1.4828009753102656,-1.3576268502129534,4.838709677419355,0.046021505376344016,0.011668875857147229,attentive,0,2
24.8,True,4.05223677403536,-1.4375672035396887,4.832214765100671,0.04599552572706928,0.011673099308925947,attentive,0,2
24.833333333333332,True,0.9671131952076744,-0.9028735967061772,4.825737265415549,0.04596961572832879,0.011660523968159467,attentive,0,2
24.866666666666667,True,-0.5037545594980295,-1.8742074802268256,4.819277108433735,0.04594377510040154,0.011636341453255717,attentive,0,2
24.9,True,1.0512441429178172,-1.491977428595882,4.81283422459893,0.045918003565062315,0.011622598604780597,attentive,0,2
24.933333333333334,True,2.4536405369033805,-0.9763203082479219,4.806408544726302,0.045892300845571804,0.01161874395826942,attentive,0,2
24.966666666666665,True,2.508381675748354,-1.6513587641462786,4.8,0.0458666666666666,0.011613223868806099,attentive,0,2
25.0,True,1.8356028903317492,-2.2695957963380855,4.793608521970706,0.04584110075454942,0.011601907577175276,attentive,0,2
25.03333333333333,True,2.7978112035315053,0.7621419279291819,4.787234042553192,0.04581560283687937,0.011605267228254659,attentive,0,2
25.066666666666666,True,2.4664537243238285,0.20276361139912735,4.780876494023905,0.045790172642762215,0.011605011365210045,attentive,0,2
25.1,True,4.104301118645336,-2.2311466421121446,4.774535809018567,0.045764809902740865,0.011607237125542593,attentive,0,2
25.133333333333333,True,1.1090390006963924,-1.34163183607561,4.768211920529802,0.0457395143487858,0.011594442981197701,attentive,0,2
25.166666666666668,True,2.604145510946708,-1.5162528129546011,4.761904761904762,0.045714285714285645,0.011589958968462252,attentive,0,2
25.2,True,0.8230390323612061,-0.10943972521559076,4.7556142668428,0.045689123734037794,0.011579159487480888,attentive,0,2
25.233333333333334,True,2.0087532491220785,-0.007309196154680508,4.749340369393139,0.04566402814423916,0.01157564021317049,attentive,0,2
25.266666666666666,True,1.9115039276010304,-0.21522806702796526,4.743083003952568,0.04563899868247687,0.011570952002636884,attentive,0,2
25.3,True,3.723095137005884,0.7432955068173543,4.736842105263158,0.04561403508771923,0.011579672930647536,attentive,0,2
25.333333333333332,True,3.8451452083303446,-2.538115474925417,4.730617608409987,0.04558913710030654,0.011579501583364557,attentive,0,2
25.366666666666667,True,2.2404343117679293,0.09152566539471052,4.724409448818897,0.045564304461942186,0.011577639870259912,attentive,0,2
25.4,True,1.3335871043589027,-2.079708086108046,4.718217562254259,0.04553953691568363,0.011564177013644188,attentive,0,2
25.433333333333334,True,1.522698984205066,-1.40762645479521,4.712041884816754,0.045514834205933614,0.01155380438961125,attentive,0,2
25.466666666666665,True,1.6236186295394825,-1.7032318758006753,4.705882352941177,0.0454901960784313,0.011543186505538492,attentive,0,2
25.5,True,1.9936492263422436,-1.3605647915103853,4.699738903394255,0.04546562228024362,0.011535737418604003,attentive,0,2
25.53333333333333,True,-1.2046145355366709,-2.3693946314826535,4.69361147327249,0.04544111255975656,0.011506852280139776,attentive,0,2
25.566666666666666,True,-0.35586267752895084,-1.5568369171086167,4.6875,0.0454166666666666,0.011485305272621753,attentive,0,2
25.6,True,0.065352060640131,-1.3179920228622388,4.681404421326398,0.04539228435197219,0.011466938923035675,attentive,0,2
25.633333333333333,True,2.0820654655792685,-1.6899659910223508,4.675324675324675,0.04536796536796529,0.011459187241721883,attentive,0,2
25.666666666666668,True,3.277524326711037,-1.4748397120596466,4.669260700389105,0.04534370946822301,0.011458966964110088,attentive,0,2
25.7,True,3.6146217285489657,-1.0729741441794316,4.66321243523316,0.045319516407599236,0.011461844725132161,attentive,0,2
25.733333333333334,True,4.230704028804928,-0.8229821101605814,4.657179818887451,0.045295385942216396,0.011468975947846377,attentive,0,2
25.766666666666666,True,-0.016465052851096562,-1.8042070795985043,4.651162790697675,0.04527131782945729,0.011448883566675457,attentive,0,2
25.8,True,2.0561008374389753,-1.6882341762412059,4.645161290322581,0.045247311827956924,0.011441061258126732,attentive,0,2
25.833333333333332,True,-0.9084906674718956,-2.1148129306427013,4.639175257731959,0.04522336769759443,0.011415058188734567,attentive,0,2
25.866666666666667,True,2.5576665363162565,-0.15508372450458552,4.633204633204633,0.04519948519948513,0.011414553321476447,attentive,0,2
25.9,True,0.7917775344290938,-0.8499417163815441,4.627249357326478,0.045175664095972505,0.011401977098562457,attentive,0,2
25.933333333333334,True,0.5622805178284933,-1.9005308484543355,4.621309370988447,0.045151904150620384,0.01138512683609733,attentive,0,2
25.966666666666665,True,3.7551888791928185,-1.0694802773481655,4.615384615384616,0.04512820512820506,0.011388880654914406,attentive,0,2
26.0,True,2.372323363322917,-2.1513746535445124,4.609475032010243,0.04510456679470757,0.011381677000848082,attentive,0,2
26.03333333333333,True,2.957591116480174,-2.7123605994479023,4.603580562659847,0.045080988917305984,0.011376223937429866,attentive,0,2
26.066666666666666,True,1.8164171414747436,-0.7504986240462217,4.597701149425287,0.045057471264367745,0.011369875235534194,attentive,0,2
26.099999999999998,True,2.624445182236892,0.9032330266109789,4.591836734693878,0.04503401360544211,0.011372810835123462,attentive,0,2
26.133333333333333,True,1.6233148496766,-1.564801023861563,4.585987261146497,0.04501061571125258,0.011363084193367443,attentive,0,2
26.166666666666668,True,1.600617142161184,-1.4881947307661458,4.580152671755725,0.044987277353689493,0.011353470542438808,attentive,0,2
26.2,True,-1.6876312675536607,-1.3449016147207669,4.5743329097839895,0.044963998305802555,0.011325716127942333,attentive,0,2
26.233333333333334,True,0.4170306042109986,-0.8058851662107014,4.568527918781726,0.0449407783417935,0.01131142285040324,attentive,0,2
26.266666666666666,True,1.3239734712574136,-0.6102439688058587,4.562737642585551,0.0449176172370088,0.011302825646322201,attentive,0,2
26.3,True,4.557061674834067,-2.487796203141504,4.556962025316456,0.04489451476793242,0.011307157729601194,attentive,0,2
26.333333333333332,True,0.7302684334086836,-2.2230056578611186,4.551201011378002,0.044871470712178604,0.011290720899233546,attentive,0,2
26.366666666666667,True,4.568023693598702,-1.4709970235793166,4.545454545454546,0.044848484848484776,0.011297971813820983,attentive,0,2
26.4,True,-1.944006241666407,-2.2950774577551694,4.539722572509458,0.044825556956704427,0.011266397826831193,attentive,0,2
26.433333333333334,True,-0.5137145835703976,-1.0916394805688419,4.534005037783375,0.0448026868178001,0.011246277626244054,attentive,0,2
26.466666666666665,True,1.5949976549169236,-0.8400663447211059,4.528301886792453,0.044779874213836404,0.011238699999502763,attentive,0,2
26.5,True,-0.5634181696073037,-0.11203899517490123,4.522613065326634,0.04475711892797313,0.011221122416213637,attentive,0,2
26.53333333333333,True,3.531320706974798,-0.8776943328560823,4.51693851944793,0.04473442074445831,0.011224288293792883,attentive,0,2
26.566666666666666,True,2.8980512671711445,-0.816264541226927,4.511278195488721,0.04471177944862148,0.011224090321809894,attentive,0,2
26.599999999999998,True,2.7867984649828093,-2.4028996853519953,4.505632040050062,0.04468919482686684,0.011218861164807529,attentive,0,2
26.633333333333333,True,-0.6207602040750722,-3.9127569704554563,4.5,0.04466666666666659,0.011190520151188727,attentive,0,2
26.666666666666668,True,0.9131846660335267,-4.206252803881743,4.49438202247191,0.044644194756554234,0.01116994693010439,attentive,0,2
26.7,True,0.13372469278349808,-1.134987302711151,4.488778054862843,0.04462177888611797,0.011153615497475707,attentive,0,2
26.733333333333334,True,1.862704456328985,-1.2279217310601498,4.483188044831881,0.04459941884599412,0.011146637111444806,attentive,0,2
26.766666666666666,True,4.2303444897105,-1.7050157993275221,4.477611940298507,0.04457711442786062,0.011151445531787381,attentive,0,2
26.8,True,-0.4699521067397432,0.9987712729080609,4.472049689440994,0.04455486542443057,0.011137755308378476,attentive,0,2
26.833333333333332,True,3.418213239565068,-1.596611105378791,4.466501240694789,0.044532671629445755,0.011138383445916333,attentive,0,2
26.866666666666667,True,-0.22102369804663446,-2.3465990092455256,4.4609665427509295,0.044510532837670314,0.011116902187604338,attentive,0,2
26.9,True,0.12693601197949933,-2.8795096497828436,4.455445544554455,0.04448844884488441,0.01109592241969937,attentive,0,2
26.933333333333334,True,1.2324258983606458,-1.51782889766845,4.449938195302843,0.044466419447877964,0.011084808171135128,attentive,0,2
26.966666666666665,True,2.3564349129996796,-1.5153320183432997,4.444444444444445,0.04444444444444437,0.011079895617309739,attentive,0,2
27.0,False,1.2870437036201359,0.3879222422338242,4.562268803945746,0.04491574188244958,0.011074349807258183,attentive,0,2
27.03333333333333,False,3.4038087360669027,-1.6101792428106285,4.679802955665025,0.04760810071154879,0.011074935414308148,attentive,0,2
27.066666666666666,False,1.2928004300824534,-0.5963115057524672,4.797047970479705,0.05029930299302984,0.011066750552801994,attentive,0,2
27.099999999999998,False,0.7551900796183691,-1.5372467982664606,4.914004914004914,0.052989352989352784,0.011053081690154464,attentive,0,2
27.133333333333333,True,2.9956930266103727,-0.4599478537020574,4.9079754601226995,0.046298568507157384,0.01105460193947675,attentive,0,2
27.166666666666668,True,0.4924049759833683,-4.298909472623545,4.901960784313726,0.04627450980392149,0.011032029307686387,attentive,0,2
27.2,True,-1.0430948395969963,-0.7116442694451346,4.8959608323133414,0.04625050999591995,0.011010916164378628,attentive,0,2
27.233333333333334,True,1.5906155415135104,-1.4120731530707948,4.88997555012225,0.04622656886715559,0.011002261575017002,attentive,0,2
27.266666666666666,True,3.113143561368676,0.978438565895096,4.884004884004884,0.046202686202686125,0.011008376642117465,attentive,0,2
27.3,True,-2.26160106083052,-2.377318413141451,4.878048780487805,0.04617886178861781,0.010976251194898614,attentive,0,2
27.333333333333332,True,2.6163447972342944,-2.436735151000077,4.872107186358099,0.04615509541209899,0.010970449710004217,attentive,0,2
27.366666666666667,True,-0.3984962003643282,-2.5984106018354716,4.866180048661801,0.046131386861313795,0.010947924418379273,attentive,0,2
27.4,True,1.8203886232584274,-1.6770743651894142,4.860267314702309,0.046107735925475825,0.010939924247981155,attentive,0,2
27.433333333333334,True,1.6610183864658368,-1.287521453655785,4.854368932038835,0.046084142394821934,0.010932134467527228,attentive,0,2
27.466666666666665,True,-1.3629252818508426,0.5910438767710329,4.848484848484849,0.04606060606060598,0.010913133074403142,attentive,0,2
27.5,True,2.6410335008555514,-1.1462049647398498,4.842615012106537,0.04603712671509274,0.010911047930882803,attentive,0,2
27.53333333333333,True,2.217138879392934,-2.5022295181659735,4.836759371221282,0.04601370415155172,0.010903045987235675,attentive,0,2
27.566666666666666,True,2.2189786513883556,0.0657941143977494,4.830917874396135,0.04599033816425113,0.010901965420201106,attentive,0,2
27.599999999999998,True,2.0673209264545305,-2.122920295020739,4.8250904704463204,0.045967028548451874,0.010894207310346656,attentive,0,2
27.633333333333333,True,0.6040952388610782,-2.1824511065247694,4.819277108433735,0.04594377510040153,0.010878473297178094,attentive,0,2
27.666666666666668,True,1.8816312862819493,-3.788891824254629,4.813477737665464,0.04592057761732844,0.010865313938345573,attentive,0,2
27.7,True,3.2512011461108488,-2.137744728157725,4.807692307692308,0.04589743589743582,0.010863912406005318,attentive,0,2
27.733333333333334,True,2.6101898789862874,-3.721293678710469,4.8019207683073235,0.04587434973989589,0.0108548696568965,attentive,0,2
27.766666666666666,True,-1.4471018075357676,-3.3413048217418178,4.796163069544365,0.04585131894484405,0.01082523949493962,attentive,0,2
27.8,True,-0.28661165340961814,-0.6856703473406667,4.790419161676647,0.04582834331337318,0.010808924787216711,attentive,0,2
27.833333333333332,True,-0.7745961546118889,-1.9900205354623863,4.784688995215311,0.045805422647527835,0.010786587655374782,attentive,0,2
27.866666666666667,True,3.4829977381919255,-0.9799454073891138,4.778972520908005,0.04578255675029861,0.010789593325424103,attentive,0,2
27.9,True,0.40812742334587204,-3.9284888964188767,4.77326968973747,0.04575974542561647,0.010768464842140708,attentive,0,2
27.933333333333334,True,-0.8831508193438076,-1.2705887092612018,4.767580452920143,0.04573698847834716,0.010747586284262515,attentive,0,2
27.966666666666665,True,-0.3243969229343402,-4.266531376450628,4.761904761904762,0.04571428571428564,0.010721788032806859,attentive,0,2
28.0,True,0.8906587621509182,-1.5146740065802966,4.756242568370987,0.045691636940150535,0.010709743744005058,attentive,0,2
28.03333333333333,True,0.3653623729535672,-2.0127806092289853,4.750593824228028,0.0456690419635787,0.010693640707456828,attentive,0,2
28.066666666666666,True,5.4708900020275,-2.2856523187060778,4.744958481613286,0.04564650059311973,0.010703773801873578,attentive,0,2
28.099999999999998,True,1.360094242225609,-0.1841454404554348,4.739336492890995,0.04562401263823057,0.010697768917284722,attentive,0,2
28.133333333333333,True,1.5491493989172422,-2.57342096554029,4.733727810650888,0.045601577909270136,0.010686489185054653,attentive,0,2
28.166666666666668,True,2.2108954742778653,-1.693548604313244,4.7281323877068555,0.04557919621749401,0.010681023785030927,attentive,0,2
28.2,True,-0.8034696814700646,-2.4091279029596993,4.7225501770956315,0.04555686737504912,0.010657876656684703,attentive,0,2
28.233333333333334,True,2.0817155146667456,-1.5499774438776703,4.716981132075472,0.04553459119496848,0.01065215707882817,attentive,0,2
28.266666666666666,True,2.5126176318855853,0.49236864172386663,4.7114252061248525,0.045512367491165995,0.010654052467442287,attentive,0,2
28.3,True,2.9995860894041937,-2.8253666352269313,4.705882352941177,0.0454901960784313,0.010649815818901716,attentive,0,2
28.333333333333332,True,0.7007982130640624,-1.3136310905089863,4.700352526439483,0.04546807677242452,0.010637531051222159,attentive,0,2
28.366666666666667,True,0.06991955013724027,-3.2046307329988615,4.694835680751173,0.04544600938967128,0.010617051967743351,attentive,0,2
28.4,True,-2.007724625967267,-1.9848012650695182,4.6893317702227435,0.04542399374755757,0.01058897348942503,attentive,0,2
28.433333333333334,True,1.9049647376429748,-1.8326521761760455,4.683840749414521,0.045402029664324675,0.010581719363036448,attentive,0,2
28.466666666666665,True,1.6402081383718485,-1.4592176381057587,4.678362573099415,0.04538011695906425,0.010574076542829226,attentive,0,2
28.5,True,0.8067184196417835,-0.3489030921368257,4.672897196261682,0.04535825545171332,0.010565006447561505,attentive,0,2
28.53333333333333,True,-0.06975255348821774,-1.7175295813850397,4.667444574095683,0.045336444963049324,0.010547863215123377,attentive,0,2
28.566666666666666,True,-0.9714717260350694,-1.204834718091609,4.662004662004662,0.045314685314685244,0.010527416914639131,attentive,0,2
28.599999999999998,True,3.84746160976996,-2.7473082041229575,4.656577415599535,0.04529297632906473,0.010527960899644511,attentive,0,2
28.633333333333333,True,1.3001037538633957,-1.921447425288599,4.651162790697675,0.045271317829457286,0.010517472986666727,attentive,0,2
28.666666666666668,True,2.247459619525209,-2.410031505565445,4.645760743321719,0.045249709639953464,0.010510638620656883,attentive,0,2
28.7,True,1.992026684973257,-2.989643400686414,4.640371229698376,0.04522815158546009,0.01050100887739822,attentive,0,2
28.733333333333334,True,0.8922269725731848,-0.9273307924290916,4.634994206257242,0.045206643491695564,0.010491047937930952,attentive,0,2
28.766666666666666,True,-1.5794017628186938,-1.236275032636197,4.62962962962963,0.045185185185185106,0.010467601306937274,attentive,0,2
28.8,True,-0.8147278977767338,-3.095680554796804,4.624277456647398,0.04516377649325619,0.010443360955136448,attentive,0,2
28.833333333333332,True,1.043594937291215,-1.1886457701704913,4.618937644341801,0.0451424172440338,0.010433607379756928,attentive,0,2
28.866666666666667,True,4.413370760972304,-1.614612942992392,4.61361014994233,0.04512110726643591,0.010440058758093621,attentive,0,2
28.9,True,0.9757659726553274,-1.6112190545899516,4.6082949308755765,0.045099846390168896,0.010428902297391057,attentive,0,2
28.933333333333334,True,2.437993098318679,-0.9924154879203118,4.602991944764097,0.04507863444572298,0.010426832395012565,attentive,0,2
28.966666666666665,True,-1.192815252513295,-3.0856271117138467,4.597701149425287,0.04505747126436774,0.010400872414949996,attentive,0,2
29.0,True,-1.6284625823277377,-1.6262147420932467,4.5924225028702645,0.04503635667814765,0.010376472536155569,attentive,0,2
29.03333333333333,True,1.9807028445508088,1.1539031279824166,4.587155963302752,0.0450152905198776,0.010377608866878845,attentive,0,2
29.066666666666666,True,0.5560939319501847,-2.0905872499036877,4.581901489117984,0.04499427262313853,0.010363231055052198,attentive,0,2
29.099999999999998,True,-0.9963062537585807,-1.2187193090054882,4.576659038901601,0.04497330282227299,0.01034320871640156,attentive,0,2
29.133333333333333,True,1.3170407801034554,-1.5607670200146921,4.571428571428571,0.044952380952380876,0.01033411378463727,attentive,0,2
29.166666666666668,True,2.159146346861628,-1.8204212566020077,4.5662100456621,0.04493150684931499,0.010328653409787029,attentive,0,2
29.2,True,2.5308350106009163,-1.0132636819338052,4.561003420752566,0.04491068034967685,0.010327134373438018,attentive,0,2
29.233333333333334,True,0.1642772580603642,-1.7737614350758413,4.555808656036446,0.04488990129081237,0.010311714435733635,attentive,0,2
29.266666666666666,True,2.1089697253985684,-2.0404123704481547,4.550625711035267,0.04486916951080766,0.010305488309034785,attentive,0,2
29.3,True,2.0475281882561154,-2.9720986900305553,4.545454545454546,0.044848484848484776,0.010296613278598963,attentive,0,2
29.333333333333332,True,3.3280662141386217,-1.0636003777711034,4.540295119182747,0.044827847143397576,0.010299032388386167,attentive,0,2
29.366666666666667,True,-0.5155321961278798,-2.4801984370895487,4.535147392290249,0.04480725623582758,0.01027850876176959,attentive,0,2
29.4,True,-0.13278620938455699,-0.4364786299946195,4.530011325028313,0.044786711966779844,0.010265101488605982,attentive,0,2
29.433333333333334,True,2.0658989016670124,-0.6167235206604869,4.524886877828054,0.04476621417797881,0.01026232566812534,attentive,0,2
29.466666666666665,True,2.0108447138999073,-2.1342917731534636,4.519774011299435,0.044745762711864326,0.010255469048173024,attentive,0,2
29.5,True,0.19104645495818096,-1.2479998618085761,4.514672686230249,0.044725357411587584,0.010241722200860334,attentive,0,2
29.53333333333333,True,-0.25463407545831407,-1.048927224373038,4.509582863585118,0.04470499812100706,0.010226271943148506,attentive,0,2
29.566666666666666,True,-0.8081541949165811,-1.1981279631632122,4.504504504504505,0.04468468468468461,0.010207712737123946,attentive,0,2
29.599999999999998,True,1.7386013552201527,-2.1529554000041498,4.499437570303712,0.04466441694788144,0.010199540700075402,attentive,0,2
29.633333333333333,True,-0.5263921971640831,-1.3309899111040149,4.49438202247191,0.044644194756554234,0.010182128546216562,attentive,0,2
29.666666666666668,True,-0.4556435844666419,-0.9730441242087968,4.489337822671156,0.044624017957351214,0.010166001125992245,attentive,0,2
29.7,True,1.1863984864699635,-2.569562758400517,4.484304932735426,0.04460388639760829,0.010154114064975411,attentive,0,2
29.733333333333334,True,-0.06236228897938734,-2.192375589448557,4.479283314669653,0.0445837999253452,0.01013697719426085,attentive,0,2
29.766666666666666,True,3.4164160224308957,-1.6029949258500942,4.47427293064877,0.04456375838926167,0.010138638137292405,attentive,0,2
29.8,True,2.412331559678415,-1.0928187992517806,4.4692737430167595,0.04454376163873362,0.010136575957673095,attentive,0,2
29.833333333333332,True,0.9519921416828312,-1.253762220939801,4.464285714285714,0.04452380952380945,0.01012687546878786,attentive,0,2
29.866666666666667,True,0.7832764028388968,-2.622847226470654,4.459308807134894,0.04450390189520617,0.010112968895316418,attentive,0,2
29.9,True,1.7183806642218045,-1.1871133375771372,4.4543429844097995,0.04448403860430579,0.010107274294940209,attentive,0,2
29.933333333333334,True,-0.585528629443895,-1.2736833683600959,4.4493882091212456,0.044464219503151575,0.010089988386993178,attentive,0,2
29.966666666666665,True,2.607773702351992,-1.7472194734267215,4.444444444444445,0.04444444444444437,0.01008734106145523,attentive,0,2
30.0,False,3.2858281826594458,-2.5684476730021624,4.550499445061043,0.04486866444691076,0.01008601883976245,attentive,0,2
30.03333333333333,False,1.0089111750195907,-1.558152833141038,4.656319290465632,0.04751416605075122,0.010075969470555758,attentive,0,2
30.066666666666666,False,-2.283871963165903,-2.439348067978256,4.761904761904762,0.05015873015873007,0.010047567161570747,attentive,0,2
30.099999999999998,False,1.2280796807365297,-0.639359434835497,4.867256637168142,0.052802359882005684,0.010040918672642356,attentive,0,2
30.133333333333333,True,-0.1747880031252872,-1.5294280390802213,4.861878453038674,0.046114180478821286,0.010025209851407195,attentive,0,2
30.166666666666668,True,-0.9560910034988175,-2.242474046005987,4.856512141280353,0.046092715231788,0.01000395402485302,attentive,0,2
30.2,True,0.5382346666475097,-3.164806860721656,4.851157662624035,0.04607129731716273,0.009987807713843316,attentive,0,2
30.233333333333334,True,-1.0345237834336407,-3.5516784810521997,4.845814977973569,0.046049926578560864,0.009963051865778831,attentive,0,2
30.266666666666666,True,-1.833563799256877,-2.3644107201202154,4.84048404840484,0.046028602860285955,0.009937346177823237,attentive,0,2
30.3,True,-1.03699789417801,-2.1053439230314264,4.835164835164836,0.04600732600732593,0.009916220059407104,attentive,0,2
30.333333333333332,True,-0.7708749556939953,-0.3155516128588216,4.829857299670691,0.04598609586534935,0.009900804519582784,attentive,0,2
30.366666666666667,True,1.4192717940352246,-3.3790051505894754,4.824561403508771,0.04596491228070168,0.00988863146013753,attentive,0,2
30.4,True,-1.9789980020360511,-1.2930993922884193,4.819277108433735,0.04594377510040153,0.00986501948605107,attentive,0,2
30.433333333333334,True,1.5008363047193214,-2.6437806532668366,4.814004376367615,0.045922684172137046,0.009855096396305017,attentive,0,2
30.466666666666665,True,-0.47813691291326843,-1.0038984653261622,4.808743169398907,0.045901639344262224,0.009839565210708199,attentive,0,2
30.5,True,-2.3603770577031877,-2.169743389646355,4.8034934497816595,0.045880640465793224,0.009812106933537236,attentive,0,2
30.53333333333333,True,0.27272026740944216,0.17198904706019702,4.79825517993457,0.04585968738640487,0.0098031452988875,attentive,0,2
30.566666666666666,True,1.722541272535383,-1.9745485687678779,4.793028322440087,0.045838779956426934,0.009796026244401429,attentive,0,2
30.599999999999998,True,-2.020776225008301,-2.4820072103057855,4.787812840043525,0.045817918026840695,0.009769592266719642,attentive,0,2
30.633333333333333,True,0.9424235013040707,-0.9462937139472358,4.782608695652174,0.04579710144927529,0.009761240181619732,attentive,0,2
30.666666666666668,True,-1.011461054307568,-4.863804950044224,4.7774158523344195,0.04577633007600426,0.009734025113118374,attentive,0,2
30.7,True,-1.287512759574803,-0.7132642154079942,4.772234273318872,0.04575560375994207,0.009715542102668962,attentive,0,2
30.733333333333334,True,2.64453248480222,-0.24454559232903605,4.7670639219935,0.04573492235464059,0.009717161280304872,attentive,0,2
30.766666666666666,True,-3.768936567931587,-1.2139581183837325,4.761904761904762,0.04571428571428564,0.009685596696778213,attentive,0,2
30.8,True,3.4030867394243476,-2.5688724856531695,4.756756756756757,0.04569369369369362,0.0096853054835161,attentive,0,2
30.833333333333332,True,0.26298856818114946,-2.9324116715383832,4.751619870410368,0.04567314614830806,0.009669071209451405,attentive,0,2
30.866666666666667,True,-2.4038424125363465,-0.9491390772798671,4.746494066882416,0.045652642934196255,0.009644840342984653,attentive,0,2
30.9,True,1.564787673420673,-1.8635314587553884,4.741379310344827,0.045632183908045895,0.009637478910354725,attentive,0,2
30.933333333333334,True,1.3025990950546105,-3.4124810461298067,4.736275565123789,0.04561176892716175,0.009625173807219504,attentive,0,2
30.966666666666665,True,0.709063621449996,-1.042727077166051,4.731182795698925,0.04559139784946229,0.00961572117150262,attentive,0,2
31.0,True,0.06223565543690919,-1.7408720236367354,4.726100966702471,0.045571070533476477,0.009601534573483908,attentive,0,2
31.03333333333333,True,-1.2381589605637486,-1.9002153142240759,4.721030042918455,0.04555078683834041,0.009580797273070416,attentive,0,2
31.066666666666666,True,-0.16734669351243858,-2.9749380240235257,4.715969989281887,0.04553054662379413,0.009562645575597675,attentive,0,2
31.099999999999998,True,-2.5075956267676993,0.529309220839733,4.710920770877944,0.04551034975017837,0.009541734149136302,attentive,0,2
31.133333333333333,True,-2.028391156425292,-1.3506313604898001,4.705882352941177,0.0454901960784313,0.009518677241137608,attentive,0,2
31.166666666666668,True,1.3897382823964683,-2.088767343621728,4.700854700854701,0.045470085470085395,0.009510147574619703,attentive,0,2
31.2,True,2.2129593676496193,-1.67332577616575,4.695837780149413,0.045450017787264235,0.009506526150572637,attentive,0,2
31.233333333333334,True,1.7225264396542326,-1.8915020108864782,4.690831556503198,0.045429992892679384,0.009500071789285417,attentive,0,2
31.266666666666666,True,0.44806625709509496,-1.8886679854458306,4.685835995740149,0.045410010649627186,0.00948760564852945,attentive,0,2
31.3,True,1.885116393518074,-4.458510737906217,4.680851063829787,0.04539007092198574,0.009475885316395387,attentive,0,2
31.333333333333332,True,-2.62812228905044,-1.7510962664623277,4.675876726886291,0.045370173574211754,0.009449267087001265,attentive,0,2
31.366666666666667,True,-1.1776597576495917,-1.8138828289041178,4.670912951167728,0.0453503184713375,0.009429400673853462,attentive,0,2
31.4,True,0.5618416510016387,-2.890253068545663,4.665959703075292,0.04533050547896776,0.009415238307717544,attentive,0,2
31.433333333333334,True,-0.28071331663944304,-3.303236415752427,4.661016949152542,0.045310734463276756,0.009396166932276151,attentive,0,2
31.466666666666665,True,-2.5043087321757094,0.4083031521130063,4.656084656084656,0.045291005291005215,0.009375405992989229,attentive,0,2
31.5,True,3.2039337577882465,-2.725144034447415,4.651162790697675,0.045271317829457286,0.009374146398871975,attentive,0,2
31.53333333333333,True,-0.37814748777844553,-3.377669037411492,4.646251319957761,0.04525167194649764,0.009354546891908556,attentive,0,2
31.566666666666666,True,-1.294191692705501,-1.5558608886156882,4.641350210970464,0.04523206751054845,0.00933496463598876,attentive,0,2
31.599999999999998,True,-0.1559118529359077,-2.0038701641636885,4.636459430979979,0.04521250439058651,0.009319705467375644,attentive,0,2
31.633333333333333,True,-1.0077915163985838,-1.5921824992803097,4.631578947368421,0.04519298245614027,0.009301456033475302,attentive,0,2
31.666666666666668,True,-0.7699623634511783,-2.5651936090803558,4.6267087276550996,0.04517350157728699,0.009282082804006797,attentive,0,2
31.7,True,-1.4413526906300733,-2.6776152145325005,4.621848739495799,0.045154061624649786,0.009259353443928375,attentive,0,2
31.733333333333334,True,0.5413577379046611,-2.626661266461631,4.616998950682056,0.04513466246939482,0.009246037238167805,attentive,0,2
31.766666666666666,True,1.9671602195107873,-2.8011059632050115,4.612159329140461,0.04511530398322844,0.00923898505488954,attentive,0,2
31.8,True,0.18854786103090249,-1.3242134450220906,4.607329842931937,0.045095986038394334,0.009227106844307434,attentive,0,2
31.833333333333332,True,-4.191652456670728,-2.817473657954798,4.602510460251046,0.045076708507670774,0.009191418846512839,attentive,0,2
31.866666666666667,True,0.9596254094820204,-1.4672274196269033,4.597701149425287,0.04505747126436774,0.009182864068661699,attentive,0,2
31.9,True,-0.39006888394128464,-2.9872721203011765,4.592901878914405,0.04503827418232421,0.009164539552959816,attentive,0,2
31.933333333333334,True,-0.3867928292573665,-0.8659141448394567,4.588112617309697,0.04501911713590538,0.009151184107235831,attentive,0,2
31.966666666666665,True,-2.223840768857033,-1.7973741953776126,4.583333333333333,0.04499999999999992,0.009127195476260489,attentive,0,2
32.0,True,-1.0840931110774743,-1.3793573418673877,4.578563995837669,0.04498092265001727,0.009109494513077833,attentive,0,2
32.03333333333333,True,-2.047774988107499,-3.873362511037523,4.5738045738045745,0.044961884961884885,0.009081616977808401,attentive,0,2
32.06666666666666,True,-2.298226856038736,-2.8720311316552345,4.569055036344756,0.04494288681204561,0.00905495212841704,attentive,0,2
32.1,True,-0.1320538483414539,-1.5015510683374664,4.564315352697095,0.044923928077454975,0.009041488810706553,attentive,0,2
32.13333333333333,True,0.14736159941764862,-2.4245781997498814,4.5595854922279795,0.0449050086355785,0.009027214717521216,attentive,0,2
32.166666666666664,True,-2.6859421303200706,-0.9057978603125547,4.554865424430641,0.044886128364389155,0.009003428362002842,attentive,0,2
32.2,True,-1.0487686240839,-1.0810069589548243,4.550155118924509,0.044867287142364626,0.008986813201782174,attentive,0,2
32.233333333333334,True,3.910527726317761,-2.240569282817447,4.545454545454546,0.044848484848484776,0.00899034033729415,attentive,0,2
32.266666666666666,True,0.2660462749777097,-2.3924123632230394,4.540763673890609,0.04482972136222903,0.008976796080981687,attentive,0,2
32.3,True,-0.9597942279831055,-3.332134153371147,4.536082474226804,0.044810996563573804,0.00895551021421014,attentive,0,2
32.333333333333336,True,-1.1332479728914364,-2.421576490110852,4.531410916580844,0.04479231033298997,0.008935558155548307,attentive,0,2
32.36666666666667,True,-3.184544740830195,-2.3187143298021495,4.526748971193416,0.04477366255144025,0.008906502817227642,attentive,0,2
32.4,True,2.031706946117577,-2.296670653189004,4.522096608427543,0.044755053100376765,0.008901384208049371,attentive,0,2
32.43333333333333,True,-1.7032422910896887,-2.0616675659099335,4.517453798767967,0.04473648186173845,0.008879769389336819,attentive,0,2
32.46666666666667,True,0.39654117576401704,-1.0092281454369636,4.512820512820513,0.04471794871794864,0.008870169293566765,attentive,0,2
32.5,True,2.1361658046183307,0.4315213508517364,4.508196721311475,0.04469945355191249,0.008871791053079477,attentive,0,2
32.53333333333333,True,0.8479804640968849,-0.956100530990803,4.503582395087001,0.04468099624701459,0.008864393246695574,attentive,0,2
32.56666666666666,True,-1.556367859430416,-0.7311459788876788,4.4989775051124745,0.044662576687116484,0.008846595340177142,attentive,0,2
32.6,True,1.6538696618529272,-2.8691535400029604,4.49438202247191,0.044644194756554234,0.008838554522745803,attentive,0,2
32.63333333333333,True,0.7229795712635221,-2.5228748808202988,4.489795918367347,0.04462585034013598,0.008827093603758208,attentive,0,2
32.666666666666664,True,0.6706677173766442,-2.084781311710798,4.485219164118247,0.04460754332313958,0.008816411447231652,attentive,0,2
32.7,True,-1.1283488980157046,-1.3708086489164755,4.480651731160896,0.04458927359131018,0.008799224546131397,attentive,0,2
32.733333333333334,True,-0.8482981197377429,-2.439000094738397,4.476093591047812,0.044571041030857836,0.008780923998194306,attentive,0,2
32.766666666666666,True,-1.7414144517062125,-1.4672406055566056,4.471544715447155,0.044552845528455204,0.008760821276179498,attentive,0,2
32.8,True,0.41196818297213944,-1.8702268803598945,4.467005076142132,0.04453468697123512,0.008749566543886894,attentive,0,2
32.833333333333336,True,-1.5780918588227708,-1.7173303261328046,4.462474645030426,0.04451656524678829,0.008729708939675654,attentive,0,2
32.86666666666667,True,2.1723710582315894,-3.0525803353160734,4.4579533941236065,0.04449848024316101,0.00872377354118031,attentive,0,2
32.9,True,0.9439446453344293,-0.6527978777047754,4.4534412955465585,0.04448043184885282,0.008717721794260457,attentive,0,2
32.93333333333333,True,-0.024953165018732015,-2.2748820832970336,4.448938321536906,0.04446241995281421,0.008703683454252027,attentive,0,2
32.96666666666667,True,-1.8852587907650582,-1.6647831075326158,4.444444444444445,0.04444444444444437,0.008682691404322788,attentive,0,2
33.0,False,-0.7164239431954691,-4.11553152699633,4.540867810292633,0.044830137907837124,0.008661488151614341,attentive,0,2
33.03333333333333,False,-0.30133713303066334,-3.4674359820941083,4.637096774193548,0.04743727598566288,0.008643639182267607,attentive,0,2
33.06666666666666,False,1.4443062417028287,-3.3770408779059555,4.733131923464249,0.050043638804967774,0.008633841563320487,attentive,0,2
33.1,False,-0.2583618371860864,-3.6978346249258296,4.82897384305835,0.05264922870556675,0.008615733387593251,attentive,0,2
33.13333333333333,True,-2.5328125742990184,-4.11681858352053,4.824120603015075,0.045963149078726895,0.008586566388695349,attentive,0,2
33.166666666666664,True,-4.237624760815102,-0.4851293847621032,4.819277108433735,0.04594377510040153,0.00855795341729574,attentive,0,2
33.2,True,-1.476663785804034,-1.2241510982079966,4.814443329989969,0.04592443998662647,0.008540058493173151,attentive,0,2
33.233333333333334,True,-0.5342888517183887,-2.915734992979131,4.809619238476954,0.04590514362057441,0.008522629548576527,attentive,0,2
33.266666666666666,True,0.3856034622946437,-1.770455192222021,4.804804804804805,0.04588588588588581,0.008511875613386911,attentive,0,2
33.3,True,0.43564343149370965,-2.8255627437949142,4.8,0.04586666666666659,0.008499020902482841,attentive,0,2
33.333333333333336,True,1.4126777985601948,-1.0532547785364215,4.795204795204795,0.04584748584748577,0.008494464439862055,attentive,0,2
33.36666666666667,True,-0.4190444626511193,-2.98221823573142,4.790419161676647,0.04582834331337318,0.008477514304224503,attentive,0,2
33.4,True,0.8027319178030792,-3.0502899171892537,4.785643070787637,0.045809238949817144,0.008465861025131815,attentive,0,2
33.43333333333333,True,-2.4119759911549297,-2.561171586346422,4.780876494023905,0.04579017264276221,0.008441082890935345,attentive,0,2
33.46666666666667,True,0.1575411982267909,-1.7154938340974881,4.776119402985075,0.04577114427860689,0.008429587260778209,attentive,0,2
33.5,True,0.8195166501054058,-1.8248689759187573,4.7713717693836974,0.045752153744201385,0.008420797444248371,attentive,0,2
33.53333333333333,True,-0.8553357806319932,-1.9550781524329008,4.766633565044687,0.04573320092684534,0.008404345698549134,attentive,0,2
33.56666666666666,True,-3.5185145132299063,-0.4967595204056865,4.761904761904762,0.04571428571428564,0.008379399172730765,attentive,0,2
33.6,True,0.8100839164005614,-1.9356424832099968,4.757185332011893,0.045695407994714166,0.008370399713908745,attentive,0,2
33.63333333333333,True,-1.8748592637016834,-1.9598634183857422,4.752475247524752,0.0456765676567656,0.008349549852925141,attentive,0,2
33.666666666666664,True,-1.8490661446598373,-1.9132508046887589,4.747774480712167,0.04565776458951526,0.008328957083328868,attentive,0,2
33.7,True,0.19434992896245495,-2.691189531824654,4.743083003952568,0.04563899868247687,0.008315670916527379,attentive,0,2
33.733333333333334,True,0.6246933717690657,-2.113178279183776,4.738400789733465,0.045620269825600454,0.008305567059012664,attentive,0,2
33.766666666666666,True,-3.4122961245123453,-2.109879224533574,4.733727810650888,0.045601577909270136,0.008277795907029071,attentive,0,2
33.8,True,0.16972900562548388,-2.7281369243354883,4.729064039408867,0.045582922824302055,0.008264410713660164,attentive,0,2
33.833333333333336,True,0.6591437983810915,-2.2006676818691306,4.724409448818897,0.04556430446194218,0.008254346485956196,attentive,0,2
33.86666666666667,True,-0.08907647012882691,-1.49426048049082,4.71976401179941,0.04554572271386423,0.008242575767417076,attentive,0,2
33.9,True,-0.7514138727346088,-2.3196117116156745,4.715127701375246,0.04552717747216757,0.008226134818819775,attentive,0,2
33.93333333333333,True,-0.08044575843422896,-2.105545235765664,4.710500490677134,0.045508668629375124,0.008213119449893589,attentive,0,2
33.96666666666667,True,-0.19055313810605912,-2.7622848603023997,4.705882352941177,0.0454901960784313,0.00819821902529889,attentive,0,2
34.0,True,-1.4671212006733683,-1.6946257015005068,4.701273261508325,0.045471759712699886,0.008180114625115559,attentive,0,2
34.03333333333333,True,-0.22668930190983339,-1.102565653275946,4.6966731898238745,0.045453359425962084,0.008168727376064902,attentive,0,2
34.06666666666666,True,-2.758923376702291,-2.73890015451558,4.69208211143695,0.04543499511241439,0.00814280650232286,attentive,0,2
34.1,True,1.8923888411649752,-1.0903806954854536,4.6875,0.04541666666666659,0.008140701758531191,attentive,0,2
34.13333333333333,True,-1.4172372189027378,-2.1730733640883835,4.682926829268292,0.04539837398373976,0.00812190313827486,attentive,0,2
34.166666666666664,True,-1.884413199647544,-1.9788652499336457,4.678362573099415,0.04538011695906425,0.008101538078579272,attentive,0,2
34.2,True,-2.075593129407723,-3.8426202606335305,4.673807205452775,0.04536189548847769,0.008076352535671539,attentive,0,2
34.233333333333334,True,-3.306329313053637,-0.6982309781330331,4.669260700389105,0.04534370946822301,0.008052692249797582,attentive,0,2
34.266666666666666,True,-3.0024022937943577,-1.189570609505524,4.664723032069971,0.04532555879494647,0.008029329574687974,attentive,0,2
34.3,True,-0.09422373172216314,-0.9981651661579235,4.660194174757281,0.04530744336569571,0.008018973995533257,attentive,0,2
34.333333333333336,True,-2.6571318167207565,-3.089338687616147,4.655674102812803,0.0452893630779178,0.00799308297145944,attentive,0,2
34.36666666666667,True,-1.8779063757684493,-2.4859246564402566,4.651162790697675,0.045271317829457286,0.007971897302326938,attentive,0,2
34.4,True,-2.3015464029741937,-1.8037426261711447,4.646660212971927,0.0452533075185543,0.007950397486863527,attentive,0,2
34.43333333333333,True,-1.1007904580003416,-1.2107593429827275,4.642166344294004,0.04523533204384261,0.007935374879668012,attentive,0,2
34.46666666666667,True,-1.166554877206054,0.17733145390665284,4.63768115942029,0.04521739130434775,0.007923079233943149,attentive,0,2
34.5,True,0.6143322543510126,-2.533361456898757,4.633204633204633,0.04519948519948512,0.007912632896312364,attentive,0,2
34.53333333333333,True,-0.5993088848736938,-1.6855140655678826,4.628736740597879,0.04518161362905811,0.007898822081700438,attentive,0,2
34.56666666666666,True,-1.134246752070033,-3.271058794437451,4.624277456647398,0.04516377649325619,0.007879352969657315,attentive,0,2
34.6,True,-0.5394328221750359,-2.354609424211567,4.619826756496631,0.045145973692653114,0.007864425830517316,attentive,0,2
34.63333333333333,True,1.1375475716451655,-1.4102240851506225,4.615384615384616,0.04512820512820505,0.007858711897684851,attentive,0,2
34.666666666666664,True,0.09276579618213532,-0.6646198989528713,4.610951008645533,0.045110470701248725,0.007850139993190139,attentive,0,2
34.7,True,-0.35117588036003333,-2.501233980720698,4.606525911708253,0.045092770313499606,0.007835774139621412,attentive,0,2
34.733333333333334,True,-4.189302450412185,-2.79324937836165,4.6021093000958775,0.045075103867050104,0.007804458591220399,attentive,0,2
34.766666666666666,True,-0.3127787938015445,-2.115575532385816,4.597701149425287,0.04505747126436774,0.007791148375200735,attentive,0,2
34.8,True,-1.225535492767814,-1.0626940748924953,4.5933014354066986,0.04503987240829338,0.007776220609481929,attentive,0,2
34.833333333333336,True,-0.20440147771787132,-2.621606161707491,4.588910133843212,0.04502230720203944,0.0077623482738299,attentive,0,2
34.86666666666667,True,1.8706900003772344,1.1830070325425197,4.584527220630372,0.04500477554918808,0.00776538622418557,attentive,0,2
34.9,True,-1.346441725045175,0.008216426984827718,4.580152671755725,0.04498727735368949,0.007752283826339962,attentive,0,2
34.93333333333333,True,-0.07431639714971672,-1.3057180196537832,4.575786463298379,0.04496981251986011,0.007741812735277984,attentive,0,2
34.96666666666667,True,-1.723035151175306,-1.302955373329693,4.571428571428571,0.044952380952380876,0.007724388732301148,attentive,0,2
35.0,True,-1.4925778121669255,-2.610431224360539,4.567078972407232,0.04493498255629552,0.007705207927188071,attentive,0,2
35.03333333333333,True,-0.7287522622669468,-0.6317840760334843,4.562737642585551,0.044917617237008794,0.007693470216651945,attentive,0,2
35.06666666666666,True,0.7239768883561288,-1.8719308295840957,4.5584045584045585,0.044900284900284824,0.007685269227625111,attentive,0,2
35.1,True,-1.9576731655251711,-1.4964519622317314,4.554079696394687,0.04488298545224534,0.007666567626432377,attentive,0,2
35.13333333333333,True,-3.422221142847239,-2.373063123953795,4.549763033175355,0.044865718799368015,0.00763988524445967,attentive,0,2
35.166666666666664,True,-0.5178704697464289,-0.24373575009808768,4.545454545454546,0.044848484848484776,0.007629958003193681,attentive,0,2
35.2,True,-2.021962053947973,-2.4356121610324966,4.541154210028382,0.04483128350678012,0.007609117012191125,attentive,0,2
35.233333333333334,True,-2.979545295131435,-1.4986644768966082,4.536862003780719,0.04481411468178947,0.007586260768287228,attentive,0,2
35.266666666666666,True,0.19669638608259365,-1.638051922067346,4.53257790368272,0.04479697828139747,0.0075764853480886525,attentive,0,2
35.3,True,-2.81499091275841,-1.5288626778913244,4.528301886792453,0.044779874213836404,0.007554329660646202,attentive,0,2
35.333333333333336,True,0.23468138457886423,-2.009331272860931,4.524033930254477,0.0447628023876845,0.007543984248873256,attentive,0,2
35.36666666666667,True,0.4434377399483873,-0.6466568535774107,4.519774011299435,0.044745762711864326,0.007537383340135709,attentive,0,2
35.4,True,1.0506272866544255,-1.3977366746857225,4.51552210724365,0.04472875509564119,0.007531763386954067,attentive,0,2
35.43333333333333,True,-2.6309904161154836,-0.08539740372659055,4.511278195488721,0.04471177944862147,0.007513516369911279,attentive,0,2
35.46666666666667,True,-1.4482127237449711,-1.5114315118056458,4.507042253521127,0.0446948356807511,0.007497264018683829,attentive,0,2
35.5,True,-2.5903399518433634,-2.2279824980082954,4.50281425891182,0.04467792370231387,0.007474786571925225,attentive,0,2
35.53333333333333,True,-0.8018575350450117,-1.3414020247456975,4.498594189315839,0.044661043423929944,0.007461647404889501,attentive,0,2
35.56666666666666,True,-3.0840719055946533,-3.5212590941094994,4.49438202247191,0.044644194756554234,0.00743449978891468,attentive,0,2
35.6,True,2.0379341691250943,-3.3917937129460993,4.490177736202058,0.044627377611474825,0.007428967203362852,attentive,0,2
35.63333333333333,True,-1.0529938242963262,-2.319838777097579,4.485981308411215,0.04461059190031145,0.007412832495850487,attentive,0,2
35.666666666666664,True,-3.998994303117193,-2.7404171148819163,4.481792717086835,0.04459383753501393,0.007383629922255199,attentive,0,2
35.7,True,0.2778260166644846,-1.563240879667836,4.477611940298507,0.04457711442786062,0.007374653507845262,attentive,0,2
35.733333333333334,True,-0.9215992323262969,-1.682677569489364,4.473438956197577,0.0445604224914569,0.007360478360050559,attentive,0,2
35.766666666666666,True,-0.512537476014056,-2.9494512585820893,4.4692737430167595,0.04454376163873362,0.007345401303413619,attentive,0,2
35.8,True,0.07244645656358184,-1.9979392077224742,4.465116279069767,0.044527131782945664,0.00733473778531309,attentive,0,2
35.833333333333336,True,-0.2614202425698582,-2.87057622329921,4.4609665427509295,0.044510532837670314,0.0073209128189524325,attentive,0,2
35.86666666666667,True,-1.7439795476262199,-2.6113296542631903,4.456824512534819,0.04449396471680586,0.007301530379010115,attentive,0,2
35.9,True,-0.7280699479175312,0.10635764888068655,4.452690166975881,0.04447742733457011,0.007291974677263034,attentive,0,2
35.93333333333333,True,0.7798826449773311,-0.40664511013640836,4.448563484708063,0.044460920605498847,0.007287591465595956,attentive,0,2
35.96666666666667,True,1.6929477584882624,-2.257436173970379,4.444444444444445,0.04444444444444437,0.0072831656285249425,attentive,0,2
36.0,False,-0.7876916333646349,-2.737207637328907,4.532839962997224,0.044798026518655484,0.007267562759911736,attentive,0,2
36.03333333333333,False,-0.7147637591483187,-2.6845541620606426,4.621072088724584,0.04737317724378702,0.007252396432283234,attentive,0,2
36.06666666666666,False,-1.4487631243096903,-1.1764793577847703,4.7091412742382275,0.04994767620806369,0.007237340345280195,attentive,0,2
36.1,False,-0.8523026102796952,-0.36920520647252086,4.797047970479705,0.05252152521525218,0.007226412478157586,attentive,0,2
36.13333333333333,True,-2.024937671444854,-0.7843969491461729,4.7926267281106,0.045837173579108985,0.007209850966826902,attentive,0,2
36.166666666666664,True,-3.191454709828857,-2.239134266683492,4.788213627992634,0.04581952117863712,0.007185569246709419,attentive,0,2
36.2,True,-1.5950144832348951,-1.2929998582101279,4.783808647654094,0.045801901257282965,0.00716979385064339,attentive,0,2
36.233333333333334,True,-1.0098457144813455,-1.6632000343249627,4.779411764705882,0.04578431372549012,0.00715568172095369,attentive,0,2
36.266666666666666,True,-2.3795686849622406,-1.6339237942799074,4.775022956841139,0.04576675849403114,0.007136065114610189,attentive,0,2
36.3,True,0.8429333252116342,-0.9787916653737457,4.770642201834862,0.045749235474006035,0.007130959805096374,attentive,0,2
36.333333333333336,True,-0.8548896565216323,-1.1687846182930732,4.766269477543538,0.04573174457684074,0.007118560383885192,attentive,0,2
36.36666666666667,True,-0.9425066627332163,-2.676569597174441,4.761904761904762,0.04571428571428564,0.007102758725164417,attentive,0,2
36.4,True,-1.6936880730286263,-1.5527641411575293,4.757548032936871,0.04569685879841407,0.007086216320541993,attentive,0,2
36.43333333333333,True,0.7734409652994572,-1.408532507934066,4.753199268738574,0.04567946374162088,0.0070800200013838,attentive,0,2
36.46666666666667,True,-0.6346586301535735,-1.259293455660282,4.748858447488584,0.04566210045662092,0.007068422599625118,attentive,0,2
36.5,True,-1.7386811571519942,-1.9689234541139249,4.744525547445255,0.04564476885644761,0.007050930555954702,attentive,0,2
36.53333333333333,True,-1.5793352695800813,0.023205741266168367,4.740200546946217,0.04562746885445146,0.007038151494781656,attentive,0,2
36.56666666666666,True,0.8323199833000441,-2.284283133575616,4.735883424408015,0.04561020036429865,0.007030487436211272,attentive,0,2
36.6,True,1.2442777887922527,-1.471625772937884,4.731574158325751,0.04559296329996959,0.007026146541374252,attentive,0,2
36.63333333333333,True,-1.6221174334774693,-0.42025004189236426,4.7272727272727275,0.04557575757575749,0.007012356135611694,attentive,0,2
36.666666666666664,True,-1.688309998973154,0.32257923060873095,4.72297910990009,0.04555858310626695,0.006999822880937433,attentive,0,2
36.7,True,-0.007011614594513382,-0.2648916562801231,4.71869328493648,0.04554143980641251,0.006992908512754551,attentive,0,2
36.733333333333334,True,-1.0156574609362676,-0.6573250541750784,4.71441523118767,0.045524327591417266,0.0069811517910727,attentive,0,2
36.766666666666666,True,0.1344234624713001,-1.7256420645934487,4.710144927536232,0.045507246376811514,0.006971895926649122,attentive,0,2
36.8,True,-1.1489220208713318,-0.1465221272577184,4.705882352941177,0.04549019607843129,0.006960670749502832,attentive,0,2
36.833333333333336,True,-0.5703393569813691,-0.6936522843914239,4.701627486437613,0.04547317661241704,0.006950691579650249,attentive,0,2
36.86666666666667,True,-0.9790082845114615,-1.089264096269449,4.697380307136405,0.045456187895212205,0.006938295530516182,attentive,0,2
36.9,True,-1.9953140364972335,-0.8589642087409634,4.693140794223827,0.0454392298435619,0.006922307112404534,attentive,0,2
36.93333333333333,True,-3.04175941613258,-1.4555163104937454,4.6889089269612265,0.04542230237451149,0.0069009584031703075,attentive,0,2
36.96666666666667,True,-0.7124640783806053,-1.4397351450213898,4.684684684684685,0.04540540540540532,0.0068890062618625824,attentive,0,2
37.0,True,-1.287071609786888,-0.779344393252102,4.68046804680468,0.04538853885388531,0.006876097890164084,attentive,0,2
37.03333333333333,True,-1.2606891909547975,-0.8719216717286213,4.676258992805756,0.04537170263788961,0.006863133173728808,attentive,0,2
37.06666666666666,True,-3.8640830218351647,-2.7540453991056912,4.672057502246182,0.04535489667565132,0.006836037992794488,attentive,0,2
37.1,True,-3.2011577958252317,-1.7780553671049117,4.66786355475763,0.04533812088569711,0.006813583199146946,attentive,0,2
37.13333333333333,True,-0.9178650878295621,0.39716675261723444,4.663677130044843,0.04532137518684596,0.0068046052701730385,attentive,0,2
37.166666666666664,True,-0.20232471401699637,-0.33683902570958457,4.659498207885305,0.045304659498207805,0.00679703147322895,attentive,0,2
37.2,True,-2.569210224647874,-1.2407780184628148,4.6553267681289165,0.04528797373918225,0.006778255261887635,attentive,0,2
37.233333333333334,True,-2.9556908614881316,0.07313242570856437,4.651162790697675,0.045271317829457286,0.006760587871378556,attentive,0,2
37.266666666666666,True,-1.6611241818485254,-1.3075586588772223,4.647006255585344,0.04525469168900796,0.00674535190362025,attentive,0,2
37.3,True,-3.617722548462873,-3.319388106846632,4.642857142857143,0.04523809523809516,0.006718387138619456,attentive,0,2
37.333333333333336,True,0.16403323414217397,-2.569633288117374,4.63871543264942,0.04522152839726427,0.0067079503440269075,attentive,0,2
37.36666666666667,True,0.3728926460875561,0.06183407352530779,4.634581105169341,0.04520499108734395,0.006703571341671763,attentive,0,2
37.4,True,0.3711118761116259,-0.9742437529555495,4.630454140694568,0.04518848322944486,0.006697142872087347,attentive,0,2
37.43333333333333,True,-1.4174820915328754,-1.0167679461555186,4.6263345195729535,0.0451720047449584,0.006683569431158798,attentive,0,2
37.46666666666667,True,-1.5819465876136527,-1.0783065843662027,4.622222222222222,0.04515555555555548,0.006669248826707213,attentive,0,2
37.5,True,-2.616756425918255,-2.623326388399933,4.618117229129663,0.04513913558318523,0.006647819970949852,attentive,0,2
37.53333333333333,True,-1.200367952242369,-1.0001395318181314,4.614019520851819,0.045122744750073863,0.0066352154270807205,attentive,0,2
37.56666666666666,True,2.9932925290008536,0.27597900963272526,4.609929078014184,0.04510638297872332,0.006641670740566631,attentive,0,2
37.6,True,-4.547656930877887,-0.33931624807444205,4.605845881310895,0.04509005019191017,0.00661721767109889,attentive,0,2
37.63333333333333,True,-0.603113226894342,-2.285858390550475,4.601769911504425,0.045073746312684286,0.0066044943027678505,attentive,0,2
37.666666666666664,True,-1.8290040955006683,-1.0585674502374098,4.597701149425287,0.04505747126436774,0.006589387518059168,attentive,0,2
37.7,True,-5.601946707521757,-0.008619553940714564,4.593639575971731,0.04504122497055351,0.006561555289256437,attentive,0,2
37.733333333333334,True,-0.8641157808986936,-2.562976868513515,4.5895851721094445,0.04502500735510436,0.0065473473686710176,attentive,0,2
37.766666666666666,True,-3.2480770129885057,-2.295665071785643,4.5855379188712515,0.04500881834215159,0.0065243449673116904,attentive,0,2
37.8,True,-1.4542895271956988,-0.9949932819069364,4.581497797356828,0.044992657856093896,0.006510953821797078,attentive,0,2
37.833333333333336,True,-2.842913922858075,-1.893674010263132,4.577464788732395,0.04497652582159617,0.00649039546679749,attentive,0,2
37.86666666666667,True,3.256420516081791,-1.797560163981193,4.573438874230431,0.04496042216358831,0.006493902948294849,attentive,0,2
37.9,True,-0.8106967558763227,-0.7570224280825293,4.569420035149385,0.04494434680726413,0.006483552094425355,attentive,0,2
37.93333333333333,True,-3.114919570230076,-1.3836732843538138,4.56540825285338,0.044928299678080104,0.0064630055899530005,attentive,0,2
37.96666666666667,True,-3.3277335366348284,0.3852667915763621,4.56140350877193,0.044912280701754306,0.006445113674169039,attentive,0,2
38.0,True,-0.6526072344047205,-2.090270783327593,4.557405784399649,0.04489628980426518,0.006432851941954581,attentive,0,2
38.03333333333333,True,-1.7110768182892135,0.1536109092271769,4.553415061295972,0.044880326911850475,0.006420858701827648,attentive,0,2
38.06666666666666,True,-2.7501746156645837,-1.8377844383073456,4.549431321084865,0.04486439195100604,0.006400974342761917,attentive,0,2
38.1,True,-0.3352720116028527,-2.170637460530706,4.545454545454546,0.04484848484848477,0.006389860084918135,attentive,0,2
38.13333333333333,True,-1.7551583733306253,-0.13550599894429016,4.541484716157205,0.04483260553129541,0.006377203588491509,attentive,0,2
38.166666666666664,True,-3.658220938944969,0.9012999836618008,4.537521815008725,0.04481675392670149,0.006359199160511969,attentive,0,2
38.2,True,-5.004726882285383,-0.07752598521300025,4.533565823888405,0.04480092996222021,0.006334112229635258,attentive,0,2
38.233333333333334,True,-1.3881615474944384,-1.3693365543042775,4.529616724738676,0.04478513356562129,0.00632056981741569,attentive,0,2
38.266666666666666,True,-1.101589564143843,-0.6187831890887459,4.525674499564839,0.04476936466492594,0.006309611073125556,attentive,0,2
38.3,True,-1.6483073811781184,-1.7170695744912647,4.521739130434783,0.04475362318840572,0.006294436175889316,attentive,0,2
38.333333333333336,True,-1.0186866375713537,-0.14963463399495258,4.5178105994787146,0.044737909064581444,0.006284745077929498,attentive,0,2
38.36666666666667,True,-1.1561858674057233,-1.2793153152350847,4.513888888888888,0.044722222222222136,0.006272361161387997,attentive,0,2
38.4,True,-2.0839407335126245,0.24223323573596678,4.509973980919341,0.044706562590343946,0.0062593550695427365,attentive,0,2
38.43333333333333,True,-1.6140530219824656,-0.016701806418406795,4.506065857885615,0.04469093009820905,0.00624768259191578,attentive,0,2
38.46666666666667,True,-2.6591616616032305,-1.0317924062166188,4.5021645021645025,0.0446753246753246,0.006230055708037406,attentive,0,2
38.5,True,-1.8427068913864195,-1.8511720170783148,4.498269896193772,0.04465974625144167,0.006214023199639735,attentive,0,2
38.53333333333333,True,-2.165491567282407,0.16995439115196376,4.49438202247191,0.04464419475655423,0.006200660404704077,attentive,0,2
38.56666666666666,True,1.5725103561921128,1.9508983136353941,4.490500863557859,0.04462867012089802,0.0062050849332857365,attentive,0,2
38.6,True,-2.544436864646742,0.6397383321175799,4.486626402070751,0.04461317227494959,0.00619120050491424,attentive,0,2
38.63333333333333,True,-1.4874494966212768,-0.558198800981486,4.482758620689655,0.044597701149425205,0.006179094876520685,attentive,0,2
38.666666666666664,True,-1.8928305436362807,-0.32127450039372385,4.478897502153316,0.04458225667527985,0.006165911742666535,attentive,0,2
38.7,True,-1.230814842686911,-1.0156283233527925,4.475043029259897,0.044566838783706174,0.006153955501907449,attentive,0,2
38.733333333333334,True,-1.6485138789004263,0.16470377645579903,4.471195184866724,0.04455144740613348,0.0061426789107978585,attentive,0,2
38.766666666666666,True,-5.040026547371966,-1.3238551895001298,4.4673539518900345,0.044536082474226725,0.006115630201759861,attentive,0,2
38.8,True,-3.081800993808296,-1.5150568512070897,4.463519313304721,0.04452074391988547,0.006095733792738181,attentive,0,2
38.833333333333336,True,-0.1765566479528453,0.458701965428567,4.459691252144083,0.044505431675242915,0.006090707126953525,attentive,0,2
38.86666666666667,True,-2.0746330993808986,-1.7268867962139738,4.455869751499572,0.04449014567266488,0.006074298536641986,attentive,0,2
38.9,True,-0.8188276853017695,-2.583253270363302,4.4520547945205475,0.04447488584474878,0.00606106729048054,attentive,0,2
38.93333333333333,True,-1.6376968978731554,-2.9025109881307283,4.448246364414029,0.0444596521243227,0.00604413850982358,attentive,0,2
38.96666666666667,True,-0.18926943975186017,1.2576027746808622,4.444444444444445,0.04444444444444436,0.006040642216501181,attentive,0,2
39.0,False,-2.320057173848883,-1.3713379621104491,4.526046114432109,0.04477085112439502,0.006024075670705122,attentive,0,2
39.03333333333333,False,-2.3118474680129224,-1.8970758296603354,4.607508532423208,0.04731892301858152,0.006006571679773184,attentive,0,2
39.06666666666666,False,-1.1621323233845853,0.43950661071571706,4.6888320545609545,0.0498664393293546,0.005997880355927488,attentive,0,2
39.1,False,-2.0579478314790016,-1.9657814851839959,4.770017035775128,0.05241340147643386,0.0059812596417342075,attentive,0,2
39.13333333333333,True,-2.0757096831611532,-1.4258182040039693,4.76595744680851,0.04573049645390063,0.005965621240960483,attentive,0,2
39.166666666666664,True,-2.8732156818807617,-0.7126504960083705,4.761904761904762,0.04571428571428564,0.00594834306367741,attentive,0,2
39.2,True,0.5074063586157407,0.26475540496665795,4.7578589634664405,0.04569810252053235,0.0059457051211560166,attentive,0,2
39.233333333333334,True,-5.20512883187962,0.14519338930933112,4.753820033955857,0.04568194680249002,0.005921293441135322,attentive,0,2
39.266666666666666,True,-2.3295645731834864,-1.5977848902435028,4.749787955894826,0.045665818490245896,0.005904477879764817,attentive,0,2
39.3,True,-3.148978419303725,0.9515988135184281,4.745762711864407,0.045649717514124215,0.005889405614094415,attentive,0,2
39.333333333333336,True,-2.6808071753512723,-1.255459281222244,4.741744284504657,0.045633643804685216,0.00587196783790048,attentive,0,2
39.36666666666667,True,0.11930035850047638,-0.5190467322576935,4.737732656514383,0.04561759729272412,0.0058664727607387725,attentive,0,2
39.4,True,-3.219559342827793,-2.2688134753435376,4.733727810650888,0.045601577909270136,0.0058451562492269245,attentive,0,2
39.43333333333333,True,-2.1196154172530326,0.32538733486226434,4.72972972972973,0.04558558558558551,0.005832873659490072,attentive,0,2
39.46666666666667,True,-0.5623976894880183,-0.501021427923051,4.725738396624473,0.04556962025316448,0.005824902520336448,attentive,0,2
39.5,True,-2.239964121008836,-0.8529174025407602,4.721753794266442,0.04555368184373235,0.005809998919476958,attentive,0,2
39.53333333333333,True,-3.9235735316877056,0.22796455391968484,4.717775905644482,0.04553777028924451,0.00579084010262173,attentive,0,2
39.56666666666666,True,1.0926145300679933,0.17052721053349362,4.713804713804714,0.04552188552188544,0.005790372235477117,attentive,0,2
39.6,True,-2.8998117280525704,-0.4165046557000414,4.7098402018502945,0.04550602747406776,0.005773884438789387,attentive,0,2
39.63333333333333,True,0.28230393442049806,-0.9865237023946043,4.705882352941177,0.04549019607843129,0.005768244543680127,attentive,0,2
39.666666666666664,True,0.43538204811908,-0.018268458609436822,4.701931150293871,0.04547439126784207,0.005764991974584078,attentive,0,2
39.7,True,-1.0722760180631985,0.26704114029314907,4.697986577181208,0.045458612975391416,0.00575665536517991,attentive,0,2
39.733333333333334,True,0.06573695333822638,-0.29487268240148967,4.694048616932104,0.045442861134395,0.00575152563864539,attentive,0,2
39.766666666666666,True,-1.878307542442725,-1.034195716749094,4.690117252931323,0.04542713567839188,0.00573779216137194,attentive,0,2
39.8,True,-0.9659302068451976,-2.0846686051658176,4.686192468619247,0.045411436541143574,0.005725521523544933,attentive,0,2
39.833333333333336,True,-1.1284247924043964,-0.9788679458858869,4.682274247491638,0.04539576365663314,0.005714722188323288,attentive,0,2
39.86666666666667,True,-2.3367147795488843,-0.1977132885549101,4.678362573099415,0.04538011695906424,0.00570090474131243,attentive,0,2
39.9,True,-3.943996543472594,0.24135919807420603,4.674457429048414,0.04536449638286024,0.005681961982969893,attentive,0,2
39.93333333333333,True,-0.6291665236846558,0.07392694833038593,4.670558798999166,0.04534890186266325,0.005675027891613437,attentive,0,2
39.96666666666667,True,-3.715117574920252,-0.7607702581129472,4.666666666666667,0.04533333333333325,0.005655130173170513,attentive,0,2
40.0,True,-1.5080644011314663,0.151165857338884,4.6627810158201495,0.04531779072994718,0.0056451204192194526,attentive,0,2
40.03333333333333,True,-3.0676128994040326,-0.8213016823168054,4.658901830282862,0.045302273987798035,0.0056275629563431835,attentive,0,2
40.06666666666666,True,-2.4538278462310386,0.6967399704653883,4.655029093931837,0.04528678304239393,0.005615106469685104,attentive,0,2
40.1,True,-3.0342195025973124,-1.1942150292154547,4.651162790697675,0.045271317829457286,0.00559703808292658,attentive,0,2
40.13333333333333,True,-0.7011949701463411,-0.16223447076470615,4.647302904564316,0.04525587828492385,0.005589507808056365,attentive,0,2
40.166666666666664,True,-1.8755909843979015,-1.2581819166290296,4.643449419568822,0.045240464344941875,0.005575642611080042,attentive,0,2
40.2,True,-1.4117422817802485,-0.7651741963229495,4.63960231980116,0.045225075945871225,0.005564416066046682,attentive,0,2
40.233333333333334,True,-0.6609763584250388,-0.539687059335238,4.635761589403973,0.04520971302428248,0.005556385111289679,attentive,0,2
40.266666666666666,True,-3.119116103250454,-0.8305562027915017,4.631927212572374,0.045194375516956084,0.005538796357113828,attentive,0,2
40.3,True,-2.1279357076170626,1.3720540785836408,4.628099173553719,0.04517906336088146,0.005528922572545687,attentive,0,2
40.333333333333336,True,-1.8975443981191666,-0.8565684668731679,4.624277456647398,0.04516377649325618,0.005515821054203167,attentive,0,2
40.36666666666667,True,-3.006260127755617,-0.4568815402639664,4.62046204620462,0.045148514851485064,0.005499408290598168,attentive,0,2
40.4,True,-1.3600046990710357,0.3716810910976793,4.616652926628195,0.04513327837317936,0.005490572416204444,attentive,0,2
40.43333333333333,True,-3.8155118376337414,-0.8990482424803131,4.612850082372323,0.04511806699615588,0.005470435441089966,attentive,0,2
40.46666666666667,True,-0.33242851732480183,-0.3399771936778883,4.609053497942387,0.04510288065843614,0.005464095193852988,attentive,0,2
40.5,True,-1.0624641136616395,0.8091201161067674,4.605263157894736,0.04508771929824553,0.00545719707442965,attentive,0,2
40.53333333333333,True,-3.4209043884420334,-0.6057731012659169,4.6014790468364835,0.04507258285401252,0.005439113772025481,attentive,0,2
40.56666666666666,True,-1.4674867013079629,0.4638481647893753,4.597701149425287,0.04505747126436774,0.005430139631475877,attentive,0,2
40.6,True,-2.0400060703438587,0.2446838650552432,4.5939294503691555,0.04504238446814321,0.005418693289100895,attentive,0,2
40.63333333333333,True,-2.613031589308128,1.3515546766528874,4.590163934426229,0.0450273224043715,0.00540719434468913,attentive,0,2
40.666666666666664,True,-2.296227697164643,0.13447780929549213,4.586404586404586,0.04501228501228493,0.005394652320774043,attentive,0,2
40.7,True,-3.2786124407360653,-1.5851577542351967,4.582651391162029,0.0449972722313147,0.005375430687422423,attentive,0,2
40.733333333333334,True,-0.9818628721406155,0.658260579098966,4.578904333605887,0.04498228400109013,0.005368663341234503,attentive,0,2
40.766666666666666,True,-1.7312376303676733,0.8470914958799463,4.57516339869281,0.04496732026143783,0.005359528841836517,attentive,0,2
40.8,True,0.6105610101783916,0.26495263152867127,4.571428571428571,0.04495238095238087,0.005357849543284243,attentive,0,2
40.833333333333336,True,-2.6424927818880066,-0.5202745784614377,4.567699836867863,0.04493746601413804,0.005342956861687878,attentive,0,2
40.86666666666667,True,-0.8130755713332458,-0.3375698522989337,4.5639771801141,0.044922575387122986,0.005335045874487432,attentive,0,2
40.9,True,-5.537428963972434,-0.1640024850797662,4.5602605863192185,0.04490770901194346,0.005310363226900492,attentive,0,2
40.93333333333333,True,-1.9999855743188824,-0.6939584087998061,4.556550040683483,0.04489286682940052,0.005297554994354532,attentive,0,2
40.96666666666667,True,-1.4606872081260842,0.4916382777075548,4.5528455284552845,0.04487804878048772,0.005288858271886593,attentive,0,2
41.0,True,-2.6582188688458306,-2.2608666508896875,4.54914703493095,0.04486325480639039,0.005270883200831569,attentive,0,2
41.03333333333333,True,-1.4548577827441789,0.5747839200465708,4.545454545454546,0.04484848484848477,0.005262393249378078,attentive,0,2
41.06666666666666,True,-5.242577562506965,0.535383038304973,4.5417680454176805,0.04483373884833731,0.005240192926680178,attentive,0,2
41.1,True,-4.0228099850352095,-1.6206452457390015,4.538087520259319,0.04481901674770386,0.0052185391322756855,attentive,0,2
41.13333333333333,True,-2.8425655189112704,-1.4493525813836565,4.534412955465587,0.044804318488528935,0.005201476017154263,attentive,0,2
41.166666666666664,True,-0.39231336024439356,-1.2532001822288539,4.53074433656958,0.044789644012944906,0.005193603864852146,attentive,0,2
41.2,True,-3.757407524084057,0.6890474784265266,4.527081649151172,0.04477499326327127,0.0051771430918189565,attentive,0,2
41.233333333333334,True,-1.175094805353367,0.38279309450446586,4.523424878836833,0.044760366182013914,0.005169429735316496,attentive,0,2
41.266666666666666,True,-2.646070652297942,0.9518428942204109,4.519774011299435,0.044745762711864326,0.00515747288518419,attentive,0,2
41.3,True,-0.9136752772880321,0.10802227765275393,4.516129032258064,0.04473118279569884,0.005150232399386239,attentive,0,2
41.333333333333336,True,-5.2408712959562695,-0.7431703415992139,4.512489927477841,0.044716626376577945,0.005125982211342125,attentive,0,2
41.36666666666667,True,-1.5175397329611995,-1.0074937947546647,4.508856682769726,0.04470209339774549,0.005114621922818629,attentive,0,2
41.4,True,-3.5353121291936365,-0.16484015866855214,4.505229283990346,0.04468758380262797,0.005097571696158535,attentive,0,2
41.43333333333333,True,-2.6913336134436197,-1.318170951634404,4.501607717041801,0.04467309753483379,0.0050815039122325024,attentive,0,2
41.46666666666667,True,0.70228080089493,1.1408125736523096,4.497991967871486,0.04465863453815253,0.005081965665762065,attentive,0,2
41.5,True,-3.9057736263432816,0.9506343686289399,4.49438202247191,0.04464419475655423,0.005065650706900551,attentive,0,2
41.53333333333333,True,-3.105611015930418,0.31067139177950714,4.490777866880514,0.04462977813418864,0.00505107333283268,attentive,0,2
41.56666666666666,True,-1.3605843336911423,-0.3835546348145881,4.487179487179487,0.044615384615384536,0.0050414976449730435,attentive,0,2
41.6,True,-2.7136457087279697,0.03282369784233978,4.483586869495596,0.04460101414464897,0.0050278633746059015,attentive,0,2
41.63333333333333,True,-4.277322719561143,0.6107523931298668,4.4799999999999995,0.04458666666666658,0.005009718607380008,attentive,0,2
41.666666666666664,True,-0.4704443807563088,-0.11305620448829534,4.476418864908074,0.04457234212629888,0.005003841853957286,attentive,0,2
41.7,True,-2.1486742344922956,0.19925666102530643,4.472843450479233,0.04455804046858352,0.004992571316786111,attentive,0,2
41.733333333333334,True,-3.0585767364820655,-1.2377310584148604,4.4692737430167595,0.04454376163873362,0.004975542777947885,attentive,0,2
41.766666666666666,True,-2.364522744998679,-1.2318428167409572,4.4657097288676235,0.04452950558213708,0.004961011708380609,attentive,0,2
41.8,True,-3.524799063300862,-0.2914427573831218,4.462151394422311,0.04451527224435583,0.004944059966631595,attentive,0,2
41.833333333333336,True,-2.713746563609626,0.780893888642023,4.45859872611465,0.04450106157112518,0.004931902453851052,attentive,0,2
41.86666666666667,True,-4.111863728115518,1.1691076996207184,4.455051710421639,0.04448687350835314,0.0049155071990807115,attentive,0,2
41.9,True,-3.348850293182238,-0.33220427913057116,4.451510333863275,0.044472708002119686,0.004899181668070147,attentive,0,2
41.93333333333333,True,-1.828863974906488,-0.43628727014288554,4.447974583002383,0.04445856499867612,0.004888064119803291,attentive,0,2
41.96666666666667,True,-3.36949284570039,2.1030312528191897,4.444444444444445,0.04444444444444436,0.004876008417347395,attentive,0,2
42.0,False,-0.10546873682909608,1.0238580751434694,4.520222045995242,0.044747554850647554,0.004873574223698048,attentive,0,2
42.03333333333333,False,0.5398879828899612,-0.2705177969777476,4.595879556259905,0.0472724071139283,0.004871137438644587,attentive,0,2
42.06666666666666,False,-2.4061601543018964,-0.8145013305039438,4.671417260490895,0.04979678015307436,0.0048573803638025026,attentive,0,2
42.1,False,-1.7364961762040332,1.3837959693556972,4.746835443037975,0.052320675105485256,0.004849864510168952,attentive,0,2
42.13333333333333,True,-4.26876563151554,-1.4328792735210896,4.743083003952568,0.04563899868247686,0.004828515630825732,attentive,0,2
42.166666666666664,True,-3.709193211704795,-0.25884959661283025,4.739336492890995,0.04562401263823057,0.004811225709720072,attentive,0,2
42.2,True,-2.076842737456168,-0.16623259887958428,4.73559589581689,0.04560905024993415,0.004799851563191675,attentive,0,2
42.233333333333334,True,-3.9033145264845244,-0.5850094577409287,4.73186119873817,0.04559411146161926,0.004781359499199131,attentive,0,2
42.266666666666666,True,-2.712063948877281,1.2267886752643877,4.7281323877068555,0.04557919621749401,0.004770241469259317,attentive,0,2
42.3,True,-2.421716708027894,0.10537294649678,4.724409448818897,0.04556430446194218,0.004758194804113692,attentive,0,2
42.333333333333336,True,-5.64581791846884,1.3439670898319167,4.720692368214005,0.04554943613952261,0.0047370585921913955,attentive,0,2
42.36666666666667,True,-2.605053571483342,0.5119437531305833,4.716981132075472,0.04553459119496847,0.004725126656907813,attentive,0,2
42.4,True,-1.3769078019325278,0.7216476524031646,4.713275726630008,0.045519769573186625,0.004717867383193804,attentive,0,2
42.43333333333333,True,-0.34872650575807285,-0.19298963594152277,4.709576138147567,0.045504971219256854,0.0047126110026427925,attentive,0,2
42.46666666666667,True,-2.9020751594081915,-1.1512559710418242,4.705882352941177,0.04549019607843129,0.004696792124662753,attentive,0,2
42.5,True,-2.437589756261153,-0.9872509011878947,4.702194357366771,0.045475444096133674,0.004682901517087329,attentive,0,2
42.53333333333333,True,-2.7227716851983796,-0.3782759267771726,4.698512137823023,0.04546071521795868,0.004669099855241227,attentive,0,2
42.56666666666666,True,-4.908636838083738,0.6785857001623015,4.694835680751173,0.04544600938967128,0.004649555805665736,attentive,0,2
42.6,True,-1.7482484156798697,-0.022206089005107177,4.691164972634871,0.04543132655720607,0.004639806864595605,attentive,0,2
42.63333333333333,True,-3.5766531868528677,-0.1311796136870629,4.6875,0.04541666666666659,0.0046235353384211945,attentive,0,2
42.666666666666664,True,-1.7688602800541926,-1.6445325074502095,4.683840749414521,0.04540202966432467,0.004610936077479485,attentive,0,2
42.7,True,-3.6802516295543213,1.0077980129946351,4.6801872074882995,0.04538741549661979,0.004596327607240311,attentive,0,2
42.733333333333334,True,-6.315275268981213,0.8094900702708445,4.676539360872954,0.0453728241101584,0.004572270435869479,attentive,0,2
42.766666666666666,True,-5.545154448098828,0.5183350526348591,4.672897196261682,0.04535825545171331,0.004550412534277745,attentive,0,2
42.8,True,-1.8485334960012423,-0.9291311226969121,4.669260700389105,0.045343709468223005,0.004538871014597459,attentive,0,2
42.833333333333336,True,-0.23676657508358456,0.7014767206717387,4.665629860031104,0.045329186106791,0.004535735454918759,attentive,0,2
42.86666666666667,True,-1.7358994398061203,0.3860140046865176,4.662004662004662,0.04531468531468524,0.004526883057733852,attentive,0,2
42.9,True,-3.9213449758384904,1.2223482931486733,4.658385093167702,0.045300207039337397,0.004511946137384459,attentive,0,2
42.93333333333333,True,-3.9674357361028587,-1.805185619969559,4.654771140418929,0.0452857512283423,0.004491654036955189,attentive,0,2
42.96666666666667,True,-0.30098160870603596,0.06961152642183366,4.651162790697675,0.045271317829457286,0.0044872550774244045,attentive,0,2
43.0,True,-5.48934421172648,-0.05053714559062927,4.647560030983733,0.04525690679060152,0.004464794469189815,attentive,0,2
43.03333333333333,True,-1.2119694170605877,-1.9423869800416849,4.643962848297214,0.04524251805985544,0.004453828725596251,attentive,0,2
43.06666666666666,True,-4.814772622653166,3.1713439110588135,4.640371229698376,0.04522815158546009,0.004439284729272858,attentive,0,2
43.1,True,-4.467244476383232,-1.1565139556924935,4.636785162287481,0.04521380731581651,0.004418524500805346,attentive,0,2
43.13333333333333,True,-4.373580171014164,2.1139135243129696,4.633204633204633,0.04519948519948512,0.004403729849851975,attentive,0,2
43.166666666666664,True,-0.8451665863918709,0.3832014090518772,4.62962962962963,0.045185185185185106,0.004398090600544421,attentive,0,2
43.2,True,-3.12005791501764,-1.1504561248874128,4.626060138781804,0.0451709072217938,0.004382036950711186,attentive,0,2
43.233333333333334,True,-0.05863245313480148,0.5435548636747913,4.622496147919876,0.045156651258346094,0.004379390782811143,attentive,0,2
43.266666666666666,True,-2.3388459190977224,0.5247939884325067,4.618937644341801,0.04514241724403379,0.004368914991686298,attentive,0,2
43.3,True,-2.1243554795024813,0.9726832930885074,4.615384615384616,0.04512820512820505,0.004359954240554374,attentive,0,2
43.333333333333336,True,-4.7891137276080045,-0.6329928942981933,4.611837048424289,0.04511401486036374,0.004339161346613366,attentive,0,2
43.36666666666667,True,-4.759907136560926,1.5047212640341103,4.6082949308755765,0.04509984639016889,0.004322148689820289,attentive,0,2
43.4,True,-3.1997719129131115,-0.34326755018627964,4.604758250191865,0.045085699667434045,0.00430733197917574,attentive,0,2
43.43333333333333,True,-3.572126192486531,1.2512602788712288,4.601226993865031,0.04507157464212671,0.004293986219978856,attentive,0,2
43.46666666666667,True,-4.060213420494037,0.14614611301848435,4.597701149425287,0.04505747126436774,0.004277116786982756,attentive,0,2
43.5,True,-5.522497404543763,2.480370476695346,4.594180704441041,0.04504338948443075,0.004259268689506944,attentive,0,2
43.53333333333333,True,-2.200632848883343,0.9986478569977535,4.590665646518746,0.04502932925274157,0.004250224587235335,attentive,0,2
43.56666666666666,True,-2.674748296431168,1.0354558827531697,4.587155963302752,0.0450152905198776,0.00423964585503288,attentive,0,2
43.6,True,-0.15368297640545014,0.9779642127474863,4.583651642475172,0.045001273236567274,0.004237545452053799,attentive,0,2
43.63333333333333,True,-6.301356437367236,-1.3820265671489014,4.580152671755725,0.04498727735368949,0.004210587632044795,attentive,0,2
43.666666666666664,True,-2.078402142090478,0.9791835063107941,4.576659038901601,0.04497330282227299,0.00420198964032975,attentive,0,2
43.7,True,-1.5479028148292526,-0.5731624586305752,4.573170731707317,0.04495934959349585,0.004192572527480094,attentive,0,2
43.733333333333334,True,-2.613857928509825,0.10439850852571525,4.56968773800457,0.04494541761868487,0.004180708306466536,attentive,0,2
43.766666666666666,True,-1.9274908860525364,0.47261922444375326,4.5662100456621,0.04493150684931498,0.004171806427072708,attentive,0,2
43.8,True,-3.9266385955743788,1.5367361007522864,4.562737642585551,0.044917617237008794,0.004157959610034128,attentive,0,2
43.833333333333336,True,-3.570154161628213,-0.690463991834981,4.5592705167173255,0.04490374873353589,0.004141576877613314,attentive,0,2
43.86666666666667,True,-1.828009837987268,0.8110552566296458,4.555808656036446,0.04488990129081237,0.00413363175989751,attentive,0,2
43.9,True,-2.0029839450688676,-0.6019328920327698,4.552352048558421,0.04487607486090027,0.0041227262885197916,attentive,0,2
43.93333333333333,True,-2.9806929586508195,2.4769143571760726,4.548900682335103,0.044862269396006994,0.004113730081982922,attentive,0,2
43.96666666666667,True,-1.2351554583317843,1.9540844686539218,4.545454545454546,0.04484848484848477,0.004109744551705308,attentive,0,2
44.0,True,-2.1645753044950506,-1.7621657801303887,4.5420136260408785,0.0448347211708301,0.00409638648721311,attentive,0,2
44.03333333333333,True,-4.175490979988191,1.3886260357811588,4.53857791225416,0.04482097831568323,0.004081584453520991,attentive,0,2
44.06666666666666,True,-2.644186749235121,1.0213912819716648,4.535147392290249,0.04480725623582758,0.004071332172979154,attentive,0,2
44.1,True,-1.9908842292732287,1.1416820737780047,4.531722054380665,0.04479355488418924,0.0040634903034548015,attentive,0,2
44.13333333333333,True,-5.83753385234713,0.24716174738539043,4.528301886792453,0.0447798742138364,0.004041257219020649,attentive,0,2
44.166666666666664,True,-4.030279942135005,1.4636735959774838,4.524886877828054,0.044766214177978804,0.004027153897356746,attentive,0,2
44.2,True,-3.3108664669726124,1.193786531279792,4.52147701582517,0.044752574729967264,0.004015029363058032,attentive,0,2
44.233333333333334,True,-3.976238552899855,-0.6353549431676632,4.518072289156627,0.04473895582329309,0.003997635462016628,attentive,0,2
44.266666666666666,True,-1.224868681766694,0.57780950799978,4.514672686230249,0.04472535741158758,0.003991497406982029,attentive,0,2
44.3,True,-3.2157636130324425,0.4296373391947965,4.511278195488721,0.044711779448621466,0.003978468060749762,attentive,0,2
44.333333333333336,True,-4.212251733210912,-2.1185602993153196,4.507888805409467,0.044698221888304454,0.003957876401357368,attentive,0,2
44.36666666666667,True,-3.7568618101936595,-2.5126921914720874,4.504504504504505,0.0446846846846846,0.003938177602237465,attentive,0,2
44.4,True,-5.665342904430837,1.687746215653947,4.50112528132033,0.04467116779194791,0.003919147645557937,attentive,0,2
44.43333333333333,True,-3.9691843936724958,-0.07179298917537935,4.497751124437781,0.04465767116441771,0.0039028661559410427,attentive,0,2
44.46666666666667,True,-2.50233940584462,0.9852495700963806,4.49438202247191,0.04464419475655423,0.0038932519753138834,attentive,0,2
44.5,True,-5.76673194355106,-1.1043094633491115,4.491017964071856,0.04463073852295401,0.0038693169507973456,attentive,0,2
44.53333333333333,True,-3.3239591555112886,1.6142416959199584,4.487658937920718,0.04461730241834946,0.003858056468385708,attentive,0,2
44.56666666666666,True,-4.1860488865035315,1.3211692725785635,4.484304932735426,0.04460388639760829,0.0038434624575715546,attentive,0,2
44.6,True,-1.968512656144895,0.8782735228349006,4.480955937266617,0.044590490415733056,0.0038355157147363338,attentive,0,2
44.63333333333333,True,-5.364650896448787,2.362528309423997,4.477611940298507,0.044577114427860616,0.003818778143334834,attentive,0,2
44.666666666666664,True,0.10380381222137469,0.3028728307100834,4.47427293064877,0.044563758389261666,0.0038167763706786926,attentive,0,2
44.7,True,-3.540635892761135,1.3998424978535562,4.470938897168406,0.04455042225534021,0.0038045243775432836,attentive,0,2
44.733333333333334,True,-1.8263158345607817,0.5550732518089243,4.467609828741623,0.04453710598163308,0.0037965660845223404,attentive,0,2
44.766666666666666,True,-4.300401766559087,0.09294643876007347,4.464285714285714,0.044523809523809445,0.003779674034534916,attentive,0,2
44.8,True,-1.448052130251221,0.14561055832046366,4.4609665427509295,0.04451053283767031,0.0037723194752326073,attentive,0,2
44.833333333333336,True,-2.9925710150705718,0.9240944045616407,4.457652303120357,0.044497275879148014,0.003761161160242622,attentive,0,2
44.86666666666667,True,-4.3873478236618535,0.4594429900255965,4.4543429844097995,0.04448403860430578,0.0037446507664796796,attentive,0,2
44.9,True,-1.7108102571358679,1.8875381884261482,4.451038575667656,0.04447082096933721,0.003739343850603053,attentive,0,2
44.93333333333333,True,0.641032803315472,0.8335972909609413,4.447739065974797,0.04445762293056577,0.003740057067248834,attentive,0,2
44.96666666666667,True,-1.5695569442142174,0.38337228722327565,4.444444444444445,0.04444444444444436,0.0037327504544398325,attentive,0,2
45.0,False,-2.035334332648253,0.4091810200345348,4.515173945225759,0.04472736244756962,0.0037239648218224137,attentive,0,2
45.03333333333333,False,-0.6118048803380693,1.470804436010758,4.585798816568047,0.04723208415516087,0.0037216167128571193,attentive,0,2
45.06666666666666,False,-2.518071115093992,0.27199484256159456,4.656319290465632,0.0497363882729733,0.0037110412428589057,attentive,0,2
45.1,False,-3.8202840719479925,1.632320304185403,4.726735598227474,0.05224027572624325,0.0036984395418922277,attentive,0,2
45.13333333333333,True,-1.2192225159695276,2.1788374572333176,4.723247232472325,0.045559655596555886,0.003695284305535431,attentive,0,2
45.166666666666664,True,-1.9189265803248996,0.7007496317677187,4.71976401179941,0.04554572271386423,0.0036874180625554678,attentive,0,2
45.2,True,-2.9390545326035884,1.2889361512225923,4.716285924834193,0.04553181036600336,0.0036771855053751943,attentive,0,2
45.233333333333334,True,-4.570794425001099,0.9556259518600615,4.712812960235641,0.045517918507609154,0.003661082254883357,attentive,0,2
45.266666666666666,True,-4.754443794309756,0.5512562901171789,4.7093451066961,0.04550404709345099,0.0036437408791770384,attentive,0,2
45.3,True,-4.0492485763168755,1.4670846819995322,4.705882352941177,0.04549019607843129,0.0036302260166504634,attentive,0,2
45.333333333333336,True,-1.9970794708994584,-0.024256975594502683,4.70242468772961,0.04547636541758503,0.0036209974794231205,attentive,0,2
45.36666666666667,True,-2.4954773940406647,2.065552559336223,4.698972099853157,0.04546255506607921,0.0036135658411550736,attentive,0,2
45.4,True,-5.170321480542035,1.5511976965494245,4.695524578136464,0.04544876497921244,0.0035965844277808913,attentive,0,2
45.43333333333333,True,-1.3565192107365025,0.8264033549733576,4.69208211143695,0.04543499511241439,0.003590873938926215,attentive,0,2
45.46666666666667,True,-2.16969164106253,0.15386775167544942,4.688644688644689,0.04542124542124534,0.003581429235950283,attentive,0,2
45.5,True,-6.129069958703497,2.503864754573502,4.685212298682284,0.04540751586139572,0.0035629390483481816,attentive,0,2
45.53333333333333,True,-2.9836244333250326,0.8496146649774126,4.681784930504755,0.045393806388685606,0.0035520133281605384,attentive,0,2
45.56666666666666,True,-2.7833624386012765,2.507298030998406,4.678362573099415,0.04538011695906424,0.0035444469980047927,attentive,0,2
45.6,True,-1.4408095567578096,2.0077210548628015,4.6749452154857565,0.04536644752860961,0.0035404393700399273,attentive,0,2
45.63333333333333,True,-4.490415641009967,1.1581224810123485,4.671532846715328,0.0453527980535279,0.003525166204561379,attentive,0,2
45.666666666666664,True,-3.648121667240464,0.2910101220381581,4.6681254558716265,0.04533916849015309,0.0035112403467049964,attentive,0,2
45.7,True,-3.644469872851241,0.5725527401549749,4.664723032069971,0.04532555879494647,0.0034978026318336574,attentive,0,2
45.733333333333334,True,-5.029829398047061,1.1092408524098423,4.6613255644573925,0.045311968924496154,0.003480768676783063,attentive,0,2
45.766666666666666,True,-1.9814525805014553,0.5101539391109037,4.657933042212519,0.04529839883551666,0.003472651100968015,attentive,0,2
45.8,True,-3.4159203556460596,1.1401504962638354,4.654545454545454,0.0452848484848484,0.0034609268452743362,attentive,0,2
45.833333333333336,True,-2.9581285250587523,2.0130771108120102,4.651162790697675,0.045271317829457286,0.0034521080516379055,attentive,0,2
45.86666666666667,True,-2.62177421244468,3.785511159034905,4.647785039941903,0.045257806826434197,0.003447248072796476,attentive,0,2
45.9,True,-1.7021123694080582,3.1585910369146033,4.644412191582003,0.0452443154329946,0.0034443503218939443,attentive,0,2
45.93333333333333,True,-2.588396271899674,1.2237699091848755,4.641044234952864,0.04523084360647804,0.0034354824139421806,attentive,0,2
45.96666666666667,True,-5.688274053333846,2.9031567522063555,4.63768115942029,0.045217391304347744,0.003419348181348404,attentive,0,2
46.0,True,-0.6322194617232104,-1.1177777048599278,4.634322954380883,0.04520395848419012,0.003413038867147884,attentive,0,2
46.03333333333333,True,-2.547219764962139,-0.05144516687436873,4.630969609261939,0.04519054510371434,0.0034022947729413955,attentive,0,2
46.06666666666666,True,-4.013165088686245,1.4509463508801523,4.6276211135213305,0.04517715112075191,0.0033892692784859993,attentive,0,2
46.1,True,-4.620428711079798,1.2126937670933977,4.624277456647398,0.04516377649325618,0.0033739299483151824,attentive,0,2
46.13333333333333,True,-3.197124908907257,0.6280962514049216,4.620938628158845,0.045150421179301965,0.003362242147203026,attentive,0,2
46.166666666666664,True,-1.2772977113986856,1.565090055473241,4.617604617604617,0.04513708513708506,0.0033582297785425073,attentive,0,2
46.2,True,-4.63152835485908,-0.09792315362317239,4.6142754145638065,0.04512376832492181,0.003340810595231307,attentive,0,2
46.233333333333334,True,-4.210679998898364,1.4223984101970386,4.610951008645533,0.04511047070124872,0.0033271981611047406,attentive,0,2
46.266666666666666,True,-3.3676620621680304,2.2327890677675377,4.607631389488841,0.04509719222462195,0.003317599290247904,attentive,0,2
46.3,True,-5.017476235177176,2.7188282056569335,4.60431654676259,0.045083932853716945,0.0033035160864984085,attentive,0,2
46.333333333333336,True,-3.961331132047242,1.4419329850299965,4.601006470165349,0.045070692547327984,0.0032907877351636564,attentive,0,2
46.36666666666667,True,-1.7807487208906994,0.03654358303740479,4.597701149425287,0.04505747126436774,0.003282796342539825,attentive,0,2
46.4,True,-1.8762437238000313,2.080289957002607,4.594400574300072,0.045044268963866874,0.0032777720849905866,attentive,0,2
46.43333333333333,True,-4.842906054433758,0.6604247062022717,4.591104734576758,0.04503108560497362,0.003261033068824619,attentive,0,2
46.46666666666667,True,-1.52057945479137,0.5320169134743308,4.587813620071684,0.04501792114695333,0.0032546983704939475,attentive,0,2
46.5,True,-2.651684914049005,1.2984871803183329,4.584527220630372,0.045004775549188074,0.003245991753310722,attentive,0,2
46.53333333333333,True,-4.798563809293146,2.376524063628141,4.581245526127415,0.04499164877117625,0.00323218232064716,attentive,0,2
46.56666666666666,True,-3.6363008545834594,2.370573709703252,4.57796852646638,0.044978540772532105,0.0032220781876893564,attentive,0,2
46.6,True,-4.6607845554164475,3.801629156058617,4.5746962115797,0.04496545151298539,0.003211006985816217,attentive,0,2
46.63333333333333,True,-3.736156642871142,2.1677567860833378,4.571428571428571,0.04495238095238087,0.0032002934784459373,attentive,0,2
46.666666666666664,True,-3.4370469232035292,2.4573052972418257,4.5681655960028555,0.04493932905067801,0.0031910034148176303,attentive,0,2
46.7,True,-2.8649712778932894,3.3790503732186155,4.56490727532097,0.044926295767950465,0.0031850011264688664,attentive,0,2
46.733333333333334,True,-4.521008140809535,2.087053236020812,4.5616535994297935,0.04491328106438576,0.0031717149721131052,attentive,0,2
46.766666666666666,True,-1.6390563035579215,3.5030371054897813,4.5584045584045585,0.04490028490028482,0.0031698119217188716,attentive,0,2
46.8,True,-1.7086606057282012,0.7407334901816339,4.555160142348755,0.0448873072360616,0.003163322395287795,attentive,0,2
46.833333333333336,True,-2.530191112856441,3.0690997316992146,4.551920341394026,0.04487434803224269,0.0031579252440756987,attentive,0,2
46.86666666666667,True,-3.715084330183119,2.978206814209422,4.548685145700071,0.04486140724946687,0.003148649356519842,attentive,0,2
46.9,True,-3.795658065970716,2.2798907056813618,4.545454545454546,0.04484848484848477,0.003138030168330615,attentive,0,2
46.93333333333333,True,-1.5573729148381599,0.9126995090726718,4.5422285308729595,0.044835580790158425,0.0031323300502068825,attentive,0,2
46.96666666666667,True,-4.068004716309107,0.9785576769734177,4.539007092198582,0.044822695035460915,0.003118828079713206,attentive,0,2
47.0,True,-3.7278448350264832,0.30674187371078543,4.5357902197023385,0.04480982754547594,0.003105358640494034,attentive,0,2
47.03333333333333,True,-2.952397837917773,4.12085250447859,4.53257790368272,0.04479697828139746,0.003100351787236906,attentive,0,2
47.06666666666666,True,-5.140250678724001,1.1919097710085194,4.529370134465676,0.04478414720452929,0.003083864015135473,attentive,0,2
47.1,True,-2.504875588229485,0.6846483499655827,4.526166902404526,0.04477133427628469,0.003074885794746813,attentive,0,2
47.13333333333333,True,-3.4207290932902796,-0.47858228272601466,4.522968197879859,0.044758539458186024,0.0030612167895219325,attentive,0,2
47.166666666666664,True,-2.782099627701254,0.05081832128118546,4.519774011299435,0.044745762711864326,0.0030504024008066056,attentive,0,2
47.2,True,-2.6188780160195675,0.9837562879803017,4.516584333098095,0.04473300399905897,0.0030415783110639225,attentive,0,2
47.233333333333334,True,-4.7821857716561675,-0.1338636318192401,4.513399153737659,0.04472026328161722,0.003024234720067041,attentive,0,2
47.266666666666666,True,-4.556982010148383,2.0489657709372313,4.510218463706836,0.04470754052149393,0.003011039349503436,attentive,0,2
47.3,True,-2.4569428161541227,2.9886617655228873,4.507042253521127,0.0446948356807511,0.0030059060293562345,attentive,0,2
47.333333333333336,True,-5.6331162951135765,1.0667273124724808,4.50387051372273,0.044682148721557506,0.002987840249403205,attentive,0,2
47.36666666666667,True,-6.992685065716511,2.3117942617329112,4.50070323488045,0.04466947960618839,0.002967496283186715,attentive,0,2
47.4,True,-2.7431492918896576,1.4334038070715243,4.497540407589599,0.044656828297024984,0.0029590817159904294,attentive,0,2
47.43333333333333,True,-2.6911944018530405,2.40763779330023,4.49438202247191,0.04464419475655423,0.0029523614635207007,attentive,0,2
47.46666666666667,True,-6.691985301822543,2.087517376585111,4.491228070175438,0.04463157894736834,0.0029326733295859733,attentive,0,2
47.5,True,-2.426551638357763,1.0513783768671514,4.488078541374474,0.04461898083216448,0.002924692298109953,attentive,0,2
47.53333333333333,True,-3.2634720256791043,1.5244309928419266,4.484933426769446,0.04460640037374437,0.0029148525027464624,attentive,0,2
47.56666666666666,True,-4.650635529934771,1.2954873572082177,4.481792717086835,0.044593837535013926,0.0029003528648241196,attentive,0,2
47.6,True,0.9671131427778938,2.6660460409311204,4.478656403079076,0.04458129227898289,0.0029054770597348053,attentive,0,2
47.63333333333333,True,-5.061260152193591,1.2780073953061228,4.475524475524476,0.04456876456876449,0.0028897008707900315,attentive,0,2
47.666666666666664,True,-4.40041914338418,2.191830685194118,4.472396925227113,0.04455625436757504,0.0028774182820899305,attentive,0,2
47.7,True,-5.306573115482983,0.11538432290990475,4.4692737430167595,0.04454376163873362,0.002859118157733946,attentive,0,2
47.733333333333334,True,-3.0476012379635034,1.9413228704659509,4.466154919748779,0.044531286345661704,0.0028506813386652615,attentive,0,2
47.766666666666666,True,-1.262123369982786,-0.08291408837185998,4.463040446304045,0.044518828451882764,0.0028446531852006143,attentive,0,2
47.8,True,-1.1385614622020674,3.0718247123288296,4.45993031358885,0.04450638792102199,0.0028439015132758513,attentive,0,2
47.833333333333336,True,-0.5038605425607319,-0.5613494473038139,4.456824512534819,0.04449396471680586,0.00283949293046341,attentive,0,2
47.86666666666667,True,-0.2828931905223895,1.6796491074150395,4.453723034098817,0.04448155880306186,0.0028392394562620055,attentive,0,2
47.9,True,-2.279005443838506,0.43196421367970594,4.450625869262865,0.04446917014371805,0.002830888808094311,attentive,0,2
47.93333333333333,True,-1.506174333064406,1.3535342626158502,4.447533009034052,0.044456798702802794,0.0028263598692213968,attentive,0,2
47.96666666666667,True,-3.2966535452328207,3.1715726838221214,4.444444444444445,0.04444444444444436,0.002819116664980975,attentive,0,2
48.0,False,-3.676759462740806,2.4750232615547847,4.510756419153366,0.04470969234328005,0.002809636985494248,attentive,0,2
48.03333333333333,False,-2.561227513064546,1.1995988304351926,4.5769764216366156,0.047196794575435144,0.0028016431608075994,attentive,0,2
48.06666666666666,False,-3.308457886152782,2.1405439735353164,4.643104643104643,0.04968352968352935,0.0027928080006918944,attentive,0,2
48.1,False,-3.6151767672214437,0.70334596783813,4.7091412742382275,0.05216989843028626,0.0027808292823679236,attentive,0,2
48.13333333333333,True,-2.8869778911721995,1.5069403749005648,4.705882352941177,0.04549019607843129,0.00277234271783965,attentive,0,2
48.166666666666664,True,0.06017394334925141,0.9496920603428196,4.702627939142462,0.04547717842323644,0.00277206991274362,attentive,0,2
48.2,True,-3.1613679405970387,1.712122834355098,4.69937802349689,0.045464178760654145,0.002763073453390824,attentive,0,2
48.233333333333334,True,-2.643502911830196,1.0057053587294147,4.696132596685083,0.045451197053406917,0.0027545948107896004,attentive,0,2
48.266666666666666,True,-0.68872339662938,2.4662700221752503,4.692891649413388,0.045438233264320144,0.0027543636253959366,attentive,0,2
48.3,True,-2.9338364388987164,1.5383574435113088,4.689655172413794,0.04542528735632176,0.0027458290980921602,attentive,0,2
48.333333333333336,True,-3.2857131039920735,2.280125034558803,4.686423156443833,0.04541235929244192,0.0027373645536897303,attentive,0,2
48.36666666666667,True,-3.7045026629075912,2.392857213266809,4.683195592286501,0.04539944903581259,0.0027278023220372823,attentive,0,2
48.4,True,1.1224157791523828,1.4364084253003937,4.6799724707501715,0.04538655654966727,0.002731555061868572,attentive,0,2
48.43333333333333,True,-4.23727401386843,2.1683793275114955,4.676753782668501,0.04537368179734059,0.0027200383746026906,attentive,0,2
48.46666666666667,True,-2.7046521963906427,1.4169567624074593,4.673539518900344,0.04536082474226796,0.0027120714179032705,attentive,0,2
48.5,True,-4.669579008780646,1.0112286848113308,4.670329670329671,0.045347985347985266,0.002697498216635252,attentive,0,2
48.53333333333333,True,-3.0523583937421224,0.47395166275936984,4.667124227865477,0.045335163578128494,0.0026870587453896007,attentive,0,2
48.56666666666666,True,-3.1697725212655303,2.1323722084272405,4.663923182441701,0.04532235939643339,0.0026788033738463467,attentive,0,2
48.6,True,-2.8555470454821172,1.4761431573134252,4.660726525017135,0.045309572766735126,0.0026705170095909486,attentive,0,2
48.63333333333333,True,-4.103170291142739,0.9205088081072724,4.657534246575342,0.045296803652967954,0.002657598342272084,attentive,0,2
48.666666666666664,True,-1.9697842637065732,1.2729470059860115,4.654346338124572,0.045284052019164876,0.0026517233087707537,attentive,0,2
48.7,True,-1.217164714719487,3.6341062680237277,4.651162790697675,0.045271317829457286,0.0026517331907431477,attentive,0,2
48.733333333333334,True,-3.4549448346243876,2.667806072462593,4.6479835953520166,0.04525860104807465,0.0026434771513528217,attentive,0,2
48.766666666666666,True,-0.6126439361381992,4.24008278913771,4.644808743169399,0.04524590163934418,0.00264624768899513,attentive,0,2
48.8,True,-4.92881735344983,1.805559121289439,4.6416382252559725,0.045233219567690476,0.002632227382517075,attentive,0,2
48.833333333333336,True,-3.2341853902463624,0.7945966519862526,4.638472032742155,0.045220554797635204,0.0026218313290827266,attentive,0,2
48.86666666666667,True,-2.6181489060775633,2.6418175524350582,4.635310156782549,0.045207907293796784,0.0026161139855126183,attentive,0,2
48.9,True,-2.9556211447508436,1.6774802590071562,4.632152588555858,0.04519527702089002,0.002607922926893219,attentive,0,2
48.93333333333333,True,-3.4935292249156453,1.6663259066459308,4.628999319264806,0.04518266394372581,0.0025980987110846,attentive,0,2
48.96666666666667,True,-3.40162916690206,2.40242555277087,4.625850340136054,0.045170068027210804,0.002589678488558491,attentive,0,2
49.0,True,-1.9172890832972178,0.2601276671801096,4.622705642420122,0.045157489236347076,0.0025825181202236234,attentive,0,2
49.03333333333333,True,-2.786198889405471,0.6598756467445672,4.619565217391304,0.0451449275362318,0.0025733474449727675,attentive,0,2
49.06666666666666,True,-1.9217097244219514,-1.2826037652734779,4.61642905634759,0.04513238289205695,0.002563867125798965,attentive,0,2
49.1,True,-3.6229866290367543,1.1557940359166967,4.613297150610583,0.045119855269108916,0.002552946095452566,attentive,0,2
49.13333333333333,True,-2.1928270029134116,3.6426925895328264,4.610169491525424,0.04510734463276828,0.002550095945306807,attentive,0,2
49.166666666666664,True,-0.8543307162062543,1.5670736178108047,4.607046070460704,0.0450948509485094,0.0025481550675742113,attentive,0,2
49.2,True,-3.3372953631649263,2.730703155770209,4.603926878808395,0.04508237418190017,0.002540496063059101,attentive,0,2
49.233333333333334,True,-2.9750041339819875,2.4869191134116586,4.600811907983761,0.04506991429860163,0.0025335703189861363,attentive,0,2
49.266666666666666,True,-1.1393336654361872,1.2511604534937666,4.597701149425287,0.04505747126436774,0.00253031344343821,attentive,0,2
49.3,True,-1.29503686496925,2.663942364131951,4.594594594594595,0.04504504504504497,0.002528714686057799,attentive,0,2
49.333333333333336,True,-5.099279183077266,0.7554602929091292,4.591492234976367,0.04503263560657205,0.0025128379966107717,attentive,0,2
49.36666666666667,True,-3.8184676357799634,0.5260923760264311,4.588394062078273,0.04502024291497968,0.002500479891956388,attentive,0,2
49.4,True,-1.8223173083319069,2.228350377347775,4.585300067430883,0.04500786693639012,0.0024966715452257424,attentive,0,2
49.43333333333333,True,-0.49769202677324564,1.7915701068352468,4.5822102425876015,0.04499550763701699,0.002496181404252303,attentive,0,2
49.46666666666667,True,-0.9965633912051337,3.186758020426975,4.57912457912458,0.0449831649831649,0.0024962866786347997,attentive,0,2
49.5,True,-2.758846462481086,-0.5984171780855723,4.5760430686406455,0.04497083894122917,0.002485460539695913,attentive,0,2
49.53333333333333,True,-2.599368481150425,1.5361316311506084,4.572965702757229,0.044958529477695505,0.002478315560880979,attentive,0,2
49.56666666666666,True,-2.3058356299455336,3.1655222577491027,4.56989247311828,0.04494623655913971,0.002474490305497857,attentive,0,2
49.6,True,-5.6762008162318,2.464802834469511,4.5668233713901945,0.044933960152227365,0.0024595643754396993,attentive,0,2
49.63333333333333,True,-6.444349320201148,1.773658121566092,4.563758389261745,0.044921700223713563,0.002441336419454936,attentive,0,2
49.666666666666664,True,-3.8566542530474557,1.932360493173781,4.560697518443997,0.044909456740442576,0.0024310829737411335,attentive,0,2
49.7,True,-2.6201489747180053,2.6332393194618042,4.557640750670242,0.04489722966934755,0.0024255705430468264,attentive,0,2
49.733333333333334,True,-1.709997918622581,2.5256943668783944,4.554588077695914,0.04488501897745024,0.0024226148115372072,attentive,0,2
49.766666666666666,True,-0.26763991500176365,2.646603322898639,4.551539491298527,0.044872824631860694,0.002424133697194954,attentive,0,2
49.8,True,-2.2404943561734703,2.731513939746226,4.5484949832775925,0.044860646599776954,0.0024199117203293446,attentive,0,2
49.833333333333336,True,-1.5902120109268936,0.2534142460513018,4.545454545454546,0.04484848484848477,0.002413946227088182,attentive,0,2
49.86666666666667,True,-3.1428476979599407,3.7756795380654653,4.542418169672679,0.0448363393453573,0.0024086077105587612,attentive,0,2
49.9,True,-2.9633632586172345,2.59817875041874,4.539385847797063,0.044824210057854835,0.002402062062677784,attentive,0,2
49.93333333333333,True,-5.246893442654597,2.9916725457812285,4.536357571714476,0.04481209695352449,0.002389337961769426,attentive,0,2
49.96666666666667,True,-2.765617540521456,1.315072483414761,4.533333333333333,0.044799999999999916,0.0023814989029836116,attentive,0,2
50.0,True,-5.792597852291667,2.5729291314572085,4.5303131245836115,0.04478791916500103,0.0023665696838267997,attentive,0,2
50.03333333333333,True,-0.4505908076558134,2.151341017315569,4.527296937416778,0.044775854416333694,0.0023668436933611714,attentive,0,2
50.06666666666666,True,-4.1430411139387955,2.195628545271077,4.524284763805722,0.044763805721889476,0.002356264062482752,attentive,0,2
50.1,True,-2.5349149242688416,1.139263603875884,4.521276595744681,0.04475177304964531,0.002348889823309024,attentive,0,2
50.13333333333333,True,-1.8737852172228344,2.1286143721128825,4.51827242524917,0.044739756367663266,0.0023449386140320626,attentive,0,2
50.166666666666664,True,-2.4166158281294745,2.5118059010276736,4.51527224435591,0.04472775564409023,0.002339956102402218,attentive,0,2
50.2,True,-3.186692181444387,2.3801524536534666,4.512276045122761,0.04471577084715763,0.002332514957883577,attentive,0,2
50.233333333333334,True,-2.526580839656252,2.2616883958439056,4.509283819628647,0.04470380194518117,0.00232685462040271,attentive,0,2
50.266666666666666,True,-0.6912104329461983,2.743530432324097,4.506295559973492,0.044691848906560555,0.002327317067920935,attentive,0,2
50.3,True,-3.4126433402585987,1.0132665413597173,4.503311258278146,0.04467991169977917,0.0023172224206512923,attentive,0,2
50.333333333333336,True,-3.3104234615164634,1.6279353051146022,4.500330906684315,0.04466799029340385,0.0023083457948593795,attentive,0,2
50.36666666666667,True,-1.9967024119365586,0.46133994530567013,4.497354497354497,0.044656084656084574,0.0023016279516991003,attentive,0,2
50.4,True,-3.6009969329512534,1.870633790267094,4.49438202247191,0.04464419475655423,0.0022922762697516813,attentive,0,2
50.43333333333333,True,-2.1626338928713635,1.603765162628582,4.491413474240423,0.04463232056362827,0.0022867676436772615,attentive,0,2
50.46666666666667,True,-2.640603517557023,4.8311974123584465,4.488448844884489,0.04462046204620454,0.002284598145969289,attentive,0,2
50.5,True,-2.861038634242805,0.5946677021437237,4.485488126649076,0.04460861917326289,0.0022755751633659056,attentive,0,2
50.53333333333333,True,-1.9026650921297907,2.187467329225514,4.482531311799605,0.04459679191386501,0.0022717051396662813,attentive,0,2
50.56666666666666,True,-0.8443538476078998,1.9798570026602111,4.479578392621871,0.04458498023715407,0.002270634845411552,attentive,0,2
50.6,True,-4.359939646655191,1.2072993373439418,4.476629361421988,0.04457318411235454,0.0022581494886177523,attentive,0,2
50.63333333333333,True,-5.687184491913898,1.2250366832038178,4.473684210526316,0.04456140350877185,0.0022418256588363173,attentive,0,2
50.666666666666664,True,-3.507986589909401,2.764562904777121,4.470742932281394,0.04454963839579216,0.0022341403175819992,attentive,0,2
50.7,True,-2.994887873998417,0.7691880015417725,4.467805519053877,0.044537888742882094,0.002225050011129427,attentive,0,2
50.733333333333334,True,-3.7251122232502047,2.956254396884792,4.4648719632304665,0.044526154519588454,0.0022170318560924035,attentive,0,2
50.766666666666666,True,-1.1347195315268497,1.177654417750062,4.4619422572178475,0.04451443569553798,0.002213985123837307,attentive,0,2
50.8,True,-6.481298964596774,2.3359751955423005,4.4590163934426235,0.044502732240437076,0.0021970482698637143,attentive,0,2
50.833333333333336,True,-0.7554609579601705,2.5012724458639686,4.456094364351245,0.044491044124071566,0.002197050714611792,attentive,0,2
50.86666666666667,True,-4.0955898509819795,1.275037878201109,4.453176162409954,0.0444793713163064,0.0021855469459363375,attentive,0,2
50.9,True,-1.3816516460980348,1.251270055705139,4.450261780104712,0.04446771378708543,0.0021819176129488993,attentive,0,2
50.93333333333333,True,-1.4918438578120368,2.2576118855729344,4.4473512099411385,0.04445607150643114,0.002179435324225873,attentive,0,2
50.96666666666667,True,-2.4829681784897817,0.8915778556862712,4.444444444444445,0.04444444444444436,0.0021720931246656775,attentive,0,2
51.0,False,-2.734761460341544,2.3909457363892272,4.506858262573481,0.04469409971696051,0.002166205877274149,attentive,0,2
51.03333333333333,False,-4.186726646575463,1.1248390397846042,4.569190600522193,0.04716565129097745,0.0021542775237810546,attentive,0,2
51.06666666666666,False,-2.186126109926578,3.024988868037817,4.631441617742987,0.049636877582082725,0.002150919274542065,attentive,0,2
51.1,False,-2.1263821931658065,3.114905437527303,4.69361147327249,0.05210777922642332,0.0021478687564740534,attentive,0,2
51.13333333333333,True,-4.345755194682907,3.2940722189151934,4.690553745928339,0.04542888165037995,0.0021386556126291546,attentive,0,2
51.166666666666664,True,-3.30738614356102,0.7812943103360517,4.6875,0.04541666666666659,0.0021288236204380826,attentive,0,2
51.2,True,1.214753893832592,2.3032151564841055,4.68445022771633,0.04540446757753191,0.0021342812251730677,attentive,0,2
51.233333333333334,True,-3.7892425743469484,3.3269589615523003,4.681404421326398,0.04539228435197218,0.002126750589804668,attentive,0,2
51.266666666666666,True,-2.07809978336402,1.2266012810257887,4.678362573099415,0.04538011695906424,0.002121138524176029,attentive,0,2
51.3,True,-2.907508747543184,3.1468778386840697,4.675324675324675,0.045367965367965286,0.002115911032123674,attentive,0,2
51.333333333333336,True,-4.0304826506719795,0.7507974583797892,4.672290720311486,0.045355829547912535,0.0021039962180672608,attentive,0,2
51.36666666666667,True,-4.0973551343397,3.1130037736036984,4.669260700389105,0.045343709468223005,0.0020953083598842285,attentive,0,2
51.4,True,-2.959558526848336,2.6199240704498905,4.666234607906675,0.04533160509829329,0.0020891989312888594,attentive,0,2
51.43333333333333,True,-1.892925108448637,0.3280781523359335,4.66321243523316,0.04531951640759923,0.0020828691794413617,attentive,0,2
51.46666666666667,True,-4.6726761152701455,2.7347569250909864,4.660194174757281,0.04530744336569571,0.0020720128163544175,attentive,0,2
51.5,True,-5.321154909077778,1.929349880711286,4.657179818887451,0.04529538594221639,0.0020581485563216395,attentive,0,2
51.53333333333333,True,-2.19749877975116,0.5070392103514918,4.654169360051713,0.04528334410687344,0.0020512332001491255,attentive,0,2
51.56666666666666,True,-1.2926602835123182,1.8327620372116114,4.651162790697675,0.045271317829457286,0.0020488277831668114,attentive,0,2
51.6,True,-1.9293908098805848,1.1944986240256514,4.648160103292446,0.04525930707983637,0.0020436828789301554,attentive,0,2
51.63333333333333,True,-2.3118659304230076,1.021167407470358,4.645161290322581,0.04524731182795691,0.00203719940688873,attentive,0,2
51.666666666666664,True,-1.1058615142326882,2.007609630061312,4.642166344294004,0.045235332043842606,0.002035593485072692,attentive,0,2
51.699999999999996,True,-1.49232092743849,2.6988145210784955,4.639175257731959,0.04522336769759442,0.002033872631117821,attentive,0,2
51.733333333333334,True,-2.9698075372663397,3.9758893277464686,4.63618802318094,0.045211418759390345,0.002029753051192531,attentive,0,2
51.766666666666666,True,-2.845595991311549,1.760425353656492,4.633204633204633,0.04519948519948512,0.0020228259018975165,attentive,0,2
51.8,True,-1.5521844628191537,2.3611410858939608,4.630225080385852,0.04518756698820999,0.002020462915837355,attentive,0,2
51.833333333333336,True,-2.435771896114025,2.622640926621332,4.627249357326478,0.0451756640959725,0.0020159526170973755,attentive,0,2
51.86666666666667,True,-3.07613228317865,4.041291032717744,4.624277456647398,0.04516377649325618,0.0020116449710382398,attentive,0,2
51.9,True,-2.0091431398969246,0.7116516679553229,4.621309370988447,0.04515190415062038,0.002005637447362865,attentive,0,2
51.93333333333333,True,-3.0856558226849207,2.298804988212057,4.6183450930083385,0.04514004703869994,0.0019988310279936525,attentive,0,2
51.96666666666667,True,-0.9639216617305915,-0.7513282782547253,4.615384615384616,0.04512820512820505,0.0019937332422895024,attentive,0,2
52.0,True,-3.738417341315842,0.5427242916339137,4.612427930813581,0.045116378389920914,0.001982584704528768,attentive,0,2
52.03333333333333,True,-1.3626778906201304,1.8157676109191958,4.609475032010243,0.04510456679470756,0.0019800213935494545,attentive,0,2
52.06666666666666,True,-2.556701984857357,2.3870181677189315,4.606525911708253,0.0450927703134996,0.0019748782991738335,attentive,0,2
52.1,True,-2.7238043880360445,3.5662994168290227,4.603580562659847,0.04508098891730597,0.0019709425154371594,attentive,0,2
52.13333333333333,True,-0.9863807807861806,2.7190484242205164,4.600638977635783,0.04506922257720972,0.001970742817504184,attentive,0,2
52.166666666666664,True,-1.114603888623169,2.549688092700984,4.597701149425287,0.04505747126436774,0.001969939136572692,attentive,0,2
52.199999999999996,True,-3.1730730357640256,0.936958417349701,4.594767070835992,0.04504573495001055,0.0019610110216104343,attentive,0,2
52.233333333333334,True,-1.9088709771351096,3.6738171773858213,4.591836734693878,0.0450340136054421,0.0019595564018023144,attentive,0,2
52.266666666666666,True,-2.277356676093074,1.124860118590719,4.588910133843212,0.04502230720203944,0.001953449676195904,attentive,0,2
52.3,True,0.38978828631939955,2.3023280757336013,4.585987261146497,0.045010615711252575,0.001956567655380736,attentive,0,2
52.333333333333336,True,-4.523948332664114,3.101355917949623,4.583068109484405,0.0449989391046042,0.0019469106836114457,attentive,0,2
52.36666666666667,True,-0.8183410114828882,4.352173903176983,4.580152671755725,0.04498727735368949,0.0019495108844491417,attentive,0,2
52.4,True,-0.4943338938448818,1.5057289477146092,4.577240940877305,0.04497563043017581,0.0019490019931049619,attentive,0,2
52.43333333333333,True,-1.0787909828195952,2.014273428499728,4.5743329097839895,0.04496399830580254,0.001947561417876899,attentive,0,2
52.46666666666667,True,-1.0937135994694518,1.6989647134723391,4.571428571428571,0.04495238095238087,0.0019456356822528985,attentive,0,2
52.5,True,-1.294778490622325,1.5178668366058017,4.568527918781726,0.04494077834179349,0.0019428900164299243,attentive,0,2
52.53333333333333,True,-4.560003670397094,2.9457885161916435,4.56563094483196,0.04492919044599442,0.0019329576281652931,attentive,0,2
52.56666666666666,True,-2.0047510488383824,3.6939306695987284,4.562737642585551,0.044917617237008794,0.0019312882824946093,attentive,0,2
52.6,True,-3.5061041434836646,1.0393240500571088,4.559848005066498,0.04490605868693258,0.0019216591727007411,attentive,0,2
52.63333333333333,True,-3.8815876790619086,1.5846259374339295,4.556962025316456,0.04489451476793241,0.001911752989791592,attentive,0,2
52.666666666666664,True,-4.043103015415861,1.9194972948028235,4.554079696394687,0.04488298545224533,0.0019018759814544847,attentive,0,2
52.699999999999996,True,-1.6484154435239509,1.82169457621011,4.551201011378002,0.0448714707121786,0.0018986016725592858,attentive,0,2
52.733333333333334,True,-4.028929514873932,0.9766121785388899,4.548325963360708,0.04485997052010942,0.001887461618367019,attentive,0,2
52.766666666666666,True,-2.940088127979561,1.881406846417843,4.545454545454546,0.04484848484848477,0.0018806600932017464,attentive,0,2
52.8,True,-2.3658851024434364,0.8807956084005091,4.542586750788644,0.04483701366982116,0.001874074363600026,attentive,0,2
52.833333333333336,True,-3.911752541371927,0.7695060113353154,4.539722572509458,0.04482555695670442,0.0018630090244729025,attentive,0,2
52.86666666666667,True,-3.704674339634796,3.277063647153968,4.536862003780719,0.04481411468178946,0.0018560488073012596,attentive,0,2
52.9,True,-3.429003433136866,0.6593408910040759,4.534005037783375,0.044802686817800086,0.0018462056951566253,attentive,0,2
52.93333333333333,True,-3.193180974556369,2.9320330672733315,4.531151667715545,0.04479127333752876,0.001840212937384918,attentive,0,2
52.96666666666667,True,-3.236188497991953,1.5675338340995246,4.528301886792453,0.0447798742138364,0.0018322004440464025,attentive,0,2
53.0,True,-2.7647779099071945,2.47625182682535,4.525455688246386,0.04476848941965213,0.0018267841521366183,attentive,0,2
53.03333333333333,True,-2.4136139476193295,3.177999543881667,4.522613065326634,0.04475711892797312,0.0018233345691943807,attentive,0,2
53.06666666666666,True,-0.19563500840321346,2.2019298618908003,4.519774011299435,0.044745762711864326,0.0018247158334601932,attentive,0,2
53.1,True,-0.1543276194750005,1.3999420638320381,4.51693851944793,0.044734420744458304,0.0018250924746142773,attentive,0,2
53.13333333333333,True,-2.3616020900017354,1.387574665560889,4.5141065830721,0.04472309299895499,0.0018193008742965913,attentive,0,2
53.166666666666664,True,-3.5154698634736326,1.28432054576921,4.511278195488721,0.044711779448621466,0.0018101595423909776,attentive,0,2
53.199999999999996,True,-5.035810411683162,0.5605025132345507,4.508453350031308,0.044700480066791816,0.0017957913658040333,attentive,0,2
53.233333333333334,True,-4.381241127306807,1.3308449471248371,4.505632040050062,0.044689194826866833,0.0017843329547039082,attentive,0,2
53.266666666666666,True,-3.2840249195260984,3.813913036267695,4.50281425891182,0.04467792370231387,0.0017793894669234879,attentive,0,2
53.3,True,0.24260914578099646,0.007966264306166648,4.5,0.044666666666666584,0.0017789623270564787,attentive,0,2
53.333333333333336,True,-2.2713854469259367,1.8862762093268544,4.497189256714553,0.0446554236935248,0.001774163898669081,attentive,0,2
53.36666666666667,True,-2.5476367722983633,1.1177108937310536,4.49438202247191,0.04464419475655423,0.0017675389348665196,attentive,0,2
53.4,True,-1.9154604034197342,1.22056277256454,4.491578290704928,0.0446329798294863,0.001762817578305953,attentive,0,2
53.43333333333333,True,-0.9133677531630018,2.137121695791947,4.488778054862843,0.04462177888611796,0.001762148581740738,attentive,0,2
53.46666666666667,True,-1.533295526176914,1.0594374824039794,4.485981308411215,0.04461059190031144,0.0017582716410252893,attentive,0,2
53.5,True,-1.4052049827079438,2.7165167354552855,4.483188044831881,0.04459941884599411,0.0017570469067393862,attentive,0,2
53.53333333333333,True,-4.508296673300233,2.29215235228588,4.4803982576229,0.044588259697158183,0.00174665471687235,attentive,0,2
53.56666666666666,True,-3.546595358923164,2.4149790300476486,4.477611940298507,0.044577114427860616,0.0017391032985329478,attentive,0,2
53.6,True,-0.2923228246338665,0.5762881526751571,4.474829086389062,0.04456598301222284,0.0017380108961008885,attentive,0,2
53.63333333333333,True,-1.1042371089433245,2.108376246674344,4.472049689440994,0.04455486542443056,0.0017367932247765853,attentive,0,2
53.666666666666664,True,-2.9534729670222077,1.887523819490094,4.4692737430167595,0.04454376163873362,0.001730170727962041,attentive,0,2
53.699999999999996,True,-4.586602284035732,1.8043767385353044,4.466501240694789,0.04453267162944574,0.0017189391251813426,attentive,0,2
53.733333333333334,True,-1.1529507344984518,2.7697162051215614,4.463732176069436,0.04452159537094433,0.0017185124421611497,attentive,0,2
53.766666666666666,True,0.11506763333436787,1.7527123975480108,4.4609665427509295,0.04451053283767031,0.0017201777554824275,attentive,0,2
53.8,True,-3.860364003089487,1.6463887635530043,4.458204334365325,0.044499484004127884,0.0017107544060051753,attentive,0,2
53.833333333333336,True,-2.0994729374585255,2.9925592032650448,4.455445544554455,0.044488448844884405,0.0017080368232846653,attentive,0,2
53.86666666666667,True,-2.599073537921207,2.70084050978005,4.452690166975881,0.04447742733457011,0.0017035485072858466,attentive,0,2
53.9,True,-5.40112667115243,1.8238639330068427,4.449938195302843,0.04446641944787796,0.0016901643756589047,attentive,0,2
53.93333333333333,True,-3.2970694765026014,1.8800925165716464,4.4471896232242125,0.04445542515956344,0.0016826499697767,attentive,0,2
53.96666666666667,True,-0.98780551571569,2.8638575282126455,4.444444444444445,0.04444444444444436,0.0016828297420817498,attentive,0,2
54.0,False,0.32888644180647253,2.353133222618037,4.5033929673041335,0.04468023853588312,0.0016859192378968083,attentive,0,2
54.03333333333333,False,-1.8152789752908034,1.2213064940690515,4.562268803945746,0.047137964104671665,0.0016815790336036634,attentive,0,2
54.06666666666666,False,-0.9108381487768393,2.252592361568936,4.621072088724584,0.04959539946600912,0.0016811329536404861,attentive,0,2
54.1,False,0.7951522697963287,3.634662057060278,4.679802955665025,0.052052545155993446,0.0016872474265024395,attentive,0,2
54.13333333333333,True,-5.6310120304373665,2.9324861606795185,4.676923076923077,0.045374358974358896,0.0016748182993337269,attentive,0,2
54.166666666666664,True,-4.030037785055097,2.279792699048972,4.674046740467404,0.045362853628536204,0.001665888476857628,attentive,0,2
54.199999999999996,True,-0.3470049193134308,3.627440487239605,4.671173939766441,0.04535136242573235,0.0016688711727997534,attentive,0,2
54.233333333333334,True,-1.7182137892664737,4.257918275858276,4.668304668304668,0.045339885339885255,0.0016689674035799409,attentive,0,2
54.266666666666666,True,-2.1946595669328546,1.452356159779331,4.665438919582566,0.04532842234499685,0.0016639363711732876,attentive,0,2
54.3,True,0.4355761316520277,2.453544087003718,4.662576687116564,0.04531697341513284,0.0016674481980080245,attentive,0,2
54.333333333333336,True,-3.2620598939529586,0.22271215846056136,4.659717964438995,0.04530553852442257,0.0016578402419911993,attentive,0,2
54.36666666666667,True,-2.302860217370358,2.4092649545886666,4.6568627450980395,0.04529411764705874,0.0016538335922239762,attentive,0,2
54.4,True,-2.221754031901028,0.8218042041934388,4.654011022657685,0.045282710757297326,0.0016478923403003053,attentive,0,2
54.43333333333333,True,-0.3397113939359502,2.414028794413112,4.651162790697675,0.045271317829457286,0.0016492428835525917,attentive,0,2
54.46666666666667,True,-0.8460796787042957,1.5655044923234431,4.648318042813456,0.045259938837920406,0.0016480620284215239,attentive,0,2
54.5,True,-0.6376550390300182,0.772790236546008,4.645476772616137,0.045248573757131136,0.0016463720695050557,attentive,0,2
54.53333333333333,True,-1.5025064560777461,1.8335330676799868,4.642638973732438,0.04523722256159633,0.0016437760642437336,attentive,0,2
54.56666666666666,True,-1.1541320870670724,1.9241362644877917,4.63980463980464,0.045225885225885144,0.0016422514039010983,attentive,0,2
54.6,True,-0.7143131116479575,2.589353074093679,4.636973764490543,0.04521456172462876,0.0016428231803488546,attentive,0,2
54.63333333333333,True,-3.505572574642624,0.9787265996690147,4.634146341463414,0.04520325203252024,0.001633647450022603,attentive,0,2
54.666666666666664,True,-1.7600011866151832,1.5827631947515441,4.631322364411944,0.04519195612431436,0.0016300285448414952,attentive,0,2
54.699999999999996,True,-1.2486639629264318,0.882646563013415,4.6285018270401945,0.04518067397482736,0.001626850585431537,attentive,0,2
54.733333333333334,True,-3.472595977843751,2.1172298315662905,4.625684723067559,0.04516940555893682,0.0016193304056958705,attentive,0,2
54.766666666666666,True,-4.311651791312937,3.395103375084333,4.622871046228711,0.045158150851581425,0.0016112783661039473,attentive,0,2
54.8,True,-1.9774395997503778,2.3253020696590863,4.620060790273556,0.04514690982776081,0.0016080974780329064,attentive,0,2
54.833333333333336,True,-2.726662995280066,1.1806777495977632,4.6172539489671935,0.04513568246253536,0.0016013521126946088,attentive,0,2
54.86666666666667,True,-1.770896937120174,1.0252601751291337,4.61445051608986,0.045124468731026025,0.0015969843839624708,attentive,0,2
54.9,True,-1.9123794088732105,2.893901307147249,4.611650485436893,0.04511326860841416,0.0015947601384347168,attentive,0,2
54.93333333333333,True,-2.943058141973319,-0.166076396933313,4.6088538508186785,0.0451020820699413,0.0015856369867021172,attentive,0,2
54.96666666666667,True,-2.5189714116420108,1.8188502231089538,4.6060606060606055,0.04509090909090901,0.0015803405163395707,attentive,0,2
55.0,True,-2.614629470520354,-0.7339869873160645,4.603270745003028,0.0450797496466787,0.0015713568711942585,attentive,0,2
55.03333333333333,True,-3.6155975887771277,0.7043905969838347,4.600484261501211,0.04506860371267143,0.0015616260194689317,attentive,0,2
55.06666666666666,True,-1.3929991716752568,2.595110717356774,4.597701149425287,0.04505747126436774,0.001560424676006198,attentive,0,2
55.1,True,-1.7515024702429485,2.5327524062990556,4.594921402660217,0.04504635227730745,0.0015581776739393037,attentive,0,2
55.13333333333333,True,-2.428312692907951,4.074124720376911,4.59214501510574,0.04503524672708954,0.0015561854878114595,attentive,0,2
55.166666666666664,True,-1.4687972070312223,1.862353824204325,4.5893719806763285,0.0450241545893719,0.0015538028736684461,attentive,0,2
55.199999999999996,True,-1.3772696521405678,2.898196923672413,4.586602293301147,0.04501307583987117,0.001553057814091219,attentive,0,2
55.233333333333334,True,0.21792281764182952,1.100235802537897,4.583835946924005,0.045002010454362605,0.0015541799229526051,attentive,0,2
55.266666666666666,True,-5.020398467527306,0.45401647937883793,4.581072935503315,0.044990958408679844,0.0015404016610531955,attentive,0,2
55.3,True,-3.2344609805402076,4.132136384991232,4.578313253012048,0.04497991967871478,0.001536345481235842,attentive,0,2
55.333333333333336,True,-3.3908547021574797,1.9849807426193484,4.575556893437689,0.04496889424041734,0.0015290030715385356,attentive,0,2
55.36666666666667,True,-2.069888262759324,1.7623640104772227,4.57280385078219,0.04495788206979535,0.001524904309809382,attentive,0,2
55.4,True,-1.124373288468361,2.105542938517167,4.570054119061936,0.04494688314291433,0.0015237959907369778,attentive,0,2
55.43333333333333,True,-2.407655630872769,2.397240433619712,4.567307692307692,0.04493589743589735,0.0015196509866985729,attentive,0,2
55.46666666666667,True,-2.1636407612212167,2.3184879727113237,4.564564564564565,0.04492492492492484,0.0015160572109311442,attentive,0,2
55.5,True,-2.484595508956632,2.9874053014821556,4.561824729891957,0.044913965586234415,0.0015125037742746818,attentive,0,2
55.53333333333333,True,-1.144640127227075,2.203790535713891,4.559088182363527,0.044903019396120694,0.001511482489975323,attentive,0,2
55.56666666666666,True,-1.3071989821375714,2.390069146961248,4.556354916067146,0.04489208633093517,0.0015102774594160338,attentive,0,2
55.6,True,-1.4237736155886367,4.581301108459787,4.553624925104853,0.044881166367086,0.001511680999820195,attentive,0,2
55.63333333333333,True,-0.5616664271223502,2.9765955167620586,4.550898203592815,0.044870259481037844,0.001513241886330638,attentive,0,2
55.666666666666664,True,-0.09257713489311081,1.376171891591989,4.548174745661281,0.04485936564931171,0.0015139202010762424,attentive,0,2
55.699999999999996,True,-1.5812457774125694,3.0503900318871615,4.545454545454546,0.04484848484848477,0.00151286575448743,attentive,0,2
55.733333333333334,True,-0.5561801549737111,2.6876426734062955,4.542737597130903,0.044837617055190196,0.0015140538965794001,attentive,0,2
55.766666666666666,True,-3.455100614478514,2.5120097499101743,4.540023894862605,0.04482676224611701,0.0015073108782168517,attentive,0,2
55.8,True,1.1787136791974397,2.945414283933648,4.537313432835822,0.04481592039800987,0.0015134462702528462,attentive,0,2
55.833333333333336,True,-0.6317283143381123,1.555018944927843,4.534606205250596,0.04480509148766897,0.0015129298442314169,attentive,0,2
55.86666666666667,True,-2.823346126446048,1.6038485929536446,4.531902206320812,0.044794275491949836,0.001506670436439934,attentive,0,2
55.9,True,-3.1022500185464286,1.236943169568905,4.529201430274136,0.04478347238776313,0.0014991938657023872,attentive,0,2
55.93333333333333,True,-1.4898565822686118,2.5467024958999716,4.526503871351995,0.04477268215207457,0.0014977278503384755,attentive,0,2
55.96666666666667,True,-3.842922157731567,-0.15483653704894307,4.523809523809524,0.04476190476190468,0.001486465074696724,attentive,0,2
56.0,True,1.2486406834306427,-0.24057359143980617,4.521118381915526,0.04475114019432869,0.0014885640878394405,attentive,0,2
56.03333333333333,True,0.3054811655977243,3.1589475760101005,4.5184304399524375,0.04474038842647633,0.0014926598152376147,attentive,0,2
56.06666666666666,True,-1.5154843959997337,0.46867067886128155,4.515745692216281,0.044729649435531704,0.0014883896692945296,attentive,0,2
56.1,True,0.4199161506325786,1.6462436937511864,4.513064133016627,0.04471892319873309,0.0014907864766894015,attentive,0,2
56.13333333333333,True,-1.793593028922999,3.4352890041938915,4.510385756676557,0.044708209693372816,0.0014897014111197844,attentive,0,2
56.166666666666664,True,-3.798388302856253,2.3112190473026795,4.507710557532621,0.04469750889679707,0.0014818512421552218,attentive,0,2
56.199999999999996,True,-3.2075924211416478,1.434821659411591,4.5050385299347955,0.04468682078640577,0.0014744124010278533,attentive,0,2
56.233333333333334,True,-0.9279842036087993,4.032659300215416,4.502369668246446,0.04467614533965237,0.0014764045091275573,attentive,0,2
56.266666666666666,True,-2.759688464389911,2.480343768091424,4.499703966844287,0.04466548253404373,0.001471531914969547,attentive,0,2
56.3,True,-1.2815439874408108,1.4602829642869672,4.497041420118343,0.04465483234713996,0.0014692110808178956,attentive,0,2
56.333333333333336,True,-0.9803544425297912,1.36251886942211,4.49438202247191,0.04464419475655423,0.0014675561297672278,attentive,0,2
56.36666666666667,True,-2.9139563582849743,-0.11942475724577828,4.491725768321513,0.04463356973995264,0.0014588777245502452,attentive,0,2
56.4,True,-1.465084268873486,3.2700853936034076,4.48907265209687,0.04462295727505407,0.001458462185900654,attentive,0,2
56.43333333333333,True,0.8423284238876105,1.3884672515404248,4.4864226682408495,0.04461235733962998,0.0014616326123937143,attentive,0,2
56.46666666666667,True,-2.8753809951824665,1.7267103625449818,4.48377581120944,0.044601769911504344,0.0014554945772532397,attentive,0,2
56.5,True,-3.0406198287537567,0.9780744964221993,4.481132075471698,0.04459119496855338,0.0014479498475351454,attentive,0,2
56.53333333333333,True,-2.005258366817663,1.4940150889326655,4.478491455509722,0.044580632488705474,0.0014438012466367054,attentive,0,2
56.56666666666666,True,-0.29987485138119574,0.4933266184235032,4.47585394581861,0.044570082449941026,0.0014428116724378762,attentive,0,2
56.6,True,2.284903115617943,1.8370478295599886,4.473219540906415,0.044559544830292244,0.0014503423621353437,attentive,0,2
56.63333333333333,True,-2.107282595066711,1.890611496802245,4.470588235294118,0.044549019607843056,0.0014464513716042431,attentive,0,2
56.666666666666664,True,-0.7753860665024747,-0.0914583600427914,4.467960023515579,0.0445385067607289,0.0014434555735635224,attentive,0,2
56.699999999999996,True,-1.9251639222764592,3.2874614761679086,4.465334900117509,0.04452800626713662,0.0014418725713746094,attentive,0,2
56.733333333333334,True,-3.4605244934197907,0.6364636028080478,4.462712859659425,0.044517518105304285,0.001432825232637544,attentive,0,2
56.766666666666666,True,-3.431697080406347,2.028399330528652,4.460093896713615,0.04450704225352105,0.0014256789543577175,attentive,0,2
56.8,True,-2.4344909815203506,1.3116113653823571,4.457478005865103,0.044496578690127,0.0014202062581998558,attentive,0,2
56.833333333333336,True,-0.45334820770801243,1.218728462832988,4.4548651817116065,0.044486127393513014,0.0014197802314071329,attentive,0,2
56.86666666666667,True,-0.7479637338752856,1.7272275757428375,4.452255418863503,0.044475688342120595,0.00141924960458146,attentive,0,2
56.9,True,0.5045192453308589,2.3469244441333736,4.449648711943794,0.044465261514441766,0.0014227849943976626,attentive,0,2
56.93333333333333,True,-1.5697503444026155,1.8193660179321443,4.447045055588063,0.04445484688901884,0.0014202358910645218,attentive,0,2
56.96666666666667,True,-2.628703493725239,0.8974473030162944,4.444444444444445,0.04444444444444436,0.0014137393792576173,attentive,0,2
57.0,False,-1.0422134426200278,2.1976940127799276,4.500292226767972,0.044667835573738476,0.001413060223996722,attentive,0,2
57.03333333333333,False,-2.4810332682218683,0.64629446979994,4.55607476635514,0.047113187954309244,0.0014066328496879967,attentive,0,2
57.06666666666666,False,1.3754464618816944,0.0023774972448000753,4.611792177466433,0.049558279820976506,0.0014093834310444846,attentive,0,2
57.1,False,-3.8905007175482442,1.3968069437755157,4.667444574095683,0.052003111629716076,0.0014002839664583426,attentive,0,2
57.13333333333333,True,-1.933530559594597,2.6326418363479736,4.664723032069971,0.04532555879494647,0.0013978679676663148,attentive,0,2
57.166666666666664,True,1.677467276226161,1.7166160588900754,4.662004662004662,0.04531468531468524,0.001403621023902902,attentive,0,2
57.199999999999996,True,-2.7811077047735253,2.173645947794891,4.6592894583576,0.045303824500096984,0.0013984178932195286,attentive,0,2
57.233333333333334,True,-1.2223081496072885,1.8614962407265292,4.656577415599535,0.045292976329064726,0.0013968496509346538,attentive,0,2
57.266666666666666,True,-1.9856549684424474,2.62311717743925,4.653868528214078,0.045282140779522896,0.0013942941922023594,attentive,0,2
57.3,True,0.043701209357863924,1.2539006556456849,4.651162790697675,0.045271317829457286,0.0013952165057525797,attentive,0,2
57.333333333333336,True,-1.1365861874838938,2.3598713851706052,4.648460197559558,0.04526050745690482,0.0013945177538416931,attentive,0,2
57.36666666666667,True,-2.2396054025020886,2.5020570981067767,4.645760743321719,0.045249709639953464,0.0013911564340634945,attentive,0,2
57.4,True,-2.911262169290384,3.7785611200118625,4.643064422518862,0.04523892435674204,0.00138771284908394,attentive,0,2
57.43333333333333,True,-2.0316631870043533,2.1123375309454784,4.640371229698376,0.04522815158546009,0.0013843931022095516,attentive,0,2
57.46666666666667,True,-1.0006587172690717,0.5266991484867578,4.63768115942029,0.045217391304347744,0.0013816908861940332,attentive,0,2
57.5,True,-1.5441333783764708,1.9048666493973794,4.634994206257242,0.04520664349169556,0.0013793667443038021,attentive,0,2
57.53333333333333,True,-0.268860642999841,-0.6689704939632348,4.632310364794441,0.04519590812584435,0.0013770153233234254,attentive,0,2
57.56666666666666,True,-0.9529476634772971,-0.045479383338113966,4.62962962962963,0.045185185185185106,0.001373708955517627,attentive,0,2
57.6,True,-0.9753312858052675,0.7582573152789387,4.626951995373048,0.045174474648158776,0.0013713818887657288,attentive,0,2
57.63333333333333,True,-2.963500936583332,0.982359694717447,4.624277456647398,0.04516377649325618,0.0013642376832058139,attentive,0,2
57.666666666666664,True,-0.7594984109442902,1.6119997163057127,4.62160600808781,0.04515309069901783,0.001363568957276004,attentive,0,2
57.699999999999996,True,-0.5183583548990154,1.1652180948369635,4.618937644341801,0.04514241724403379,0.0013629465494677726,attentive,0,2
57.733333333333334,True,0.9367622407676459,1.9286983366577726,4.616272360069244,0.04513175610694356,0.0013670356651578827,attentive,0,2
57.766666666666666,True,-1.0916041343362002,0.17675737265195202,4.61361014994233,0.04512110726643591,0.0013636759100055806,attentive,0,2
57.8,True,-0.8608674570191104,0.7042023592318312,4.610951008645533,0.04511047070124872,0.0013615866538873498,attentive,0,2
57.833333333333336,True,-2.0727481258468674,2.24354633717531,4.6082949308755765,0.04509984639016889,0.0013583676780696747,attentive,0,2
57.86666666666667,True,-0.792682742062671,0.45260332811649073,4.605641911341393,0.045089234312032156,0.0013561364651084517,attentive,0,2
57.9,True,0.5830219041428961,1.6333854352896449,4.602991944764097,0.04507863444572297,0.001358935554527038,attentive,0,2
57.93333333333333,True,-2.098658884456295,0.25839508024311586,4.600345025876941,0.045068046770174355,0.0013531206625863232,attentive,0,2
57.96666666666667,True,-1.7795723577044706,1.179884848079525,4.597701149425287,0.04505747126436774,0.0013493043609701116,attentive,0,2
58.0,True,1.5544116265960928,1.8300424775944177,4.595060310166571,0.04504690790733287,0.0013548333401881228,attentive,0,2
58.03333333333333,True,-1.2246192594084717,2.954205014035775,4.5924225028702645,0.04503635667814764,0.0013546997663804094,attentive,0,2
58.06666666666666,True,0.8711482185239423,2.7545425867632147,4.589787722317843,0.04502581755593796,0.001359655747930661,attentive,0,2
58.1,True,-2.9422697380850007,0.15325383911503465,4.587155963302752,0.0450152905198776,0.0013515732673959734,attentive,0,2
58.13333333333333,True,-3.2087184730116936,1.3850037366948458,4.584527220630372,0.045004775549188074,0.0013443900248876553,attentive,0,2
58.166666666666664,True,-2.472808152569196,2.3219842427986555,4.581901489117984,0.04499427262313852,0.001340280813262939,attentive,0,2
58.199999999999996,True,-0.39822893665068304,0.8276715225697655,4.579278763594734,0.04498378172104552,0.0013395533277745467,attentive,0,2
58.233333333333334,True,-1.7450484163100386,1.8093062962946016,4.576659038901601,0.04497330282227299,0.0013366502136964587,attentive,0,2
58.266666666666666,True,-2.147074075252705,-0.36703391278257036,4.574042309891366,0.044962835906232054,0.0013299636313199243,attentive,0,2
58.3,True,-3.8501002712760624,0.5471740814389073,4.571428571428571,0.04495238095238087,0.0013201204438974391,attentive,0,2
58.333333333333336,True,-1.5600511769493812,0.015177037151292039,4.568817818389491,0.04494193794022455,0.001315426009584981,attentive,0,2
58.36666666666667,True,0.5934426207547412,2.1148114579312933,4.5662100456621,0.04493150684931498,0.0013188630402738788,attentive,0,2
58.4,True,-0.7060306744463725,1.213830184160485,4.563605248146035,0.04492108765925073,0.001317859402658546,attentive,0,2
58.43333333333333,True,-1.7817936175528486,2.37155594508369,4.561003420752566,0.04491068034967685,0.0013155978189499202,attentive,0,2
58.46666666666667,True,-1.9577746851705056,0.4303213208536618,4.5584045584045585,0.04490028490028482,0.0013104351129442032,attentive,0,2
58.5,True,-1.5431294019590587,2.7452102983892144,4.555808656036446,0.04488990129081237,0.0013092572537865802,attentive,0,2
58.53333333333333,True,-1.4470346272104657,0.2617294397834027,4.553215708594195,0.04487952950104336,0.0013051827510624403,attentive,0,2
58.56666666666666,True,-3.647290112300203,1.286043627649361,4.550625711035267,0.044869169510807654,0.001296845159310539,attentive,0,2
58.6,True,0.045668117613498316,0.29251424093083067,4.548038658328596,0.04485882129998097,0.0012965928317942327,attentive,0,2
58.63333333333333,True,-1.252506415975841,1.4591599322461153,4.545454545454546,0.04484848484848477,0.0012945356099836112,attentive,0,2
58.666666666666664,True,-0.12782074965690482,-0.02244035880258366,4.542873367404884,0.04483816013628612,0.0012934495819911709,attentive,0,2
58.699999999999996,True,0.5545781905493552,0.812226616740676,4.540295119182747,0.044827847143397576,0.0012951387365957153,attentive,0,2
58.733333333333334,True,-1.3498204607693882,0.10693400856923807,4.537719795802609,0.04481754584987702,0.0012911360652092683,attentive,0,2
58.766666666666666,True,-1.8054385823847494,0.825690111364098,4.535147392290249,0.04480725623582758,0.0012868954526081729,attentive,0,2
58.8,True,-1.6202551840421977,2.594874901814474,4.53257790368272,0.04479697828139746,0.0012853534464137215,attentive,0,2
58.833333333333336,True,2.2588705598618457,1.3544674668519103,4.530011325028313,0.04478671196677984,0.0012920148274829164,attentive,0,2
58.86666666666667,True,-0.6090655573679419,2.080636755038599,4.527447651386531,0.04477645727221271,0.001292368344389079,attentive,0,2
58.9,True,-2.3284502783566268,0.23175237543403115,4.524886877828054,0.044766214177978804,0.0012860753404470798,attentive,0,2
58.93333333333333,True,-0.8851045253393884,2.1392535200736402,4.522328999434709,0.04475598266440542,0.0012858119280561428,attentive,0,2
58.96666666666667,True,-3.4481483739910916,0.3276649158817886,4.519774011299435,0.044745762711864326,0.0012768386107934614,attentive,0,2
59.0,True,2.4319660774147014,0.28384017486234747,4.517221908526256,0.04473555430077161,0.0012825769820273335,attentive,0,2
59.03333333333333,True,-1.477259834172082,-0.30489942598655606,4.514672686230249,0.04472535741158758,0.0012777656216859203,attentive,0,2
59.06666666666666,True,-0.8346579830992303,1.168684709307819,4.512126339537507,0.04471517202481661,0.0012764174662849678,attentive,0,2
59.1,True,-2.5610139449510965,1.1053431879442073,4.509582863585118,0.04470499812100706,0.0012706664045766054,attentive,0,2
59.13333333333333,True,-3.7502678633136695,-0.4961982090767447,4.507042253521127,0.0446948356807511,0.0012599389756967764,attentive,0,2
59.166666666666664,True,-1.0037755349667086,0.0839725991683481,4.504504504504505,0.0446846846846846,0.0012568226706294223,attentive,0,2
59.199999999999996,True,-0.6502554916167337,0.316236188074296,4.501969611705121,0.04467454511348707,0.0012548845164407864,attentive,0,2
59.233333333333334,True,-1.5479022065884855,-0.07788622450594107,4.499437570303712,0.04466441694788144,0.0012502121146534088,attentive,0,2
59.266666666666666,True,-2.8435029946483183,2.146126130765248,4.4969083754918495,0.04465430016863398,0.001245086294517095,attentive,0,2
59.3,True,-0.06121604352528176,0.5346777162250338,4.49438202247191,0.04464419475655423,0.0012449014715416166,attentive,0,2
59.333333333333336,True,0.05302978383825119,-0.6214290198545493,4.491858506457047,0.04463410069249477,0.0012435594350897218,attentive,0,2
59.36666666666667,True,0.7547118230758336,2.0039227905743586,4.489337822671156,0.04462401795735121,0.001247242867800702,attentive,0,2
59.4,True,-3.1630568513827395,1.5232932989880772,4.48681996634885,0.044613946532061986,0.001240557406724754,attentive,0,2
59.43333333333333,True,-3.741850501245838,-1.69142787871814,4.484304932735426,0.04460388639760829,0.0012284331170956606,attentive,0,2
59.46666666666667,True,-2.059475107669631,2.6442503839369405,4.481792717086835,0.044593837535013926,0.0012259090028919936,attentive,0,2
59.5,True,-3.466960869064378,1.553869039210165,4.479283314669653,0.0445837999253452,0.0012185284980391628,attentive,0,2
59.53333333333333,True,-0.6143798567537611,1.5300188253857003,4.476776720761052,0.044573773549710795,0.0012182212435316218,attentive,0,2
59.56666666666666,True,0.06567972547638035,0.837252367272654,4.47427293064877,0.044563758389261666,0.0012187437544173237,attentive,0,2
59.6,True,0.34046296820269106,0.5159780798679223,4.471771939631078,0.0445537544251909,0.001219549256344888,attentive,0,2
59.63333333333333,True,1.298058370214411,0.6162565495729069,4.4692737430167595,0.04454376163873362,0.001222855992688335,attentive,0,2
59.666666666666664,True,-1.5113884874085879,1.0108381227606047,4.46677833612507,0.04453378001116687,0.0012196768574457436,attentive,0,2
59.699999999999996,True,-2.960887125719897,1.3167206007539005,4.464285714285714,0.044523809523809445,0.001213285602192103,attentive,0,2
59.733333333333334,True,-0.38834863142341813,1.4115556184335363,4.461795872838818,0.04451385015802185,0.0012133957587696577,attentive,0,2
59.766666666666666,True,0.15508178951779028,0.21612085829305216,4.459308807134894,0.044503901895206165,0.001213371302366688,attentive,0,2
59.8,True,-0.5112875873077606,0.43926203996726987,4.456824512534819,0.04449396471680586,0.0012119731838637932,attentive,0,2
59.833333333333336,True,-2.096486484392381,0.8838403732873354,4.4543429844097995,0.04448403860430578,0.0012072039181767894,attentive,0,2
59.86666666666667,True,0.16113125455966837,0.25699923228807786,4.451864218141346,0.04447412353923197,0.0012072484615246255,attentive,0,2
59.9,True,0.1295918993899976,0.6040544022833014,4.4493882091212456,0.04446421950315157,0.0012076439335223733,attentive,0,2
59.93333333333333,True,0.3750789851073397,-1.2334720069120857,4.446914952751529,0.0444543264776727,0.0012063756316178795,attentive,0,2
59.96666666666667,True,0.8279389348051235,-0.08322699305304448,4.444444444444445,0.04444444444444436,0.0012076469672256938,attentive,0,2
60.0,False,-0.550586234384981,1.6709164541927481,4.444444444444445,0.04444444444444436,0.001208537652254912,attentive,0,2
60.03333333333333,False,-2.2312549222371865,1.4352463600942502,4.444444444444445,0.04666666666666646,0.0012083391793461576,attentive,0,2
60.06666666666666,False,-2.484746931228588,-0.2439250431568164,4.444444444444445,0.04888888888888855,0.0011985947665643212,attentive,0,2
60.1,False,-0.22750723516718785,-0.026010206584480722,4.444444444444445,0.05111111111111112,0.001196142759883039,attentive,0,2
60.13333333333333,True,-3.9816537437399333,1.6756960738931688,4.444444444444445,0.04444444444444436,0.001192447035496091,attentive,0,2
60.166666666666664,True,-2.0678252553200758,0.25531433025171935,4.444444444444445,0.044444444444444356,0.0011879283154645041,attentive,0,2
60.199999999999996,True,-0.5033721714853596,-0.2468541708316816,4.444444444444445,0.044444444444444356,0.0011894828658032914,attentive,0,2
60.233333333333334,True,-3.0175674564042745,1.3662968862605582,4.444444444444445,0.044444444444444356,0.001180849315801073,attentive,0,2
60.266666666666666,True,-1.8860634290135128,0.6268463498570124,4.444444444444445,0.044444444444444356,0.0011770756330626848,attentive,0,2
60.3,True,-2.8468349253933534,-0.05895762138681071,4.444444444444445,0.044444444444444356,0.0011698903044701243,attentive,0,2
60.333333333333336,True,1.660588914455742,2.3440964957822694,4.444444444444445,0.044444444444444356,0.0011721913604288777,attentive,0,2
60.36666666666667,True,-2.521071293346369,2.7869912985568726,4.444444444444445,0.044444444444444356,0.001169112929129291,attentive,0,2
60.4,True,-1.4901359076587948,0.2506611065352963,4.444444444444445,0.044444444444444356,0.0011661513851615479,attentive,0,2
60.43333333333333,True,-0.899196051828084,-0.7445752581390298,4.444444444444445,0.044444444444444356,0.0011580167568144475,attentive,0,2
60.46666666666667,True,-2.200894235691588,0.9933860472313647,4.444444444444445,0.044444444444444356,0.0011523845785684865,attentive,0,2
60.5,True,-1.833109049269722,0.727968209399313,4.444444444444445,0.044444444444444356,0.0011460486219592664,attentive,0,2
60.53333333333333,True,-1.0404511687628895,1.1927625673390028,4.444444444444445,0.044444444444444356,0.0011378940708149752,attentive,0,2
60.56666666666666,True,-0.8796712055562282,1.0897415041006968,4.444444444444445,0.044444444444444356,0.0011349222372702883,attentive,0,2
60.6,True,1.1080637541389189,2.6729924055451093,4.444444444444445,0.044444444444444356,0.0011370425117334837,attentive,0,2
60.63333333333333,True,0.08206590984340656,0.16283483035073598,4.444444444444445,0.044444444444444356,0.0011412459480106888,attentive,0,2
60.666666666666664,True,-1.6141896772244362,-0.7593624003046818,4.444444444444445,0.044444444444444356,0.001134541875177019,attentive,0,2
60.699999999999996,True,-0.11094820477202894,0.493790122794935,4.444444444444445,0.044444444444444356,0.0011226842788335128,attentive,0,2
60.733333333333334,True,0.5982586313296697,1.9799444547689655,4.444444444444445,0.044444444444444356,0.0011252723249767257,attentive,0,2
60.766666666666666,True,0.14261695261589136,0.7430456724649245,4.444444444444445,0.044444444444444356,0.001131296576568652,attentive,0,2
60.8,True,0.22633318699676996,-0.3964491550183822,4.444444444444445,0.044444444444444356,0.0011332623210274935,attentive,0,2
60.833333333333336,True,-0.18494568005020928,-0.1496212312559171,4.444444444444445,0.044444444444444356,0.001127878707863719,attentive,0,2
60.86666666666667,True,1.33268232938906,-1.0475936912366743,4.444444444444445,0.044444444444444356,0.0011286509277143497,attentive,0,2
60.9,True,-1.5755428532563562,-2.1857894927969532,4.444444444444445,0.044444444444444356,0.001113893447931476,attentive,0,2
60.93333333333333,True,0.7848005406554386,-1.276339742337755,4.444444444444445,0.044444444444444356,0.001113609543268843,attentive,0,2
60.96666666666667,True,0.33210306100660647,0.5916772989748835,4.444444444444445,0.044444444444444356,0.001111334313434107,attentive,0,2
61.0,True,-0.5471497957873979,0.10303579333060009,4.444444444444445,0.044444444444444356,0.001103397348779991,attentive,0,2
61.03333333333333,True,1.688511355615367,-0.2787455007908164,4.444444444444445,0.044444444444444356,0.0011079255133426176,attentive,0,2
61.06666666666666,True,-3.500664779260548,-1.2405878031175188,4.444444444444445,0.044444444444444356,0.001095975886281615,attentive,0,2
61.1,True,-0.6988803777575925,-1.1044551943465954,4.444444444444445,0.044444444444444356,0.0010916987079676633,attentive,0,2
61.13333333333333,True,0.47702007825650605,-0.6448756699851915,4.444444444444445,0.044444444444444356,0.0010917426938507073,attentive,0,2
61.166666666666664,True,1.5360809433903118,-0.7418914882074708,4.444444444444445,0.044444444444444356,0.001092509591652599,attentive,0,2
61.199999999999996,True,0.826845188737166,0.3925301283658383,4.444444444444445,0.044444444444444356,0.001100029860477283,attentive,0,2
61.233333333333334,True,-0.2148792696538243,-0.42445197551367264,4.444444444444445,0.044444444444444356,0.001097231617626261,attentive,0,2
61.266666666666666,True,-2.28934882640625,1.1428268725350779,4.444444444444445,0.044444444444444356,0.0010912067921811828,attentive,0,2
61.3,True,-1.7359004233513158,-1.7891075283099425,4.444444444444445,0.044444444444444356,0.0010901572157657404,attentive,0,2
61.333333333333336,True,0.40830905820703856,2.3424741392577446,4.444444444444445,0.044444444444444356,0.001083222246665557,attentive,0,2
61.36666666666667,True,0.32328833969688286,-1.3382285660603508,4.444444444444445,0.044444444444444356,0.001078195352492357,attentive,0,2
61.4,True,1.6663463913656797,-0.6714861937016965,4.444444444444445,0.044444444444444356,0.0010828321017542697,attentive,0,2
61.43333333333333,True,0.307042237261441,-0.4822108530631678,4.444444444444445,0.044444444444444356,0.0010836272651009438,attentive,0,2
61.46666666666667,True,-0.9478225429133295,1.155071292435792,4.444444444444445,0.044444444444444356,0.0010828693410342954,attentive,0,2
61.5,True,0.7961837486549492,-0.1126176446208963,4.444444444444445,0.044444444444444356,0.0010852737384704648,attentive,0,2
61.53333333333333,True,0.3656016772903353,-0.1363072579196618,4.444444444444445,0.044444444444444356,0.0010932963177622385,attentive,0,2
61.56666666666666,True,-0.47013462536533757,-0.7264119550364603,4.444444444444445,0.044444444444444356,0.0010915378664086825,attentive,0,2
61.6,True,-3.925922181857787,-0.18933256445418584,4.444444444444445,0.044444444444444356,0.0010852695486324913,attentive,0,2
61.63333333333333,True,-1.8480945708136276,0.37618365765054446,4.444444444444445,0.044444444444444356,0.0010798230816249888,attentive,0,2
61.666666666666664,True,-2.679308172860283,1.7696034479120577,4.444444444444445,0.044444444444444356,0.0010741274997278288,attentive,0,2
61.699999999999996,True,-0.8481069635260416,0.2650132699289135,4.444444444444445,0.044444444444444356,0.0010677559435452676,attentive,0,2
61.733333333333334,True,1.3471846151049838,0.14775963292526959,4.444444444444445,0.044444444444444356,0.0010748915427853693,attentive,0,2
61.766666666666666,True,-0.34000970861019797,0.12560512560210654,4.444444444444445,0.044444444444444356,0.0010760745088780096,attentive,0,2
61.8,True,1.6602133892126663,0.6198843353561945,4.444444444444445,0.044444444444444356,0.0010777233125540602,attentive,0,2
61.833333333333336,True,-0.8172040606044041,1.6506513169154344,4.444444444444445,0.044444444444444356,0.0010745758664398774,attentive,0,2
61.86666666666667,True,0.3530823791307979,-0.25371454830112733,4.444444444444445,0.044444444444444356,0.0010702222030947387,attentive,0,2
61.9,True,-0.7410560136033164,1.5196132537996268,4.444444444444445,0.044444444444444356,0.0010644384859968606,attentive,0,2
61.93333333333333,True,1.5047450599470267,1.9845542473851896,4.444444444444445,0.044444444444444356,0.001070708293413715,attentive,0,2
61.96666666666667,True,0.35680453719183297,-1.1083546374977717,4.444444444444445,0.044444444444444356,0.0010717540293185594,attentive,0,2
62.0,True,-1.6034870241240848,-0.6052810069157952,4.444444444444445,0.044444444444444356,0.0010611048460913949,attentive,0,2
62.03333333333333,True,-1.658104928709324,-0.599953002120784,4.444444444444445,0.044444444444444356,0.0010497824493283382,attentive,0,2
62.06666666666666,True,-1.2089504039973966,-0.32033833367204145,4.444444444444445,0.044444444444444356,0.0010444585143309993,attentive,0,2
62.1,True,-2.283270790406274,-0.728956155532274,4.444444444444445,0.044444444444444356,0.0010389104398891792,attentive,0,2
62.13333333333333,True,0.7470612937591534,-0.019408841977709118,4.444444444444445,0.044444444444444356,0.001039151765354392,attentive,0,2
62.166666666666664,True,0.3691048316133923,1.7823024614995584,4.444444444444445,0.044444444444444356,0.0010348296178259388,attentive,0,2
62.199999999999996,True,-0.8910459690701906,1.0744321454306813,4.444444444444445,0.044444444444444356,0.0010328286171315273,attentive,0,2
62.233333333333334,True,0.18636681036137565,0.3601846665207959,4.444444444444445,0.044444444444444356,0.0010275669731199593,attentive,0,2
62.266666666666666,True,-1.932341253303197,-0.3115064507025848,4.444444444444445,0.044444444444444356,0.0010290700476504988,attentive,0,2
62.3,True,-0.18997140149385355,1.4299988183858927,4.444444444444445,0.044444444444444356,0.0010258507286208833,attentive,0,2
62.333333333333336,True,-2.0024997787086645,0.769966366914439,4.444444444444445,0.044444444444444356,0.0010241394195731055,attentive,0,2
62.36666666666667,True,-0.6705524665234098,0.5475357990538496,4.444444444444445,0.044444444444444356,0.0010211656683068555,attentive,0,2
62.4,True,-0.6746457782005844,0.7837084883849154,4.444444444444445,0.044444444444444356,0.0010177303899693904,attentive,0,2
62.43333333333333,True,-1.9947911206351487,0.4900129827847965,4.444444444444445,0.044444444444444356,0.0010146023319113722,attentive,0,2
62.46666666666667,True,-1.421399525652025,-0.08226814565856486,4.444444444444445,0.044444444444444356,0.0010123690946036003,attentive,0,2
62.5,True,-1.667036869143283,-0.5485422682674866,4.444444444444445,0.044444444444444356,0.0010035258956956356,attentive,0,2
62.53333333333333,True,1.6507115371187773,1.1601797301945913,4.444444444444445,0.044444444444444356,0.0010016320992639258,attentive,0,2
62.56666666666666,True,-1.092117084537281,-0.15494143215534686,4.444444444444445,0.044444444444444356,0.0009936367301855605,attentive,0,2
62.6,True,0.47439610023303597,1.9157469255657056,4.444444444444445,0.044444444444444356,0.0009966337281623442,attentive,0,2
62.63333333333333,True,1.188778092628758,0.6953028693933918,4.444444444444445,0.044444444444444356,0.0009989073715859487,attentive,0,2
62.666666666666664,True,-2.894444238969208,-0.5839767323420662,4.444444444444445,0.044444444444444356,0.0009881643626717548,attentive,0,2
62.699999999999996,True,1.7191782158491977,1.557802007136083,4.444444444444445,0.044444444444444356,0.0009917071308355367,attentive,0,2
62.733333333333334,True,-0.3701031570211506,-0.6966232215412591,4.444444444444445,0.044444444444444356,0.0009859638256159663,attentive,0,2
62.766666666666666,True,-0.8219029883990563,-1.1066771559233384,4.444444444444445,0.044444444444444356,0.0009815048523581587,attentive,0,2
62.8,True,-0.1148933900759241,-0.3473979814824628,4.444444444444445,0.044444444444444356,0.0009779868481497023,attentive,0,2
62.833333333333336,True,-0.8734564362133475,1.411891336616891,4.444444444444445,0.044444444444444356,0.0009838400273000287,attentive,0,2
62.86666666666667,True,-1.5503146723845276,1.7308574549687907,4.444444444444445,0.044444444444444356,0.0009927832758538507,attentive,0,2
62.9,True,-0.7689592175616365,0.0684744036911394,4.444444444444445,0.044444444444444356,0.0010006337244306753,attentive,0,2
62.93333333333333,True,-3.8542385131408663,0.3020853616001028,4.444444444444445,0.044444444444444356,0.0010099555312789498,attentive,0,2
62.96666666666667,True,-0.22324025106908235,-0.42633043205118776,4.444444444444445,0.044444444444444356,0.0010145156378978165,attentive,0,2
63.0,False,-0.5208858594185491,0.36028554391059947,4.444444444444445,0.044444444444444356,0.0010173610297337624,attentive,0,2
63.03333333333333,False,1.7827912007545321,0.3301928251169694,4.444444444444445,0.046666666666666454,0.0010098395883672466,attentive,0,2
63.06666666666666,False,-0.03153174877780113,0.15944333217719353,4.444444444444445,0.04888888888888855,0.0010094527770645057,attentive,0,2
63.1,False,-1.6301030765016515,-0.03549556693962672,4.444444444444445,0.05111111111111112,0.0010213437406052714,attentive,0,2
63.13333333333333,True,-0.07189802486282212,-0.003286243795471752,4.444444444444445,0.044444444444444356,0.0010154885445883034,attentive,0,2
63.166666666666664,True,2.5880041134261966,-2.1634722391504693,4.444444444444445,0.044444444444444356,0.0010102102694246815,attentive,0,2
63.199999999999996,True,-2.2828121592979067,0.07403226815508855,4.444444444444445,0.044444444444444356,0.0010249546046605614,attentive,0,2
63.233333333333334,True,-2.1617067846525733,0.11871563395336932,4.444444444444445,0.044444444444444356,0.0010418507959701283,attentive,0,2
63.266666666666666,True,1.1616857765529573,-0.38108654842584555,4.444444444444445,0.044444444444444356,0.0010359705686434897,attentive,0,2
63.3,True,2.0202881244014494,0.13422097677272593,4.444444444444445,0.044444444444444356,0.0010311431031640012,attentive,0,2
63.333333333333336,True,0.7921004440737001,0.933056825668805,4.444444444444445,0.044444444444444356,0.0010383081282635234,attentive,0,2
63.36666666666667,True,-0.18786002712078992,1.293900508489359,4.444444444444445,0.044444444444444356,0.0010451643036357755,attentive,0,2
63.4,True,-1.2407625919361478,-1.7472019771731666,4.444444444444445,0.044444444444444356,0.0010455357691089037,attentive,0,2
63.43333333333333,True,0.8016094116726592,-1.1899285551799603,4.444444444444445,0.044444444444444356,0.0010357869964631083,attentive,0,2
63.46666666666667,True,0.9662606381597566,-1.1603839766553017,4.444444444444445,0.044444444444444356,0.0010295257489946674,attentive,0,2
63.5,True,1.659367888518664,-0.6621283701046445,4.444444444444445,0.044444444444444356,0.001028194853352299,attentive,0,2
63.53333333333333,True,-1.543937256245364,1.9395961421309944,4.444444444444445,0.044444444444444356,0.0010394800980237015,attentive,0,2
63.56666666666666,True,0.8469481257735748,-0.7527143735107087,4.444444444444445,0.044444444444444356,0.0010364850965578717,attentive,0,2
63.6,True,3.09020619700316,-0.1375570672914077,4.444444444444445,0.044444444444444356,0.0010233770015413458,attentive,0,2
63.63333333333333,True,2.638390837525046,-1.0588413570535977,4.444444444444445,0.044444444444444356,0.0010113731955297494,attentive,0,2
63.666666666666664,True,-0.661265401904457,-1.11796384727939,4.444444444444445,0.044444444444444356,0.001008852525977044,attentive,0,2
63.699999999999996,True,-2.0792258618546424,1.015530616975587,4.444444444444445,0.044444444444444356,0.0010165139578893747,attentive,0,2
63.733333333333334,True,1.2247685983223913,2.07254024657718,4.444444444444445,0.044444444444444356,0.0010183076463559724,attentive,0,2
63.766666666666666,True,1.6832254173090895,-1.444547505060958,4.444444444444445,0.044444444444444356,0.0010155607776230877,attentive,0,2
63.8,True,1.410858852254532,0.3346143125359653,4.444444444444445,0.044444444444444356,0.0010129344328922703,attentive,0,2
63.833333333333336,True,0.42510133380201676,-1.1298230788029242,4.444444444444445,0.044444444444444356,0.0010096593974049627,attentive,0,2
63.86666666666667,True,-0.20420549377851138,1.1567193651498102,4.444444444444445,0.044444444444444356,0.0010136183627179425,attentive,0,2
63.9,True,-1.67280033522677,-1.3564122428918244,4.444444444444445,0.044444444444444356,0.001014099896134985,attentive,0,2
63.93333333333333,True,-0.5173708358517527,-0.28729554663243306,4.444444444444445,0.044444444444444356,0.0010180357760077668,attentive,0,2
63.96666666666667,True,0.7618740093793104,0.7230071056029513,4.444444444444445,0.044444444444444356,0.001021148421498875,attentive,0,2
64.0,True,0.774348725746759,-1.0574535566649825,4.444444444444445,0.044444444444444356,0.001020529970060404,attentive,0,2
64.03333333333333,True,-2.0752636097213246,-0.48744306561397066,4.444444444444445,0.044444444444444356,0.0010272495401989492,attentive,0,2
64.06666666666666,True,-0.20434507686286507,-1.8834114845608285,4.444444444444445,0.044444444444444356,0.001026480340777283,attentive,0,2
64.1,True,1.2234627211098912,-0.3542579193356177,4.444444444444445,0.044444444444444356,0.0010179696586183346,attentive,0,2
64.13333333333333,True,-1.976910478663276,-1.543996546117637,4.444444444444445,0.044444444444444356,0.0010122822101908994,attentive,0,2
64.16666666666667,True,2.360302393759004,0.5323284703019722,4.444444444444445,0.044444444444444356,0.0010083125782282144,attentive,0,2
64.2,True,2.2059015949048315,-1.261428696237918,4.444444444444445,0.044444444444444356,0.0010020400060567168,attentive,0,2
64.23333333333333,True,0.14433405193155147,-0.4730160527773347,4.444444444444445,0.044444444444444356,0.0010029478836605604,attentive,0,2
64.26666666666667,True,-0.4889493280142376,-0.32194098929460024,4.444444444444445,0.044444444444444356,0.0010047088946311187,attentive,0,2
64.3,True,0.4255521104763264,-0.3798021329394074,4.444444444444445,0.044444444444444356,0.0010101565207961457,attentive,0,2
64.33333333333333,True,-0.3974982331865845,-2.397990581209657,4.444444444444445,0.044444444444444356,0.0010131831527082594,attentive,0,2
64.36666666666666,True,0.6596740763681022,-0.14915437616549138,4.444444444444445,0.044444444444444356,0.0010135496954348981,attentive,0,2
64.4,True,-2.135628589710735,0.040067659959784896,4.444444444444445,0.044444444444444356,0.00102222550490645,attentive,0,2
64.43333333333334,True,-2.293631684799429,-4.116746590675087,4.444444444444445,0.044444444444444356,0.001022120307156444,attentive,0,2
64.46666666666667,True,-0.8946255258915465,-0.22199022205165875,4.444444444444445,0.044444444444444356,0.0010270044432119057,attentive,0,2
64.5,True,-0.8886192580275667,-0.45939692446757746,4.444444444444445,0.044444444444444356,0.0010346833620730825,attentive,0,2
64.53333333333333,True,-0.3123577938873281,-0.7263227911955659,4.444444444444445,0.044444444444444356,0.0010404171902529038,attentive,0,2
64.56666666666666,True,-0.10882376619183876,-0.3614436042955156,4.444444444444445,0.044444444444444356,0.0010309670314815412,attentive,0,2
64.6,True,-2.7036487443643713,-0.5233367051356987,4.444444444444445,0.044444444444444356,0.0010309964575219866,attentive,0,2
64.63333333333333,True,-1.9037582047815187,-1.6702064759949644,4.444444444444445,0.044444444444444356,0.00103178228960296,attentive,0,2
64.66666666666667,True,2.136689672629787,1.019492368842302,4.444444444444445,0.044444444444444356,0.0010291933640807218,attentive,0,2
64.7,True,-0.8652530951443038,-0.31895589522558815,4.444444444444445,0.044444444444444356,0.0010271728317287256,attentive,0,2
64.73333333333333,True,2.461747302136571,0.8908354061283109,4.444444444444445,0.044444444444444356,0.0010212695156059629,attentive,0,2
64.76666666666667,True,2.468626582962772,-0.7826121714513725,4.444444444444445,0.044444444444444356,0.0010128149266225997,attentive,0,2
64.8,True,0.3250059671253027,-0.9537347244712155,4.444444444444445,0.044444444444444356,0.0010187988555352859,attentive,0,2
64.83333333333333,True,0.9786494031154706,-1.1081455990369864,4.444444444444445,0.044444444444444356,0.0010183782747086013,attentive,0,2
64.86666666666666,True,0.8468223483940012,-0.3046630589382451,4.444444444444445,0.044444444444444356,0.0010188594767585263,attentive,0,2
64.9,True,-0.3011507987264156,-0.6314019642013092,4.444444444444445,0.044444444444444356,0.0010208568871487046,attentive,0,2
64.93333333333334,True,-1.2481994458265273,0.2133014411981038,4.444444444444445,0.044444444444444356,0.0010215583539543846,attentive,0,2
64.96666666666667,True,1.2178140008336586,-3.386000621201437,4.444444444444445,0.044444444444444356,0.0010145987977000083,attentive,0,2
65.0,True,-2.4644873046113704,-1.4649740751846716,4.444444444444445,0.044444444444444356,0.0010216366710161066,attentive,0,2
65.03333333333333,True,-1.1439977679671438,-1.36184965728271,4.444444444444445,0.044444444444444356,0.0010241418526804346,attentive,0,2
65.06666666666666,True,3.1201810511553214,-0.44623546589417984,4.444444444444445,0.044444444444444356,0.0010119243376388784,attentive,0,2
65.1,True,2.1977730894791616,-2.1157005469687142,4.444444444444445,0.044444444444444356,0.001002448290814553,attentive,0,2
65.13333333333333,True,-0.8646375096994572,-1.8701470434392986,4.444444444444445,0.044444444444444356,0.0010092510894531923,attentive,0,2
65.16666666666667,True,-0.08704834689001917,-0.0780636496672169,4.444444444444445,0.044444444444444356,0.0010086811186401407,attentive,0,2
65.2,True,2.680280617857971,-1.3416703242257468,4.444444444444445,0.044444444444444356,0.0009998636910001166,attentive,0,2
65.23333333333333,True,1.276217129339463,-0.8677708240325814,4.444444444444445,0.044444444444444356,0.001004570825463114,attentive,0,2
65.26666666666667,True,-1.8205337569708488,-0.6714169965529259,4.444444444444445,0.044444444444444356,0.0010132503954490143,attentive,0,2
65.3,True,-1.1418168137890348,-1.1693180183868153,4.444444444444445,0.044444444444444356,0.0010195547817467415,attentive,0,2
65.33333333333333,True,0.24479007331216307,0.14814083286565405,4.444444444444445,0.044444444444444356,0.0010141814173239693,attentive,0,2
65.36666666666666,True,0.9665857462415719,-0.23078994748744175,4.444444444444445,0.044444444444444356,0.0010106782154327657,attentive,0,2
65.4,True,0.21408788572405335,-1.7164834087639718,4.444444444444445,0.044444444444444356,0.0010109474776759308,attentive,0,2
65.43333333333334,True,2.3415621908163695,-0.8772340912971667,4.444444444444445,0.044444444444444356,0.0010010460121063695,attentive,0,2
65.46666666666667,True,-2.2412334200709756,-0.7955708649962748,4.444444444444445,0.044444444444444356,0.0010090067723218731,attentive,0,2
65.5,True,-0.4295057893429578,-1.5373617433766433,4.444444444444445,0.044444444444444356,0.001005146315124479,attentive,0,2
65.53333333333333,True,2.404457824547395,-3.0825363214918955,4.444444444444445,0.044444444444444356,0.0009984725732736872,attentive,0,2
65.56666666666666,True,0.8482376913394883,-1.1727126043237528,4.444444444444445,0.044444444444444356,0.0009953686709260501,attentive,0,2
65.6,True,1.8484226503921044,-1.0543485019314853,4.444444444444445,0.044444444444444356,0.0009920877996298276,attentive,0,2
65.63333333333333,True,1.5931018930299454,-0.011463938464036594,4.444444444444445,0.044444444444444356,0.0009983601735171843,attentive,0,2
65.66666666666667,True,-1.036805450487026,-0.7452099926047984,4.444444444444445,0.044444444444444356,0.0009973330237992499,attentive,0,2
65.7,True,2.2627558450887086,0.1968661321053885,4.444444444444445,0.044444444444444356,0.000996701439212023,attentive,0,2
65.73333333333333,True,1.6394248124813295,-1.7823374157464356,4.444444444444445,0.044444444444444356,0.000985562765093491,attentive,0,2
65.76666666666667,True,0.07834102285387123,-1.7594185615353146,4.444444444444445,0.044444444444444356,0.0009823657220734215,attentive,0,2
65.8,True,1.492981246072729,-1.475321229712578,4.444444444444445,0.044444444444444356,0.0009820788098711766,attentive,0,2
65.83333333333333,True,1.794501067800476,0.4989631424712264,4.444444444444445,0.044444444444444356,0.0009808205726129907,attentive,0,2
65.86666666666666,True,0.12351484256892609,0.7956099416067155,4.444444444444445,0.044444444444444356,0.0009840445220655836,attentive,0,2
65.9,True,1.4358553107748784,-2.279433202518402,4.444444444444445,0.044444444444444356,0.0009778616023723952,attentive,0,2
65.93333333333334,True,1.9637745572627225,-0.09207649355365866,4.444444444444445,0.044444444444444356,0.0009678788001271816,attentive,0,2
65.96666666666667,True,-0.08554843487927566,-0.7620611337824033,4.444444444444445,0.044444444444444356,0.0009693092530744884,attentive,0,2
66.0,False,2.5667844064341816,-0.7488517676668494,4.444444444444445,0.044444444444444356,0.0009670147045949869,attentive,0,2
66.03333333333333,False,1.1788921468652416,-2.561925108875027,4.444444444444445,0.046666666666666454,0.0009651263160212892,attentive,0,2
66.06666666666666,False,-2.2710507280314802,-1.3877403428883048,4.444444444444445,0.04888888888888855,0.0009773592974385088,attentive,0,2
66.1,False,1.9889650015517835,-2.8062721903497647,4.444444444444445,0.05111111111111064,0.0009741820389258938,attentive,0,2
66.13333333333333,True,0.8240686989102444,-1.949230233271573,4.444444444444445,0.04444444444444429,0.0009758511673320033,attentive,0,2
66.16666666666667,True,-0.8009192465210648,-0.1852439030024048,4.444444444444445,0.04444444444444428,0.0009772175686327907,attentive,0,2
66.2,True,-0.47154535966416133,0.025408325190984793,4.444444444444445,0.04444444444444428,0.000985236705662419,attentive,0,2
66.23333333333333,True,1.599326996741067,-0.21160273344856628,4.444444444444445,0.04444444444444428,0.000980760346743237,attentive,0,2
66.26666666666667,True,2.573074523262143,-1.3757560411327328,4.444444444444445,0.04444444444444428,0.000978419562410208,attentive,0,2
66.3,True,1.8470738784475653,1.5179262507162863,4.444444444444445,0.04444444444444428,0.0009847003235431422,attentive,0,2
66.33333333333333,True,-0.9860397128179719,-1.6912733944129443,4.444444444444445,0.04444444444444428,0.000992788785535911,attentive,0,2
66.36666666666666,True,1.617486131283763,-0.19974550749389863,4.444444444444445,0.04444444444444428,0.0009856286355362455,attentive,0,2
66.4,True,2.4468235946288877,-1.3211587708559462,4.444444444444445,0.04444444444444428,0.0009787239192292534,attentive,0,2
66.43333333333334,True,0.7459520223182337,-1.223114093092939,4.444444444444445,0.04444444444444428,0.0009786351988336868,attentive,0,2
66.46666666666667,True,0.18793776940502482,-1.8368836011644927,4.444444444444445,0.04444444444444428,0.0009844545283437284,attentive,0,2
66.5,True,1.979094011749133,0.5855264357481902,4.444444444444445,0.04444444444444428,0.0009799760422590184,attentive,0,2
66.53333333333333,True,2.2766925817839683,-1.6109535918515965,4.444444444444445,0.04444444444444428,0.0009740670093872276,attentive,0,2
66.56666666666666,True,-0.6051288875178877,-1.4938521783274146,4.444444444444445,0.04444444444444428,0.0009718543234203769,attentive,0,2
66.6,True,1.3304067195921785,1.129505694864735,4.444444444444445,0.04444444444444428,0.0009730200433111856,attentive,0,2
66.63333333333333,True,0.473619000071666,-1.4921002481807828,4.444444444444445,0.04444444444444428,0.0009772820751599675,attentive,0,2
66.66666666666667,True,1.6137922116692782,-1.6786160350284,4.444444444444445,0.04444444444444428,0.000980894006959279,attentive,0,2
66.7,True,-0.725294097859845,-0.6251989804860903,4.444444444444445,0.04444444444444428,0.0009851944067460338,attentive,0,2
66.73333333333333,True,3.4425604544559185,-1.110431781335783,4.444444444444445,0.04444444444444428,0.0009766836908846352,attentive,0,2
66.76666666666667,True,0.7886934156381764,-0.9724330036294667,4.444444444444445,0.04444444444444428,0.0009714602608601841,attentive,0,2
66.8,True,0.5925642174375255,-0.5794596918302392,4.444444444444445,0.04444444444444428,0.0009717877023387477,attentive,0,2
66.83333333333333,True,4.486378559951552,-1.9084959499437117,4.444444444444445,0.04444444444444428,0.0009551849697512185,attentive,0,2
66.86666666666666,True,2.5775465850413246,-1.6716221324551306,4.444444444444445,0.04444444444444428,0.0009513647243819558,attentive,0,2
66.9,True,2.351618472533934,-0.002688830032688827,4.444444444444445,0.04444444444444428,0.0009554428304364193,attentive,0,2
66.93333333333334,True,0.25490060021824323,-0.6143003553542206,4.444444444444445,0.04444444444444428,0.0009599014326997979,attentive,0,2
66.96666666666667,True,2.983055549629826,-1.3260315542404948,4.444444444444445,0.04444444444444428,0.0009531261490562186,attentive,0,2
67.0,True,0.9271263562136479,-2.24267679283363,4.444444444444445,0.04444444444444428,0.0009541426365380337,attentive,0,2
67.03333333333333,True,1.9120572797809137,-0.6570054755359644,4.444444444444445,0.04444444444444428,0.0009509247182736484,attentive,0,2
67.06666666666666,True,0.5572429007448311,-2.468710948198943,4.444444444444445,0.04444444444444428,0.0009505014250461507,attentive,0,2
67.1,True,0.24263804589447424,-1.8617701552001578,4.444444444444445,0.04444444444444428,0.000953652119123483,attentive,0,2
67.13333333333333,True,3.6015751908550175,-0.8388991665566833,4.444444444444445,0.04444444444444428,0.0009448263930631222,attentive,0,2
67.16666666666667,True,1.5781667334325102,-1.5665138157595644,4.444444444444445,0.04444444444444428,0.0009429609248669064,attentive,0,2
67.2,True,0.9003432734528998,-0.7560969819487835,4.444444444444445,0.04444444444444428,0.0009428830489245778,attentive,0,2
67.23333333333333,True,2.9472036413393674,-3.1020252797783456,4.444444444444445,0.04444444444444428,0.0009299754366888801,attentive,0,2
67.26666666666667,True,1.4611132779509066,-0.6004197944991014,4.444444444444445,0.04444444444444428,0.0009288326939432285,attentive,0,2
67.3,True,2.302480474631692,-1.2738782106489503,4.444444444444445,0.04444444444444428,0.0009219998098521595,attentive,0,2
67.33333333333333,True,0.6852538115393775,-2.489066214737737,4.444444444444445,0.04444444444444428,0.0009213479561954192,attentive,0,2
67.36666666666666,True,0.7275622145639482,-1.6708619915000136,4.444444444444445,0.04444444444444428,0.000918755755433355,attentive,0,2
67.4,True,0.2811677791802798,-0.2337384578779984,4.444444444444445,0.04444444444444428,0.0009163077495661842,attentive,0,2
67.43333333333334,True,-0.040977328902086496,0.8075801414606685,4.444444444444445,0.04444444444444428,0.0009204199667806055,attentive,0,2
67.46666666666667,True,2.2839068093855537,-1.801812685506495,4.444444444444445,0.04444444444444428,0.0009127490526408281,attentive,0,2
67.5,True,0.5194667480572339,-0.9566400241857643,4.444444444444445,0.04444444444444428,0.0009171849816160955,attentive,0,2
67.53333333333333,True,3.790807508771845,-1.6159687109778798,4.444444444444445,0.04444444444444428,0.0009066879288305431,attentive,0,2
67.56666666666666,True,0.10177167877051296,-2.765840421279439,4.444444444444445,0.04444444444444428,0.0009016167088263278,attentive,0,2
67.6,True,3.5862595616673882,-2.1706716859818407,4.444444444444445,0.04444444444444428,0.0008901115841706943,attentive,0,2
67.63333333333333,True,3.7823670939508687,0.8853025490163571,4.444444444444445,0.04444444444444428,0.0008831574040500195,attentive,0,2
67.66666666666667,True,0.2863805680811973,-2.0360153219992454,4.444444444444445,0.04444444444444428,0.0008863682711552921,attentive,0,2
67.7,True,-0.9262606582427879,-2.1959334622486177,4.444444444444445,0.04444444444444428,0.0008869246451980279,attentive,0,2
67.73333333333333,True,2.382641245365612,-2.0291552883326673,4.444444444444445,0.04444444444444428,0.000886686185727478,attentive,0,2
67.76666666666667,True,2.949612505490156,-2.910267646562808,4.444444444444445,0.04444444444444428,0.000875232856750647,attentive,0,2
67.8,True,1.7750917774286128,-3.4407939313101084,4.444444444444445,0.04444444444444428,0.0008630512280397378,attentive,0,2
67.83333333333333,True,3.4793504027836777,-2.888026246465072,4.444444444444445,0.04444444444444428,0.0008521513876075127,attentive,0,2
67.86666666666666,True,3.1497201636621908,-0.1155742208869388,4.444444444444445,0.04444444444444428,0.0008465104227394244,attentive,0,2
67.9,True,3.6171699449703856,-1.8695773870872345,4.444444444444445,0.04444444444444428,0.0008339186284791107,attentive,0,2
67.93333333333334,True,2.1734241415795847,-2.1257060074037915,4.444444444444445,0.04444444444444428,0.0008267087562006002,attentive,0,2
67.96666666666667,True,0.9466250747573228,-0.46159642719929694,4.444444444444445,0.04444444444444428,0.000830315176527413,attentive,0,2
68.0,True,2.133499333486934,-0.6274311747627683,4.444444444444445,0.04444444444444428,0.0008246241301766075,attentive,0,2
68.03333333333333,True,0.8008612028637281,-2.383992357155442,4.444444444444445,0.04444444444444428,0.0008127158210938651,attentive,0,2
68.06666666666666,True,1.9302601247451197,-0.9145847689636425,4.444444444444445,0.04444444444444428,0.0008175707581213837,attentive,0,2
68.1,True,-0.8186799094253263,0.05618871506445555,4.444444444444445,0.04444444444444428,0.0008251862546478112,attentive,0,2
68.13333333333333,True,1.7919871342614504,-2.1770306334430964,4.444444444444445,0.04444444444444428,0.0008144429508947753,attentive,0,2
68.16666666666667,True,3.4096688791522265,-1.4324890802545758,4.444444444444445,0.04444444444444428,0.0008136485576966752,attentive,0,2
68.2,True,1.0784034829400984,-1.3583367953725582,4.444444444444445,0.04444444444444428,0.0008139243654962213,attentive,0,2
68.23333333333333,True,3.2399118782845924,-2.5229589101444656,4.444444444444445,0.04444444444444428,0.0008106292242208257,attentive,0,2
68.26666666666667,True,1.3034739600199547,-1.9541928129056525,4.444444444444445,0.04444444444444428,0.0008071130732176138,attentive,0,2
68.3,True,0.8007369524093625,0.42522122431829534,4.444444444444445,0.04444444444444428,0.0008102359845792869,attentive,0,2
68.33333333333333,True,3.723229588671469,-0.31637233777468476,4.444444444444445,0.04444444444444428,0.000806183429606812,attentive,0,2
68.36666666666666,True,2.710330156718787,-2.228694835162103,4.444444444444445,0.04444444444444428,0.0008055277719152561,attentive,0,2
68.4,True,2.1359376502095513,-2.671278697480221,4.444444444444445,0.04444444444444428,0.0008027681865619876,attentive,0,2
68.43333333333334,True,2.9763562717687075,-2.4413919854615966,4.444444444444445,0.04444444444444428,0.0007979277667804765,attentive,0,2
68.46666666666667,True,2.0952285693682247,-1.5262290114972228,4.444444444444445,0.04444444444444428,0.0007891470236770749,attentive,0,2
68.5,True,-0.3683895226329308,-2.6090104678230217,4.444444444444445,0.04444444444444428,0.000791573870434256,attentive,0,2
68.53333333333333,True,5.366337915077704,-3.09918645466115,4.444444444444445,0.04444444444444428,0.0007705497849877507,attentive,0,2
68.56666666666666,True,1.468146468936213,-2.5822392858052527,4.444444444444445,0.04444444444444428,0.0007721471553724603,attentive,0,2
68.6,True,2.426508979877902,-0.8707043687147885,4.444444444444445,0.04444444444444428,0.0007698915789052398,attentive,0,2
68.63333333333333,True,1.0841768672263332,-1.7365234278730572,4.444444444444445,0.04444444444444428,0.0007720554778070907,attentive,0,2
68.66666666666667,True,1.0356100234021897,-0.8131380749840076,4.444444444444445,0.04444444444444428,0.0007720658615953322,attentive,0,2
68.7,True,1.8083540509534812,-1.9681893428302388,4.444444444444445,0.04444444444444428,0.0007698573986704455,attentive,0,2
68.73333333333333,True,2.348816993626664,-1.3077973904254374,4.444444444444445,0.04444444444444428,0.0007597611288746049,attentive,0,2
68.76666666666667,True,3.3355104351485654,-3.3616705201644255,4.444444444444445,0.04444444444444428,0.0007536170249249315,attentive,0,2
68.8,True,2.7124695412783786,-0.9154878993238555,4.444444444444445,0.04444444444444428,0.0007405457849413309,attentive,0,2
68.83333333333333,True,2.6091372487074302,-0.044717395266240745,4.444444444444445,0.04444444444444428,0.0007349407589877415,attentive,0,2
68.86666666666666,True,2.3178620441474935,-0.958833781917386,4.444444444444445,0.04444444444444428,0.000736516082944704,attentive,0,2
68.9,True,2.8810621846569795,-2.4409335626606707,4.444444444444445,0.04444444444444428,0.0007323663334749787,attentive,0,2
68.93333333333334,True,0.3842905786052735,-1.6201963551615426,4.444444444444445,0.04444444444444428,0.0007301976782233235,attentive,0,2
68.96666666666667,True,1.6789381350556112,-1.3745065338954354,4.444444444444445,0.04444444444444428,0.0007301004096585844,attentive,0,2
69.0,False,3.02203833228896,-0.5359128376724298,4.444444444444445,0.04444444444444428,0.0007211277874960454,attentive,0,2
69.03333333333333,False,2.3296640819580614,-2.933592736164033,4.444444444444445,0.04666666666666638,0.0007158972192941807,attentive,0,2
69.06666666666666,False,3.621458273535315,-1.557469513639689,4.444444444444445,0.04888888888888847,0.0007149037389863732,attentive,0,2
69.1,False,2.879762546454935,-1.384994873968597,4.444444444444445,0.051111111111110566,0.0007092379267141532,attentive,0,2
69.13333333333333,True,-0.18499482350826923,-1.2419144530688806,4.444444444444445,0.04444444444444422,0.0007109384269366269,attentive,0,2
69.16666666666667,True,4.005218448219573,-1.3770686260167448,4.444444444444445,0.0444444444444442,0.0007028147585020488,attentive,0,2
69.2,True,0.05457558659031614,-2.3098004879107563,4.444444444444445,0.0444444444444442,0.0007024954028278888,attentive,0,2
69.23333333333333,True,-0.9480971170472108,-2.4815585387145025,4.444444444444445,0.0444444444444442,0.0007133161093196154,attentive,0,2
69.26666666666667,True,-0.9724530504316191,-0.7144134258411565,4.444444444444445,0.0444444444444442,0.0007191787510090578,attentive,0,2
69.3,True,2.53465727017394,-3.017896669064778,4.444444444444445,0.0444444444444442,0.0007075437107876181,attentive,0,2
69.33333333333333,True,1.379945677877647,-1.858064821829715,4.444444444444445,0.0444444444444442,0.0007019388931148688,attentive,0,2
69.36666666666666,True,2.810237139211449,-0.3100319016250985,4.444444444444445,0.0444444444444442,0.000701736879174717,attentive,0,2
69.4,True,1.185629087076129,-2.3487908754531084,4.444444444444445,0.0444444444444442,0.0007018674091900288,attentive,0,2
69.43333333333334,True,3.5570341181189193,-1.3643918072050412,4.444444444444445,0.0444444444444442,0.0006942390338385588,attentive,0,2
69.46666666666667,True,0.06644867306162716,-2.72336971565557,4.444444444444445,0.0444444444444442,0.0006951339772787255,attentive,0,2
69.5,True,1.0954730556184662,-0.5967755573870677,4.444444444444445,0.0444444444444442,0.0006935857868742065,attentive,0,2
69.53333333333333,True,2.8204306077285692,-0.11492059954016831,4.444444444444445,0.0444444444444442,0.0006850996855782917,attentive,0,2
69.56666666666666,True,0.7313395741361979,-2.0858701948489533,4.444444444444445,0.0444444444444442,0.0006795938891681239,attentive,0,2
69.6,True,2.784446454092827,-1.475268662114366,4.444444444444445,0.0444444444444442,0.000670305411662986,attentive,0,2
69.63333333333333,True,2.4589845202601626,-1.4758903841686335,4.444444444444445,0.0444444444444442,0.0006655597586000892,attentive,0,2
69.66666666666667,True,1.4492196441588123,-0.3802473188717723,4.444444444444445,0.0444444444444442,0.000669445722020151,attentive,0,2
69.7,True,3.6041070961493276,-1.918116036633543,4.444444444444445,0.0444444444444442,0.0006619670122384571,attentive,0,2
69.73333333333333,True,1.2803544702020584,-1.714207415410836,4.444444444444445,0.0444444444444442,0.0006581655739010808,attentive,0,2
69.76666666666667,True,0.3414383119383726,-1.3897867804270803,4.444444444444445,0.0444444444444442,0.000663194144488004,attentive,0,2
69.8,True,0.6920752502800562,-1.0889419806690246,4.444444444444445,0.0444444444444442,0.0006685684584424869,attentive,0,2
69.83333333333333,True,2.114168926636953,-1.9371797180028025,4.444444444444445,0.0444444444444442,0.0006668957536341679,attentive,0,2
69.86666666666666,True,-0.5209080352216509,-3.0702102744559694,4.444444444444445,0.0444444444444442,0.0006683397322749291,attentive,0,2
69.9,True,2.3224351269103782,-0.6299647110770945,4.444444444444445,0.0444444444444442,0.0006630429282491724,attentive,0,2
69.93333333333334,True,3.3673016514121206,-1.7970058295035747,4.444444444444445,0.0444444444444442,0.0006566877874129604,attentive,0,2
69.96666666666667,True,2.227560452646693,-1.4678350852912492,4.444444444444445,0.0444444444444442,0.0006589542986087764,attentive,0,2
70.0,True,0.76187098153669,-0.7107137555574128,4.444444444444445,0.0444444444444442,0.0006667360611109737,attentive,0,2
70.03333333333333,True,1.308345693957666,-3.3707594068347966,4.444444444444445,0.0444444444444442,0.0006674395906827082,attentive,0,2
70.06666666666666,True,-0.19458620870192056,-1.6847042274889021,4.444444444444445,0.0444444444444442,0.0006667937277359897,attentive,0,2
70.1,True,4.4288460307814965,-1.344461480236606,4.444444444444445,0.0444444444444442,0.0006607371625877521,attentive,0,2
70.13333333333333,True,2.169881134537744,-0.9030531061099267,4.444444444444445,0.0444444444444442,0.000654746073894081,attentive,0,2
70.16666666666667,True,2.9939440828145085,-0.4517781549991007,4.444444444444445,0.0444444444444442,0.0006501920752970997,attentive,0,2
70.2,True,4.671350313805615,-1.7437913555777074,4.444444444444445,0.0444444444444442,0.0006368788394342097,attentive,0,2
70.23333333333333,True,-0.2229848528847609,-1.635096481780563,4.444444444444445,0.0444444444444442,0.0006409237293517298,attentive,0,2
70.26666666666667,True,3.926770382611484,-1.8832818203751196,4.444444444444445,0.0444444444444442,0.0006339798580909952,attentive,0,2
70.3,True,3.5620970817979885,-3.297405870922044,4.444444444444445,0.0444444444444442,0.0006188711562351857,attentive,0,2
70.33333333333333,True,3.4940314112733697,-1.7334527556583832,4.444444444444445,0.0444444444444442,0.0006062696486559512,attentive,0,2
70.36666666666666,True,4.779245654768257,-1.0487704503558013,4.444444444444445,0.0444444444444442,0.0005984075387602627,attentive,0,2
70.4,True,1.3565150535688222,-0.49402360753286634,4.444444444444445,0.0444444444444442,0.0006025462551974681,attentive,0,2
70.43333333333334,True,2.0954069641273736,-0.7371633782121767,4.444444444444445,0.0444444444444442,0.0006053090240092174,attentive,0,2
70.46666666666667,True,2.616837616879183,0.12338588168622411,4.444444444444445,0.0444444444444442,0.0006023370401948564,attentive,0,2
70.5,True,3.556309219892282,-2.8608994510982364,4.444444444444445,0.0444444444444442,0.0005958942564232896,attentive,0,2
70.53333333333333,True,2.161834141029702,0.40975498843639,4.444444444444445,0.0444444444444442,0.0005943738260858316,attentive,0,2
70.56666666666666,True,2.220906699480042,-1.1614036516797195,4.444444444444445,0.0444444444444442,0.0005913451737046087,attentive,0,2
70.6,True,2.285518286186557,-2.549523522985167,4.444444444444445,0.0444444444444442,0.0005931435145801324,attentive,0,2
70.63333333333333,True,1.5163159105067479,-2.103156771440824,4.444444444444445,0.0444444444444442,0.0005966868407994549,attentive,0,2
70.66666666666667,True,1.20973794128124,-1.134798715315268,4.444444444444445,0.0444444444444442,0.0005944536711346209,attentive,0,2
70.7,True,0.40157280557627484,-2.5794648958118467,4.444444444444445,0.0444444444444442,0.0005931952748707944,attentive,0,2
70.73333333333333,True,1.8459429548171469,-2.7187337200266413,4.444444444444445,0.0444444444444442,0.000594942389149148,attentive,0,2
70.76666666666667,True,1.7676315464074819,-2.442261258255642,4.444444444444445,0.0444444444444442,0.0005905554347336912,attentive,0,2
70.8,True,1.3061073554169644,-1.3166634411019418,4.444444444444445,0.0444444444444442,0.0005845571360165044,attentive,0,2
70.83333333333333,True,-0.41792240641685385,-3.6934715311744872,4.444444444444445,0.0444444444444442,0.0005771213773103836,attentive,0,2
70.86666666666666,True,2.6996558066400005,-3.4881737695112687,4.444444444444445,0.0444444444444442,0.0005695971493467497,attentive,0,2
70.9,True,3.6994888788525975,-2.366164096321727,4.444444444444445,0.0444444444444442,0.0005646833386180404,attentive,0,2
70.93333333333334,True,3.884630413268802,-2.0776130104916866,4.444444444444445,0.0444444444444442,0.0005582920258855826,attentive,0,2
70.96666666666667,True,-0.5680406729655458,-1.4149749317724245,4.444444444444445,0.0444444444444442,0.0005636387395428982,attentive,0,2
71.0,True,1.594306053619892,-3.666841320394289,4.444444444444445,0.0444444444444442,0.0005616451539950992,attentive,0,2
71.03333333333333,True,2.6928257332281644,-1.7652813572533936,4.444444444444445,0.0444444444444442,0.0005621559146166337,attentive,0,2
71.06666666666666,True,2.6961104403560294,-1.4048296595495242,4.444444444444445,0.0444444444444442,0.000553600829217355,attentive,0,2
71.1,True,1.7287012748802972,-1.9943232945503333,4.444444444444445,0.0444444444444442,0.0005504549527559202,attentive,0,2
71.13333333333333,True,1.7454597004475112,-0.6173855349523325,4.444444444444445,0.0444444444444442,0.0005446874114939879,attentive,0,2
71.16666666666667,True,2.9917616413262804,0.6850665538192995,4.444444444444445,0.0444444444444442,0.0005428330509037666,attentive,0,2
71.2,True,2.8761080117536246,-0.6981579650317102,4.444444444444445,0.0444444444444442,0.0005455157639229793,attentive,0,2
71.23333333333333,True,3.5955591663427238,-2.6517426113785665,4.444444444444445,0.0444444444444442,0.0005351644331286421,attentive,0,2
71.26666666666667,True,0.661993902257298,-1.5233481219167506,4.444444444444445,0.0444444444444442,0.0005331876529796133,attentive,0,2
71.3,True,3.1920273865281876,-3.9490118582187668,4.444444444444445,0.0444444444444442,0.0005283587134993405,attentive,0,2
71.33333333333333,True,-0.8427241521338873,-3.226934355489777,4.444444444444445,0.0444444444444442,0.0005297659661972279,attentive,0,2
71.36666666666666,True,2.2017393815366235,-1.4352278343420766,4.444444444444445,0.0444444444444442,0.0005256949314110211,attentive,0,2
71.4,True,3.1629691679901044,-2.373098477298423,4.444444444444445,0.0444444444444442,0.0005269034893733736,attentive,0,2
71.43333333333334,True,2.029970957777337,-1.6800510845351924,4.444444444444445,0.0444444444444442,0.0005244967916789146,attentive,0,2
71.46666666666667,True,4.015799051213666,-1.1653944951345094,4.444444444444445,0.0444444444444442,0.0005202072601556965,attentive,0,2
71.5,True,4.95534058269606,-2.3279015832251315,4.444444444444445,0.0444444444444442,0.0005042666962951023,attentive,0,2
71.53333333333333,True,0.5653524826983825,-1.342378829139913,4.444444444444445,0.0444444444444442,0.000500788693035471,attentive,0,2
71.56666666666666,True,3.1208957399047184,-1.8342067046088713,4.444444444444445,0.0444444444444442,0.0004928002613365306,attentive,0,2
71.6,True,2.995326829251136,-1.930899139331163,4.444444444444445,0.0444444444444442,0.0004883097543486468,attentive,0,2
71.63333333333333,True,4.574329880653809,-1.338343640869605,4.444444444444445,0.0444444444444442,0.00047456474629223793,attentive,0,2
71.66666666666667,True,0.2586837948494609,-2.20795423429705,4.444444444444445,0.0444444444444442,0.0004779200339863169,attentive,0,2
71.7,True,5.428988417232628,-1.8542708980899405,4.444444444444445,0.0444444444444442,0.0004661605532570557,attentive,0,2
71.73333333333333,True,1.8226632057185133,-3.1001463355937537,4.444444444444445,0.0444444444444442,0.00046210113498818466,attentive,0,2
71.76666666666667,True,2.564773722173219,-2.0146734731686258,4.444444444444445,0.0444444444444442,0.0004531679791374403,attentive,0,2
71.8,True,2.564014434436719,-1.0327620344963946,4.444444444444445,0.0444444444444442,0.00045393614282176754,attentive,0,2
71.83333333333333,True,2.466902623465308,-3.136406521588222,4.444444444444445,0.0444444444444442,0.0004524666668265852,attentive,0,2
71.86666666666666,True,2.612421487171706,-1.224471727583785,4.444444444444445,0.0444444444444442,0.0004486094091968189,attentive,0,2
71.9,True,3.685463556445239,-1.470929651310195,4.444444444444445,0.0444444444444442,0.0004491031536222663,attentive,0,2
71.93333333333334,True,1.471686621893245,-1.3021090520060645,4.444444444444445,0.0444444444444442,0.00044513742951118553,attentive,0,2
71.96666666666667,True,2.5913650107556565,-2.8327773273828387,4.444444444444445,0.0444444444444442,0.00044226910876543445,attentive,0,2
72.0,False,3.2722432780957087,-1.107960386002571,4.444444444444445,0.0444444444444442,0.0004393721752977833,attentive,0,2
72.03333333333333,False,4.740946037506191,-1.6102444735253634,4.444444444444445,0.0466666666666663,0.00043154732134365216,attentive,0,2
72.06666666666666,False,1.7940628659852769,-0.3968353439732877,4.444444444444445,0.0488888888888884,0.0004317002676903324,attentive,0,2
72.1,False,1.8351998412758326,-2.0847568994930437,4.444444444444445,0.05111111111111049,0.0004364149610327615,attentive,0,2
72.13333333333333,True,1.670781764359505,-1.3958184963988287,4.444444444444445,0.04444444444444415,0.0004438521203019046,attentive,0,2
72.16666666666667,True,2.849927364569967,-2.697139994896957,4.444444444444445,0.04444444444444414,0.0004513937395727049,attentive,0,2
72.2,True,1.028635121658427,-2.1378091596177615,4.444444444444445,0.04444444444444414,0.0004581087690952655,attentive,0,2
72.23333333333333,True,2.2423768786744613,-1.4934763004619378,4.444444444444445,0.04444444444444414,0.0004601102797256684,attentive,0,2
72.26666666666667,True,1.9376420402021781,-2.8212182860904607,4.444444444444445,0.04444444444444414,0.0004662741102684609,attentive,0,2
72.3,True,0.7472690127562056,-2.33038841613932,4.444444444444445,0.04444444444444414,0.0004806820599211328,attentive,0,2
72.33333333333333,True,3.444588912197244,-1.535305757824175,4.444444444444445,0.04444444444444414,0.00047619941301142856,attentive,0,2
72.36666666666666,True,1.2484466938648493,-1.397573535354022,4.444444444444445,0.04444444444444414,0.0004799106682208734,attentive,0,2
72.4,True,4.339943376740367,-1.9492316437559534,4.444444444444445,0.04444444444444414,0.00047839329934695936,attentive,0,2
72.43333333333334,True,-0.3701244659604015,-0.9921280043936888,4.444444444444445,0.04444444444444414,0.0004852440300521756,attentive,0,2
72.46666666666667,True,1.2876185357306582,-3.320080848726934,4.444444444444445,0.04444444444444414,0.0004973391030932992,attentive,0,2
72.5,True,4.469536754969692,-2.729286685323848,4.444444444444445,0.04444444444444414,0.0005082175754977197,attentive,0,2
72.53333333333333,True,1.3542612400602154,-2.659145768641569,4.444444444444445,0.04444444444444414,0.0005137286042357131,attentive,0,2
72.56666666666666,True,3.1211404319109297,-0.8396114537440631,4.444444444444445,0.04444444444444414,0.0005181234762190095,attentive,0,2
72.6,True,3.830777620526741,-3.034418487300288,4.444444444444445,0.04444444444444414,0.0005217742783097833,attentive,0,2
72.63333333333333,True,2.567514478700011,-3.105827401788044,4.444444444444445,0.04444444444444414,0.0005280479450338433,attentive,0,2
72.66666666666667,True,1.3196216539993735,-2.3124976086231386,4.444444444444445,0.04444444444444414,0.000532033593585755,attentive,0,2
72.7,True,3.3130287717192797,-1.9816289362999693,4.444444444444445,0.04444444444444414,0.0005402345072668664,attentive,0,2
72.73333333333333,True,5.7677765988265755,-3.1930856360944224,4.444444444444445,0.04444444444444414,0.000546594139749361,attentive,0,2
72.76666666666667,True,1.1262437716624187,-2.424475389510352,4.444444444444445,0.04444444444444414,0.0005578754855613369,attentive,0,2
72.8,True,3.085040535281527,0.4603815738911645,4.444444444444445,0.04444444444444414,0.0005570050983416238,attentive,0,2
72.83333333333333,True,0.7334033727366602,-0.6759798869142146,4.444444444444445,0.04444444444444414,0.000563983846181153,attentive,0,2
72.86666666666666,True,3.7449113931814444,-3.414347137362297,4.444444444444445,0.04444444444444414,0.0005629678663863231,attentive,0,2
72.9,True,2.4208539759454792,-4.27344044671579,4.444444444444445,0.04444444444444414,0.0005717808582396972,attentive,0,2
72.93333333333334,True,1.6503437345032093,-1.6305829283570303,4.444444444444445,0.04444444444444414,0.0005798913201003584,attentive,0,2
72.96666666666667,True,3.3174944608450336,-1.7899176165198032,4.444444444444445,0.04444444444444414,0.0005814216574532907,attentive,0,2
73.0,True,2.9493677137604277,0.6017317112307805,4.444444444444445,0.04444444444444414,0.0005834670300675337,attentive,0,2
73.03333333333333,True,1.181064566297312,-2.629229474180648,4.444444444444445,0.04444444444444414,0.0005948605696332646,attentive,0,2
73.06666666666666,True,2.973394062350501,-2.1771420275288156,4.444444444444445,0.04444444444444414,0.0005952452650253193,attentive,0,2
73.1,True,3.4984851292224652,-1.972452154840902,4.444444444444445,0.04444444444444414,0.000600760495725953,attentive,0,2
73.13333333333333,True,0.2946799923627941,-2.4864810562270776,4.444444444444445,0.04444444444444414,0.000612540479089069,attentive,0,2
73.16666666666667,True,3.6824353072265774,-2.1025229830415917,4.444444444444445,0.04444444444444414,0.000622485326364166,attentive,0,2
73.2,True,4.60946310227651,-2.864897845528112,4.444444444444445,0.04444444444444414,0.0006232871012873341,attentive,0,2
73.23333333333333,True,2.827720700488635,-2.7357655896849318,4.444444444444445,0.04444444444444414,0.0006217654209231373,attentive,0,2
73.26666666666667,True,1.6697083288493846,-1.770477579369316,4.444444444444445,0.04444444444444414,0.0006323471567576869,attentive,0,2
73.3,True,1.4899467975946346,-2.1057307765284263,4.444444444444445,0.04444444444444414,0.0006358799548503251,attentive,0,2
73.33333333333333,True,-0.046977081241907914,-2.781038849736161,4.444444444444445,0.04444444444444414,0.0006454398900115905,attentive,0,2
73.36666666666666,True,3.3252603641952905,-3.2690953672310434,4.444444444444445,0.04444444444444414,0.0006553567338728849,attentive,0,2
73.4,True,2.601430206621947,-1.9296517417317063,4.444444444444445,0.04444444444444414,0.000664115206040309,attentive,0,2
73.43333333333334,True,2.2658619959782,-3.1353599728438457,4.444444444444445,0.04444444444444414,0.0006746777750084276,attentive,0,2
73.46666666666667,True,4.704732637266464,0.6993473253988665,4.444444444444445,0.04444444444444414,0.0006735318959911506,attentive,0,2
73.5,True,3.741097050459017,-3.352209022835246,4.444444444444445,0.04444444444444414,0.0006820912105726436,attentive,0,2
73.53333333333333,True,3.217538103163108,-2.0651210775944264,4.444444444444445,0.04444444444444414,0.0006948817569725416,attentive,0,2
73.56666666666666,True,4.7521223119232445,-2.2607438146112564,4.444444444444445,0.04444444444444414,0.0006961731709738425,attentive,0,2
73.6,True,-2.1721224496306606,-3.6811560417658216,4.444444444444445,0.04444444444444414,0.0007117066088431355,attentive,0,2
73.63333333333333,True,4.533896407622265,-4.131807314813125,4.444444444444445,0.04444444444444414,0.0007164456848820529,attentive,0,2
73.66666666666667,True,5.280665587017941,-2.373382115078208,4.444444444444445,0.04444444444444414,0.000710271467978056,attentive,0,2
73.7,True,1.6951534175466545,-1.2214333444190881,4.444444444444445,0.04444444444444414,0.0007168038259748688,attentive,0,2
73.73333333333333,True,2.374514549224115,-1.0318686205134417,4.444444444444445,0.04444444444444414,0.0007236880432468825,attentive,0,2
73.76666666666667,True,1.2207073058180336,-0.9239303086544186,4.444444444444445,0.04444444444444414,0.0007388503208221887,attentive,0,2
73.8,True,4.183512521022036,-2.963634320317825,4.444444444444445,0.04444444444444414,0.0007464262072927997,attentive,0,2
73.83333333333333,True,3.1474575991283773,-1.5184182107742576,4.444444444444445,0.04444444444444414,0.0007456386914955341,attentive,0,2
73.86666666666666,True,2.4170970086321173,-1.1613173506778174,4.444444444444445,0.04444444444444414,0.0007505146308778212,attentive,0,2
73.9,True,3.788433942632584,-2.7558206817348974,4.444444444444445,0.04444444444444414,0.0007534422673452856,attentive,0,2
73.93333333333334,True,3.0914831589699476,-1.4410599965930693,4.444444444444445,0.04444444444444414,0.0007609077635800853,attentive,0,2
73.96666666666667,True,-0.4039902006463434,-1.2922048969863602,4.444444444444445,0.04444444444444414,0.0007747752726763228,attentive,0,2
74.0,True,-0.8345580998991222,-2.8894721908181387,4.444444444444445,0.04444444444444414,0.0008026381967986829,attentive,0,2
74.03333333333333,True,1.2113471467773893,-2.3077755237334463,4.444444444444445,0.04444444444444414,0.0008032223453256929,attentive,0,2
74.06666666666666,True,-0.09867963934324697,-0.31333749955445556,4.444444444444445,0.04444444444444414,0.0008182630189316588,attentive,0,2
74.1,True,3.737513933739942,-1.8695649884866141,4.444444444444445,0.04444444444444414,0.0008239972184413559,attentive,0,2
74.13333333333333,True,1.271914692701929,-0.6499372713191414,4.444444444444445,0.04444444444444414,0.0008308913661027588,attentive,0,2
74.16666666666667,True,2.617125291142766,-0.7994095845342271,4.444444444444445,0.04444444444444414,0.0008341333975513705,attentive,0,2
74.2,True,-0.6805154464647982,-1.9113085533777228,4.444444444444445,0.04444444444444414,0.0008413618636616756,attentive,0,2
74.23333333333333,True,4.478581325738302,-2.171387580099771,4.444444444444445,0.04444444444444414,0.0008378653017170784,attentive,0,2
74.26666666666667,True,1.9861519550029805,-0.7157940965280831,4.444444444444445,0.04444444444444414,0.0008493934083136264,attentive,0,2
74.3,True,2.723410123251777,-2.2185430747750363,4.444444444444445,0.04444444444444414,0.0008528321162914879,attentive,0,2
74.33333333333333,True,4.177739279694273,-1.5614684784639574,4.444444444444445,0.04444444444444414,0.0008540527839770246,attentive,0,2
74.36666666666666,True,1.2123976795694182,-2.9921897521942435,4.444444444444445,0.04444444444444414,0.0008629961981553284,attentive,0,2
74.4,True,2.9552124450992863,-1.5791414281753604,4.444444444444445,0.04444444444444414,0.000866268131482676,attentive,0,2
74.43333333333334,True,3.566376588813155,-2.4762503835386562,4.444444444444445,0.04444444444444414,0.0008717901223468166,attentive,0,2
74.46666666666667,True,5.020475444258232,-2.6787060592041096,4.444444444444445,0.04444444444444414,0.0008698256179048764,attentive,0,2
74.5,True,3.102357168167289,-3.189012147700696,4.444444444444445,0.04444444444444414,0.0008716642982022437,attentive,0,2
74.53333333333333,True,3.026966834352513,-2.4922327145276846,4.444444444444445,0.04444444444444414,0.0008774073051512377,attentive,0,2
74.56666666666666,True,3.890538413891213,-1.653268888831587,4.444444444444445,0.04444444444444414,0.0008815939886719557,attentive,0,2
74.6,True,2.9092238451268484,-2.0003287952769107,4.444444444444445,0.04444444444444414,0.0008871491105591595,attentive,0,2
74.63333333333333,True,4.573237349655672,-0.9005015843731226,4.444444444444445,0.04444444444444414,0.0008893271477356385,attentive,0,2
74.66666666666667,True,1.8028667845385054,-2.5165477474312157,4.444444444444445,0.04444444444444414,0.0008944238009043975,attentive,0,2
74.7,True,1.456564641255234,-1.9971183617887696,4.444444444444445,0.04444444444444414,0.0009005132930964262,attentive,0,2
74.73333333333333,True,3.3224155840925813,-1.4293021600932123,4.444444444444445,0.04444444444444414,0.0008965263711527016,attentive,0,2
74.76666666666667,True,2.8959173232201745,-1.9779414215618665,4.444444444444445,0.04444444444444414,0.0008942892328867071,attentive,0,2
74.8,True,-0.17410777962300283,-1.1085518969052415,4.444444444444445,0.04444444444444414,0.0009006343284576661,attentive,0,2
74.83333333333333,True,4.369787340177834,-1.689396883228067,4.444444444444445,0.04444444444444414,0.0008874102941679238,attentive,0,2
74.86666666666666,True,5.366622763850117,-2.1639595295846097,4.444444444444445,0.04444444444444414,0.0008893440394064724,attentive,0,2
74.9,True,2.648137203951368,-1.1350027063768708,4.444444444444445,0.04444444444444414,0.0008960958330092791,attentive,0,2
74.93333333333334,True,4.097089939099186,0.19153104385601516,4.444444444444445,0.04444444444444414,0.0008893428993039414,attentive,0,2
74.96666666666667,True,1.19274895510046,-3.316303457475544,4.444444444444445,0.04444444444444414,0.0009055613705332474,attentive,0,2
75.0,False,3.2398309110867873,-0.8834726217393438,4.444444444444445,0.04444444444444414,0.0009058450936807296,attentive,0,2
75.03333333333333,False,2.979071871911398,-1.984375912949349,4.444444444444445,0.04666666666666624,0.0009105290883686525,attentive,0,2
75.06666666666666,False,2.184357740356825,-2.354750893438965,4.444444444444445,0.04888888888888833,0.0009185687366256395,attentive,0,2
75.1,False,0.8403965499143728,-1.0676518884862605,4.444444444444445,0.05111111111111043,0.0009242664799553536,attentive,0,2
75.13333333333333,True,3.8744673293807432,-1.471343685687021,4.444444444444445,0.04444444444444408,0.0009270295086254707,attentive,0,2
75.16666666666667,True,3.267581046119292,-2.8320622636693633,4.444444444444445,0.044444444444444065,0.0009306993876153557,attentive,0,2
75.2,True,4.037947828373106,-1.9964510087816767,4.444444444444445,0.044444444444444065,0.0009310128677744836,attentive,0,2
75.23333333333333,True,4.281461394848841,-2.1795447960530794,4.444444444444445,0.044444444444444065,0.0009308608126610889,attentive,0,2
75.26666666666667,True,1.6501917863110034,-1.8937584484990175,4.444444444444445,0.044444444444444065,0.0009408926454901386,attentive,0,2
75.3,True,4.894763129298804,-0.4233494086134162,4.444444444444445,0.044444444444444065,0.0009382780621388805,attentive,0,2
75.33333333333333,True,2.599816990134708,-2.5940134034916955,4.444444444444445,0.044444444444444065,0.0009424205917729861,attentive,0,2
75.36666666666666,True,3.3567361621547827,-2.1449917492975374,4.444444444444445,0.044444444444444065,0.0009431696526024493,attentive,0,2
75.4,True,0.0035021819249352326,-1.4965658400700756,4.444444444444445,0.044444444444444065,0.0009515477869374302,attentive,0,2
75.43333333333334,True,0.8440605065793889,-3.6452456496505965,4.444444444444445,0.044444444444444065,0.0009634937174834069,attentive,0,2
75.46666666666667,True,1.273439325301525,-1.4504476288727934,4.444444444444445,0.044444444444444065,0.0009787009641399587,attentive,0,2
75.5,True,-0.03272158574979045,-1.2009376018846663,4.444444444444445,0.044444444444444065,0.0009923298033551059,attentive,0,2
75.53333333333333,True,0.6140183959151453,-0.7787005358280081,4.444444444444445,0.044444444444444065,0.0010038375552142724,attentive,0,2
75.56666666666666,True,2.701193067684828,-1.4241248656217036,4.444444444444445,0.044444444444444065,0.0010004090873363789,attentive,0,2
75.6,True,3.5518400172846567,-2.6995559915721348,4.444444444444445,0.044444444444444065,0.0010061802184314632,attentive,0,2
75.63333333333333,True,4.174600100710745,-1.2877211412505516,4.444444444444445,0.044444444444444065,0.001005810349142088,attentive,0,2
75.66666666666667,True,-0.05614587398126325,-2.0048670752363362,4.444444444444445,0.044444444444444065,0.0010145120905987472,attentive,0,2
75.7,True,1.2989098232820862,-0.5730642592566411,4.444444444444445,0.044444444444444065,0.0010227968319457626,attentive,0,2
75.73333333333333,True,4.671280783584628,-1.90362799210571,4.444444444444445,0.044444444444444065,0.0010218117549242473,attentive,0,2
75.76666666666667,True,3.553295775525868,-2.8921398037150423,4.444444444444445,0.044444444444444065,0.0010324596361819486,attentive,0,2
75.8,True,1.00111460566229,-1.6510974974707373,4.444444444444445,0.044444444444444065,0.0010450029218314599,attentive,0,2
75.83333333333333,True,-0.9201114365294298,-1.6269930653337343,4.444444444444445,0.044444444444444065,0.0010563125992102823,attentive,0,2
75.86666666666666,True,2.8704078401395,-0.428707117884636,4.444444444444445,0.044444444444444065,0.0010639982034783822,attentive,0,2
75.9,True,1.0428523026060836,-2.565139711811936,4.444444444444445,0.044444444444444065,0.0010703427671942302,attentive,0,2
75.93333333333334,True,3.0632328062194865,-2.2966963558802167,4.444444444444445,0.044444444444444065,0.0010729566300978518,attentive,0,2
75.96666666666667,True,4.65954579335088,-1.2698906376841066,4.444444444444445,0.044444444444444065,0.0010703001290428911,attentive,0,2
76.0,True,3.4793522981910705,-1.9076492594914933,4.444444444444445,0.044444444444444065,0.0010710632352637698,attentive,0,2
76.03333333333333,True,-1.0386598365261999,0.22863278698525158,4.444444444444445,0.044444444444444065,0.0010881554926122626,attentive,0,2
76.06666666666666,True,1.6622126136209647,-3.459823027624977,4.444444444444445,0.044444444444444065,0.0011033472768950062,attentive,0,2
76.1,True,2.0243407566661853,0.504918719021433,4.444444444444445,0.044444444444444065,0.0011094907786655494,attentive,0,2
76.13333333333333,True,1.0327010124264282,-3.081136978874044,4.444444444444445,0.044444444444444065,0.0011237819670134957,attentive,0,2
76.16666666666667,True,3.059677112285875,-1.6001562560162566,4.444444444444445,0.044444444444444065,0.001135051177382759,attentive,0,2
76.2,True,3.321442403105745,-2.7969096726002776,4.444444444444445,0.044444444444444065,0.001144818572119473,attentive,0,2
76.23333333333333,True,2.7784784681882475,-2.509501131591714,4.444444444444445,0.044444444444444065,0.0011492708537953538,attentive,0,2
76.26666666666667,True,3.5322735670897893,-2.5932023698814692,4.444444444444445,0.044444444444444065,0.001153352716041906,attentive,0,2
76.3,True,3.0092643963298302,-2.4235620910373044,4.444444444444445,0.044444444444444065,0.0011605923884897209,attentive,0,2
76.33333333333333,True,3.6168466498030436,-2.606693117342055,4.444444444444445,0.044444444444444065,0.0011637872895078945,attentive,0,2
76.36666666666666,True,2.183795747553308,-1.123515232402939,4.444444444444445,0.044444444444444065,0.001168487317270821,attentive,0,2
76.4,True,0.6841884836101397,-0.9865307692749457,4.444444444444445,0.044444444444444065,0.0011762441641274802,attentive,0,2
76.43333333333334,True,2.6290783976095895,-2.2005774831465663,4.444444444444445,0.044444444444444065,0.0011710250227425245,attentive,0,2
76.46666666666667,True,1.054964277223673,-1.6740737539337474,4.444444444444445,0.044444444444444065,0.001174001828788615,attentive,0,2
76.5,True,4.060500665590499,0.21678672156383683,4.444444444444445,0.044444444444444065,0.0011685463998788175,attentive,0,2
76.53333333333333,True,3.552993613387822,-0.9679131504746296,4.444444444444445,0.044444444444444065,0.0011709614803685434,attentive,0,2
76.56666666666666,True,4.1479616196842635,-0.955455528671806,4.444444444444445,0.044444444444444065,0.0011695469488166449,attentive,0,2
76.6,True,5.115133815181014,-3.2164620216526068,4.444444444444445,0.044444444444444065,0.0011752882670857138,attentive,0,2
76.63333333333333,True,3.790713163677891,-1.6832825091166546,4.444444444444445,0.044444444444444065,0.0011784272472425193,attentive,0,2
76.66666666666667,True,3.5327931091468407,-2.3092135271674077,4.444444444444445,0.044444444444444065,0.0011784498461592581,attentive,0,2
76.7,True,2.1182078357474654,-4.359646075126793,4.444444444444445,0.044444444444444065,0.0011919528791476848,attentive,0,2
76.73333333333333,True,0.8006900657687717,-1.9621511529877909,4.444444444444445,0.044444444444444065,0.0011985624082061074,attentive,0,2
76.76666666666667,True,1.6996412488854453,-3.1008840638543793,4.444444444444445,0.044444444444444065,0.0012035808666222393,attentive,0,2
76.8,True,9.029669665550118,-1.4347933421117063,4.444444444444445,0.044444444444444065,0.001190242494769313,attentive,0,2
76.83333333333333,True,4.5844567041277084,-1.40848052556868,4.444444444444445,0.044444444444444065,0.0011908114215170554,attentive,0,2
76.86666666666666,True,3.5771048409246933,-1.9279817574083808,4.444444444444445,0.044444444444444065,0.0011891574677441144,attentive,0,2
76.9,True,2.4172881792419494,-2.8720064627086446,4.444444444444445,0.044444444444444065,0.0011985792364173776,attentive,0,2
76.93333333333334,True,5.099265350255429,-0.736980568741361,4.444444444444445,0.044444444444444065,0.0011956370032613099,attentive,0,2
76.96666666666667,True,1.8255562924486526,-2.3448235434134386,4.444444444444445,0.044444444444444065,0.0012014366484026811,attentive,0,2
77.0,True,-0.12358231731190639,-3.3285019471935495,4.444444444444445,0.044444444444444065,0.0012147076462999823,attentive,0,2
77.03333333333333,True,2.537980539945824,-2.476153799704086,4.444444444444445,0.044444444444444065,0.0012192574148209168,attentive,0,2
77.06666666666666,True,4.784362445170309,-2.979547528931564,4.444444444444445,0.044444444444444065,0.0012244162581276914,attentive,0,2
77.1,True,2.4685182968074715,-2.3329796214915652,4.444444444444445,0.044444444444444065,0.0012301633582588241,attentive,0,2
77.13333333333333,True,0.13781707555240352,-0.9051399268932016,4.444444444444445,0.044444444444444065,0.0012469682501503915,attentive,0,2
77.16666666666667,True,3.130002957640582,-2.2050893199999995,4.444444444444445,0.044444444444444065,0.00125139625609736,attentive,0,2
77.2,True,1.559558043581001,-3.5567100436487395,4.444444444444445,0.044444444444444065,0.0012572051919604275,attentive,0,2
77.23333333333333,True,1.819557335004594,-1.2849012352293887,4.444444444444445,0.044444444444444065,0.0012622975575390912,attentive,0,2
77.26666666666667,True,2.1159067423162305,-2.9100897063182227,4.444444444444445,0.044444444444444065,0.0012655605683805644,attentive,0,2
77.3,True,3.533051563175963,-1.8034993851543568,4.444444444444445,0.044444444444444065,0.0012695163838983307,attentive,0,2
77.33333333333333,True,1.7666370090972503,-1.844897032739304,4.444444444444445,0.044444444444444065,0.0012747124731954133,attentive,0,2
77.36666666666666,True,0.6517812251255366,0.28853261537896513,4.444444444444445,0.044444444444444065,0.001283551993472205,attentive,0,2
77.4,True,2.9576531670760406,-3.0194167800510714,4.444444444444445,0.044444444444444065,0.0012847587750970091,attentive,0,2
77.43333333333334,True,0.7707507764434558,-0.6881766958855656,4.444444444444445,0.044444444444444065,0.0012980606349157243,attentive,0,2
77.46666666666667,True,0.4150870185944955,-1.747736672093176,4.444444444444445,0.044444444444444065,0.0013079091574275483,attentive,0,2
77.5,True,5.945199558221427,-1.3668538809400095,4.444444444444445,0.044444444444444065,0.0013028032058938826,attentive,0,2
77.53333333333333,True,4.1203806841511605,-1.4118894239854283,4.444444444444445,0.044444444444444065,0.0013038277510734346,attentive,0,2
77.56666666666666,True,1.4162606796587625,-2.003612328152031,4.444444444444445,0.044444444444444065,0.0013164027627413479,attentive,0,2
77.6,True,1.9551395738486097,-1.182423381534442,4.444444444444445,0.044444444444444065,0.0013205188364817945,attentive,0,2
77.63333333333333,True,7.159174691833995,-2.7545410587535093,4.444444444444445,0.044444444444444065,0.0013074561506134434,attentive,0,2
77.66666666666667,True,4.72543690583956,-2.166621892106303,4.444444444444445,0.044444444444444065,0.0013051501053395402,attentive,0,2
77.7,True,3.4349661381517573,-0.6876869512918906,4.444444444444445,0.044444444444444065,0.0013064656366441598,attentive,0,2
77.73333333333333,True,3.39645101508264,-1.640310852393199,4.444444444444445,0.044444444444444065,0.001315989656685157,attentive,0,2
77.76666666666667,True,3.7770703093408975,-0.6730736366885679,4.444444444444445,0.044444444444444065,0.0013164695128716356,attentive,0,2
77.8,True,4.208195259783783,0.17971064300366124,4.444444444444445,0.044444444444444065,0.001309602587111109,attentive,0,2
77.83333333333333,True,3.2190985974984,-5.369681461857612,4.444444444444445,0.044444444444444065,0.001323948599751967,attentive,0,2
77.86666666666666,True,2.0668874177817464,-2.216581359685039,4.444444444444445,0.044444444444444065,0.001327874900776193,attentive,0,2
77.9,True,2.5441787903095614,-0.2650823190611671,4.444444444444445,0.044444444444444065,0.0013313090426967144,attentive,0,2
77.93333333333334,True,2.6873997271127497,-1.94755862497554,4.444444444444445,0.044444444444444065,0.0013286164453717834,attentive,0,2
77.96666666666667,True,2.5558371864493954,-1.9799429171143919,4.444444444444445,0.044444444444444065,0.0013304080927923258,attentive,0,2
78.0,False,4.14559695843505,-0.7866215846245678,4.444444444444445,0.044444444444444065,0.0013249226291751827,attentive,0,2
78.03333333333333,False,1.1032918346484082,-1.7336065749110876,4.444444444444445,0.04666666666666616,0.0013327493753998395,attentive,0,2
78.06666666666666,False,1.3781680884838097,-0.7140901424985886,4.444444444444445,0.04888888888888826,0.0013359210939188214,attentive,0,2
78.1,False,4.5567163054583935,-3.1420637938453417,4.444444444444445,0.05111111111111035,0.0013358159641816102,attentive,0,2
78.13333333333333,True,5.552565494837103,-1.1876280551952894,4.444444444444445,0.04444444444444401,0.001330022482303585,attentive,0,2
78.16666666666667,True,1.5688094482639796,-2.094001540196115,4.444444444444445,0.044444444444443995,0.0013342425137716234,attentive,0,2
78.2,True,1.5652201731499034,-2.0660646096747053,4.444444444444445,0.044444444444443995,0.0013408399417828812,attentive,0,2
78.23333333333333,True,3.829399102736837,-3.9147579252720908,4.444444444444445,0.044444444444443995,0.001336882351007482,attentive,0,2
78.26666666666667,True,3.383458289366069,-0.7973015023066963,4.444444444444445,0.044444444444443995,0.001338942448802117,attentive,0,2
78.3,True,1.9259504748579546,-1.4444534867446903,4.444444444444445,0.044444444444443995,0.0013457117905069154,attentive,0,2
78.33333333333333,True,2.299557537054901,-2.385157863519284,4.444444444444445,0.044444444444443995,0.0013483726761890202,attentive,0,2
78.36666666666666,True,-2.380297962554942,-0.8545956851814388,4.444444444444445,0.044444444444443995,0.001356328304446933,attentive,0,2
78.4,True,0.8368353656677181,-2.3636590293448787,4.444444444444445,0.044444444444443995,0.0013554186365228537,attentive,0,2
78.43333333333334,True,1.4063332244203863,-0.2790877307946915,4.444444444444445,0.044444444444443995,0.0013618519958461086,attentive,0,2
78.46666666666667,True,5.472827403324553,-0.7753610008879347,4.444444444444445,0.044444444444443995,0.00136187521305098,attentive,0,2
78.5,True,3.722826402880957,-2.707856523981996,4.444444444444445,0.044444444444443995,0.0013652038592824726,attentive,0,2
78.53333333333333,True,2.3191023838460407,-0.9584203690681845,4.444444444444445,0.044444444444443995,0.001375420475198036,attentive,0,2
78.56666666666666,True,3.4295894457311835,-2.62282284553495,4.444444444444445,0.044444444444443995,0.0013889386717118972,attentive,0,2
78.6,True,4.849103849911333,-1.4889604484604575,4.444444444444445,0.044444444444443995,0.0013858143222650933,attentive,0,2
78.63333333333333,True,4.879923642083484,-0.7921581196545342,4.444444444444445,0.044444444444443995,0.0013880140495539659,attentive,0,2
78.66666666666667,True,0.3706084241407135,0.07609341814992598,4.444444444444445,0.044444444444443995,0.0013905821412849833,attentive,0,2
78.7,True,1.481391483281019,-2.416060495701136,4.444444444444445,0.044444444444443995,0.0013906909303309793,attentive,0,2
78.73333333333333,True,4.869531156760377,-0.9779231980135461,4.444444444444445,0.044444444444443995,0.0013864515526258285,attentive,0,2
78.76666666666667,True,1.7420008126874376,-1.9788796867526233,4.444444444444445,0.044444444444443995,0.001392054945398847,attentive,0,2
78.8,True,1.5422024007707895,-1.7546726028611832,4.444444444444445,0.044444444444443995,0.0014033802845342075,attentive,0,2
78.83333333333333,True,0.868761045735825,-3.516798042849836,4.444444444444445,0.044444444444443995,0.0014090778820822865,attentive,0,2
78.86666666666666,True,1.932493263330739,-1.0124837775365547,4.444444444444445,0.044444444444443995,0.0014120817182803806,attentive,0,2
78.9,True,1.5673547712510403,-1.721019543794912,4.444444444444445,0.044444444444443995,0.0014137256049856336,attentive,0,2
78.93333333333334,True,3.3347833567066516,-1.751123566260198,4.444444444444445,0.044444444444443995,0.0014134822592383692,attentive,0,2
78.96666666666667,True,0.7741837132605851,-1.5424891233438642,4.444444444444445,0.044444444444443995,0.001422233958236385,attentive,0,2
79.0,True,3.4445382445275543,-0.9375709827076808,4.444444444444445,0.044444444444443995,0.001426372763673045,attentive,0,2
79.03333333333333,True,6.35682589822377,-1.4890967980971954,4.444444444444445,0.044444444444443995,0.001417940440405632,attentive,0,2
79.06666666666666,True,0.29935148128843414,-3.5052886339992666,4.444444444444445,0.044444444444443995,0.0014322028528251326,attentive,0,2
79.1,True,4.351669803201611,-2.0024796582506674,4.444444444444445,0.044444444444443995,0.0014331257702816748,attentive,0,2
79.13333333333333,True,6.634981410497787,-0.6339158390343781,4.444444444444445,0.044444444444443995,0.0014285346450529513,attentive,0,2
79.16666666666667,True,2.3592871436413647,-1.266441261909117,4.444444444444445,0.044444444444443995,0.001432880880117188,attentive,0,2
79.2,True,3.965949137860286,-0.6578457937808709,4.444444444444445,0.044444444444443995,0.0014322901515125515,attentive,0,2
79.23333333333333,True,1.926378205476773,-2.8835388724899502,4.444444444444445,0.044444444444443995,0.0014432225588415627,attentive,0,2
79.26666666666667,True,5.276706851974716,-1.2197485935912498,4.444444444444445,0.044444444444443995,0.0014448373200716476,attentive,0,2
79.3,True,-0.6963834647068996,-1.4503805414142044,4.444444444444445,0.044444444444443995,0.001453220506456856,attentive,0,2
79.33333333333333,True,2.007950347779796,-1.9457704184193587,4.444444444444445,0.044444444444443995,0.0014611691008449977,attentive,0,2
79.36666666666666,True,0.8659895096325685,-3.1292324172314188,4.444444444444445,0.044444444444443995,0.0014694289836623153,attentive,0,2
79.4,True,2.377955144120647,-0.2715143336845208,4.444444444444445,0.044444444444443995,0.001471784425073673,attentive,0,2
79.43333333333334,True,4.255933211718549,-0.5466499959079549,4.444444444444445,0.044444444444443995,0.001470777441424112,attentive,0,2
79.46666666666667,True,1.2235114205707813,-2.0832755443108413,4.444444444444445,0.044444444444443995,0.0014755898185975077,attentive,0,2
79.5,True,1.7445740595994634,0.9208430480556886,4.444444444444445,0.044444444444443995,0.0014730311037028678,attentive,0,2
79.53333333333333,True,4.733502602852202,0.664164727093747,4.444444444444445,0.044444444444443995,0.001470979004687829,attentive,0,2
79.56666666666666,True,5.919553167663903,-1.2862327666301747,4.444444444444445,0.044444444444443995,0.0014619413138638837,attentive,0,2
79.6,True,0.004103476809387274,-1.4092742114059995,4.444444444444445,0.044444444444443995,0.0014704956389984098,attentive,0,2
79.63333333333333,True,3.356079402482547,-1.7704697883278655,4.444444444444445,0.044444444444443995,0.0014701889059037015,attentive,0,2
79.66666666666667,True,3.8977740788721054,-1.9154668858465558,4.444444444444445,0.044444444444443995,0.0014670333475593337,attentive,0,2
79.7,True,5.318909760770717,0.4668832533237166,4.444444444444445,0.044444444444443995,0.0014584903567675868,attentive,0,2
79.73333333333333,True,2.532531360499783,-0.3317161333129077,4.444444444444445,0.044444444444443995,0.001460031340896075,attentive,0,2
79.76666666666667,True,3.1138885070963207,-0.41302234441441377,4.444444444444445,0.044444444444443995,0.0014604095226081228,attentive,0,2
79.8,True,1.0662796276644397,-2.119671581978214,4.444444444444445,0.044444444444443995,0.0014662503973461487,attentive,0,2
79.83333333333333,True,6.228790264049609,-0.34969469922826457,4.444444444444445,0.044444444444443995,0.0014589374602168117,attentive,0,2
79.86666666666666,True,5.418416558982133,-0.3497804351543272,4.444444444444445,0.044444444444443995,0.0014551640926205446,attentive,0,2
79.9,True,2.208729274739519,-1.0819900127863615,4.444444444444445,0.044444444444443995,0.0014529776720825123,attentive,0,2
79.93333333333334,True,2.9773122511533643,-0.8350000726135167,4.444444444444445,0.044444444444443995,0.00144854311444138,attentive,0,2
79.96666666666667,True,3.797261312087706,-0.43721566493542274,4.444444444444445,0.044444444444443995,0.0014441816380083928,attentive,0,2
80.0,True,5.119460675527098,-1.1442511898397818,4.444444444444445,0.044444444444443995,0.0014393307501671415,attentive,0,2
80.03333333333333,True,0.1276418331727509,-1.3596336573311867,4.444444444444445,0.044444444444443995,0.001442188449239002,attentive,0,2
80.06666666666666,True,3.484438165592957,-1.257345110570853,4.444444444444445,0.044444444444443995,0.001443689792451701,attentive,0,2
80.1,True,4.075716749423171,-2.248259932428594,4.444444444444445,0.044444444444443995,0.0014412410894059924,attentive,0,2
80.13333333333333,True,4.429327934441858,-0.08126026254623775,4.444444444444445,0.044444444444443995,0.0014362194295164433,attentive,0,2
80.16666666666667,True,2.9978875056095515,-1.007397571922393,4.444444444444445,0.044444444444443995,0.0014390164920859306,attentive,0,2
80.2,True,3.1208884628170694,-1.7182526355178958,4.444444444444445,0.044444444444443995,0.0014378508809005522,attentive,0,2
80.23333333333333,True,4.040842568344784,-1.6190727524907083,4.444444444444445,0.044444444444443995,0.0014396090724799627,attentive,0,2
80.26666666666667,True,4.199675738431886,-0.8489099817457244,4.444444444444445,0.044444444444443995,0.001438512731448067,attentive,0,2
80.3,True,2.2708442269215783,-1.8163813509353814,4.444444444444445,0.044444444444443995,0.0014520026890317518,attentive,0,2
80.33333333333333,True,4.670854354712277,-1.0966701891578574,4.444444444444445,0.044444444444443995,0.0014491574668134156,attentive,0,2
80.36666666666666,True,2.128940489913151,-1.6806837866710098,4.444444444444445,0.044444444444443995,0.0014433081916189142,attentive,0,2
80.4,True,1.887004342179213,-3.237091715554189,4.444444444444445,0.044444444444443995,0.00143738099951508,attentive,0,2
80.43333333333334,True,1.4683074741354594,-0.3194687470136801,4.444444444444445,0.044444444444443995,0.0014447697635702145,attentive,0,2
80.46666666666667,True,0.5417471588229543,-0.24986927471966847,4.444444444444445,0.044444444444443995,0.0014540034893058766,attentive,0,2
80.5,True,2.06880980071298,-1.6784705642522806,4.444444444444445,0.044444444444443995,0.0014573782356287533,attentive,0,2
80.53333333333333,True,3.43201902802035,-2.2946032888410866,4.444444444444445,0.044444444444443995,0.0014650499149859134,attentive,0,2
80.56666666666666,True,2.148990630664903,-0.6344407166814754,4.444444444444445,0.044444444444443995,0.0014650600225421192,attentive,0,2
80.6,True,-0.18866986542129194,-1.1559056624964794,4.444444444444445,0.044444444444443995,0.0014803742689652797,attentive,0,2
80.63333333333333,True,5.5314845281768115,-0.4431190736323663,4.444444444444445,0.044444444444443995,0.001472584669259886,attentive,0,2
80.66666666666667,True,3.756693851739986,0.6710639402666676,4.444444444444445,0.044444444444443995,0.0014678820419262403,attentive,0,2
80.7,True,1.695108814120918,-1.5977694116408057,4.444444444444445,0.044444444444443995,0.0014712540806205857,attentive,0,2
80.73333333333333,True,1.1499014687801394,0.816959880693563,4.444444444444445,0.044444444444443995,0.0014728201083668124,attentive,0,2
80.76666666666667,True,4.062318015458895,-1.0563044851923487,4.444444444444445,0.044444444444443995,0.0014726250951562496,attentive,0,2
80.8,True,4.662086193026038,-1.9100364641465535,4.444444444444445,0.044444444444443995,0.0014720598506601811,attentive,0,2
80.83333333333333,True,5.190019120184303,-1.0172618055790212,4.444444444444445,0.044444444444443995,0.0014717233840705233,attentive,0,2
80.86666666666666,True,5.433942100554045,-0.47739626307341454,4.444444444444445,0.044444444444443995,0.0014659824021626758,attentive,0,2
80.9,True,0.8437554184347285,-2.8389166284764165,4.444444444444445,0.044444444444443995,0.0014760478277294035,attentive,0,2
80.93333333333334,True,1.7531926253147576,-1.2534729514240321,4.444444444444445,0.044444444444443995,0.0014795251584042842,attentive,0,2
80.96666666666667,True,3.3301636986803205,-1.946772190499345,4.444444444444445,0.044444444444443995,0.0014833285459866985,attentive,0,2
81.0,False,3.6043768795902134,0.74571904543565,4.444444444444445,0.044444444444443995,0.0014831254101040714,attentive,0,2
81.03333333333333,False,3.2043450610836763,-0.7281318110650691,4.444444444444445,0.04666666666666609,0.0014857335486779658,attentive,0,2
81.06666666666666,False,1.9454188792765397,-0.45518158469229236,4.444444444444445,0.04888888888888819,0.0014916752230679374,attentive,0,2
81.1,False,1.1192883971756649,-0.13742628607500929,4.444444444444445,0.05111111111111028,0.001493097488572404,attentive,0,2
81.13333333333333,True,1.533654293511135,-0.5107034394421723,4.444444444444445,0.04444444444444395,0.0015013945083967365,attentive,0,2
81.16666666666667,True,2.805509959923669,-2.074219103909037,4.444444444444445,0.044444444444443926,0.0015115906512481168,attentive,0,2
81.2,True,1.051132683134738,0.5185881323037006,4.444444444444445,0.044444444444443926,0.0015087526944377043,attentive,0,2
81.23333333333333,True,3.474784261318192,-0.5583330742244025,4.444444444444445,0.044444444444443926,0.0015078132834238514,attentive,0,2
81.26666666666667,True,4.873825572219744,0.806291704292067,4.444444444444445,0.044444444444443926,0.0015030403776926074,attentive,0,2
81.3,True,5.026241277916046,0.19310081305490712,4.444444444444445,0.044444444444443926,0.001497576969488062,attentive,0,2
81.33333333333333,True,1.850161878114914,-0.8070308891413864,4.444444444444445,0.044444444444443926,0.0014949334399701067,attentive,0,2
81.36666666666666,True,4.1268681544985775,0.21988277403241896,4.444444444444445,0.044444444444443926,0.001493615016542312,attentive,0,2
81.4,True,5.711491591830489,-0.8330860190992864,4.444444444444445,0.044444444444443926,0.0014880774048489434,attentive,0,2
81.43333333333334,True,-0.2753056645003493,-0.24175388398954684,4.444444444444445,0.044444444444443926,0.0014986089092064525,attentive,0,2
81.46666666666667,True,3.6679637530239693,-2.8651906759169794,4.444444444444445,0.044444444444443926,0.0014982227692496599,attentive,0,2
81.5,True,2.5122465125350866,0.7193062200346345,4.444444444444445,0.044444444444443926,0.0014951074292600072,attentive,0,2
81.53333333333333,True,1.4197400683253827,1.3372180751178626,4.444444444444445,0.044444444444443926,0.0014997778053351474,attentive,0,2
81.56666666666666,True,6.502839904525983,-0.32458176435035,4.444444444444445,0.044444444444443926,0.0014890344344482267,attentive,0,2
81.6,True,3.199605167445551,1.2607667085766314,4.444444444444445,0.044444444444443926,0.0014893956383919054,attentive,0,2
81.63333333333333,True,3.1152720640114957,-2.545458243842857,4.444444444444445,0.044444444444443926,0.0014886415026543285,attentive,0,2
81.66666666666667,True,3.9477150700157653,-0.7166431298515124,4.444444444444445,0.044444444444443926,0.001485725777833543,attentive,0,2
81.7,True,1.6180953950908488,-1.371258981231552,4.444444444444445,0.044444444444443926,0.0014861599567613224,attentive,0,2
81.73333333333333,True,0.5409296695512906,-2.271059819703332,4.444444444444445,0.044444444444443926,0.0014946639788384541,attentive,0,2
81.76666666666667,True,3.370854578806578,-2.5582965440874506,4.444444444444445,0.044444444444443926,0.0014894051025388857,attentive,0,2
81.8,True,6.387370103954401,-1.106415457488676,4.444444444444445,0.044444444444443926,0.0014870384220833552,attentive,0,2
81.83333333333333,True,3.72978742636133,-2.9429927579984154,4.444444444444445,0.044444444444443926,0.0014845097528705484,attentive,0,2
81.86666666666666,True,2.403486069261635,-2.8070222958166697,4.444444444444445,0.044444444444443926,0.0014930251660957646,attentive,0,2
81.9,True,1.6836536074014452,-1.3925623515727255,4.444444444444445,0.044444444444443926,0.0014923844175572742,attentive,0,2
81.93333333333334,True,1.9706153380200804,-1.7333390319269284,4.444444444444445,0.044444444444443926,0.0014982653616934212,attentive,0,2
81.96666666666667,True,3.8106177632735294,-0.12909763426856585,4.444444444444445,0.044444444444443926,0.0014976306033910806,attentive,0,2
82.0,True,2.136164089627638,-1.9293343049654057,4.444444444444445,0.044444444444443926,0.0015001241834150338,attentive,0,2
82.03333333333333,True,3.9637630584169945,0.2725589068248687,4.444444444444445,0.044444444444443926,0.0014982127820304648,attentive,0,2
82.06666666666666,True,5.213679169125824,-1.2510903426702962,4.444444444444445,0.044444444444443926,0.0014979338143484553,attentive,0,2
82.1,True,4.634304372548638,-0.5280488026870364,4.444444444444445,0.044444444444443926,0.0014928026305928146,attentive,0,2
82.13333333333333,True,1.3450813404306972,-0.5223676338040875,4.444444444444445,0.044444444444443926,0.0014969351351765848,attentive,0,2
82.16666666666667,True,2.3876123504423536,-1.8045101356375728,4.444444444444445,0.044444444444443926,0.0014894072872580315,attentive,0,2
82.2,True,3.6824237952639765,-0.5914779141684547,4.444444444444445,0.044444444444443926,0.0014814950664528274,attentive,0,2
82.23333333333333,True,1.2679006374767434,1.24857746630938,4.444444444444445,0.044444444444443926,0.001484069592152114,attentive,0,2
82.26666666666667,True,4.298548117158451,0.556637599432084,4.444444444444445,0.044444444444443926,0.0014774106299563906,attentive,0,2
82.3,True,3.964602561957933,-0.7722643058151542,4.444444444444445,0.044444444444443926,0.0014719397787757462,attentive,0,2
82.33333333333333,True,2.9635369046914715,0.18512522003434811,4.444444444444445,0.044444444444443926,0.0014714155693879298,attentive,0,2
82.36666666666666,True,2.9568204837642704,-0.017276328074939784,4.444444444444445,0.044444444444443926,0.001465146610232045,attentive,0,2
82.4,True,4.270460317477408,0.05197405444495545,4.444444444444445,0.044444444444443926,0.001457355698751787,attentive,0,2
82.43333333333334,True,4.88502545760244,-0.5710170297526285,4.444444444444445,0.044444444444443926,0.001449181639877531,attentive,0,2
82.46666666666667,True,5.448586496899475,-0.8214555413425148,4.444444444444445,0.044444444444443926,0.0014360020942838145,attentive,0,2
82.5,True,3.1177757612439474,-0.5126166872117195,4.444444444444445,0.044444444444443926,0.0014350005982526435,attentive,0,2
82.53333333333333,True,6.373029539523699,1.1871234520903562,4.444444444444445,0.044444444444443926,0.0014258723748444288,attentive,0,2
82.56666666666666,True,5.60714895370738,-0.3124003601257067,4.444444444444445,0.044444444444443926,0.0014194178817470752,attentive,0,2
82.6,True,2.240562368607465,-0.5516852341811397,4.444444444444445,0.044444444444443926,0.00141155447171586,attentive,0,2
82.63333333333333,True,0.5675531835279206,-1.1637606228713724,4.444444444444445,0.044444444444443926,0.0014209095362088522,attentive,0,2
82.66666666666667,True,1.1840437257866,-2.3303034453624143,4.444444444444445,0.044444444444443926,0.0014236844869214241,attentive,0,2
82.7,True,1.3062535747794584,-0.9700578833208777,4.444444444444445,0.044444444444443926,0.001429451240657715,attentive,0,2
82.73333333333333,True,1.808062992980168,1.3397408339858972,4.444444444444445,0.044444444444443926,0.0014248797391680566,attentive,0,2
82.76666666666667,True,3.532219250306999,-0.15100972145398023,4.444444444444445,0.044444444444443926,0.0014198016998867497,attentive,0,2
82.8,True,2.6432217710186054,-1.2592191587462933,4.444444444444445,0.044444444444443926,0.0014117184077209596,attentive,0,2
82.83333333333333,True,3.812267868496285,0.691613881630906,4.444444444444445,0.044444444444443926,0.0014036955226111798,attentive,0,2
82.86666666666666,True,0.9344650854543188,1.0243767651543125,4.444444444444445,0.044444444444443926,0.0014005755025594223,attentive,0,2
82.9,True,5.758973441223351,-0.7690018271881185,4.444444444444445,0.044444444444443926,0.0013843593228345134,attentive,0,2
82.93333333333334,True,2.026347061761145,-0.8024484703333672,4.444444444444445,0.044444444444443926,0.0013756770181248413,attentive,0,2
82.96666666666667,True,2.9756779360253787,0.41448303602610104,4.444444444444445,0.044444444444443926,0.0013713916929058757,attentive,0,2
83.0,True,4.0596024183869535,-0.046609499221868356,4.444444444444445,0.044444444444443926,0.0013656818353300548,attentive,0,2
83.03333333333333,True,2.393595827313087,-0.184980365906673,4.444444444444445,0.044444444444443926,0.001368676480416858,attentive,0,2
83.06666666666666,True,1.5377257891001253,-0.9346487295295007,4.444444444444445,0.044444444444443926,0.0013711134376404024,attentive,0,2
83.1,True,5.48391735498946,-1.8349090461820983,4.444444444444445,0.044444444444443926,0.0013589210307409748,attentive,0,2
83.13333333333333,True,2.8302545182168024,-0.5672834876658276,4.444444444444445,0.044444444444443926,0.001362216101188769,attentive,0,2
83.16666666666667,True,3.59722074334366,0.6921187971914179,4.444444444444445,0.044444444444443926,0.001358949952835867,attentive,0,2
83.2,True,2.121113530994445,-0.7904611461466083,4.444444444444445,0.044444444444443926,0.0013582615900621302,attentive,0,2
83.23333333333333,True,3.4727459920494175,-0.7938916362143797,4.444444444444445,0.044444444444443926,0.0013554830892048278,attentive,0,2
83.26666666666667,True,3.53667137322972,-0.7792746583016681,4.444444444444445,0.044444444444443926,0.0013559127295791104,attentive,0,2
83.3,True,0.9678140397991617,-0.4542474769016124,4.444444444444445,0.044444444444443926,0.0013608066175178073,attentive,0,2
83.33333333333333,True,4.869327386218419,-0.09486994893869459,4.444444444444445,0.044444444444443926,0.0013584706997952444,attentive,0,2
83.36666666666666,True,-0.8451905520287837,-0.17353981562421725,4.444444444444445,0.044444444444443926,0.0013717568867614067,attentive,0,2
83.4,True,5.1646304803713345,1.3762521256572269,4.444444444444445,0.044444444444443926,0.0013618577144456562,attentive,0,2
83.43333333333334,True,2.735870960522923,-0.22001953692213505,4.444444444444445,0.044444444444443926,0.0013570432169029232,attentive,0,2
83.46666666666667,True,1.4478662754136247,1.5003636301467644,4.444444444444445,0.044444444444443926,0.0013470521375204317,attentive,0,2
83.5,True,2.8454501287271348,1.2601297133524056,4.444444444444445,0.044444444444443926,0.0013406804300815807,attentive,0,2
83.53333333333333,True,2.8289479081382116,-0.9955002043361342,4.444444444444445,0.044444444444443926,0.0013439701649749739,attentive,0,2
83.56666666666666,True,2.7868923441141877,2.3434933296563187,4.444444444444445,0.044444444444443926,0.0013356982344784022,attentive,0,2
83.6,True,6.844168715324722,0.23824335904741084,4.444444444444445,0.044444444444443926,0.0013197005253098321,attentive,0,2
83.63333333333333,True,2.4311830990843832,0.7553228241406876,4.444444444444445,0.044444444444443926,0.0013170267444610416,attentive,0,2
83.66666666666667,True,1.262391707804483,-1.1324861095868195,4.444444444444445,0.044444444444443926,0.0013161945360799017,attentive,0,2
83.7,True,2.945003475053754,-0.7975597492435236,4.444444444444445,0.044444444444443926,0.0013207028890592238,attentive,0,2
83.73333333333333,True,2.2160004066359322,1.1884507324550204,4.444444444444445,0.044444444444443926,0.001324638237007629,attentive,0,2
83.76666666666667,True,3.1820543409066095,1.1518595885757543,4.444444444444445,0.044444444444443926,0.0013138321880852484,attentive,0,2
83.8,True,1.4692815695121058,-1.3217623911211582,4.444444444444445,0.044444444444443926,0.001317039888288396,attentive,0,2
83.83333333333333,True,1.724923022916997,-0.8331016291597862,4.444444444444445,0.044444444444443926,0.0013127689806987255,attentive,0,2
83.86666666666666,True,2.904217906042636,-0.12261458917431964,4.444444444444445,0.044444444444443926,0.0013062636569000773,attentive,0,2
83.9,True,2.8902530451767974,-0.7756205467299426,4.444444444444445,0.044444444444443926,0.0013031300912714398,attentive,0,2
83.93333333333334,True,1.6318680803824221,-0.1255816596310781,4.444444444444445,0.044444444444443926,0.0013028494196503275,attentive,0,2
83.96666666666667,True,3.1053972843946775,1.2187943931903462,4.444444444444445,0.044444444444443926,0.0012953137299894686,attentive,0,2
84.0,False,4.46324329309137,-0.08824922417195227,4.444444444444445,0.044444444444443926,0.0012815538618648115,attentive,0,2
84.03333333333333,False,-1.6542907202260548,-0.6562408436220657,4.444444444444445,0.046666666666666023,0.001287395814244663,attentive,0,2
84.06666666666666,False,2.5931257300761783,0.4444456399527133,4.444444444444445,0.04888888888888812,0.0012845974979592595,attentive,0,2
84.1,False,2.422290230867864,-0.1767506217690032,4.444444444444445,0.05111111111111021,0.0012905455104725125,attentive,0,2
84.13333333333333,True,1.1799254216332142,1.157673333642583,4.444444444444445,0.044444444444443884,0.0012970427392100807,attentive,0,2
84.16666666666667,True,1.1138230336700026,0.05336125370913736,4.444444444444445,0.044444444444443856,0.0012986472909843178,attentive,0,2
84.2,True,3.2006062544549936,0.023754459394510707,4.444444444444445,0.044444444444443856,0.0012873068777052256,attentive,0,2
84.23333333333333,True,1.6802973520245148,-0.5898278731132853,4.444444444444445,0.044444444444443856,0.0012877032766191484,attentive,0,2
84.26666666666667,True,3.2216572077268313,-0.47185804381967844,4.444444444444445,0.044444444444443856,0.0012785148487261054,attentive,0,2
84.3,True,1.181640734448469,-1.6556875664095536,4.444444444444445,0.044444444444443856,0.0012778613544539412,attentive,0,2
84.33333333333333,True,4.4156070235413285,-0.5957720352955072,4.444444444444445,0.044444444444443856,0.0012661918832870761,attentive,0,2
84.36666666666666,True,0.3053186106794308,-1.721023463554332,4.444444444444445,0.044444444444443856,0.0012704213651010905,attentive,0,2
84.4,True,6.641174224579066,0.8079457035204892,4.444444444444445,0.044444444444443856,0.001256117533592368,attentive,0,2
84.43333333333334,True,2.2486880755212404,0.6258135868867412,4.444444444444445,0.044444444444443856,0.001249880834254089,attentive,0,2
84.46666666666667,True,3.9764822583825863,-0.30200866343909033,4.444444444444445,0.044444444444443856,0.001239603603799614,attentive,0,2
84.5,True,0.43033146344274575,0.7666625788769644,4.444444444444445,0.044444444444443856,0.0012476092506467735,attentive,0,2
84.53333333333333,True,3.8008923357075304,0.287447408137553,4.444444444444445,0.044444444444443856,0.0012428290962521258,attentive,0,2
84.56666666666666,True,2.605399142624984,0.12663722802767868,4.444444444444445,0.044444444444443856,0.0012449975517547893,attentive,0,2
84.6,True,2.2172988759691967,0.04312323766649506,4.444444444444445,0.044444444444443856,0.0012473546215149365,attentive,0,2
84.63333333333333,True,3.1866908458570737,1.1624811656408673,4.444444444444445,0.044444444444443856,0.0012366989432882939,attentive,0,2
84.66666666666667,True,3.0120289382364414,0.7316721257729999,4.444444444444445,0.044444444444443856,0.0012304506631333266,attentive,0,2
84.7,True,1.8923271604841463,-0.9106184624604607,4.444444444444445,0.044444444444443856,0.0012310511359051627,attentive,0,2
84.73333333333333,True,5.369127235229251,-1.2955701839484253,4.444444444444445,0.044444444444443856,0.0012226117710290845,attentive,0,2
84.76666666666667,True,4.308480516564149,-0.096354708126202,4.444444444444445,0.044444444444443856,0.0012140776584061274,attentive,0,2
84.8,True,0.941905936878286,-0.33297534739064133,4.444444444444445,0.044444444444443856,0.0012203937939841104,attentive,0,2
84.83333333333333,True,2.0205724453340785,0.3461087755879011,4.444444444444445,0.044444444444443856,0.0012162507064871382,attentive,0,2
84.86666666666666,True,2.587234407626093,-1.4205788207720684,4.444444444444445,0.044444444444443856,0.0012080585995813322,attentive,0,2
84.9,True,-0.12510033367766527,-0.4368470831924492,4.444444444444445,0.044444444444443856,0.0012096605237884783,attentive,0,2
84.93333333333334,True,3.090795859485052,-0.031036221731160274,4.444444444444445,0.044444444444443856,0.0012069202833789963,attentive,0,2
84.96666666666667,True,-0.4421007793702265,1.3975558130388672,4.444444444444445,0.044444444444443856,0.0012104413331728867,attentive,0,2
85.0,True,4.489227879736379,0.5543751007476935,4.444444444444445,0.044444444444443856,0.0012004027888816585,attentive,0,2
85.03333333333333,True,5.382004208759158,-1.099672271831968,4.444444444444445,0.044444444444443856,0.0011963206014610488,attentive,0,2
85.06666666666666,True,1.4323631074940253,0.48524525112257166,4.444444444444445,0.044444444444443856,0.0011985251688609703,attentive,0,2
85.1,True,3.30017541187888,-0.6916815544111559,4.444444444444445,0.044444444444443856,0.0011986100902508855,attentive,0,2
85.13333333333333,True,-0.206370936294078,0.7966855722624961,4.444444444444445,0.044444444444443856,0.0011992181179862479,attentive,0,2
85.16666666666667,True,2.317170889233391,0.5243834122341717,4.444444444444445,0.044444444444443856,0.0011974073933174057,attentive,0,2
85.2,True,1.221640370971659,-0.7894262703539195,4.444444444444445,0.044444444444443856,0.001197262682043229,attentive,0,2
85.23333333333333,True,1.5994998369098687,-1.1172309355154955,4.444444444444445,0.044444444444443856,0.001199643458047903,attentive,0,2
85.26666666666667,True,4.550015049140422,-0.14256102449409547,4.444444444444445,0.044444444444443856,0.0011930389033743061,attentive,0,2
85.3,True,0.5171627367704184,-0.816785063380012,4.444444444444445,0.044444444444443856,0.001202880811239329,attentive,0,2
85.33333333333333,True,-0.18735070069434467,-0.009516291794784748,4.444444444444445,0.044444444444443856,0.0012097158638750306,attentive,0,2
85.36666666666666,True,2.72676495970546,-1.8421203571144629,4.444444444444445,0.044444444444443856,0.0012109022647721099,attentive,0,2
85.4,True,1.341415082591536,1.2634691326473055,4.444444444444445,0.044444444444443856,0.0012067555571483807,attentive,0,2
85.43333333333334,True,2.277389816992311,0.7324555254233298,4.444444444444445,0.044444444444443856,0.0012022500464745622,attentive,0,2
85.46666666666667,True,2.1259539320455327,0.8634797721340997,4.444444444444445,0.044444444444443856,0.0011978409325820347,attentive,0,2
85.5,True,0.7657345391990127,0.8341238184917961,4.444444444444445,0.044444444444443856,0.0011981633285873252,attentive,0,2
85.53333333333333,True,2.497456310216546,0.9490639727005118,4.444444444444445,0.044444444444443856,0.0011849255504444987,attentive,0,2
85.56666666666666,True,4.7494330211756255,1.1664064959187281,4.444444444444445,0.044444444444443856,0.0011689578531476632,attentive,0,2
85.6,True,0.8445929703792485,1.257728894113948,4.444444444444445,0.044444444444443856,0.0011638538991520404,attentive,0,2
85.63333333333333,True,2.5193170327531638,0.40942321422090616,4.444444444444445,0.044444444444443856,0.0011601824271278538,attentive,0,2
85.66666666666667,True,2.2543885536238104,1.414819811247464,4.444444444444445,0.044444444444443856,0.001159141207402998,attentive,0,2
85.7,True,2.463278018632166,-0.06789855294723235,4.444444444444445,0.044444444444443856,0.001160743197314852,attentive,0,2
85.73333333333333,True,3.935836885055833,-0.09470065667148053,4.444444444444445,0.044444444444443856,0.0011605721514309129,attentive,0,2
85.76666666666667,True,2.7887571516113923,-1.6527474845799877,4.444444444444445,0.044444444444443856,0.0011534586896976497,attentive,0,2
85.8,True,0.5770553527868056,0.4445124167348268,4.444444444444445,0.044444444444443856,0.001154477633372129,attentive,0,2
85.83333333333333,True,2.5258329260475385,0.3172347052593239,4.444444444444445,0.044444444444443856,0.001142995294084547,attentive,0,2
85.86666666666666,True,-0.5421148263144966,1.7747273719539058,4.444444444444445,0.044444444444443856,0.0011482665923917116,attentive,0,2
85.9,True,3.6128850537975192,0.2822780837987298,4.444444444444445,0.044444444444443856,0.0011399030925905791,attentive,0,2
85.93333333333334,True,0.6483333998532057,-2.0025951538507885,4.444444444444445,0.044444444444443856,0.0011398166216539701,attentive,0,2
85.96666666666667,True,1.522205930927029,-0.10249952856641797,4.444444444444445,0.044444444444443856,0.001144136356404279,attentive,0,2
86.0,True,4.459827046093769,1.3260652398324029,4.444444444444445,0.044444444444443856,0.0011346888906525283,attentive,0,2
86.03333333333333,True,0.0921190870278008,1.2251369824715916,4.444444444444445,0.044444444444443856,0.0011369030221055957,attentive,0,2
86.06666666666666,True,1.3723864158629056,-0.5175235395369162,4.444444444444445,0.044444444444443856,0.0011377117707064774,attentive,0,2
86.1,True,3.5998962824413314,0.016954667482663832,4.444444444444445,0.044444444444443856,0.0011363974202851443,attentive,0,2
86.13333333333333,True,4.43225681171048,-0.1280799578790619,4.444444444444445,0.044444444444443856,0.001127688031408538,attentive,0,2
86.16666666666667,True,2.6427808501134527,-0.027066472237974204,4.444444444444445,0.044444444444443856,0.0011233109256376336,attentive,0,2
86.2,True,3.435541620017231,1.3271043212196343,4.444444444444445,0.044444444444443856,0.0011073623432782725,attentive,0,2
86.23333333333333,True,3.9999257988240022,1.3663360315323305,4.444444444444445,0.044444444444443856,0.0010958339339116445,attentive,0,2
86.26666666666667,True,1.7289708036910476,0.19319324575423813,4.444444444444445,0.044444444444443856,0.0010938420427024755,attentive,0,2
86.3,True,3.141691502943589,1.4091789717047905,4.444444444444445,0.044444444444443856,0.0010925257034048632,attentive,0,2
86.33333333333333,True,0.5451336793500356,1.4991802163035728,4.444444444444445,0.044444444444443856,0.0010883875350517196,attentive,0,2
86.36666666666666,True,0.09778143283125118,-0.21522004098893288,4.444444444444445,0.044444444444443856,0.001097874828309675,attentive,0,2
86.4,True,2.6905199523763352,0.38230833603629527,4.444444444444445,0.044444444444443856,0.0010831261391962461,attentive,0,2
86.43333333333334,True,0.4735914583594045,1.5499915877327872,4.444444444444445,0.044444444444443856,0.001077427073576294,attentive,0,2
86.46666666666667,True,1.3574564047581414,-0.12241996037061653,4.444444444444445,0.044444444444443856,0.001077127611991068,attentive,0,2
86.5,True,4.613103142967276,2.184325894767396,4.444444444444445,0.044444444444443856,0.0010615110595033012,attentive,0,2
86.53333333333333,True,1.5015414196807382,3.263075289113573,4.444444444444445,0.044444444444443856,0.001061410798950979,attentive,0,2
86.56666666666666,True,3.0920614398414217,0.8695432986243615,4.444444444444445,0.044444444444443856,0.0010588505172408641,attentive,0,2
86.6,True,2.0440599943736997,0.11634450114676143,4.444444444444445,0.044444444444443856,0.0010575742613824941,attentive,0,2
86.63333333333333,True,-0.5568721427771282,0.8203006048628436,4.444444444444445,0.044444444444443856,0.0010515732321258093,attentive,0,2
86.66666666666667,True,0.10657097315124475,1.0247222506883178,4.444444444444445,0.044444444444443856,0.0010471068769791366,attentive,0,2
86.7,True,0.7590520054580905,0.7441709382657942,4.444444444444445,0.044444444444443856,0.0010432429104774992,attentive,0,2
86.73333333333333,True,1.347936030708895,1.1446158302761993,4.444444444444445,0.044444444444443856,0.0010415848849094785,attentive,0,2
86.76666666666667,True,3.4242657820466236,1.632857453503091,4.444444444444445,0.044444444444443856,0.0010394543715298462,attentive,0,2
86.8,True,2.2400540196595733,0.008801290670751638,4.444444444444445,0.044444444444443856,0.0010339851835414983,attentive,0,2
86.83333333333333,True,0.24811614629696033,2.5060557664083145,4.444444444444445,0.044444444444443856,0.0010367475629424238,attentive,0,2
86.86666666666666,True,1.2111270539551588,0.7998676128186812,4.444444444444445,0.044444444444443856,0.0010293268615522157,attentive,0,2
86.9,True,1.0966709919369704,1.6066429385524703,4.444444444444445,0.044444444444443856,0.0010213939942086978,attentive,0,2
86.93333333333334,True,1.7298878284804902,1.3839925728866111,4.444444444444445,0.044444444444443856,0.0010165831975040129,attentive,0,2
86.96666666666667,True,2.0249626293029372,2.207368938059788,4.444444444444445,0.044444444444443856,0.001012805720480544,attentive,0,2
87.0,False,-0.9670008559828469,1.1152527961316006,4.444444444444445,0.044444444444443856,0.0010174733236475917,attentive,0,2
87.03333333333333,False,4.194832379051104,-0.9154602159585975,4.444444444444445,0.046666666666665954,0.0010146625010391702,attentive,0,2
87.06666666666666,False,4.040768243080359,-0.056938822700344116,4.444444444444445,0.04888888888888805,0.0010072115031267664,attentive,0,2
87.1,False,-0.26585211475794823,-0.9063706444186429,4.444444444444445,0.05111111111111014,0.0010089537355155373,attentive,0,2
87.13333333333333,True,2.999235497662892,1.220444922626784,4.444444444444445,0.04444444444444381,0.0010068704296903102,attentive,0,2
87.16666666666667,True,1.9539414836285698,-0.504337657017946,4.444444444444445,0.04444444444444379,0.000998577041010191,attentive,0,2
87.2,True,-0.019045463115277883,0.5379799763113162,4.444444444444445,0.04444444444444379,0.0009945057780488093,attentive,0,2
87.23333333333333,True,2.6571640927498303,1.4538832132547521,4.444444444444445,0.04444444444444379,0.0009883341070996753,attentive,0,2
87.26666666666667,True,0.6786137256660194,0.7389488170304414,4.444444444444445,0.04444444444444379,0.0009946409582358112,attentive,0,2
87.3,True,2.579615003737527,1.6592790194254003,4.444444444444445,0.04444444444444379,0.0009777038847028443,attentive,0,2
87.33333333333333,True,-0.2570248159910382,1.7521533159475486,4.444444444444445,0.04444444444444379,0.0009796271572454416,attentive,0,2
87.36666666666666,True,2.2767275285787134,1.9800272953482705,4.444444444444445,0.04444444444444379,0.0009673692740910339,attentive,0,2
87.4,True,2.134010860584,2.379741387453412,4.444444444444445,0.04444444444444379,0.0009615864836869678,attentive,0,2
87.43333333333334,True,-0.061519211135143026,2.422722009144648,4.444444444444445,0.04444444444444379,0.0009612591154553639,attentive,0,2
87.46666666666667,True,3.619825034515431,1.719156744406948,4.444444444444445,0.04444444444444379,0.0009475632963191071,attentive,0,2
87.5,True,5.036048220571275,0.54360903953912,4.444444444444445,0.04444444444444379,0.0009395634895984772,attentive,0,2
87.53333333333333,True,4.55544325182624,0.9635107248775159,4.444444444444445,0.04444444444444379,0.0009295112068973535,attentive,0,2
87.56666666666666,True,3.4941300469213012,1.9044237973538123,4.444444444444445,0.04444444444444379,0.00092409277174424,attentive,0,2
87.6,True,2.3113366343505253,0.799228714604429,4.444444444444445,0.04444444444444379,0.0009198826724536012,attentive,0,2
87.63333333333333,True,3.781300013573631,1.864997605531962,4.444444444444445,0.04444444444444379,0.0009070408721307838,attentive,0,2
87.66666666666667,True,1.1959734639583022,1.1722980965343057,4.444444444444445,0.04444444444444379,0.0009026089285799919,attentive,0,2
87.7,True,3.3378893790830317,2.1027452223810457,4.444444444444445,0.04444444444444379,0.0008971597107818647,attentive,0,2
87.73333333333333,True,-1.1365713712237016,2.2748838342963023,4.444444444444445,0.04444444444444379,0.0008990082848403991,attentive,0,2
87.76666666666667,True,-3.355706903178717,1.131114739635776,4.444444444444445,0.04444444444444379,0.0008981993843834955,attentive,0,2
87.8,True,3.3825715323894534,1.4073838447025824,4.444444444444445,0.04444444444444379,0.00088655565529258,attentive,0,2
87.83333333333333,True,1.4978643809982644,0.7911028071139863,4.444444444444445,0.04444444444444379,0.0008775111560162888,attentive,0,2
87.86666666666666,True,0.9941449006359682,0.8498585654871387,4.444444444444445,0.04444444444444379,0.0008813974544141103,attentive,0,2
87.9,True,1.967574331371371,2.63602017083256,4.444444444444445,0.04444444444444379,0.0008694426360396626,attentive,0,2
87.93333333333334,True,-0.6937184450323866,1.3291425658655314,4.444444444444445,0.04444444444444379,0.0008657653569979962,attentive,0,2
87.96666666666667,True,0.11778255497409629,1.7246850594909446,4.444444444444445,0.04444444444444379,0.000857276992316813,attentive,0,2
88.0,True,-0.40410576023119704,1.5057965238295068,4.444444444444445,0.04444444444444379,0.000856744965791326,attentive,0,2
88.03333333333333,True,1.2023021005296544,1.1868174567054144,4.444444444444445,0.04444444444444379,0.0008507283268764027,attentive,0,2
88.06666666666666,True,-1.216361350546215,1.3621814884576091,4.444444444444445,0.04444444444444379,0.0008627365600837905,attentive,0,2
88.1,True,3.141442790148556,2.5673151162257994,4.444444444444445,0.04444444444444379,0.0008549413037226452,attentive,0,2
88.13333333333333,True,1.7069385856919284,0.8727555263569715,4.444444444444445,0.04444444444444379,0.0008502971619134523,attentive,0,2
88.16666666666667,True,1.411290466301928,1.8926782328586298,4.444444444444445,0.04444444444444379,0.0008478440547267604,attentive,0,2
88.2,True,-0.13257531695194857,2.1982120912099403,4.444444444444445,0.04444444444444379,0.0008404994513647789,attentive,0,2
88.23333333333333,True,2.6733570609233213,1.50975284167484,4.444444444444445,0.04444444444444379,0.0008352611632437101,attentive,0,2
88.26666666666667,True,2.8952832166718556,2.6019740390175023,4.444444444444445,0.04444444444444379,0.0008317118588401719,attentive,0,2
88.3,True,0.822640310243052,1.5909110651198768,4.444444444444445,0.04444444444444379,0.0008316348389117457,attentive,0,2
88.33333333333333,True,2.045025393055313,1.6182260074214023,4.444444444444445,0.04444444444444379,0.0008246961827908661,attentive,0,2
88.36666666666666,True,2.370995688392946,-0.02042191405313032,4.444444444444445,0.04444444444444379,0.0008150833913149925,attentive,0,2
88.4,True,1.3259854878400132,1.980788634085311,4.444444444444445,0.04444444444444379,0.0008019562183189813,attentive,0,2
88.43333333333334,True,1.4113721015575242,-0.3885515646862685,4.444444444444445,0.04444444444444379,0.0008013921253074761,attentive,0,2
88.46666666666667,True,3.971716124027811,2.4556386186287593,4.444444444444445,0.04444444444444379,0.0007908021595938395,attentive,0,2
88.5,True,3.579682159402597,1.0540417760219374,4.444444444444445,0.04444444444444379,0.0007822233048436161,attentive,0,2
88.53333333333333,True,2.7453286789763958,0.3200273321552224,4.444444444444445,0.04444444444444379,0.000772756984623283,attentive,0,2
88.56666666666666,True,0.36876288391928425,2.109089610336665,4.444444444444445,0.04444444444444379,0.0007653564987611402,attentive,0,2
88.6,True,-1.3388404867919426,2.713975624865264,4.444444444444445,0.04444444444444379,0.0007714198572353802,attentive,0,2
88.63333333333333,True,1.361253581309874,0.26217840490812017,4.444444444444445,0.04444444444444379,0.0007685730356488512,attentive,0,2
88.66666666666667,True,1.3333749454930297,2.1991761088341777,4.444444444444445,0.04444444444444379,0.0007651396550731283,attentive,0,2
88.7,True,0.18465886543535825,2.51877584554504,4.444444444444445,0.04444444444444379,0.0007628017740766384,attentive,0,2
88.73333333333333,True,1.9784971298060463,0.32208763345344416,4.444444444444445,0.04444444444444379,0.0007585771336564573,attentive,0,2
88.76666666666667,True,1.795171000044287,1.7203303616154455,4.444444444444445,0.04444444444444379,0.0007465947251132751,attentive,0,2
88.8,True,2.456524776770924,0.23398250272672771,4.444444444444445,0.04444444444444379,0.0007344068628828808,attentive,0,2
88.83333333333333,True,0.9562583914306622,1.6874277715896588,4.444444444444445,0.04444444444444379,0.0007310718005988822,attentive,0,2
88.86666666666666,True,5.356294235470271,2.047010669408981,4.444444444444445,0.04444444444444379,0.0007242230715107374,attentive,0,2
88.9,True,2.356278679404368,2.7806587795950435,4.444444444444445,0.04444444444444379,0.0007153923267605116,attentive,0,2
88.93333333333334,True,2.3106903149393565,0.3988785218926254,4.444444444444445,0.04444444444444379,0.0007139890076950125,attentive,0,2
88.96666666666667,True,2.5843313206573715,-0.2911287100723272,4.444444444444445,0.04444444444444379,0.0007012127218333048,attentive,0,2
89.0,True,0.3633996333370211,1.4592644763171545,4.444444444444445,0.04444444444444379,0.000692485309920045,attentive,0,2
89.03333333333333,True,-0.1087116655994631,0.6371311970630067,4.444444444444445,0.04444444444444379,0.0006982823481314282,attentive,0,2
89.06666666666666,True,0.561810038970871,3.499483202382403,4.444444444444445,0.04444444444444379,0.0006913669127409001,attentive,0,2
89.1,True,1.9477943143731637,1.8712664909107894,4.444444444444445,0.04444444444444379,0.000680282731338209,attentive,0,2
89.13333333333333,True,-0.47909593663332184,0.9621812159151057,4.444444444444445,0.04444444444444379,0.0006816028859030778,attentive,0,2
89.16666666666667,True,-0.9074601732041387,0.025819679438297438,4.444444444444445,0.04444444444444379,0.0006868954440562764,attentive,0,2
89.2,True,0.7918943799189111,2.5293124589477864,4.444444444444445,0.04444444444444379,0.0006868155738346503,attentive,0,2
89.23333333333333,True,1.7856844560647671,1.7051741790850619,4.444444444444445,0.04444444444444379,0.0006785171170319719,attentive,0,2
89.26666666666667,True,-1.1564288592242598,1.1351809945537896,4.444444444444445,0.04444444444444379,0.0006826593439507915,attentive,0,2
89.3,True,0.33822419210306887,-0.034628095200701425,4.444444444444445,0.04444444444444379,0.0006832533407377998,attentive,0,2
89.33333333333333,True,1.2897152024307874,1.8966278689803284,4.444444444444445,0.04444444444444379,0.0006846317034250385,attentive,0,2
89.36666666666666,True,0.833597407034223,2.9503141088197795,4.444444444444445,0.04444444444444379,0.0006745961827432681,attentive,0,2
89.4,True,0.2747901131954953,1.395054596717181,4.444444444444445,0.04444444444444379,0.0006713286693212048,attentive,0,2
89.43333333333334,True,4.869246920078751,1.216374903698083,4.444444444444445,0.04444444444444379,0.0006621437378876464,attentive,0,2
89.46666666666667,True,1.669076311131902,1.809020714871347,4.444444444444445,0.04444444444444379,0.0006581193234648217,attentive,0,2
89.5,True,1.3796957787818223,-0.44531265930433617,4.444444444444445,0.04444444444444379,0.0006541934150078445,attentive,0,2
89.53333333333333,True,0.7734699165093128,0.722773844534097,4.444444444444445,0.04444444444444379,0.0006494676013623597,attentive,0,2
89.56666666666666,True,-3.141195183565001,-0.07964997706798438,4.444444444444445,0.04444444444444379,0.0006538473593761888,attentive,0,2
89.6,True,1.0861482169592263,1.5674538952724877,4.444444444444445,0.04444444444444379,0.0006508652568838988,attentive,0,2
89.63333333333333,True,1.25332596077301,-0.6566842754686366,4.444444444444445,0.04444444444444379,0.0006456384149684548,attentive,0,2
89.66666666666667,True,2.3692612323021036,3.061205780469885,4.444444444444445,0.04444444444444379,0.0006336827859089294,attentive,0,2
89.7,True,2.5954160506382618,2.166620388841622,4.444444444444445,0.04444444444444379,0.0006243565905069802,attentive,0,2
89.73333333333333,True,1.0942693066742615,2.5666578785047776,4.444444444444445,0.04444444444444379,0.0006156253600634485,attentive,0,2
89.76666666666667,True,1.4461213252559362,2.7945451682846514,4.444444444444445,0.04444444444444379,0.0006150612233970471,attentive,0,2
89.8,True,4.44853478954202,0.8814211916793563,4.444444444444445,0.04444444444444379,0.0006075962277789507,attentive,0,2
89.83333333333333,True,1.9904770696030423,2.153695593731846,4.444444444444445,0.04444444444444379,0.0006008253294202929,attentive,0,2
89.86666666666666,True,1.0633256728375244,1.9024264491955885,4.444444444444445,0.04444444444444379,0.0005945470921170054,attentive,0,2
89.9,True,1.7248622941217089,0.5394546340352786,4.444444444444445,0.04444444444444379,0.0005923995226955086,attentive,0,2
89.93333333333334,True,1.1502952486291511,2.197829016322051,4.444444444444445,0.04444444444444379,0.0005838277200525114,attentive,0,2
89.96666666666667,True,1.3619311820254003,1.7935539486357874,4.444444444444445,0.04444444444444379,0.0005825325492112652,attentive,0,2
90.0,False,2.95330955102576,1.43115950501477,4.444444444444445,0.04444444444444379,0.0005784157962300927,attentive,0,2
90.03333333333333,False,1.4927620367036636,2.0172526320071533,4.444444444444445,0.046666666666665885,0.0005728070219232819,attentive,0,2
90.06666666666666,False,3.0264929143972736,0.7377207142748217,4.444444444444445,0.04888888888888798,0.0005557727027413332,attentive,0,2
90.1,False,3.211569690443636,2.026741632871206,4.444444444444445,0.05111111111111007,0.0005475837137448869,attentive,0,2
90.13333333333333,True,-0.1259767069284734,2.0912899554328535,4.444444444444445,0.044444444444443745,0.0005429931698104341,attentive,0,2
90.16666666666667,True,2.4927262616255352,1.8289669659924703,4.444444444444445,0.04444444444444372,0.0005294511012397583,attentive,0,2
90.2,True,2.9426029609386015,1.682072111102416,4.444444444444445,0.04444444444444372,0.0005175305882022201,attentive,0,2
90.23333333333333,True,0.027153816914398332,0.6791794970506666,4.444444444444445,0.04444444444444372,0.0005096858805740727,attentive,0,2
90.26666666666667,True,3.0266165931401003,0.5925899256814662,4.444444444444445,0.04444444444444372,0.0004940348170795101,attentive,0,2
90.3,True,2.0849492875883398,1.4840621029775336,4.444444444444445,0.04444444444444372,0.0004818949400553848,attentive,0,2
90.33333333333333,True,3.427329396967564,1.8875870092666072,4.444444444444445,0.04444444444444372,0.0004688090791573001,attentive,0,2
90.36666666666666,True,-0.6892480099022917,2.611296295558359,4.444444444444445,0.04444444444444372,0.00046661986701128534,attentive,0,2
90.4,True,-0.7915816679223056,1.626613483074814,4.444444444444445,0.04444444444444372,0.00046008339103154207,attentive,0,2
90.43333333333334,True,-0.5430445100553496,2.6896625350377397,4.444444444444445,0.04444444444444372,0.0004585455125639429,attentive,0,2
90.46666666666667,True,2.0025096914350162,2.658561832947477,4.444444444444445,0.04444444444444372,0.0004478989032960788,attentive,0,2
90.5,True,-0.5386764001308575,0.7851266559245363,4.444444444444445,0.04444444444444372,0.0004397528892705045,attentive,0,2
90.53333333333333,True,-0.27838655012921865,1.144856857259311,4.444444444444445,0.04444444444444372,0.0004399125754740577,attentive,0,2
90.56666666666666,True,0.6145366930954781,1.2178248074558093,4.444444444444445,0.04444444444444372,0.0004387071875514112,attentive,0,2
90.6,True,1.1567478055048488,2.527650923987231,4.444444444444445,0.04444444444444372,0.0004246766860757084,attentive,0,2
90.63333333333333,True,-1.1114056604151266,1.658014587497877,4.444444444444445,0.04444444444444372,0.00042653267375718164,attentive,0,2
90.66666666666667,True,1.5969327194418985,2.4724624277562692,4.444444444444445,0.04444444444444372,0.00041103507508397254,attentive,0,2
90.7,True,1.9246501758216086,3.4661419960361424,4.444444444444445,0.04444444444444372,0.0003979440478219515,attentive,0,2
90.73333333333333,True,-0.5857176157793245,2.287229233562975,4.444444444444445,0.04444444444444372,0.0004027943260630258,attentive,0,2
90.76666666666667,True,-1.9288369715961005,1.6035686087805647,4.444444444444445,0.04444444444444372,0.0003947724422113774,attentive,0,2
90.8,True,0.09947400075493584,1.1878198466763392,4.444444444444445,0.04444444444444372,0.000398291618933612,attentive,0,2
90.83333333333333,True,0.29365636634280745,1.4288772491643973,4.444444444444445,0.04444444444444372,0.00039283158866567974,attentive,0,2
90.86666666666666,True,0.49462977946942344,1.159216348301779,4.444444444444445,0.04444444444444372,0.00038307195927111834,attentive,0,2
90.9,True,3.884162783394001,1.647833866984428,4.444444444444445,0.04444444444444372,0.00037301008822706157,attentive,0,2
90.93333333333334,True,2.9341849943602156,1.6126597521086101,4.444444444444445,0.04444444444444372,0.0003627776035395929,attentive,0,2
90.96666666666667,True,-0.4444962605042443,2.7511786874208273,4.444444444444445,0.04444444444444372,0.0003609420652671504,attentive,0,2
91.0,True,-0.5354032545579128,0.29031702102795887,4.444444444444445,0.04444444444444372,0.0003599100761008856,attentive,0,2
91.03333333333333,True,2.862601623658193,1.7438876947269462,4.444444444444445,0.04444444444444372,0.0003452858487213853,attentive,0,2
91.06666666666666,True,2.478917130877088,0.7666833454070296,4.444444444444445,0.04444444444444372,0.00033413257832853323,attentive,0,2
91.1,True,-1.012582223012703,1.7310514986078118,4.444444444444445,0.04444444444444372,0.0003289575547664624,attentive,0,2
91.13333333333333,True,-1.0544291858403647,1.933460807746506,4.444444444444445,0.04444444444444372,0.00032249827561904663,attentive,0,2
91.16666666666667,True,-1.9542138331525094,3.418064034157214,4.444444444444445,0.04444444444444372,0.00032395639025277446,attentive,0,2
91.2,True,-0.008625997628657456,1.8371726461859477,4.444444444444445,0.04444444444444372,0.0003251078375468541,attentive,0,2
91.23333333333333,True,-0.5002253186217791,2.8701211319266404,4.444444444444445,0.04444444444444372,0.0003247175664033231,attentive,0,2
91.26666666666667,True,-1.1011850618705452,2.29047569551463,4.444444444444445,0.04444444444444372,0.0003233834416588413,attentive,0,2
91.3,True,1.5762620554675266,1.0641712245740673,4.444444444444445,0.04444444444444372,0.0003173279190830643,attentive,0,2
91.33333333333333,True,2.5409174514234976,2.2469917047155845,4.444444444444445,0.04444444444444372,0.0002996289469199467,attentive,0,2
91.36666666666666,True,0.736642666209196,1.6714958859562243,4.444444444444445,0.04444444444444372,0.00029059933758343126,attentive,0,2
91.4,True,-0.5957602542899162,0.9797551971963373,4.444444444444445,0.04444444444444372,0.00028867982591039516,attentive,0,2
91.43333333333334,True,0.8765674622885464,1.9033928205203774,4.444444444444445,0.04444444444444372,0.00027939440517690296,attentive,0,2
91.46666666666667,True,0.49183102695142505,0.2563171641649644,4.444444444444445,0.04444444444444372,0.0002721841662505993,attentive,0,2
91.5,True,0.8472327345078968,2.2636930121991137,4.444444444444445,0.04444444444444372,0.00027184412304061625,attentive,0,2
91.53333333333333,True,3.692406704797249,1.730835436299559,4.444444444444445,0.04444444444444372,0.0002554865763012789,attentive,0,2
91.56666666666666,True,0.26724347035859475,2.8975227723141384,4.444444444444445,0.04444444444444372,0.0002461331763172577,attentive,0,2
91.6,True,1.8800796935245865,2.0059566807876066,4.444444444444445,0.04444444444444372,0.0002361556331840822,attentive,0,2
91.63333333333333,True,-0.3170845674767113,2.6703061372369463,4.444444444444445,0.04444444444444372,0.00022918785227746258,attentive,0,2
91.66666666666667,True,-1.2085943641293544,1.1157629593829113,4.444444444444445,0.04444444444444372,0.0002257265034291836,attentive,0,2
91.7,True,-0.2663867877344026,-0.02463549847814228,4.444444444444445,0.04444444444444372,0.00021955006945159587,attentive,0,2
91.73333333333333,True,0.1280430193603499,2.0524735072867175,4.444444444444445,0.04444444444444372,0.00021479389002362158,attentive,0,2
91.76666666666667,True,-1.3574457799650193,2.4913789153679975,4.444444444444445,0.04444444444444372,0.00021646886177717405,attentive,0,2
91.8,True,-1.0848163309468726,2.622071430147879,4.444444444444445,0.04444444444444372,0.00021474101425715723,attentive,0,2
91.83333333333333,True,-0.6715189740622535,2.4997795317734317,4.444444444444445,0.04444444444444372,0.00019948481653500144,attentive,0,2
91.86666666666666,True,-1.340594937308353,3.491941462881723,4.444444444444445,0.04444444444444372,0.0001990419422276844,attentive,0,2
91.9,True,0.9052520074967823,1.9561461542570875,4.444444444444445,0.04444444444444372,0.00018974063351480258,attentive,0,2
91.93333333333334,True,0.7946338886967521,1.4664340004203753,4.444444444444445,0.04444444444444372,0.00018394408835286546,attentive,0,2
91.96666666666667,True,1.7309759896597043,0.8614625864360601,4.444444444444445,0.04444444444444372,0.0001708965941567585,attentive,0,2
92.0,True,0.18947897101566757,1.06401148908874,4.444444444444445,0.04444444444444372,0.00016473546700226187,attentive,0,2
92.03333333333333,True,1.7626129791820775,0.6374514494209367,4.444444444444445,0.04444444444444372,0.00014975819552690695,attentive,0,2
92.06666666666666,True,2.040632532941168,0.6750439760818006,4.444444444444445,0.04444444444444372,0.00013466585739641655,attentive,0,2
92.1,True,0.7761309800261126,2.6296239534376307,4.444444444444445,0.04444444444444372,0.0001273232096451695,attentive,0,2
92.13333333333333,True,1.9474141455647151,1.2001577492006126,4.444444444444445,0.04444444444444372,0.00012377683285488052,attentive,0,2
92.16666666666667,True,-0.2404901349155053,2.1455465199055106,4.444444444444445,0.04444444444444372,0.0001260478941025232,attentive,0,2
92.2,True,1.0540520878674458,2.6188496508499615,4.444444444444445,0.04444444444444372,0.00012667231979894046,attentive,0,2
92.23333333333333,True,2.3960521696433608,3.3146216475945574,4.444444444444445,0.04444444444444372,0.00011607461357207481,attentive,0,2
92.26666666666667,True,-0.9956781865380704,2.5229280586002716,4.444444444444445,0.04444444444444372,0.00010689092302287115,attentive,0,2
92.3,True,-0.12029179261437206,2.4660802988961517,4.444444444444445,0.04444444444444372,0.0001018054790950566,attentive,0,2
92.33333333333333,True,1.5482338608554378,-0.2840416522418241,4.444444444444445,0.04444444444444372,0.00010578748999582834,attentive,0,2
92.36666666666666,True,1.2924461391091813,1.984615351808603,4.444444444444445,0.04444444444444372,0.00011152903577146754,attentive,0,2
92.4,True,0.5046724074253053,0.9997598296080707,4.444444444444445,0.04444444444444372,0.00010368891285766348,attentive,0,2
92.43333333333334,True,1.7955019337056268,-0.430679483367445,4.444444444444445,0.04444444444444372,0.0001103142219527844,attentive,0,2
92.46666666666667,True,1.0911304699780033,-0.4532019414082855,4.444444444444445,0.04444444444444372,0.00011134280514340101,attentive,0,2
92.5,True,1.2101582487671187,2.700429512645976,4.444444444444445,0.04444444444444372,0.00010625524554649148,attentive,0,2
92.53333333333333,True,2.670275626985325,2.292882072749319,4.444444444444445,0.04444444444444372,0.00010674365014159856,attentive,0,2
92.56666666666666,True,-0.004429645714753905,2.862922610511187,4.444444444444445,0.04444444444444372,0.00010613847463299649,attentive,0,2
92.6,True,1.9431282874853988,3.3063950017551487,4.444444444444445,0.04444444444444372,9.922855945954838e-05,attentive,0,2
92.63333333333333,True,1.3424440308225987,2.895768119971443,4.444444444444445,0.04444444444444372,9.40684186179764e-05,attentive,0,2
92.66666666666667,True,0.024171550891079363,1.8567343461507462,4.444444444444445,0.04444444444444372,8.760606307373844e-05,attentive,0,2
92.7,True,-0.14917576475658656,1.68381687529875,4.444444444444445,0.04444444444444372,8.625263189139578e-05,attentive,0,2
92.73333333333333,True,-0.03776299376238024,2.3294655614947453,4.444444444444445,0.04444444444444372,8.236695855277495e-05,attentive,0,2
92.76666666666667,True,0.8577850993123821,0.4206572211657038,4.444444444444445,0.04444444444444372,8.645399716427572e-05,attentive,0,2
92.8,True,-0.7907610001803673,1.8304327154786408,4.444444444444445,0.04444444444444372,7.891557992706228e-05,attentive,0,2
92.83333333333333,True,1.2777019309260436,3.276222762078837,4.444444444444445,0.04444444444444372,7.980204226198216e-05,attentive,0,2
92.86666666666666,True,-0.28912530098458256,1.8536765137379587,4.444444444444445,0.04444444444444372,6.766716625274019e-05,attentive,0,2
92.9,True,-0.36819621510906525,0.9822259168343784,4.444444444444445,0.04444444444444372,6.240876438184343e-05,attentive,0,2
92.93333333333334,True,-0.1728755861671406,2.6921751382384573,4.444444444444445,0.04444444444444372,5.5911354426495464e-05,attentive,0,2
92.96666666666667,True,1.255167599389457,3.459250973403738,4.444444444444445,0.04444444444444372,5.73395256602878e-05,attentive,0,2
93.0,False,0.1687131995192765,0.10997083780179584,4.444444444444445,0.04444444444444372,5.62143106213252e-05,attentive,0,2
93.03333333333333,False,0.7265495974503535,3.8694230251921713,4.444444444444445,0.046666666666665815,6.7810153174718e-05,attentive,0,2
93.06666666666666,False,0.0651805164023197,1.8925512897225754,4.444444444444445,0.04888888888888791,7.091057381302391e-05,attentive,0,2
93.1,False,3.3172850002926513,-0.754088176786951,4.444444444444445,0.051111111111110004,8.337358631067407e-05,attentive,0,2
93.13333333333333,True,1.5760691757086067,1.9083270442977858,4.444444444444445,0.044444444444443676,0.00010095742474009844,attentive,0,2
93.16666666666667,True,-0.23955783570300354,2.1992671628270952,4.444444444444445,0.04444444444444364,0.00011414326473739797,attentive,0,2
93.2,True,-0.21654853445861516,2.230707247217958,4.444444444444445,0.04444444444444364,0.00012151991763630773,attentive,0,2
93.23333333333333,True,0.2390367078996856,2.3725438748617096,4.444444444444445,0.04444444444444364,0.00012995810280553872,attentive,0,2
93.26666666666667,True,-0.08818286149313065,1.538225769567745,4.444444444444445,0.04444444444444364,0.00013287305134160608,attentive,0,2
93.3,True,-0.26685659979714127,0.3421949418093517,4.444444444444445,0.04444444444444364,0.00013504929532064688,attentive,0,2
93.33333333333333,True,1.3381660200855197,1.5178106348765286,4.444444444444445,0.04444444444444364,0.00013803947045208282,attentive,0,2
93.36666666666666,True,-0.06948088761951482,2.2276023701770167,4.444444444444445,0.04444444444444364,0.00014533446768167692,attentive,0,2
93.4,True,0.618960063491065,0.9185974655094034,4.444444444444445,0.04444444444444364,0.00014978057098300357,attentive,0,2
93.43333333333334,True,0.3218471478826104,2.268326547213087,4.444444444444445,0.04444444444444364,0.00016249309494798534,attentive,0,2
93.46666666666667,True,0.20283953399378007,2.985774670039525,4.444444444444445,0.04444444444444364,0.0001684089778809116,attentive,0,2
93.5,True,0.4154475070089435,2.175219482597342,4.444444444444445,0.04444444444444364,0.00017234965710600218,attentive,0,2
93.53333333333333,True,-0.5434576535999517,1.9959452315411237,4.444444444444445,0.04444444444444364,0.00017799753320234588,attentive,0,2
93.56666666666666,True,-1.3461612513800851,2.422211402821974,4.444444444444445,0.04444444444444364,0.00018696503622324316,attentive,0,2
93.6,True,0.46572029217999383,1.1991264394649925,4.444444444444445,0.04444444444444364,0.0001899848407593348,attentive,0,2
93.63333333333333,True,-1.5499267459936947,0.4944467324306916,4.444444444444445,0.04444444444444364,0.0001938171558040662,attentive,0,2
93.66666666666667,True,-0.9318333573083141,3.4317904484615047,4.444444444444445,0.04444444444444364,0.00020268074448042732,attentive,0,2
93.7,True,-0.5743353822920652,0.6246582017981739,4.444444444444445,0.04444444444444364,0.00020487639523489003,attentive,0,2
93.73333333333333,True,-0.21167100613812181,0.6032745875545602,4.444444444444445,0.04444444444444364,0.00020616494351998092,attentive,0,2
93.76666666666667,True,-0.8678767434648443,2.754300959674836,4.444444444444445,0.04444444444444364,0.00021845262123146747,attentive,0,2
93.8,True,-1.256626389270734,1.08442143062342,4.444444444444445,0.04444444444444364,0.0002196376182254987,attentive,0,2
93.83333333333333,True,0.8235140176059315,2.137637897000069,4.444444444444445,0.04444444444444364,0.00022539940343206568,attentive,0,2
93.86666666666666,True,3.8445242563946898,1.4061316041961638,4.444444444444445,0.04444444444444364,0.00023869272878729298,attentive,0,2
93.9,True,-2.3512110578816525,2.015068413646309,4.444444444444445,0.04444444444444364,0.00024009406922552562,attentive,0,2
93.93333333333334,True,-2.6384270563257046,0.8400871408298782,4.444444444444445,0.04444444444444364,0.0002374146492018374,attentive,0,2
93.96666666666667,True,-2.5490978402486157,0.5284820350576842,4.444444444444445,0.04444444444444364,0.0002356537572155102,attentive,0,2
94.0,True,0.30016290344311536,3.7113269136084166,4.444444444444445,0.04444444444444364,0.00024669143724432663,attentive,0,2
94.03333333333333,True,0.2562096777489235,4.016061682481395,4.444444444444445,0.04444444444444364,0.0002542030734110864,attentive,0,2
94.06666666666666,True,-1.5413697581144248,1.504762958405694,4.444444444444445,0.04444444444444364,0.000262448468905033,attentive,0,2
94.1,True,1.5322492212076257,1.3822929011102774,4.444444444444445,0.04444444444444364,0.0002646119187280955,attentive,0,2
94.13333333333333,True,-2.3874532435072524,2.3724379471938786,4.444444444444445,0.04444444444444364,0.00026782806596522385,attentive,0,2
94.16666666666667,True,1.7125772811688265,2.0199388881289315,4.444444444444445,0.04444444444444364,0.00028164631917472396,attentive,0,2
94.2,True,-1.0542232529275808,0.4506171100415681,4.444444444444445,0.04444444444444364,0.00028946851315452167,attentive,0,2
94.23333333333333,True,-0.9383550076715652,3.2259763559358694,4.444444444444445,0.04444444444444364,0.0003001600637036963,attentive,0,2
94.26666666666667,True,-0.7171037786833712,1.2381919431487538,4.444444444444445,0.04444444444444364,0.00030880001380601316,attentive,0,2
94.3,True,-1.6000629379464408,1.8030703104929575,4.444444444444445,0.04444444444444364,0.0003085402077124356,attentive,0,2
94.33333333333333,True,-0.48782846032928595,1.5662541094826323,4.444444444444445,0.04444444444444364,0.0003196441577246359,attentive,0,2
94.36666666666666,True,-0.03594588019200081,1.5946902639505276,4.444444444444445,0.04444444444444364,0.0003292300045290102,attentive,0,2
94.4,True,1.1016932713899967,1.6941509854377435,4.444444444444445,0.04444444444444364,0.000341951452628193,attentive,0,2
94.43333333333334,True,1.3153832408082007,1.9204289379939443,4.444444444444445,0.04444444444444364,0.00035178297815732025,attentive,0,2
94.46666666666667,True,1.6840664862784498,0.279151263113556,4.444444444444445,0.04444444444444364,0.0003589472528933408,attentive,0,2
94.5,True,-0.3742982319440162,2.4002200127965168,4.444444444444445,0.04444444444444364,0.00036259703128482877,attentive,0,2
94.53333333333333,True,0.22119134757695413,2.8929314047881722,4.444444444444445,0.04444444444444364,0.000370275359599961,attentive,0,2
94.56666666666666,True,0.8446527240280646,1.4334867284821753,4.444444444444445,0.04444444444444364,0.00038096961203837505,attentive,0,2
94.6,True,-1.4745841469121568,3.4364353870192246,4.444444444444445,0.04444444444444364,0.00038581003446029746,attentive,0,2
94.63333333333333,True,-1.4742669897293066,2.2129847934617004,4.444444444444445,0.04444444444444364,0.00038383420699839976,attentive,0,2
94.66666666666667,True,-0.6088452173157106,1.756056250107977,4.444444444444445,0.04444444444444364,0.00038509032319848137,attentive,0,2
94.7,True,-0.03576556571368475,2.4150539808794775,4.444444444444445,0.04444444444444364,0.00039193860540946,attentive,0,2
94.73333333333333,True,3.4823690252452315,2.5764941198478706,4.444444444444445,0.04444444444444364,0.00041751031707553884,attentive,0,2
94.76666666666667,True,-2.359842313029253,2.8410383046552115,4.444444444444445,0.04444444444444364,0.00041857511559231135,attentive,0,2
94.8,True,-1.394596086363403,1.73900472851959,4.444444444444445,0.04444444444444364,0.000421616569439498,attentive,0,2
94.83333333333333,True,2.1370450503326563,1.2955290890376348,4.444444444444445,0.04444444444444364,0.0004322338883368385,attentive,0,2
94.86666666666666,True,-1.48501501711232,3.4624844077066035,4.444444444444445,0.04444444444444364,0.00042676236653459794,attentive,0,2
94.9,True,-2.5254811156351735,3.0276768943331396,4.444444444444445,0.04444444444444364,0.00042757888713480547,attentive,0,2
94.93333333333334,True,-1.8482967607588274,1.8698095541511897,4.444444444444445,0.04444444444444364,0.0004271190931182453,attentive,0,2
94.96666666666667,True,-3.692135532194754,1.8211288230805813,4.444444444444445,0.04444444444444364,0.0004261140109384571,attentive,0,2
95.0,True,-1.0392185009266564,-0.03333914412219796,4.444444444444445,0.04444444444444364,0.00043041501180601197,attentive,0,2
95.03333333333333,True,-2.242601974732988,3.807899959969312,4.444444444444445,0.04444444444444364,0.00043215820268387585,attentive,0,2
95.06666666666666,True,-3.2056486682919187,2.227704265686861,4.444444444444445,0.04444444444444364,0.00042751670142705594,attentive,0,2
95.1,True,-0.5187480816081711,2.2071416502464634,4.444444444444445,0.04444444444444364,0.00043564194066200924,attentive,0,2
95.13333333333333,True,1.1334539954539964,2.480715099432076,4.444444444444445,0.04444444444444364,0.0004528828400447102,attentive,0,2
95.16666666666667,True,-3.67743643761863,2.8905110194654036,4.444444444444445,0.04444444444444364,0.0004489508830494253,attentive,0,2
95.2,True,-0.13512831333190045,1.2010945152280241,4.444444444444445,0.04444444444444364,0.0004580994931204047,attentive,0,2
95.23333333333333,True,-1.0574062337685621,3.335930017352823,4.444444444444445,0.04444444444444364,0.000468814150672226,attentive,0,2
95.26666666666667,True,-0.7660643256101747,1.8719999480483172,4.444444444444445,0.04444444444444364,0.00047077036110028766,attentive,0,2
95.3,True,-1.5179919423638315,2.212726531788565,4.444444444444445,0.04444444444444364,0.00047859207363172996,attentive,0,2
95.33333333333333,True,0.46576205082566796,1.3297221121790739,4.444444444444445,0.04444444444444364,0.0004832849313076984,attentive,0,2
95.36666666666666,True,-2.025882934746258,0.42399564805553336,4.444444444444445,0.04444444444444364,0.0004785096364339248,attentive,0,2
95.4,True,-0.35196089012665205,2.300835747468892,4.444444444444445,0.04444444444444364,0.0004796125945432982,attentive,0,2
95.43333333333334,True,1.3616990423790996,3.4994342262669615,4.444444444444445,0.04444444444444364,0.0004938968050951282,attentive,0,2
95.46666666666667,True,-1.5076224126773692,-0.08114298033854728,4.444444444444445,0.04444444444444364,0.0004955159028156243,attentive,0,2
95.5,True,-2.922718138072572,1.6061381981558835,4.444444444444445,0.04444444444444364,0.0004994286982769909,attentive,0,2
95.53333333333333,True,0.2718253908697288,2.0884481289268133,4.444444444444445,0.04444444444444364,0.000506314150135634,attentive,0,2
95.56666666666666,True,-0.31017889944070165,3.931514864811115,4.444444444444445,0.04444444444444364,0.0005223642241741881,attentive,0,2
95.6,True,0.6237291065009818,1.7575041632831157,4.444444444444445,0.04444444444444364,0.0005252295176939182,attentive,0,2
95.63333333333333,True,-0.0767419561322068,2.3726409054217643,4.444444444444445,0.04444444444444364,0.000533433200927064,attentive,0,2
95.66666666666667,True,0.4906156802299432,1.6194804282222945,4.444444444444445,0.04444444444444364,0.0005499012472354569,attentive,0,2
95.7,True,-0.8992084368811898,3.5237621216128936,4.444444444444445,0.04444444444444364,0.0005532752399443325,attentive,0,2
95.73333333333333,True,0.5151114160127506,2.959655137411621,4.444444444444445,0.04444444444444364,0.0005625539485907254,attentive,0,2
95.76666666666667,True,-1.7436708948216122,0.33604289844348223,4.444444444444445,0.04444444444444364,0.0005635702786146894,attentive,0,2
95.8,True,0.2811249697448214,3.1399172552931196,4.444444444444445,0.04444444444444364,0.0005704285668731817,attentive,0,2
95.83333333333333,True,-0.4122921124517308,0.9098212428181192,4.444444444444445,0.04444444444444364,0.0005747232011032476,attentive,0,2
95.86666666666666,True,-2.2048416171149228,3.068502409957481,4.444444444444445,0.04444444444444364,0.0005805974084183616,attentive,0,2
95.9,True,-2.0594982674278848,0.4725780885424653,4.444444444444445,0.04444444444444364,0.0005777620550858211,attentive,0,2
95.93333333333334,True,-1.0514760356310073,2.0335235946637047,4.444444444444445,0.04444444444444364,0.0005762527357569114,attentive,0,2
95.96666666666667,True,-1.89619352207712,3.058890661859486,4.444444444444445,0.04444444444444364,0.0005739540249849346,attentive,0,2
96.0,False,0.8507825430789737,2.8922931951234405,4.444444444444445,0.04444444444444364,0.000584949641263131,attentive,0,2
96.03333333333333,False,1.810806079791032,0.9361487160481399,4.444444444444445,0.04666666666666574,0.0005956556197273139,attentive,0,2
96.06666666666666,False,0.48825808950518934,2.7938174364028363,4.444444444444445,0.04888888888888783,0.0006053399891369656,attentive,0,2
96.1,False,-4.131888731081805,2.019084179038805,4.444444444444445,0.05111111111110993,0.0006001907510430226,attentive,0,2
96.13333333333333,True,0.5426035758907475,2.9170405626600093,4.444444444444445,0.04444444444444361,0.0006111000350016371,attentive,0,2
96.16666666666667,True,-0.12650836280749972,3.6002089861072437,4.444444444444445,0.044444444444443565,0.000625876869503901,attentive,0,2
96.2,True,-0.37586510705043424,0.9170986914066269,4.444444444444445,0.044444444444443565,0.0006316156316051174,attentive,0,2
96.23333333333333,True,-0.7484907605789177,2.9892346101271654,4.444444444444445,0.044444444444443565,0.0006380046989535827,attentive,0,2
96.26666666666667,True,-0.8831286499814879,1.5462601795304844,4.444444444444445,0.044444444444443565,0.0006456257656742884,attentive,0,2
96.3,True,1.1702493862271408,2.2849169220146988,4.444444444444445,0.044444444444443565,0.0006504632233402381,attentive,0,2
96.33333333333333,True,1.2646317270472294,1.0105566433977284,4.444444444444445,0.044444444444443565,0.0006583871542400275,attentive,0,2
96.36666666666666,True,-3.1931705798841628,2.084410993210201,4.444444444444445,0.044444444444443565,0.0006587077131981545,attentive,0,2
96.4,True,1.8271072062938871,2.2963101280946603,4.444444444444445,0.044444444444443565,0.0006721529784177801,attentive,0,2
96.43333333333334,True,-5.793570798560473,2.4597929831147494,4.444444444444445,0.044444444444443565,0.0006607138450391743,attentive,0,2
96.46666666666667,True,-0.3147766748033225,2.7124349081158616,4.444444444444445,0.044444444444443565,0.000666407045378034,attentive,0,2
96.5,True,-1.5608449578447217,1.0325007537964757,4.444444444444445,0.044444444444443565,0.000670551609089793,attentive,0,2
96.53333333333333,True,-0.06550008141234831,3.3577492585617317,4.444444444444445,0.044444444444443565,0.0006784061941436594,attentive,0,2
96.56666666666666,True,-0.4353059866398987,2.3007823070918643,4.444444444444445,0.044444444444443565,0.0006809368280952484,attentive,0,2
96.6,True,-3.8387420648185975,1.1641292322237575,4.444444444444445,0.044444444444443565,0.0006716401803149276,attentive,0,2
96.63333333333333,True,-1.32494101842016,2.137600032791622,4.444444444444445,0.044444444444443565,0.0006755317888393705,attentive,0,2
96.66666666666667,True,-0.175443779840032,1.137886318904442,4.444444444444445,0.044444444444443565,0.0006802738129462371,attentive,0,2
96.7,True,-1.6513857325209453,1.6736388184464075,4.444444444444445,0.044444444444443565,0.0006786068774386727,attentive,0,2
96.73333333333333,True,0.5391945848563346,1.714167637520498,4.444444444444445,0.044444444444443565,0.000685373787047662,attentive,0,2
96.76666666666667,True,-0.5039231935969537,1.0165585039377978,4.444444444444445,0.044444444444443565,0.0006871830552654329,attentive,0,2
96.8,True,-1.7083005441487,2.5364637908411383,4.444444444444445,0.044444444444443565,0.0006891142020204256,attentive,0,2
96.83333333333333,True,-1.9067046576207025,1.6024072700820522,4.444444444444445,0.044444444444443565,0.0006886491760367159,attentive,0,2
96.86666666666666,True,-1.3424646341698847,2.4164831035035372,4.444444444444445,0.044444444444443565,0.0006920798359138227,attentive,0,2
96.9,True,-0.9253781827584087,0.9642555493749029,4.444444444444445,0.044444444444443565,0.0006969725414269003,attentive,0,2
96.93333333333334,True,-2.397101215181606,3.0166957550205677,4.444444444444445,0.044444444444443565,0.0007040855395348221,attentive,0,2
96.96666666666667,True,0.6241053051670988,1.194780681873891,4.444444444444445,0.044444444444443565,0.0007106381995274029,attentive,0,2
97.0,True,-1.8322041706834906,2.688460021103274,4.444444444444445,0.044444444444443565,0.0007135734332219242,attentive,0,2
97.03333333333333,True,-1.1777161875697557,2.0005608054963813,4.444444444444445,0.044444444444443565,0.0007173245794984615,attentive,0,2
97.06666666666666,True,-0.8791107246089883,0.4951904981900468,4.444444444444445,0.044444444444443565,0.000728706283809261,attentive,0,2
97.1,True,-0.14403901828860144,0.6850094036709282,4.444444444444445,0.044444444444443565,0.000739295545939939,attentive,0,2
97.13333333333333,True,-2.3498343051244515,0.8553654651306822,4.444444444444445,0.044444444444443565,0.0007363254969003385,attentive,0,2
97.16666666666667,True,-2.2339884965866506,2.365450070026617,4.444444444444445,0.044444444444443565,0.0007346452024936687,attentive,0,2
97.2,True,0.3065230748383645,1.715025905107769,4.444444444444445,0.044444444444443565,0.0007453949191881659,attentive,0,2
97.23333333333333,True,0.7268879881494252,2.146455832975452,4.444444444444445,0.044444444444443565,0.0007570473649987114,attentive,0,2
97.26666666666667,True,-2.0418580882734614,0.10636213934831806,4.444444444444445,0.044444444444443565,0.0007578528625115207,attentive,0,2
97.3,True,-0.5855480189242959,2.0537762818882483,4.444444444444445,0.044444444444443565,0.0007719732494841283,attentive,0,2
97.33333333333333,True,-1.5609082497525462,2.020141997734437,4.444444444444445,0.044444444444443565,0.0007733805239508719,attentive,0,2
97.36666666666666,True,-1.3267182902208075,3.054150890280761,4.444444444444445,0.044444444444443565,0.0007728781720300563,attentive,0,2
97.4,True,-1.8967813248549086,1.4600703906378025,4.444444444444445,0.044444444444443565,0.0007702837618345748,attentive,0,2
97.43333333333334,True,3.0506970807232703,0.7102501249715274,4.444444444444445,0.044444444444443565,0.000783448424076105,attentive,0,2
97.46666666666667,True,0.6530877309827359,1.8892167230147607,4.444444444444445,0.044444444444443565,0.0007926306363533561,attentive,0,2
97.5,True,0.6026796952947238,2.4076724783712784,4.444444444444445,0.044444444444443565,0.0008067909710560687,attentive,0,2
97.53333333333333,True,-1.5712073781780411,1.7449790531367753,4.444444444444445,0.044444444444443565,0.0008092643534425916,attentive,0,2
97.56666666666666,True,-2.4259807177392934,0.6103723970095514,4.444444444444445,0.044444444444443565,0.0007962962631881428,attentive,0,2
97.6,True,-0.29691236981829816,3.0125796796743574,4.444444444444445,0.044444444444443565,0.0008109300718916834,attentive,0,2
97.63333333333333,True,-0.04602825293015367,1.6736084594213085,4.444444444444445,0.044444444444443565,0.0008171938210248943,attentive,0,2
97.66666666666667,True,-1.6116053037303182,2.85585249403725,4.444444444444445,0.044444444444443565,0.0008225632253802209,attentive,0,2
97.7,True,1.2993277059411708,3.1842077241726545,4.444444444444445,0.044444444444443565,0.000843545171188912,attentive,0,2
97.73333333333333,True,-1.3070347093867332,4.037626317749768,4.444444444444445,0.044444444444443565,0.0008506004370275383,attentive,0,2
97.76666666666667,True,-1.9293647785977504,1.6784183429325652,4.444444444444445,0.044444444444443565,0.0008587627924392654,attentive,0,2
97.8,True,-1.7334309414081173,1.9156775359816611,4.444444444444445,0.044444444444443565,0.0008616669751423074,attentive,0,2
97.83333333333333,True,-1.416557795530083,-0.3182452204683761,4.444444444444445,0.044444444444443565,0.0008671338159379256,attentive,0,2
97.86666666666666,True,-0.6583571100387926,2.185196773215362,4.444444444444445,0.044444444444443565,0.0008623846822156491,attentive,0,2
97.9,True,0.11313435164277696,1.431011979133939,4.444444444444445,0.044444444444443565,0.0008673670237246049,attentive,0,2
97.93333333333334,True,-1.6918410665973178,1.447832820000678,4.444444444444445,0.044444444444443565,0.0008743764843562355,attentive,0,2
97.96666666666667,True,-2.802871101798763,1.8204276942383977,4.444444444444445,0.044444444444443565,0.0008774442445689931,attentive,0,2
98.0,True,-2.2000438015097856,1.9254506476803381,4.444444444444445,0.044444444444443565,0.0008785810943181261,attentive,0,2
98.03333333333333,True,-0.5425725024493472,2.179570603585903,4.444444444444445,0.044444444444443565,0.0008839674749675556,attentive,0,2
98.06666666666666,True,0.8619299784307244,0.9894805483768281,4.444444444444445,0.044444444444443565,0.0008963767023439451,attentive,0,2
98.1,True,-1.703375636012694,2.1703174525517164,4.444444444444445,0.044444444444443565,0.0008983578722998246,attentive,0,2
98.13333333333333,True,-2.3779910312029284,0.8390283445845679,4.444444444444445,0.044444444444443565,0.000898023142704496,attentive,0,2
98.16666666666667,True,-2.5782840613429894,0.1840336253679573,4.444444444444445,0.044444444444443565,0.0008998041394908048,attentive,0,2
98.2,True,-1.2257479039323518,3.0042017650571413,4.444444444444445,0.044444444444443565,0.0009129395539438624,attentive,0,2
98.23333333333333,True,2.3023160595724805,-0.424935739448957,4.444444444444445,0.044444444444443565,0.0009232177712636034,attentive,0,2
98.26666666666667,True,-1.4910440774866451,1.2067262115972008,4.444444444444445,0.044444444444443565,0.0009245098704907629,attentive,0,2
98.3,True,-2.4650546807660634,1.244307688945286,4.444444444444445,0.044444444444443565,0.0009261492318046648,attentive,0,2
98.33333333333333,True,0.5408723241160702,0.7254549887315475,4.444444444444445,0.044444444444443565,0.0009310803522319507,attentive,0,2
98.36666666666666,True,-0.6973346735862478,1.4922855623747213,4.444444444444445,0.044444444444443565,0.000935635047621147,attentive,0,2
98.4,True,-1.1311105102996275,2.7782996859859574,4.444444444444445,0.044444444444443565,0.0009411186610738331,attentive,0,2
98.43333333333334,True,-3.3050845450348607,-0.2464919889643813,4.444444444444445,0.044444444444443565,0.0009366595830137703,attentive,0,2
98.46666666666667,True,-2.3490813140891627,2.4352560103947,4.444444444444445,0.044444444444443565,0.0009417055201886335,attentive,0,2
98.5,True,-0.13807551327187362,1.8919334000794814,4.444444444444445,0.044444444444443565,0.0009505356043533091,attentive,0,2
98.53333333333333,True,0.6756254840502358,1.6456737972794957,4.444444444444445,0.044444444444443565,0.0009593725839937945,attentive,0,2
98.56666666666666,True,-0.6809917062348845,1.6929416370867343,4.444444444444445,0.044444444444443565,0.0009534899163377412,attentive,0,2
98.6,True,1.6935641313939456,2.2857375337074046,4.444444444444445,0.044444444444443565,0.0009659862141077068,attentive,0,2
98.63333333333333,True,0.584213179982424,1.1091445561566673,4.444444444444445,0.044444444444443565,0.0009731598791822066,attentive,0,2
98.66666666666667,True,-2.5224380292486446,3.0047895754050273,4.444444444444445,0.044444444444443565,0.0009757115447434088,attentive,0,2
98.7,True,0.9254102984887216,2.493559359965244,4.444444444444445,0.044444444444443565,0.0009853678879109017,attentive,0,2
98.73333333333333,True,-0.6264041552094886,1.3825964440174057,4.444444444444445,0.044444444444443565,0.0009893951868182392,attentive,0,2
98.76666666666667,True,-3.951082718618748,1.1358556240505029,4.444444444444445,0.044444444444443565,0.0009951206170294214,attentive,0,2
98.8,True,-0.40256145322174164,2.2443564914516188,4.444444444444445,0.044444444444443565,0.0010063772743427932,attentive,0,2
98.83333333333333,True,-0.3995911008115578,1.9980261810082711,4.444444444444445,0.044444444444443565,0.0010077269722562044,attentive,0,2
98.86666666666666,True,-0.7660173107478421,0.9237051673286735,4.444444444444445,0.044444444444443565,0.001014230458109055,attentive,0,2
98.9,True,-0.10082101297520962,1.0555186943404473,4.444444444444445,0.044444444444443565,0.0010204956251576428,attentive,0,2
98.93333333333334,True,-1.6786729993695322,2.8824201668387963,4.444444444444445,0.044444444444443565,0.0010275363399131698,attentive,0,2
98.96666666666667,True,-0.54545341449873,2.0341106759832064,4.444444444444445,0.044444444444443565,0.001027615525038859,attentive,0,2
99.0,False,-2.366186332939398,1.8978376291568633,4.444444444444445,0.044444444444443565,0.0010315376451290902,attentive,0,2
99.03333333333333,False,-3.54205534799258,2.972810129051893,4.444444444444445,0.04666666666666566,0.0010345122996954516,attentive,0,2
99.06666666666666,False,-2.4302528244658554,1.8989971287011413,4.444444444444445,0.04888888888888776,0.0010331829781100477,attentive,0,2
99.1,False,-1.7840343555190987,3.171208916491528,4.444444444444445,0.05111111111110985,0.0010402012711391772,attentive,0,2
99.13333333333333,True,-1.8250524377356427,1.8118710334934338,4.444444444444445,0.04444444444444354,0.0010448173251247934,attentive,0,2
99.16666666666667,True,-1.8777239997777646,0.917155180876256,4.444444444444445,0.044444444444443496,0.0010492874350520659,attentive,0,2
99.2,True,-3.355058975834975,1.7448480102091641,4.444444444444445,0.044444444444443496,0.0010415777584302642,attentive,0,2
99.23333333333333,True,-0.9868809651130983,2.4827028473555695,4.444444444444445,0.044444444444443496,0.0010548789994075233,attentive,0,2
99.26666666666667,True,-0.7689987959879835,1.4144556785043483,4.444444444444445,0.044444444444443496,0.0010624510637570763,attentive,0,2
99.3,True,0.1954874383706613,0.975780237453759,4.444444444444445,0.044444444444443496,0.0010707388577561934,attentive,0,2
99.33333333333333,True,-1.061901271466927,1.664923267040531,4.444444444444445,0.044444444444443496,0.001078341566837713,attentive,0,2
99.36666666666666,True,-3.273808414251815,0.8972064793461754,4.444444444444445,0.044444444444443496,0.001071711981240304,attentive,0,2
99.4,True,-0.37864488564513255,0.5178479903062302,4.444444444444445,0.044444444444443496,0.0010821669076353853,attentive,0,2
99.43333333333334,True,-2.4383180747015247,-0.06952011276070325,4.444444444444445,0.044444444444443496,0.0010808924474347435,attentive,0,2
99.46666666666667,True,1.4806312773907926,0.01760487686603107,4.444444444444445,0.044444444444443496,0.0010865772427909742,attentive,0,2
99.5,True,-2.7110840744162203,1.3361808402713893,4.444444444444445,0.044444444444443496,0.0010881165740699826,attentive,0,2
99.53333333333333,True,-2.4766232739406657,2.2992811324071543,4.444444444444445,0.044444444444443496,0.0010942464717168747,attentive,0,2
99.56666666666666,True,-0.2557618958654764,0.04823231680249718,4.444444444444445,0.044444444444443496,0.0010907661658581113,attentive,0,2
99.6,True,2.0644872435207993,0.3163341716778256,4.444444444444445,0.044444444444443496,0.0011039284334760425,attentive,0,2
99.63333333333333,True,1.0784356787786775,2.363049114436349,4.444444444444445,0.044444444444443496,0.0011100294659520265,attentive,0,2
99.66666666666667,True,-0.6211923666244896,2.3314106416008595,4.444444444444445,0.044444444444443496,0.0011103214786319314,attentive,0,2
99.7,True,-2.272289465509347,0.724538421051556,4.444444444444445,0.044444444444443496,0.0011079232939231246,attentive,0,2
99.73333333333333,True,0.36181363448467563,0.6507016693300344,4.444444444444445,0.044444444444443496,0.0011098217231996974,attentive,0,2
99.76666666666667,True,-0.046735103316637217,1.697851806584056,4.444444444444445,0.044444444444443496,0.001117717022460914,attentive,0,2
99.8,True,0.2397403363839603,-0.585931355719979,4.444444444444445,0.044444444444443496,0.0011225442796657346,attentive,0,2
99.83333333333333,True,-0.46452547550129664,1.3463847146350147,4.444444444444445,0.044444444444443496,0.0011270542195352732,attentive,0,2
99.86666666666666,True,-2.525468136101474,2.6812698912421453,4.444444444444445,0.044444444444443496,0.0011301424620867454,attentive,0,2
99.9,True,-3.681004074381704,1.5613150444097208,4.444444444444445,0.044444444444443496,0.0011324214013268905,attentive,0,2
99.93333333333334,True,-3.2539209605700816,-0.7544360539319817,4.444444444444445,0.044444444444443496,0.0011249178558009236,attentive,0,2
99.96666666666667,True,-3.16350463345178,0.439000379754908,4.444444444444445,0.044444444444443496,0.0011277610613821634,attentive,0,2
100.0,True,-2.136044218375637,2.6388805370167536,4.444444444444445,0.044444444444443496,0.001129281746623138,attentive,0,2
100.03333333333333,True,-3.0973427133587723,3.211148750241038,4.444444444444445,0.044444444444443496,0.001134186673542458,attentive,0,2
100.06666666666666,True,-2.1125685822595703,0.28352921525697616,4.444444444444445,0.044444444444443496,0.001134519152274228,attentive,0,2
100.1,True,-0.15475703361579396,0.42539425832043354,4.444444444444445,0.044444444444443496,0.00114362845378719,attentive,0,2
100.13333333333333,True,-2.805763678463309,2.562608571528086,4.444444444444445,0.044444444444443496,0.0011417959915966456,attentive,0,2
100.16666666666667,True,0.9697131043506875,0.4880358336098596,4.444444444444445,0.044444444444443496,0.0011509772581740963,attentive,0,2
100.2,True,-0.960066628647815,0.9866881918122579,4.444444444444445,0.044444444444443496,0.0011542552997721221,attentive,0,2
100.23333333333333,True,-0.08145192444535532,3.1689327873694744,4.444444444444445,0.044444444444443496,0.0011602647673210897,attentive,0,2
100.26666666666667,True,-0.8927122302191792,1.7092171862149552,4.444444444444445,0.044444444444443496,0.0011688975835372247,attentive,0,2
100.3,True,-2.97001135102322,-0.08577412307214316,4.444444444444445,0.044444444444443496,0.0011650185965144252,attentive,0,2
100.33333333333333,True,-0.8374869870076505,2.818438107282817,4.444444444444445,0.044444444444443496,0.001172173067374152,attentive,0,2
100.36666666666666,True,-0.1002673315143161,1.2946639405312619,4.444444444444445,0.044444444444443496,0.0011815107600572112,attentive,0,2
100.4,True,-0.9475919268063183,1.7877359193177387,4.444444444444445,0.044444444444443496,0.0011842772790359145,attentive,0,2
100.43333333333334,True,-4.239228335902867,0.8631253492341869,4.444444444444445,0.044444444444443496,0.001185406588412674,attentive,0,2
100.46666666666667,True,-1.7744783172351146,1.3470660134735832,4.444444444444445,0.044444444444443496,0.0011839287410143182,attentive,0,2
100.5,True,-2.7373204563768447,0.7275086019210378,4.444444444444445,0.044444444444443496,0.0011796925382987421,attentive,0,2
100.53333333333333,True,-3.097007438265701,-0.14834004071266338,4.444444444444445,0.044444444444443496,0.001181057016028256,attentive,0,2
100.56666666666666,True,-3.3562383683403088,0.7805642030040851,4.444444444444445,0.044444444444443496,0.0011767844391197988,attentive,0,2
100.6,True,-2.407561676010978,2.3983042512599697,4.444444444444445,0.044444444444443496,0.0011785356850147009,attentive,0,2
100.63333333333333,True,-2.3497889311398747,0.7521840235431914,4.444444444444445,0.044444444444443496,0.0011784457031174496,attentive,0,2
100.66666666666667,True,-0.2597496813988789,2.845623342478424,4.444444444444445,0.044444444444443496,0.001186821137147962,attentive,0,2
100.7,True,-1.2744882141151026,1.603146752544844,4.444444444444445,0.044444444444443496,0.0011957057704319392,attentive,0,2
100.73333333333333,True,-1.5254158859938998,1.6737995074411662,4.444444444444445,0.044444444444443496,0.0011956174159882794,attentive,0,2
100.76666666666667,True,-1.8536440646363126,0.6417191450334183,4.444444444444445,0.044444444444443496,0.0011950616317668186,attentive,0,2
100.8,True,-1.642644994885836,2.194149464944739,4.444444444444445,0.044444444444443496,0.0011918798846350745,attentive,0,2
100.83333333333333,True,-0.9286640702372215,-0.5748344810655008,4.444444444444445,0.044444444444443496,0.0011960442025618617,attentive,0,2
100.86666666666666,True,-2.213233254812479,-1.503360492503437,4.444444444444445,0.044444444444443496,0.001191147775392524,attentive,0,2
100.9,True,-0.21063553793650147,1.1503735897001601,4.444444444444445,0.044444444444443496,0.001205923038265181,attentive,0,2
100.93333333333334,True,0.6802219425818228,2.2083693005603653,4.444444444444445,0.044444444444443496,0.0012161239552320466,attentive,0,2
100.96666666666667,True,-1.5337058115404756,0.6733701420754881,4.444444444444445,0.044444444444443496,0.0012161680227104907,attentive,0,2
101.0,True,-1.9171003734096381,0.6909041345800198,4.444444444444445,0.044444444444443496,0.0012216421063849865,attentive,0,2
101.03333333333333,True,-4.113111113982934,1.4047534598660758,4.444444444444445,0.044444444444443496,0.0012161031716656557,attentive,0,2
101.06666666666666,True,-2.1559740260872147,0.32374913837714636,4.444444444444445,0.044444444444443496,0.001223463138545794,attentive,0,2
101.1,True,-2.6536519676658883,0.5940670430550279,4.444444444444445,0.044444444444443496,0.001229577988327933,attentive,0,2
101.13333333333333,True,-4.573606771980996,-0.023157113027083565,4.444444444444445,0.044444444444443496,0.0012270645475405473,attentive,0,2
101.16666666666667,True,-2.3617848757577584,0.6458719994527069,4.444444444444445,0.044444444444443496,0.0012245461884672812,attentive,0,2
101.2,True,-2.6063475003749357,2.078024221776216,4.444444444444445,0.044444444444443496,0.0012291030980855129,attentive,0,2
101.23333333333333,True,-2.324615801596024,-0.18891230466570352,4.444444444444445,0.044444444444443496,0.0012255589655032228,attentive,0,2
101.26666666666667,True,-1.7887585869722153,2.2521600098893177,4.444444444444445,0.044444444444443496,0.0012292811151900368,attentive,0,2
101.3,True,-2.7413162567843727,1.8169091563856727,4.444444444444445,0.044444444444443496,0.0012268781583008293,attentive,0,2
101.33333333333333,True,-1.2034548652997588,-1.2126402207560707,4.444444444444445,0.044444444444443496,0.0012362674953158353,attentive,0,2
101.36666666666666,True,-1.6276405086333157,0.5120694269617152,4.444444444444445,0.044444444444443496,0.0012378716455261718,attentive,0,2
101.4,True,-0.022041610779464316,2.133952371777277,4.444444444444445,0.044444444444443496,0.0012493844030166336,attentive,0,2
101.43333333333334,True,-3.0521895837064843,0.9028307982636915,4.444444444444445,0.044444444444443496,0.0012512353780899333,attentive,0,2
101.46666666666667,True,-3.596722450018059,2.1001578697093564,4.444444444444445,0.044444444444443496,0.001241804932156885,attentive,0,2
101.5,True,-1.5271475827287995,1.3813089687967186,4.444444444444445,0.044444444444443496,0.0012482097799191036,attentive,0,2
101.53333333333333,True,-2.804967838005369,-0.8517279724160313,4.444444444444445,0.044444444444443496,0.0012475170478100338,attentive,0,2
101.56666666666666,True,-0.5626302784056225,0.37094507248924824,4.444444444444445,0.044444444444443496,0.0012504187858567934,attentive,0,2
101.6,True,-1.9790401815789376,-0.8595723199842579,4.444444444444445,0.044444444444443496,0.0012511309031857706,attentive,0,2
101.63333333333333,True,0.4180789428453795,1.0461026662422297,4.444444444444445,0.044444444444443496,0.0012632619570103702,attentive,0,2
101.66666666666667,True,-2.159746488703918,0.8240223311019297,4.444444444444445,0.044444444444443496,0.0012602477277754258,attentive,0,2
101.7,True,-0.6793729734469189,0.3603431205137485,4.444444444444445,0.044444444444443496,0.0012640745042958943,attentive,0,2
101.73333333333333,True,-2.2237357829068194,-0.582876222671909,4.444444444444445,0.044444444444443496,0.0012669443027439101,attentive,0,2
101.76666666666667,True,-3.343553919540161,-0.27848246716980196,4.444444444444445,0.044444444444443496,0.001265703929905007,attentive,0,2
101.8,True,-2.79562599014575,0.38674502401619176,4.444444444444445,0.044444444444443496,0.001268341626112056,attentive,0,2
101.83333333333333,True,-0.7481247282974359,-0.6211192974684857,4.444444444444445,0.044444444444443496,0.0012714641328830604,attentive,0,2
101.86666666666666,True,-2.7079836636292205,-1.4040104248562622,4.444444444444445,0.044444444444443496,0.0012717538143700922,attentive,0,2
101.9,True,-0.48178473280725775,0.16020987721627522,4.444444444444445,0.044444444444443496,0.0012794409073047797,attentive,0,2
101.93333333333334,True,-0.870132177126477,0.7300204774596973,4.444444444444445,0.044444444444443496,0.0012832480324197954,attentive,0,2
101.96666666666667,True,-2.6919824750786905,1.734508668605595,4.444444444444445,0.044444444444443496,0.0012844659313790917,attentive,0,2
102.0,False,0.5739903523578946,0.47076268350166767,4.444444444444445,0.044444444444443496,0.0012854607743256739,attentive,0,2
102.03333333333333,False,-4.013282963523271,-0.4988521049914174,4.444444444444445,0.04666666666666559,0.0012739364827196987,attentive,0,2
102.06666666666666,False,-2.555341733319985,0.4635365838389482,4.444444444444445,0.04888888888888769,0.0012751459577274847,attentive,0,2
102.1,False,-3.116268483279457,1.2532705115232412,4.444444444444445,0.05111111111110978,0.001271577969984296,attentive,0,2
102.13333333333333,True,-0.0503229649737853,1.7714665526755722,4.444444444444445,0.044444444444443475,0.0012859498603043946,attentive,0,2
102.16666666666667,True,-2.455340596394731,0.33624885982335295,4.444444444444445,0.044444444444443426,0.0012897804821402664,attentive,0,2
102.2,True,-2.418055431734155,0.49555214628639854,4.444444444444445,0.044444444444443426,0.0012897549998644767,attentive,0,2
102.23333333333333,True,-2.36439409687712,1.5456266953509392,4.444444444444445,0.044444444444443426,0.0012961852183981885,attentive,0,2
102.26666666666667,True,-0.5566456301775453,1.5795995993076026,4.444444444444445,0.044444444444443426,0.0013019428079802167,attentive,0,2
102.3,True,-3.5095590183213665,0.6923529865776465,4.444444444444445,0.044444444444443426,0.0012999814443005794,attentive,0,2
102.33333333333333,True,-4.53691900308298,0.5895914212082899,4.444444444444445,0.044444444444443426,0.0013017881383279222,attentive,0,2
102.36666666666666,True,-2.268537298812673,1.3545530891323536,4.444444444444445,0.044444444444443426,0.0013036593011443959,attentive,0,2
102.4,True,-0.36124199650892086,0.15560938317823814,4.444444444444445,0.044444444444443426,0.0013054683052698551,attentive,0,2
102.43333333333334,True,-0.9494473923988809,0.7614160553808405,4.444444444444445,0.044444444444443426,0.0013051633224526213,attentive,0,2
102.46666666666667,True,-1.7569671331704875,-0.13598061318259658,4.444444444444445,0.044444444444443426,0.0013092441760456275,attentive,0,2
102.5,True,-0.2733361374239225,-0.6151897620263724,4.444444444444445,0.044444444444443426,0.0013150473468812277,attentive,0,2
102.53333333333333,True,0.44133880775854406,2.047817716017394,4.444444444444445,0.044444444444443426,0.0013258551427191385,attentive,0,2
102.56666666666666,True,-2.584943976760561,-0.5615060519703565,4.444444444444445,0.044444444444443426,0.0013300616784852042,attentive,0,2
102.6,True,-0.3645668404857645,-0.4344844013524699,4.444444444444445,0.044444444444443426,0.0013329691906309347,attentive,0,2
102.63333333333333,True,-2.0438749924348256,1.6377448121384994,4.444444444444445,0.044444444444443426,0.0013389376854638505,attentive,0,2
102.66666666666667,True,-2.2930299749223453,0.39095871692858986,4.444444444444445,0.044444444444443426,0.0013401563914325451,attentive,0,2
102.7,True,-2.440184540114286,-0.4785287548909396,4.444444444444445,0.044444444444443426,0.001341383314162168,attentive,0,2
102.73333333333333,True,-1.931671678953573,1.846525881869571,4.444444444444445,0.044444444444443426,0.0013534873178555683,attentive,0,2
102.76666666666667,True,-3.3582324511809274,-0.3095965690432322,4.444444444444445,0.044444444444443426,0.001357864987450824,attentive,0,2
102.8,True,-3.175710087838519,-0.5895580395380076,4.444444444444445,0.044444444444443426,0.0013550072342403113,attentive,0,2
102.83333333333333,True,-2.81006869951508,0.24012585202946946,4.444444444444445,0.044444444444443426,0.0013480838328606749,attentive,0,2
102.86666666666666,True,-3.798752816099995,-0.24049719778595358,4.444444444444445,0.044444444444443426,0.001342216897113687,attentive,0,2
102.89999999999999,True,-2.5898091534739134,2.0060266584807978,4.444444444444445,0.044444444444443426,0.0013464721440396878,attentive,0,2
102.93333333333334,True,-1.9804018348701682,-0.489342290052445,4.444444444444445,0.044444444444443426,0.0013530028985241104,attentive,0,2
102.96666666666667,True,-2.6039718214795315,0.3707523504978284,4.444444444444445,0.044444444444443426,0.001347688281732172,attentive,0,2
103.0,True,-3.1444973285467097,0.3580356661176187,4.444444444444445,0.044444444444443426,0.0013539824380013913,attentive,0,2
103.03333333333333,True,-1.652996017598602,1.8641894006008006,4.444444444444445,0.044444444444443426,0.0013575929604453007,attentive,0,2
103.06666666666666,True,-2.858945732245893,0.9081305695697739,4.444444444444445,0.044444444444443426,0.0013596280720987886,attentive,0,2
103.1,True,-5.214853416638958,0.15963558572953812,4.444444444444445,0.044444444444443426,0.001359407000075222,attentive,0,2
103.13333333333333,True,-2.887789286895244,0.7735265708823256,4.444444444444445,0.044444444444443426,0.0013614208208342427,attentive,0,2
103.16666666666667,True,-2.5822732296526714,0.8920982318176567,4.444444444444445,0.044444444444443426,0.0013577599363110877,attentive,0,2
103.2,True,-5.879935884211276,1.6763760117964726,4.444444444444445,0.044444444444443426,0.0013544353390250335,attentive,0,2
103.23333333333333,True,-1.3887330491560506,-0.34165518480270557,4.444444444444445,0.044444444444443426,0.0013500582881108114,attentive,0,2
103.26666666666667,True,-4.220272885506489,-0.4292364648351134,4.444444444444445,0.044444444444443426,0.0013442349740539162,attentive,0,2
103.3,True,-2.8535851661002023,0.24301010816396443,4.444444444444445,0.044444444444443426,0.0013415335758340148,attentive,0,2
103.33333333333333,True,-2.314756872703175,-0.32353368850934056,4.444444444444445,0.044444444444443426,0.0013480251473347539,attentive,0,2
103.36666666666666,True,-2.5821296983955127,1.195631065255236,4.444444444444445,0.044444444444443426,0.0013530207827391393,attentive,0,2
103.39999999999999,True,-2.0091716048561206,0.8039719625117501,4.444444444444445,0.044444444444443426,0.001357376881663598,attentive,0,2
103.43333333333334,True,-3.3432284920797932,0.36648128668735686,4.444444444444445,0.044444444444443426,0.0013568497414273386,attentive,0,2
103.46666666666667,True,-2.066130641760175,-1.1480162740023474,4.444444444444445,0.044444444444443426,0.0013601756712673962,attentive,0,2
103.5,True,-4.276646319890625,0.6775352496975826,4.444444444444445,0.044444444444443426,0.0013610261242825916,attentive,0,2
103.53333333333333,True,-2.719134722846424,-0.21380357262310645,4.444444444444445,0.044444444444443426,0.0013582490191251279,attentive,0,2
103.56666666666666,True,-1.8162431145390667,0.8245877431119375,4.444444444444445,0.044444444444443426,0.0013601084539697473,attentive,0,2
103.6,True,-4.276995128939248,-1.434266647301264,4.444444444444445,0.044444444444443426,0.001346949373518987,attentive,0,2
103.63333333333333,True,-2.7357085024412777,1.3572058478137865,4.444444444444445,0.044444444444443426,0.001359135210907647,attentive,0,2
103.66666666666667,True,-3.3528472492746957,1.5334462092511816,4.444444444444445,0.044444444444443426,0.001356672707807118,attentive,0,2
103.7,True,-2.285928577388023,1.7759735460703026,4.444444444444445,0.044444444444443426,0.0013577505898806784,attentive,0,2
103.73333333333333,True,-2.535317275513245,-0.3963536003789794,4.444444444444445,0.044444444444443426,0.0013573263049388115,attentive,0,2
103.76666666666667,True,-1.7955922469865153,-0.7948870851460714,4.444444444444445,0.044444444444443426,0.0013560871579863948,attentive,0,2
103.8,True,-3.9413970989601257,0.42735500880213884,4.444444444444445,0.044444444444443426,0.0013546811109509359,attentive,0,2
103.83333333333333,True,-2.048382616990858,-0.6465550587601478,4.444444444444445,0.044444444444443426,0.0013584927801143301,attentive,0,2
103.86666666666666,True,-1.0634429586457097,-0.4341261345425844,4.444444444444445,0.044444444444443426,0.0013588433385927387,attentive,0,2
103.89999999999999,True,-3.2059524411264997,0.2112028164668977,4.444444444444445,0.044444444444443426,0.0013568769172549418,attentive,0,2
103.93333333333334,True,-1.3676237359490557,-0.4557166692699016,4.444444444444445,0.044444444444443426,0.0013572392720931615,attentive,0,2
103.96666666666667,True,-6.4810264612834985,-0.05475890797096883,4.444444444444445,0.044444444444443426,0.0013418064506332498,attentive,0,2
104.0,True,2.3974818175648944,0.4692076444428496,4.444444444444445,0.044444444444443426,0.0013558255712118829,attentive,0,2
104.03333333333333,True,-4.735867736917596,2.5326310614267107,4.444444444444445,0.044444444444443426,0.0013558542767819906,attentive,0,2
104.06666666666666,True,-1.4627806998384894,-0.7969247024646124,4.444444444444445,0.044444444444443426,0.0013565264942071225,attentive,0,2
104.1,True,-0.9060974564778355,1.6795291313537872,4.444444444444445,0.044444444444443426,0.001359868988778933,attentive,0,2
104.13333333333333,True,-3.5658440291232765,1.0452311511314396,4.444444444444445,0.044444444444443426,0.001366463370322382,attentive,0,2
104.16666666666667,True,-1.8621273527423567,-1.618843371562507,4.444444444444445,0.044444444444443426,0.0013680112570029312,attentive,0,2
104.2,True,-2.4955996093843904,-0.024386771854867456,4.444444444444445,0.044444444444443426,0.0013685203439313784,attentive,0,2
104.23333333333333,True,-2.495197959112543,1.0819778957852388,4.444444444444445,0.044444444444443426,0.0013742973982851158,attentive,0,2
104.26666666666667,True,-2.4116249592210988,0.015851648817478706,4.444444444444445,0.044444444444443426,0.001370673360736856,attentive,0,2
104.3,True,-1.4089239136736968,0.887485915495325,4.444444444444445,0.044444444444443426,0.001375699938483792,attentive,0,2
104.33333333333333,True,-1.6430918118618918,-0.023851280586750817,4.444444444444445,0.044444444444443426,0.0013846296037448116,attentive,0,2
104.36666666666666,True,-3.1024725248262377,2.3750964699468646,4.444444444444445,0.044444444444443426,0.0013922796867474707,attentive,0,2
104.39999999999999,True,-1.9590598840360265,0.34170761514453896,4.444444444444445,0.044444444444443426,0.001399769226797199,attentive,0,2
104.43333333333334,True,-3.324677325054262,0.8011292136832239,4.444444444444445,0.044444444444443426,0.0014024382840071934,attentive,0,2
104.46666666666667,True,-0.3831132353947897,-0.2710328823998921,4.444444444444445,0.044444444444443426,0.0014061199752274443,attentive,0,2
104.5,True,-2.1218554551331144,-0.26010526672191586,4.444444444444445,0.044444444444443426,0.0014161618976638191,attentive,0,2
104.53333333333333,True,-4.008713364722731,-0.20088955850356438,4.444444444444445,0.044444444444443426,0.0014122302437467238,attentive,0,2
104.56666666666666,True,-1.299657303730454,-0.28795686224087186,4.444444444444445,0.044444444444443426,0.0014173705610686094,attentive,0,2
104.6,True,-1.5896559257701175,0.5783774345434145,4.444444444444445,0.044444444444443426,0.0014179357677012734,attentive,0,2
104.63333333333333,True,-2.2059443262093668,1.2611551111974129,4.444444444444445,0.044444444444443426,0.0014243753231855348,attentive,0,2
104.66666666666667,True,-5.880649917510274,-0.501834621753674,4.444444444444445,0.044444444444443426,0.0014086054282325391,attentive,0,2
104.7,True,-3.171634249361033,-1.2378510846838622,4.444444444444445,0.044444444444443426,0.0014062601315711345,attentive,0,2
104.73333333333333,True,-2.707188816715281,0.265154894716739,4.444444444444445,0.044444444444443426,0.0014037272126558244,attentive,0,2
104.76666666666667,True,-2.6284637123045465,-0.5991016415969697,4.444444444444445,0.044444444444443426,0.0014070010744189755,attentive,0,2
104.8,True,-1.9401691291179732,-1.7534782449340487,4.444444444444445,0.044444444444443426,0.0014034414166399782,attentive,0,2
104.83333333333333,True,-5.034034653756688,0.2634326709732113,4.444444444444445,0.044444444444443426,0.0013975851339103973,attentive,0,2
104.86666666666666,True,-1.5864270085100278,0.5051807064415225,4.444444444444445,0.044444444444443426,0.0014045574540915318,attentive,0,2
104.89999999999999,True,-2.3066885169360374,0.31375168263425396,4.444444444444445,0.044444444444443426,0.0014011432034428998,attentive,0,2
104.93333333333334,True,-3.364221273593162,0.614959955957343,4.444444444444445,0.044444444444443426,0.0013909837645678122,attentive,0,2
104.96666666666667,True,-1.6491690619394397,-0.9328716277095672,4.444444444444445,0.044444444444443426,0.0013891621989500554,attentive,0,2
105.0,False,-3.161213485740921,0.4786087604547854,4.444444444444445,0.044444444444443426,0.0013864679636836782,attentive,0,2
105.03333333333333,False,-0.8963310623278407,-1.6467291991891329,4.444444444444445,0.046666666666665524,0.0013819166229439507,attentive,0,2
105.06666666666666,False,-4.869254771687126,-1.8344234443879806,4.444444444444445,0.04888888888888762,0.0013735107147956349,attentive,0,2
105.1,False,1.8121420112365416,1.3271754719802766,4.444444444444445,0.05111111111110971,0.0013870412176773188,attentive,0,2
105.13333333333333,True,-2.54838356759536,-0.253682485827749,4.444444444444445,0.0444444444444434,0.001380756227496686,attentive,0,2
105.16666666666667,True,-3.0394798513642236,0.35494462137402893,4.444444444444445,0.04444444444444336,0.0013775625095306713,attentive,0,2
105.2,True,-3.0012188847981087,0.23565250340009264,4.444444444444445,0.04444444444444336,0.001376108667120533,attentive,0,2
105.23333333333333,True,-1.7886923670626995,0.12695664821180477,4.444444444444445,0.04444444444444336,0.0013819550063948899,attentive,0,2
105.26666666666667,True,-2.017768520678346,-0.7557522258532162,4.444444444444445,0.04444444444444336,0.0013870986385322876,attentive,0,2
105.3,True,-3.901432415222874,-0.5631419214368917,4.444444444444445,0.04444444444444336,0.0013849571641109935,attentive,0,2
105.33333333333333,True,-2.155272148176685,2.4524976921146187,4.444444444444445,0.04444444444444336,0.0013876242867198263,attentive,0,2
105.36666666666666,True,-0.4652068698189775,-0.49459424659456597,4.444444444444445,0.04444444444444336,0.0013894766252908293,attentive,0,2
105.39999999999999,True,-0.5039333429144053,-1.5252180430176052,4.444444444444445,0.04444444444444336,0.0013972005271867408,attentive,0,2
105.43333333333334,True,-1.4043445670460182,-0.21438414352029503,4.444444444444445,0.04444444444444336,0.001395797517049565,attentive,0,2
105.46666666666667,True,-2.307799485062211,1.2038835395089782,4.444444444444445,0.04444444444444336,0.0013967528258147916,attentive,0,2
105.5,True,-3.61201421547264,1.7356400652971606,4.444444444444445,0.04444444444444336,0.0014020193527248973,attentive,0,2
105.53333333333333,True,-2.7293670513142647,-1.5233438094111702,4.444444444444445,0.04444444444444336,0.0013997175703664192,attentive,0,2
105.56666666666666,True,-1.2094755761295644,-1.2423137115858434,4.444444444444445,0.04444444444444336,0.0013989745604680972,attentive,0,2
105.6,True,-1.884779736406462,0.4188184958674852,4.444444444444445,0.04444444444444336,0.0013959167297047726,attentive,0,2
105.63333333333333,True,-3.0362016441715607,-0.1749079690262232,4.444444444444445,0.04444444444444336,0.0013978616649438324,attentive,0,2
105.66666666666667,True,-1.048920586849274,-1.2461910551858604,4.444444444444445,0.04444444444444336,0.001402381666158103,attentive,0,2
105.7,True,-4.349544783670073,2.4262209939061625,4.444444444444445,0.04444444444444336,0.0014029292197779964,attentive,0,2
105.73333333333333,True,-2.461929183402217,0.3177939819153253,4.444444444444445,0.04444444444444336,0.001408292619233299,attentive,0,2
105.76666666666667,True,-1.3153117856921432,-0.001959723470281949,4.444444444444445,0.04444444444444336,0.0014093051722296403,attentive,0,2
105.8,True,-1.6067435892170303,0.587698894376657,4.444444444444445,0.04444444444444336,0.0014130902363419517,attentive,0,2
105.83333333333333,True,-0.22172321700646247,1.621340289108075,4.444444444444445,0.04444444444444336,0.0014193631669523216,attentive,0,2
105.86666666666666,True,-3.2284600054151364,-2.4300937983028916,4.444444444444445,0.04444444444444336,0.0014101915909729653,attentive,0,2
105.89999999999999,True,-2.4830249853216584,-0.4634050660829656,4.444444444444445,0.04444444444444336,0.0014037918115472558,attentive,0,2
105.93333333333334,True,-2.3468757460879797,0.5567105337648105,4.444444444444445,0.04444444444444336,0.001403564628431457,attentive,0,2
105.96666666666667,True,-3.597120298375045,1.463784057085546,4.444444444444445,0.04444444444444336,0.0014069509677089843,attentive,0,2
106.0,True,-0.35349315284874194,0.3798265494018041,4.444444444444445,0.04444444444444336,0.0014094880749583802,attentive,0,2
106.03333333333333,True,-3.5952085010224812,-1.829442917912507,4.444444444444445,0.04444444444444336,0.0014047053894976898,attentive,0,2
106.06666666666666,True,-3.7083690211524933,0.9769967429391462,4.444444444444445,0.04444444444444336,0.0014048728494077231,attentive,0,2
106.1,True,-2.13758964397924,0.7506540766800271,4.444444444444445,0.04444444444444336,0.0014104328968691893,attentive,0,2
106.13333333333333,True,-3.376708981426976,-2.5323234960941954,4.444444444444445,0.04444444444444336,0.001406087726631487,attentive,0,2
106.16666666666667,True,-2.432243944753682,-1.47200243183741,4.444444444444445,0.04444444444444336,0.0013994865106388681,attentive,0,2
106.2,True,-5.297850389225929,-0.3030668007829569,4.444444444444445,0.04444444444444336,0.0013975880072859147,attentive,0,2
106.23333333333333,True,-0.9236828303570055,-1.676272781488719,4.444444444444445,0.04444444444444336,0.001401878529687639,attentive,0,2
106.26666666666667,True,-2.839905903896701,-1.595495264731572,4.444444444444445,0.04444444444444336,0.0013984553543592978,attentive,0,2
106.3,True,-5.40694891711188,0.39032353890997373,4.444444444444445,0.04444444444444336,0.0013946189962968083,attentive,0,2
106.33333333333333,True,-2.994170438137911,-0.00035348936010615173,4.444444444444445,0.04444444444444336,0.0013952264468072143,attentive,0,2
106.36666666666666,True,-1.954021241672904,-0.9118924788006282,4.444444444444445,0.04444444444444336,0.0013936277047042482,attentive,0,2
106.39999999999999,True,-5.348660544269297,-0.5427812360226758,4.444444444444445,0.04444444444444336,0.0013818154765141686,attentive,0,2
106.43333333333334,True,-2.1593005347365093,0.2481579600222017,4.444444444444445,0.04444444444444336,0.0013879326916909772,attentive,0,2
106.46666666666667,True,-3.808461109601051,0.0786789970438494,4.444444444444445,0.04444444444444336,0.001381723924745237,attentive,0,2
106.5,True,-3.067706043541963,0.10375514872795044,4.444444444444445,0.04444444444444336,0.0013792217342630435,attentive,0,2
106.53333333333333,True,-3.493318641902284,-0.8334708932010826,4.444444444444445,0.04444444444444336,0.0013784816051000221,attentive,0,2
106.56666666666666,True,-2.9781755977832356,-0.5268259393946986,4.444444444444445,0.04444444444444336,0.0013765295691302718,attentive,0,2
106.6,True,-0.12228935489154313,-0.5433860652396755,4.444444444444445,0.04444444444444336,0.0013823715137966318,attentive,0,2
106.63333333333333,True,-1.5402504475568066,1.0298025814574943,4.444444444444445,0.04444444444444336,0.00138638862266824,attentive,0,2
106.66666666666667,True,-1.7642986712910242,-1.3895588328855584,4.444444444444445,0.04444444444444336,0.001385769650290089,attentive,0,2
106.7,True,-2.3904384845746076,-1.1745486474136935,4.444444444444445,0.04444444444444336,0.0013813196090135525,attentive,0,2
106.73333333333333,True,-4.670545971197375,1.879015855019426,4.444444444444445,0.04444444444444336,0.0013806935435298762,attentive,0,2
106.76666666666667,True,-3.0666662108753915,0.12115511527777756,4.444444444444445,0.04444444444444336,0.0013729934178448814,attentive,0,2
106.8,True,-2.7514737920142354,-0.8866173006592835,4.444444444444445,0.04444444444444336,0.001368409495420914,attentive,0,2
106.83333333333333,True,-1.9604610821629163,0.410554453800832,4.444444444444445,0.04444444444444336,0.0013665340815733683,attentive,0,2
106.86666666666666,True,-3.713354529897235,-1.161167339174041,4.444444444444445,0.04444444444444336,0.001361428014224219,attentive,0,2
106.89999999999999,True,-3.1545179880222167,-0.802710444747674,4.444444444444445,0.04444444444444336,0.0013592053957124511,attentive,0,2
106.93333333333334,True,-4.297101126787879,-0.15857766563096592,4.444444444444445,0.04444444444444336,0.0013511180702820767,attentive,0,2
106.96666666666667,True,-3.373606925564047,0.5688043087601522,4.444444444444445,0.04444444444444336,0.0013523267643725419,attentive,0,2
107.0,True,-3.351182239338492,-1.887133635166295,4.444444444444445,0.04444444444444336,0.0013505483071904424,attentive,0,2
107.03333333333333,True,-2.552839024321622,0.5564397405293549,4.444444444444445,0.04444444444444336,0.0013471343625771621,attentive,0,2
107.06666666666666,True,-0.6755138547425314,-0.6531873886510198,4.444444444444445,0.04444444444444336,0.0013558805063898821,attentive,0,2
107.1,True,-2.3037196525485397,0.2834380255879596,4.444444444444445,0.04444444444444336,0.00135588186632443,attentive,0,2
107.13333333333333,True,-3.0236943448239577,-0.11037346604094789,4.444444444444445,0.04444444444444336,0.0013573167778227237,attentive,0,2
107.16666666666667,True,-2.7711541113543885,-1.0251759022734226,4.444444444444445,0.04444444444444336,0.0013560154158586972,attentive,0,2
107.2,True,-3.658097099599864,0.4989897537833716,4.444444444444445,0.04444444444444336,0.0013528509656101084,attentive,0,2
107.23333333333333,True,-4.1497561189796865,0.24094504094815905,4.444444444444445,0.04444444444444336,0.0013548752470645775,attentive,0,2
107.26666666666667,True,-2.472056246167398,0.17047296269450796,4.444444444444445,0.04444444444444336,0.0013577040849901579,attentive,0,2
107.3,True,-2.745794818321607,1.2655715686451579,4.444444444444445,0.04444444444444336,0.001354863598321993,attentive,0,2
107.33333333333333,True,-2.040469124768346,-2.093826612741096,4.444444444444445,0.04444444444444336,0.0013598324136497434,attentive,0,2
107.36666666666666,True,-1.7422496569203816,-1.350331317533536,4.444444444444445,0.04444444444444336,0.0013682753090057008,attentive,0,2
107.39999999999999,True,-4.447090749148061,-1.055184603744448,4.444444444444445,0.04444444444444336,0.0013609957147768944,attentive,0,2
107.43333333333334,True,-2.8165903750271406,-1.3230973730333742,4.444444444444445,0.04444444444444336,0.0013560802492056825,attentive,0,2
107.46666666666667,True,-1.1697080938284494,-0.07364663236475244,4.444444444444445,0.04444444444444336,0.001367047397856347,attentive,0,2
107.5,True,-0.8389142682961408,-0.31538508669655785,4.444444444444445,0.04444444444444336,0.0013692801278274084,attentive,0,2
107.53333333333333,True,-3.4931695729881342,0.3999892325498311,4.444444444444445,0.04444444444444336,0.0013673247736855436,attentive,0,2
107.56666666666666,True,-4.964566881037078,-1.8218708861365185,4.444444444444445,0.04444444444444336,0.0013627010441231368,attentive,0,2
107.6,True,-4.183597169518254,-1.5382707713628458,4.444444444444445,0.04444444444444336,0.0013447927262998213,attentive,0,2
107.63333333333333,True,-1.145269972477134,-0.5101643340219373,4.444444444444445,0.04444444444444336,0.0013522542184357521,attentive,0,2
107.66666666666667,True,-3.2100320616079703,0.25538578055358707,4.444444444444445,0.04444444444444336,0.0013528027730763843,attentive,0,2
107.7,True,-3.650363121220965,0.3018254395559774,4.444444444444445,0.04444444444444336,0.0013571223546877062,attentive,0,2
107.73333333333333,True,-0.4948784467760863,-0.5830704435891911,4.444444444444445,0.04444444444444336,0.0013603088389695828,attentive,0,2
107.76666666666667,True,-3.6957796561020313,-1.8231204206551166,4.444444444444445,0.04444444444444336,0.0013521514082232588,attentive,0,2
107.8,True,-1.9213817886289641,-1.374292823316999,4.444444444444445,0.04444444444444336,0.0013447294845337536,attentive,0,2
107.83333333333333,True,-1.631242063721778,-2.5975637162350855,4.444444444444445,0.04444444444444336,0.001339431981680354,attentive,0,2
107.86666666666666,True,-0.5863608663943047,-1.9130588474617967,4.444444444444445,0.04444444444444336,0.0013342472368573655,attentive,0,2
107.89999999999999,True,0.9813327943317511,-1.485933053124937,4.444444444444445,0.04444444444444336,0.0013399296803259277,attentive,0,2
107.93333333333334,True,-4.606946152434949,-0.6057989673998383,4.444444444444445,0.04444444444444336,0.0013298545236978335,attentive,0,2
107.96666666666667,True,-4.609364001815903,-0.6409883906057767,4.444444444444445,0.04444444444444336,0.0013219063977872232,attentive,0,2
108.0,False,-1.6801807683005403,-1.2520728139436605,4.444444444444445,0.04444444444444336,0.0013222348685444857,attentive,0,2
108.03333333333333,False,-3.3479893193232435,-2.2205620338061225,4.444444444444445,0.046666666666665454,0.001316069825980586,attentive,0,2
108.06666666666666,False,-2.3973000326845946,-0.9237804848712318,4.444444444444445,0.04888888888888755,0.0013145364818429683,attentive,0,2
108.1,False,-4.664751784583304,-0.016324454390818754,4.444444444444445,0.05111111111110964,0.001311056456587471,attentive,0,2
108.13333333333333,True,-4.798202132066694,-1.7734348234607327,4.444444444444445,0.044444444444443336,0.0013022875384638283,attentive,0,2
108.16666666666667,True,-3.639962333494479,0.0020611160392371985,4.444444444444445,0.04444444444444329,0.0012919814847626048,attentive,0,2
108.2,True,-4.683798117502224,-0.8430658481573782,4.444444444444445,0.04444444444444329,0.001285067843977022,attentive,0,2
108.23333333333333,True,-5.05514899282921,-0.2307989972255413,4.444444444444445,0.04444444444444329,0.001277586613707944,attentive,0,2
108.26666666666667,True,-0.18699318205356397,-2.935411158755877,4.444444444444445,0.04444444444444329,0.001272156711545253,attentive,0,2
108.3,True,-6.6477918517422845,-2.3160998220153513,4.444444444444445,0.04444444444444329,0.0012582278620499278,attentive,0,2
108.33333333333333,True,-4.315926187827428,-0.47694346639327956,4.444444444444445,0.04444444444444329,0.0012522803377676773,attentive,0,2
108.36666666666666,True,-0.5134110211951386,-0.32592619200479267,4.444444444444445,0.04444444444444329,0.0012568030536666318,attentive,0,2
108.39999999999999,True,-2.2715721264534325,-1.8947858939936901,4.444444444444445,0.04444444444444329,0.0012443102510363777,attentive,0,2
108.43333333333334,True,-3.935933131148168,-0.8633962502130116,4.444444444444445,0.04444444444444329,0.0012413113697866442,attentive,0,2
108.46666666666667,True,-4.87688744235453,-1.1152401064119324,4.444444444444445,0.04444444444444329,0.0012328216569955984,attentive,0,2
108.5,True,-3.236966288029942,-1.7453469021538974,4.444444444444445,0.04444444444444329,0.0012329557926184823,attentive,0,2
108.53333333333333,True,-4.177402831460894,0.3897732788369508,4.444444444444445,0.04444444444444329,0.0012300739811871742,attentive,0,2
108.56666666666666,True,-3.113646716000205,0.16966297621422033,4.444444444444445,0.04444444444444329,0.0012277894656048506,attentive,0,2
108.6,True,-0.7882752216149584,-0.5425949225417466,4.444444444444445,0.04444444444444329,0.001230401571244207,attentive,0,2
108.63333333333333,True,-1.9331473833537058,-1.9993847419494652,4.444444444444445,0.04444444444444329,0.0012321548456460858,attentive,0,2
108.66666666666667,True,-2.070797847793576,-1.4877714630357444,4.444444444444445,0.04444444444444329,0.001228497134982881,attentive,0,2
108.7,True,-5.988861553460723,-1.402103475138883,4.444444444444445,0.04444444444444329,0.0012104976245870232,attentive,0,2
108.73333333333333,True,-3.476965212994768,-1.180404717978493,4.444444444444445,0.04444444444444329,0.0012056923757633401,attentive,0,2
108.76666666666667,True,-4.007738434068394,0.022180541520121277,4.444444444444445,0.04444444444444329,0.0011921021396602818,attentive,0,2
108.8,True,-1.2807805645015728,-2.280262827095633,4.444444444444445,0.04444444444444329,0.0011960654132769628,attentive,0,2
108.83333333333333,True,-3.1765497463842145,-1.2153982505086713,4.444444444444445,0.04444444444444329,0.0011937262483204564,attentive,0,2
108.86666666666666,True,-3.4038698837670305,-0.3846886993797656,4.444444444444445,0.04444444444444329,0.0011880497690523162,attentive,0,2
108.89999999999999,True,-3.1735556044515887,-0.8930694136450164,4.444444444444445,0.04444444444444329,0.0011843381411608916,attentive,0,2
108.93333333333334,True,-2.2374754642351284,-0.2479287847123185,4.444444444444445,0.04444444444444329,0.0011850762310744748,attentive,0,2
108.96666666666667,True,-1.8514806287052343,-0.6008635716519962,4.444444444444445,0.04444444444444329,0.0011851959939781433,attentive,0,2
109.0,True,0.3803790022596667,-0.9066440056725622,4.444444444444445,0.04444444444444329,0.0011894287896550082,attentive,0,2
109.03333333333333,True,-7.5239978150912155,-1.7779909214770395,4.444444444444445,0.04444444444444329,0.0011747208088900784,attentive,0,2
109.06666666666666,True,-3.2125123865983984,-2.6715540043437063,4.444444444444445,0.04444444444444329,0.0011698188884414077,attentive,0,2
109.1,True,-3.125120602533497,-0.8131883211629405,4.444444444444445,0.04444444444444329,0.001168617344856133,attentive,0,2
109.13333333333333,True,-0.594280227527983,-3.200715735332927,4.444444444444445,0.04444444444444329,0.0011641157216782374,attentive,0,2
109.16666666666667,True,-2.4699604069938372,-1.6773692191767238,4.444444444444445,0.04444444444444329,0.001156121027581246,attentive,0,2
109.2,True,-4.891078540622358,-1.940952943379898,4.444444444444445,0.04444444444444329,0.0011465170492428946,attentive,0,2
109.23333333333333,True,-2.7866186973735174,-0.7941638573386576,4.444444444444445,0.04444444444444329,0.0011429314787521128,attentive,0,2
109.26666666666667,True,-1.2560894717179991,-1.2957311739906123,4.444444444444445,0.04444444444444329,0.0011394988821594606,attentive,0,2
109.3,True,-2.1522389772427295,-2.225443754854557,4.444444444444445,0.04444444444444329,0.001131346054574852,attentive,0,2
109.33333333333333,True,-3.570653263521621,-2.5641811065744218,4.444444444444445,0.04444444444444329,0.001131022116845997,attentive,0,2
109.36666666666666,True,-5.521034367820606,-1.5526783483851805,4.444444444444445,0.04444444444444329,0.0011242518647614382,attentive,0,2
109.39999999999999,True,-1.6063070466744593,-0.08684934837553815,4.444444444444445,0.04444444444444329,0.0011219269521658723,attentive,0,2
109.43333333333334,True,-4.532725095060119,-0.8637470058749316,4.444444444444445,0.04444444444444329,0.0011086857382778673,attentive,0,2
109.46666666666667,True,-2.639092794080813,-1.2235995177630699,4.444444444444445,0.04444444444444329,0.0010991852242730011,attentive,0,2
109.5,True,-4.683120467143708,0.03180719225031048,4.444444444444445,0.04444444444444329,0.00109521198521252,attentive,0,2
109.53333333333333,True,-4.666753824853497,0.3544362693704277,4.444444444444445,0.04444444444444329,0.0010886484468801924,attentive,0,2
109.56666666666666,True,-1.4452052275190876,-0.9920688782374523,4.444444444444445,0.04444444444444329,0.00108564063165657,attentive,0,2
109.6,True,-4.302150148875052,-0.18566150996426867,4.444444444444445,0.04444444444444329,0.001085761171150743,attentive,0,2
109.63333333333333,True,-4.71441185626481,-1.6204751984982693,4.444444444444445,0.04444444444444329,0.0010858423336295182,attentive,0,2
109.66666666666667,True,-2.900851138807905,-1.1941828903682874,4.444444444444445,0.04444444444444329,0.0010843424112158607,attentive,0,2
109.7,True,-0.5412092224267622,-0.3894829550265312,4.444444444444445,0.04444444444444329,0.0010857438398949888,attentive,0,2
109.73333333333333,True,-3.4205797830605214,0.3116009796820234,4.444444444444445,0.04444444444444329,0.001078786732344283,attentive,0,2
109.76666666666667,True,-2.9150710573799516,-1.332169906820297,4.444444444444445,0.04444444444444329,0.0010673377996103627,attentive,0,2
109.8,True,-4.358876486330076,-1.7785088226343104,4.444444444444445,0.04444444444444329,0.0010565392971132097,attentive,0,2
109.83333333333333,True,-1.7871289116950413,-0.9881316795994727,4.444444444444445,0.04444444444444329,0.0010545203097956945,attentive,0,2
109.86666666666666,True,-3.6671807916061834,-1.2295272705721532,4.444444444444445,0.04444444444444329,0.0010470463925167687,attentive,0,2
109.89999999999999,True,-3.827234870980722,-1.0199196541670332,4.444444444444445,0.04444444444444329,0.0010404465880361358,attentive,0,2
109.93333333333334,True,-1.7941689355332795,-3.3262713959626122,4.444444444444445,0.04444444444444329,0.001041171902940455,attentive,0,2
109.96666666666667,True,-1.145190147571007,-0.7951328109765919,4.444444444444445,0.04444444444444329,0.0010425677665102193,attentive,0,2
110.0,True,-2.689827253701306,-0.8781211477333695,4.444444444444445,0.04444444444444329,0.0010459683725818126,attentive,0,2
110.03333333333333,True,-1.1109675321127366,-0.8769377858762656,4.444444444444445,0.04444444444444329,0.0010405991969619287,attentive,0,2
110.06666666666666,True,-3.9699832126306784,-2.667894678508423,4.444444444444445,0.04444444444444329,0.001035022150762962,attentive,0,2
110.1,True,-6.906048670379311,-0.008532941406406369,4.444444444444445,0.04444444444444329,0.0010228121951611066,attentive,0,2
110.13333333333333,True,-3.0625307062853455,0.24852637098166164,4.444444444444445,0.04444444444444329,0.0010175559248163457,attentive,0,2
110.16666666666667,True,-3.656234951331655,0.17027296755192411,4.444444444444445,0.04444444444444329,0.0010116043554584688,attentive,0,2
110.2,True,-1.379679753818538,-2.4853483038191726,4.444444444444445,0.04444444444444329,0.0010100593234804185,attentive,0,2
110.23333333333333,True,-3.9712408079279022,-0.850716545481573,4.444444444444445,0.04444444444444329,0.0010026497865941605,attentive,0,2
110.26666666666667,True,-4.999219070390081,-0.9620676217619573,4.444444444444445,0.04444444444444329,0.0009874379158176492,attentive,0,2
110.3,True,-0.6309939848430832,-1.7510587266278068,4.444444444444445,0.04444444444444329,0.000990893438586592,attentive,0,2
110.33333333333333,True,-1.6283932271498798,-3.171504848932357,4.444444444444445,0.04444444444444329,0.0009891213649010195,attentive,0,2
110.36666666666666,True,-4.292801768406878,-0.8245134667221122,4.444444444444445,0.04444444444444329,0.00098186451042575,attentive,0,2
110.39999999999999,True,-2.9928461237164563,-1.0170697926155892,4.444444444444445,0.04444444444444329,0.0009798010512104246,attentive,0,2
110.43333333333334,True,-4.639616810711481,-1.5125833640258501,4.444444444444445,0.04444444444444329,0.0009698377001458147,attentive,0,2
110.46666666666667,True,-3.527529108759692,-1.065430320034177,4.444444444444445,0.04444444444444329,0.0009603679730905076,attentive,0,2
110.5,True,-5.460781267626789,-1.5077586120059954,4.444444444444445,0.04444444444444329,0.000951353267435055,attentive,0,2
110.53333333333333,True,-0.19615599541869466,-0.7188263744823021,4.444444444444445,0.04444444444444329,0.000951978853224825,attentive,0,2
110.56666666666666,True,-4.742412053205302,-1.3796945036787496,4.444444444444445,0.04444444444444329,0.0009382064236970052,attentive,0,2
110.6,True,-1.9541804997753045,-0.6468141266033977,4.444444444444445,0.04444444444444329,0.0009418575407708481,attentive,0,2
110.63333333333333,True,-3.8822337394932074,-2.4010128578150067,4.444444444444445,0.04444444444444329,0.000941837604923716,attentive,0,2
110.66666666666667,True,-4.506187418401924,-1.7199249906789098,4.444444444444445,0.04444444444444329,0.0009338365067108245,attentive,0,2
110.7,True,-2.5471979460651446,-2.892045144434214,4.444444444444445,0.04444444444444329,0.0009304218730193316,attentive,0,2
110.73333333333333,True,0.2224332485462801,-2.7060213308027983,4.444444444444445,0.04444444444444329,0.0009331784350142774,attentive,0,2
110.76666666666667,True,-2.4982777058974444,-2.734811272074496,4.444444444444445,0.04444444444444329,0.00092498142015185,attentive,0,2
110.8,True,-5.4096966176460795,-0.6137737723676416,4.444444444444445,0.04444444444444329,0.0009239856864802338,attentive,0,2
110.83333333333333,True,-1.9599781547726873,-2.372065806910915,4.444444444444445,0.04444444444444329,0.0009149951029661608,attentive,0,2
110.86666666666666,True,-2.0404633306056823,-2.373643093243051,4.444444444444445,0.04444444444444329,0.000915564945027035,attentive,0,2
110.89999999999999,True,-2.675589893060833,-1.2846459665357197,4.444444444444445,0.04444444444444329,0.0009092392752539903,attentive,0,2
110.93333333333334,True,-3.115201486526399,-2.0108293794718137,4.444444444444445,0.04444444444444329,0.0008999613042385903,attentive,0,2
110.96666666666667,True,-4.091406563105161,-2.411173149207543,4.444444444444445,0.04444444444444329,0.0008919123810606597,attentive,0,2
111.0,False,-3.8305825921878367,-0.6753560212165618,4.444444444444445,0.04444444444444329,0.0008854210921454766,attentive,0,2
111.03333333333333,False,-1.1835979816020492,-2.3746946570495613,4.444444444444445,0.046666666666665385,0.0008885158126801827,attentive,0,2
111.06666666666666,False,-1.5806140171289913,-1.9644712399804019,4.444444444444445,0.04888888888888748,0.0008838510769734881,attentive,0,2
111.1,False,-3.9503861188457225,-3.404798311880963,4.444444444444445,0.051111111111109574,0.0008712983466021701,attentive,0,2
111.13333333333333,True,-2.0513198428993733,-2.8757080430659228,4.444444444444445,0.04444444444444327,0.0008693466064065962,attentive,0,2
111.16666666666667,True,-4.466905782242394,-2.320562630869482,4.444444444444445,0.04444444444444322,0.0008626541419392285,attentive,0,2
111.2,True,-1.9717620753844902,-1.7330028038472027,4.444444444444445,0.04444444444444322,0.0008498032161382832,attentive,0,2
111.23333333333333,True,-2.1131045548481677,-2.9917556682532696,4.444444444444445,0.04444444444444322,0.0008461409462730878,attentive,0,2
111.26666666666667,True,-3.0957641730286602,-0.8934176978981447,4.444444444444445,0.04444444444444322,0.0008410108873122815,attentive,0,2
111.3,True,-2.4386114260826472,-1.8002015805766138,4.444444444444445,0.04444444444444322,0.0008360611530205041,attentive,0,2
111.33333333333333,True,-4.867611526603345,-2.1964140772872662,4.444444444444445,0.04444444444444322,0.0008303556353815789,attentive,0,2
111.36666666666666,True,-2.632054284085978,-1.971901394977531,4.444444444444445,0.04444444444444322,0.0008276960014703765,attentive,0,2
111.39999999999999,True,-3.2371056128503524,-3.429870049262856,4.444444444444445,0.04444444444444322,0.0008195418183941832,attentive,0,2
111.43333333333334,True,-3.0169599434558068,-2.880791255124624,4.444444444444445,0.04444444444444322,0.0008128048565701392,attentive,0,2
111.46666666666667,True,-0.700637178393106,0.714911429012868,4.444444444444445,0.04444444444444322,0.0008201187237030729,attentive,0,2
111.5,True,-2.099895063977959,-1.9127465453988364,4.444444444444445,0.04444444444444322,0.0008233291227945413,attentive,0,2
111.53333333333333,True,-4.3582148101522495,-3.1172163636970702,4.444444444444445,0.04444444444444322,0.0008135196318873185,attentive,0,2
111.56666666666666,True,-2.8756883684907772,0.6195736059197317,4.444444444444445,0.04444444444444322,0.0008081131570709622,attentive,0,2
111.6,True,-2.2159014913389905,-1.945578941088903,4.444444444444445,0.04444444444444322,0.0008035290843203065,attentive,0,2
111.63333333333333,True,-2.2291199965706925,-0.6194708258942205,4.444444444444445,0.04444444444444322,0.0008017079159676388,attentive,0,2
111.66666666666667,True,-2.1573810359534358,-1.5715309789011898,4.444444444444445,0.04444444444444322,0.0007946928793597331,attentive,0,2
111.7,True,-4.014681264259952,-1.8607009023668302,4.444444444444445,0.04444444444444322,0.0007828357977583894,attentive,0,2
111.73333333333333,True,-5.728844658260677,-0.5817515896405268,4.444444444444445,0.04444444444444322,0.0007703966432406415,attentive,0,2
111.76666666666667,True,-4.231656456680354,1.0019896771007022,4.444444444444445,0.04444444444444322,0.000766037931379786,attentive,0,2
111.8,True,-4.343915025766638,0.08354682923378798,4.444444444444445,0.04444444444444322,0.0007563329247346564,attentive,0,2
111.83333333333333,True,-1.6322616337874198,-0.043389741352667155,4.444444444444445,0.04444444444444322,0.0007550255048046305,attentive,0,2
111.86666666666666,True,-2.9721236347647126,-0.5777151406081924,4.444444444444445,0.04444444444444322,0.0007495798395250027,attentive,0,2
111.89999999999999,True,-3.743422324633167,-0.590618471082571,4.444444444444445,0.04444444444444322,0.0007436899277861015,attentive,0,2
111.93333333333334,True,-2.132200708914281,-1.127635824524027,4.444444444444445,0.04444444444444322,0.0007418139641006756,attentive,0,2
111.96666666666667,True,-5.2719932657452535,-0.04145694273872391,4.444444444444445,0.04444444444444322,0.000732053134628437,attentive,0,2
112.0,True,-3.7663814011071612,-2.304936077420217,4.444444444444445,0.04444444444444322,0.0007284684574819715,attentive,0,2
112.03333333333333,True,-3.6989093543858003,-0.7134045632318975,4.444444444444445,0.04444444444444322,0.0007195775499490308,attentive,0,2
112.06666666666666,True,-2.4518678291443967,-4.235696002174758,4.444444444444445,0.04444444444444322,0.000711660209383021,attentive,0,2
112.1,True,-1.564019076524043,-1.1080134887020332,4.444444444444445,0.04444444444444322,0.0007087531201453582,attentive,0,2
112.13333333333333,True,-2.789602101612462,-0.03587637630415541,4.444444444444445,0.04444444444444322,0.0007008995800932879,attentive,0,2
112.16666666666667,True,-0.7272538592334183,-1.9027350033739165,4.444444444444445,0.04444444444444322,0.0006963591812818114,attentive,0,2
112.2,True,-3.1124866931481865,-1.8757867854775498,4.444444444444445,0.04444444444444322,0.0006930362522477426,attentive,0,2
112.23333333333333,True,-4.2350507877044,-2.5568651499695547,4.444444444444445,0.04444444444444322,0.0006796003979903427,attentive,0,2
112.26666666666667,True,-2.88310810974629,-3.2079230405231387,4.444444444444445,0.04444444444444322,0.000672755600426861,attentive,0,2
112.3,True,-3.905616152871538,-2.5298128179688324,4.444444444444445,0.04444444444444322,0.0006561840574983624,attentive,0,2
112.33333333333333,True,-1.87656492405101,-1.4991765665998622,4.444444444444445,0.04444444444444322,0.0006570411369214199,attentive,0,2
112.36666666666666,True,-3.1403244057208943,-4.359402251193774,4.444444444444445,0.04444444444444322,0.0006405528123006217,attentive,0,2
112.39999999999999,True,-2.3579753708795046,-2.603061331563845,4.444444444444445,0.04444444444444322,0.0006308786478150074,attentive,0,2
112.43333333333334,True,-3.151884532506722,-1.1713824792673018,4.444444444444445,0.04444444444444322,0.0006218269897814996,attentive,0,2
112.46666666666667,True,-1.4998465117632112,-2.4036781851397593,4.444444444444445,0.04444444444444322,0.0006157592012343389,attentive,0,2
112.5,True,-3.3578792125936032,0.0421697822451903,4.444444444444445,0.04444444444444322,0.0006088432771623592,attentive,0,2
112.53333333333333,True,-4.459298689530292,-1.925665029695958,4.444444444444445,0.04444444444444322,0.0006030777912559963,attentive,0,2
112.56666666666666,True,-4.720416501404691,-1.1752691701033506,4.444444444444445,0.04444444444444322,0.0005903610866327446,attentive,0,2
112.6,True,-0.7587808269992076,-2.0579067439517247,4.444444444444445,0.04444444444444322,0.0005933208592734355,attentive,0,2
112.63333333333333,True,-2.336034506809269,-2.840062500268306,4.444444444444445,0.04444444444444322,0.0005916744616275139,attentive,0,2
112.66666666666667,True,-1.4766938695703171,-1.876098148856399,4.444444444444445,0.04444444444444322,0.0005933253540324919,attentive,0,2
112.7,True,-2.255638385508605,-2.2890113438392485,4.444444444444445,0.04444444444444322,0.000586751092546048,attentive,0,2
112.73333333333333,True,-3.519080902620641,-0.4129170825342474,4.444444444444445,0.04444444444444322,0.000586294509784855,attentive,0,2
112.76666666666667,True,-3.189163148419123,-2.4570517748676424,4.444444444444445,0.04444444444444322,0.0005803233879797127,attentive,0,2
112.8,True,-1.5457247657886477,-2.504748522094192,4.444444444444445,0.04444444444444322,0.0005781687911189915,attentive,0,2
112.83333333333333,True,-2.45718685476917,-1.0397647925829063,4.444444444444445,0.04444444444444322,0.0005795266436736673,attentive,0,2
112.86666666666666,True,-5.015680599522651,-1.2333131407692863,4.444444444444445,0.04444444444444322,0.0005707212247752733,attentive,0,2
112.89999999999999,True,-2.560934790724521,-2.988058287529529,4.444444444444445,0.04444444444444322,0.0005683616421904473,attentive,0,2
112.93333333333334,True,-3.4453468648021603,-1.818842625115829,4.444444444444445,0.04444444444444322,0.0005618737317301005,attentive,0,2
112.96666666666667,True,-3.5544606295091397,-3.0132857600998286,4.444444444444445,0.04444444444444322,0.0005554325417828985,attentive,0,2
113.0,True,-3.992563776644859,-2.380245408542957,4.444444444444445,0.04444444444444322,0.0005464052961423501,attentive,0,2
113.03333333333333,True,-1.4354106171242602,-2.6890218263989825,4.444444444444445,0.04444444444444322,0.0005415773767481652,attentive,0,2
113.06666666666666,True,-3.9790393757426425,-1.3398482875579238,4.444444444444445,0.04444444444444322,0.0005278630719529457,attentive,0,2
113.1,True,-0.9280450315417088,-3.4020641837995518,4.444444444444445,0.04444444444444322,0.0005200242558149639,attentive,0,2
113.13333333333333,True,-1.9141588264545444,-1.363568556382757,4.444444444444445,0.04444444444444322,0.0005177325808830516,attentive,0,2
113.16666666666667,True,-2.9254645263953623,-1.3362438904261469,4.444444444444445,0.04444444444444322,0.0005159541194484358,attentive,0,2
113.2,True,-2.934332250122976,-3.596200979700126,4.444444444444445,0.04444444444444322,0.0005160112217079249,attentive,0,2
113.23333333333333,True,-2.8959507480921154,-2.581193529001108,4.444444444444445,0.04444444444444322,0.0005148489282292867,attentive,0,2
113.26666666666667,True,-4.217987626854568,-1.118630546257522,4.444444444444445,0.04444444444444322,0.0005064532874920247,attentive,0,2
113.3,True,-0.05357608567551653,-1.9277032153342295,4.444444444444445,0.04444444444444322,0.0005033322505259093,attentive,0,2
113.33333333333333,True,-0.8596708380312967,-3.566063555510616,4.444444444444445,0.04444444444444322,0.000500086681949307,attentive,0,2
113.36666666666666,True,-2.7449501137750265,-2.2392799248991544,4.444444444444445,0.04444444444444322,0.000495455055404142,attentive,0,2
113.39999999999999,True,-1.2123198383220681,-1.4489030681055743,4.444444444444445,0.04444444444444322,0.0004938955681072595,attentive,0,2
113.43333333333334,True,-4.224150512020426,-0.6161954832488656,4.444444444444445,0.04444444444444322,0.00048595130282520435,attentive,0,2
113.46666666666667,True,-2.3545433923293446,-1.5882890657617164,4.444444444444445,0.04444444444444322,0.00048719232852379775,attentive,0,2
113.5,True,-2.8506147697057234,-3.8780231412328856,4.444444444444445,0.04444444444444322,0.0004917648227246525,attentive,0,2
113.53333333333333,True,-3.4819957080825326,-0.746519227422771,4.444444444444445,0.04444444444444322,0.0004980503455766826,attentive,0,2
113.56666666666666,True,-1.3936089579357962,-2.763628794421338,4.444444444444445,0.04444444444444322,0.0005097597043747609,attentive,0,2
113.6,True,-3.8363067812013893,-2.875397175958292,4.444444444444445,0.04444444444444322,0.0005052704666161173,attentive,0,2
113.63333333333333,True,-2.0571578543597098,-1.690024313698951,4.444444444444445,0.04444444444444322,0.0005076069592945628,attentive,0,2
113.66666666666667,True,-2.46090802728426,-2.2468581067407625,4.444444444444445,0.04444444444444322,0.0005139273442398792,attentive,0,2
113.7,True,-1.8145266285321013,-2.2612870520006547,4.444444444444445,0.04444444444444322,0.0005257913135010439,attentive,0,2
113.73333333333333,True,-1.7074649692136736,-1.114452206142207,4.444444444444445,0.04444444444444322,0.0005292174121946646,attentive,0,2
113.76666666666667,True,-2.631324425121764,-3.1302861187405338,4.444444444444445,0.04444444444444322,0.0005284645904655,attentive,0,2
113.8,True,-2.65335377021719,-1.7715790646434095,4.444444444444445,0.04444444444444322,0.0005356645760135754,attentive,0,2
113.83333333333333,True,-0.16044755864124127,-2.0196979635130288,4.444444444444445,0.04444444444444322,0.0005466402648091463,attentive,0,2
113.86666666666666,True,-4.800462958340889,-3.3492023785999647,4.444444444444445,0.04444444444444322,0.0005486739241270978,attentive,0,2
113.89999999999999,True,-2.3460298179375756,-2.253606263221027,4.444444444444445,0.04444444444444322,0.000561251286969885,attentive,0,2
113.93333333333334,True,-4.378905342157733,-2.3708693844026985,4.444444444444445,0.04444444444444322,0.0005638281884139154,attentive,0,2
113.96666666666667,True,-1.7850757343521773,-1.3407146922668742,4.444444444444445,0.04444444444444322,0.0005670504498746638,attentive,0,2
114.0,False,-0.802578906157208,-2.3644659438444986,4.444444444444445,0.04444444444444322,0.0005700809047765592,attentive,0,2
114.03333333333333,False,-1.4610778269524731,-2.2595959533732195,4.444444444444445,0.046666666666665316,0.0005752528859421373,attentive,0,2
114.06666666666666,False,-1.3197059086996206,0.1908231958237243,4.444444444444445,0.04888888888888741,0.0005767887299494212,attentive,0,2
114.1,False,-2.6940149510577505,-2.2990217491336615,4.444444444444445,0.051111111111109504,0.000575499037806811,attentive,0,2
114.13333333333333,True,-2.5123048426383394,-1.883508641187517,4.444444444444445,0.044444444444443204,0.000589145221976521,attentive,0,2
114.16666666666667,True,-4.002818584572603,-2.2754105952272172,4.444444444444445,0.04444444444444314,0.0005948361376496584,attentive,0,2
114.2,True,-3.9987434893236857,-2.2514787498761377,4.444444444444445,0.04444444444444314,0.000593077424189282,attentive,0,2
114.23333333333333,True,-1.3776912136199975,-3.96440800301707,4.444444444444445,0.04444444444444314,0.0006040692407697372,attentive,0,2
114.26666666666667,True,-3.7031074076356227,-4.169308251698025,4.444444444444445,0.04444444444444314,0.0006072850046340233,attentive,0,2
114.3,True,-1.8366726403695506,-0.3176219281972177,4.444444444444445,0.04444444444444314,0.000605095706450267,attentive,0,2
114.33333333333333,True,-0.6272070879063967,-2.448414282403456,4.444444444444445,0.04444444444444314,0.0006148992028119422,attentive,0,2
114.36666666666666,True,0.030525074863511747,-1.4147131700803077,4.444444444444445,0.04444444444444314,0.0006253816086256915,attentive,0,2
114.39999999999999,True,-3.616353352580248,-0.9811428438662757,4.444444444444445,0.04444444444444314,0.000624164014066064,attentive,0,2
114.43333333333334,True,-1.1960981030526332,-2.928776153039993,4.444444444444445,0.04444444444444314,0.0006286455344725069,attentive,0,2
114.46666666666667,True,-4.736476483729068,-2.5645495916559824,4.444444444444445,0.04444444444444314,0.0006241384486378541,attentive,0,2
114.5,True,-2.7343909297805458,-1.416873781026795,4.444444444444445,0.04444444444444314,0.0006216646118922637,attentive,0,2
114.53333333333333,True,-3.297850880046844,-0.40312781537073294,4.444444444444445,0.04444444444444314,0.0006199929724294386,attentive,0,2
114.56666666666666,True,-4.388637975524668,-3.0311237815636147,4.444444444444445,0.04444444444444314,0.0006181241431320759,attentive,0,2
114.6,True,0.4644920542483857,-0.1322008708067426,4.444444444444445,0.04444444444444314,0.000624394716313179,attentive,0,2
114.63333333333333,True,-4.937344944263085,-0.9968625022080007,4.444444444444445,0.04444444444444314,0.0006232984747855688,attentive,0,2
114.66666666666667,True,-3.103621711067584,-2.4626107396195622,4.444444444444445,0.04444444444444314,0.0006249751820515764,attentive,0,2
114.7,True,-2.460323422321837,-1.1898752202590084,4.444444444444445,0.04444444444444314,0.0006245420991682206,attentive,0,2
114.73333333333333,True,-3.023638909459398,-0.8108062241258718,4.444444444444445,0.04444444444444314,0.0006292654944675558,attentive,0,2
114.76666666666667,True,-0.32558123548231377,-3.813627702569921,4.444444444444445,0.04444444444444314,0.0006480073119852282,attentive,0,2
114.8,True,-0.8464409943198947,-2.624330603057412,4.444444444444445,0.04444444444444314,0.0006569105587550768,attentive,0,2
114.83333333333333,True,-3.6101582663586984,-2.3244976045737475,4.444444444444445,0.04444444444444314,0.0006590564659304035,attentive,0,2
114.86666666666666,True,-2.4098829816584932,-2.2556478609245216,4.444444444444445,0.04444444444444314,0.0006615292263587706,attentive,0,2
114.89999999999999,True,-3.420357648045611,-0.412455257714893,4.444444444444445,0.04444444444444314,0.0006618877449841005,attentive,0,2
114.93333333333334,True,-4.0657701149919845,-2.710214614386941,4.444444444444445,0.04444444444444314,0.0006622565280352316,attentive,0,2
114.96666666666667,True,-1.1878383330504296,-1.7500752600313028,4.444444444444445,0.04444444444444314,0.0006699493572208158,attentive,0,2
115.0,True,-3.036556977487825,-0.7299028493223934,4.444444444444445,0.04444444444444314,0.0006689025187616444,attentive,0,2
115.03333333333333,True,-2.3138835662114436,-1.516375776467766,4.444444444444445,0.04444444444444314,0.0006748583143401429,attentive,0,2
115.06666666666666,True,-4.420944620551086,-2.926115572868408,4.444444444444445,0.04444444444444314,0.0006741982345777641,attentive,0,2
115.1,True,-4.418224640509715,-1.047931380465318,4.444444444444445,0.04444444444444314,0.0006720343326595303,attentive,0,2
115.13333333333333,True,-3.56105851162235,-2.2289263485640296,4.444444444444445,0.04444444444444314,0.000677018973933001,attentive,0,2
115.16666666666667,True,-0.8848926564039663,-1.6127185110246556,4.444444444444445,0.04444444444444314,0.0006827509263237221,attentive,0,2
115.2,True,-1.2825341213664885,-2.4339746404839406,4.444444444444445,0.04444444444444314,0.0006895677690715057,attentive,0,2
115.23333333333333,True,-2.6815728231137936,-2.5378717835567235,4.444444444444445,0.04444444444444314,0.0006869000114228436,attentive,0,2
115.26666666666667,True,-4.133864099632229,-1.345937256343222,4.444444444444445,0.04444444444444314,0.0006913111502765618,attentive,0,2
115.3,True,-3.1600263926964,-1.8175380579366056,4.444444444444445,0.04444444444444314,0.0006988402164723841,attentive,0,2
115.33333333333333,True,-3.8354932722921626,-3.424542025494482,4.444444444444445,0.04444444444444314,0.0007044207666302161,attentive,0,2
115.36666666666666,True,-6.067304637141531,-2.2668635191440076,4.444444444444445,0.04444444444444314,0.0006995249577176931,attentive,0,2
115.39999999999999,True,-2.2970352610532827,-1.604544644646288,4.444444444444445,0.04444444444444314,0.000701209851097933,attentive,0,2
115.43333333333334,True,-2.0353859309137903,-2.7090497945160132,4.444444444444445,0.04444444444444314,0.0007084330975523206,attentive,0,2
115.46666666666667,True,-0.8865233906037591,-2.5324070475756537,4.444444444444445,0.04444444444444314,0.0007175752330603725,attentive,0,2
115.5,True,-3.3594044352609735,-3.7788255375589195,4.444444444444445,0.04444444444444314,0.0007237685824263375,attentive,0,2
115.53333333333333,True,-3.076823983312915,-2.2188300472907825,4.444444444444445,0.04444444444444314,0.0007244577835014399,attentive,0,2
115.56666666666666,True,-2.8197481087950957,-2.7238575074126885,4.444444444444445,0.04444444444444314,0.0007270365839965745,attentive,0,2
115.6,True,0.7433353234968525,-2.897275876879333,4.444444444444445,0.04444444444444314,0.0007416202813589332,attentive,0,2
115.63333333333333,True,-3.91280182352478,-1.1781831384991979,4.444444444444445,0.04444444444444314,0.0007384752293372738,attentive,0,2
115.66666666666667,True,-1.8471898871035695,-2.8623705978298988,4.444444444444445,0.04444444444444314,0.0007393756206767817,attentive,0,2
115.7,True,-2.1189034093693393,-1.5190059010905284,4.444444444444445,0.04444444444444314,0.0007436893005151325,attentive,0,2
115.73333333333333,True,-4.21373500207813,-2.324809146445573,4.444444444444445,0.04444444444444314,0.0007408465130159264,attentive,0,2
115.76666666666667,True,-1.5490418281217697,-1.000718946151061,4.444444444444445,0.04444444444444314,0.0007498895331008331,attentive,0,2
115.8,True,-4.485247377210098,-1.8295153802906252,4.444444444444445,0.04444444444444314,0.0007417994189667711,attentive,0,2
115.83333333333333,True,-2.1102108155138657,-2.2572617806932174,4.444444444444445,0.04444444444444314,0.0007428553643041402,attentive,0,2
115.86666666666666,True,-2.1022876693958277,-1.810461024287943,4.444444444444445,0.04444444444444314,0.0007488509526144388,attentive,0,2
115.89999999999999,True,-2.7110825776629963,-1.306748209109056,4.444444444444445,0.04444444444444314,0.0007529571578742474,attentive,0,2
115.93333333333334,True,-1.1814155587552322,-0.8766166878923698,4.444444444444445,0.04444444444444314,0.0007579450606283447,attentive,0,2
115.96666666666667,True,-2.4345282441645035,-2.9107344369570867,4.444444444444445,0.04444444444444314,0.0007648249195506188,attentive,0,2
116.0,True,-1.7077840835244182,-1.2839545479572319,4.444444444444445,0.04444444444444314,0.0007588132299488994,attentive,0,2
116.03333333333333,True,-2.1464906183304984,-2.6606895711429948,4.444444444444445,0.04444444444444314,0.0007599437158492663,attentive,0,2
116.06666666666666,True,-2.3573912299298962,-4.252491389322323,4.444444444444445,0.04444444444444314,0.0007636935286891725,attentive,0,2
116.1,True,-6.120889801036501,-2.2163042128563424,4.444444444444445,0.04444444444444314,0.0007523119681993811,attentive,0,2
116.13333333333333,True,-1.070074232174241,-3.0644624444914594,4.444444444444445,0.04444444444444314,0.0007621228188687426,attentive,0,2
116.16666666666667,True,-4.239165817404781,-2.4155720290659275,4.444444444444445,0.04444444444444314,0.0007668700238653743,attentive,0,2
116.2,True,-2.620368224585167,-1.0579377309196336,4.444444444444445,0.04444444444444314,0.0007713974408819715,attentive,0,2
116.23333333333333,True,-2.9584804465909857,-2.7251434319411483,4.444444444444445,0.04444444444444314,0.0007747268362476413,attentive,0,2
116.26666666666667,True,-3.2462323760698517,-2.3796531322855605,4.444444444444445,0.04444444444444314,0.0007795254894291441,attentive,0,2
116.3,True,-4.456859046005853,-2.969049336282942,4.444444444444445,0.04444444444444314,0.0007771535168161071,attentive,0,2
116.33333333333333,True,-4.07685057964282,-1.5901279068603282,4.444444444444445,0.04444444444444314,0.0007731530902754353,attentive,0,2
116.36666666666666,True,-0.255771584114727,-1.1192446478164846,4.444444444444445,0.04444444444444314,0.000780950855014832,attentive,0,2
116.39999999999999,True,-4.086025066049111,-3.5258876378767425,4.444444444444445,0.04444444444444314,0.0007828694864186949,attentive,0,2
116.43333333333334,True,0.24611758650041793,-3.72571539235748,4.444444444444445,0.04444444444444314,0.0007877111666274893,attentive,0,2
116.46666666666667,True,-3.6086282197077404,-2.525819643143601,4.444444444444445,0.04444444444444314,0.0007911507166974122,attentive,0,2
116.5,True,-0.8695008385992704,-2.2381418923821497,4.444444444444445,0.04444444444444314,0.0008004821418444648,attentive,0,2
116.53333333333333,True,0.070911725675463,-1.2921484977766946,4.444444444444445,0.04444444444444314,0.0008090481958835966,attentive,0,2
116.56666666666666,True,-4.76226305073202,-2.3543644773467585,4.444444444444445,0.04444444444444314,0.0008015456214355327,attentive,0,2
116.6,True,-4.969140317381644,-1.1366830285141947,4.444444444444445,0.04444444444444314,0.0007873056757467367,attentive,0,2
116.63333333333333,True,-3.323867591489887,-2.7028955190099344,4.444444444444445,0.04444444444444314,0.0007899727584911398,attentive,0,2
116.66666666666667,True,-5.2655507563769675,-1.7514323495168442,4.444444444444445,0.04444444444444314,0.0007809352827006752,attentive,0,2
116.7,True,-0.14287699681354749,-3.911070049335607,4.444444444444445,0.04444444444444314,0.0007942230671160204,attentive,0,2
116.73333333333333,True,-2.9586902849113033,-1.2262206152862087,4.444444444444445,0.04444444444444314,0.0007977617740729478,attentive,0,2
116.76666666666667,True,-2.39187702639523,-2.2125394358419683,4.444444444444445,0.04444444444444314,0.0008055649578684951,attentive,0,2
116.8,True,-3.2233195416606426,-2.4932527278237795,4.444444444444445,0.04444444444444314,0.000808314596106675,attentive,0,2
116.83333333333333,True,-2.4517199517758477,-1.6832437676988616,4.444444444444445,0.04444444444444314,0.0008069630266528429,attentive,0,2
116.86666666666666,True,-1.0070924821151577,-2.3474529789105887,4.444444444444445,0.04444444444444314,0.0008113536724036752,attentive,0,2
116.89999999999999,True,-2.563736789105037,-0.4547349903226643,4.444444444444445,0.04444444444444314,0.0008072365703858781,attentive,0,2
116.93333333333334,True,-3.4026369608303932,-1.111518191569856,4.444444444444445,0.04444444444444314,0.0008063292999866761,attentive,0,2
116.96666666666667,True,-1.384431600982026,-1.8339092255755032,4.444444444444445,0.04444444444444314,0.0008127736213620806,attentive,0,2
117.0,False,-2.6145656275231968,-1.2154894580369926,4.444444444444445,0.04444444444444314,0.0008131050770423407,attentive,0,2
117.03333333333333,False,-0.841757456644801,-1.7433055314887298,4.444444444444445,0.04666666666666524,0.0008201027950972084,attentive,0,2
117.06666666666666,False,-3.666532081810271,-3.182007482503561,4.444444444444445,0.04888888888888733,0.000811584804840869,attentive,0,2
117.1,False,-0.3487933042975837,-1.5180764570025123,4.444444444444445,0.05111111111110943,0.0008239283828992375,attentive,0,2
117.13333333333333,True,-3.403778637569509,-1.6778676183682377,4.444444444444445,0.044444444444443135,0.0008256197573421584,attentive,0,2
117.16666666666667,True,-0.33002027517306565,-1.9060172721002722,4.444444444444445,0.04444444444444308,0.0008251353847843713,attentive,0,2
117.2,True,-0.5837824108782084,-1.5819631848768985,4.444444444444445,0.04444444444444308,0.0008351974338219796,attentive,0,2
117.23333333333333,True,-1.8928132858600968,-2.7623816564376584,4.444444444444445,0.04444444444444308,0.0008392503568153853,attentive,0,2
117.26666666666667,True,-2.591541664500016,-2.0023746518697063,4.444444444444445,0.04444444444444308,0.0008434648240217971,attentive,0,2
117.3,True,-3.074423141642016,-0.08004340240646912,4.444444444444445,0.04444444444444308,0.0008374125960663058,attentive,0,2
117.33333333333333,True,-2.2516004302582306,-2.121199692770005,4.444444444444445,0.04444444444444308,0.0008401916609951854,attentive,0,2
117.36666666666666,True,-2.14844921094846,-1.090011854953864,4.444444444444445,0.04444444444444308,0.0008448513910398372,attentive,0,2
117.39999999999999,True,-4.227643436110846,1.2662315687984662,4.444444444444445,0.04444444444444308,0.0008447027083454822,attentive,0,2
117.43333333333334,True,-1.8245662397312175,-0.3923868530876886,4.444444444444445,0.04444444444444308,0.0008483063111585428,attentive,0,2
117.46666666666667,True,-2.9828045788270594,-3.100877720326813,4.444444444444445,0.04444444444444308,0.0008478906138075519,attentive,0,2
117.5,True,-1.9455809565708289,-1.5424555023421442,4.444444444444445,0.04444444444444308,0.0008511553384931703,attentive,0,2
117.53333333333333,True,-1.3680575723040942,-2.2422074192576056,4.444444444444445,0.04444444444444308,0.0008503835398100672,attentive,0,2
117.56666666666666,True,-2.1337901481708705,-2.6962400531268775,4.444444444444445,0.04444444444444308,0.00085074042339081,attentive,0,2
117.6,True,-1.5058660955576024,-3.031835542552925,4.444444444444445,0.04444444444444308,0.0008541095878825712,attentive,0,2
117.63333333333333,True,-4.775965792512702,-1.8966497149448132,4.444444444444445,0.04444444444444308,0.0008531886986206007,attentive,0,2
117.66666666666667,True,-2.2933945341166986,-2.1330510532528395,4.444444444444445,0.04444444444444308,0.0008540248202541984,attentive,0,2
117.7,True,-3.7502040423748366,-1.9333531132716444,4.444444444444445,0.04444444444444308,0.0008498703509124162,attentive,0,2
117.73333333333333,True,-2.6781028851604853,-1.8446409664884655,4.444444444444445,0.04444444444444308,0.0008456032015930217,attentive,0,2
117.76666666666667,True,-0.1412654531062012,-2.1234180585390883,4.444444444444445,0.04444444444444308,0.0008507894396098736,attentive,0,2
117.8,True,-1.618075580922363,-1.037898112364838,4.444444444444445,0.04444444444444308,0.0008510705312441829,attentive,0,2
117.83333333333333,True,-0.28278246691601994,-0.9907096501439943,4.444444444444445,0.04444444444444308,0.0008594831081641593,attentive,0,2
117.86666666666666,True,-2.256093784742031,-1.144661806987458,4.444444444444445,0.04444444444444308,0.0008578416798305116,attentive,0,2
117.89999999999999,True,-2.57297433677645,-1.4797867334309187,4.444444444444445,0.04444444444444308,0.0008538925189501199,attentive,0,2
117.93333333333334,True,-2.6807434579491307,-2.990630897584781,4.444444444444445,0.04444444444444308,0.0008564664162721466,attentive,0,2
117.96666666666667,True,-1.6532000506922317,-1.641678628471446,4.444444444444445,0.04444444444444308,0.000860261858359277,attentive,0,2
118.0,True,0.2731650707190796,-3.145117930853921,4.444444444444445,0.04444444444444308,0.0008632404599601341,attentive,0,2
118.03333333333333,True,-2.429491834290095,-1.4584861593103504,4.444444444444445,0.04444444444444308,0.0008657132328287549,attentive,0,2
118.06666666666666,True,-3.4471972623343192,-1.2395119607422747,4.444444444444445,0.04444444444444308,0.000859981582934667,attentive,0,2
118.1,True,-3.5430185364521716,-1.674839992177512,4.444444444444445,0.04444444444444308,0.0008607551585328878,attentive,0,2
118.13333333333333,True,-4.988275371672522,-2.9645851832052923,4.444444444444445,0.04444444444444308,0.0008617310537459472,attentive,0,2
118.16666666666667,True,-2.5035786192183287,-2.793774109341639,4.444444444444445,0.04444444444444308,0.0008679708283371092,attentive,0,2
118.2,True,-4.54250724561205,-1.2768936654490906,4.444444444444445,0.04444444444444308,0.0008603362710162404,attentive,0,2
118.23333333333333,True,-2.900720599508053,-0.23418930357622503,4.444444444444445,0.04444444444444308,0.0008600055935267036,attentive,0,2
118.26666666666667,True,-3.168074618272875,-0.9593511689596408,4.444444444444445,0.04444444444444308,0.0008582158604034152,attentive,0,2
118.3,True,-4.291354440860884,-0.07333225405705157,4.444444444444445,0.04444444444444308,0.0008578924011396219,attentive,0,2
118.33333333333333,True,-4.921030301784874,-1.8246593363554853,4.444444444444445,0.04444444444444308,0.0008518650901813939,attentive,0,2
118.36666666666666,True,-1.702361169738288,-1.7706165437889758,4.444444444444445,0.04444444444444308,0.0008509932635403247,attentive,0,2
118.39999999999999,True,-0.42175620438590755,-1.323606193513435,4.444444444444445,0.04444444444444308,0.0008548278133153795,attentive,0,2
118.43333333333334,True,-3.464374839014039,-2.3034518624403404,4.444444444444445,0.04444444444444308,0.0008564449063580985,attentive,0,2
118.46666666666667,True,-3.636853837428521,-2.1999980822235297,4.444444444444445,0.04444444444444308,0.0008555463398131123,attentive,0,2
118.5,True,1.203622273199589,-2.4617772728208673,4.444444444444445,0.04444444444444308,0.0008687568224322804,attentive,0,2
118.53333333333333,True,-4.809793870176363,-2.941314079652467,4.444444444444445,0.04444444444444308,0.0008644080879057432,attentive,0,2
118.56666666666666,True,-2.798038480884895,-3.3685006495806626,4.444444444444445,0.04444444444444308,0.0008722513564737196,attentive,0,2
118.6,True,-1.7290141487810442,-2.9011792840894084,4.444444444444445,0.04444444444444308,0.0008718122564641278,attentive,0,2
118.63333333333333,True,-0.951099035895457,-1.7634182735635544,4.444444444444445,0.04444444444444308,0.0008765349638295242,attentive,0,2
118.66666666666667,True,-0.8226421687903787,-1.02198652772103,4.444444444444445,0.04444444444444308,0.0008760533630031669,attentive,0,2
118.7,True,-3.2583009808813554,-1.6047564030774282,4.444444444444445,0.04444444444444308,0.0008696227761845961,attentive,0,2
118.73333333333333,True,-4.5161957318354204,-0.5399446273436275,4.444444444444445,0.04444444444444308,0.000862603181238646,attentive,0,2
118.76666666666667,True,-2.826694570373317,-2.330821297738656,4.444444444444445,0.04444444444444308,0.0008639784891807763,attentive,0,2
118.8,True,0.5286401085195336,-0.6818805107205199,4.444444444444445,0.04444444444444308,0.0008733297805359103,attentive,0,2
118.83333333333333,True,-5.1674662513518825,-0.9345247205474312,4.444444444444445,0.04444444444444308,0.0008578190627148884,attentive,0,2
118.86666666666666,True,-1.4206248234233236,-1.3918486545914615,4.444444444444445,0.04444444444444308,0.0008601022316994795,attentive,0,2
118.89999999999999,True,-0.5181103723552942,-2.2878121285719573,4.444444444444445,0.04444444444444308,0.0008676827802377621,attentive,0,2
118.93333333333334,True,-2.8957175478885606,-0.9239986188663801,4.444444444444445,0.04444444444444308,0.0008665000964029985,attentive,0,2
118.96666666666667,True,-1.6415479444253342,-0.23649286065494524,4.444444444444445,0.04444444444444308,0.0008716573292865398,attentive,0,2
119.0,True,-3.6381592652525163,-2.736096016446334,4.444444444444445,0.04444444444444308,0.0008603976817630507,attentive,0,2
119.03333333333333,True,-0.8069106089315385,-0.985969740459036,4.444444444444445,0.04444444444444308,0.0008628936925839809,attentive,0,2
119.06666666666666,True,-0.678484092801529,-1.337943447317632,4.444444444444445,0.04444444444444308,0.000866373909790427,attentive,0,2
119.1,True,0.3376339073067709,-0.8530840173052588,4.444444444444445,0.04444444444444308,0.0008759488763456922,attentive,0,2
119.13333333333333,True,-2.2297496669775403,-2.326999940171418,4.444444444444445,0.04444444444444308,0.0008819634913133066,attentive,0,2
119.16666666666667,True,0.4240018742987335,-1.4051682403020884,4.444444444444445,0.04444444444444308,0.0008873273131133084,attentive,0,2
119.2,True,-1.6049965593090882,-1.35208529343284,4.444444444444445,0.04444444444444308,0.0008870295839109904,attentive,0,2
119.23333333333333,True,-2.2132429795954276,-2.0508758777908676,4.444444444444445,0.04444444444444308,0.0008878225568829301,attentive,0,2
119.26666666666667,True,0.3431534171519004,-1.6067883551834454,4.444444444444445,0.04444444444444308,0.0009003240720799036,attentive,0,2
119.3,True,-1.617975339259214,-1.8271584812883175,4.444444444444445,0.04444444444444308,0.0008993960691244042,attentive,0,2
119.33333333333333,True,0.6219989071672192,-2.0563744234567736,4.444444444444445,0.04444444444444308,0.000902572468692627,attentive,0,2
119.36666666666666,True,-2.142152315476599,-2.4963951379704215,4.444444444444445,0.04444444444444308,0.00090097566579317,attentive,0,2
119.39999999999999,True,-0.6707954093123738,-3.6380313364519212,4.444444444444445,0.04444444444444308,0.0009135014034716644,attentive,0,2
119.43333333333334,True,-1.0897831857991398,-1.8348794484837643,4.444444444444445,0.04444444444444308,0.000920226818534206,attentive,0,2
119.46666666666667,True,-2.3507218105569727,-2.1033666709077536,4.444444444444445,0.04444444444444308,0.0009253689464960214,attentive,0,2
119.5,True,-2.454235091930409,-0.5442360080440962,4.444444444444445,0.04444444444444308,0.0009304597571151844,attentive,0,2
119.53333333333333,True,-3.876569889091992,-3.0475614824419797,4.444444444444445,0.04444444444444308,0.0009280563006252473,attentive,0,2
119.56666666666666,True,-3.36120538168801,-2.0125335842179854,4.444444444444445,0.04444444444444308,0.0009231131101772991,attentive,0,2
119.6,True,-1.1649559407643717,-2.4995906037352866,4.444444444444445,0.04444444444444308,0.0009231189507521992,attentive,0,2
119.63333333333333,True,-1.912136510793077,-2.9367247628234163,4.444444444444445,0.04444444444444308,0.000919578940320571,attentive,0,2
119.66666666666667,True,-1.5645823630724298,-1.2977283113928335,4.444444444444445,0.04444444444444308,0.0009222976794351699,attentive,0,2
119.7,True,-2.7990651055495794,-0.0706594345057785,4.444444444444445,0.04444444444444308,0.0009244100548371472,attentive,0,2
119.73333333333333,True,-3.191862007993941,-2.19892114811075,4.444444444444445,0.04444444444444308,0.0009219451783104839,attentive,0,2
119.76666666666667,True,-1.4715512124314265,-1.3623984788239378,4.444444444444445,0.04444444444444308,0.000919877589832976,attentive,0,2
119.8,True,-1.6055768583498247,-2.7000867524018464,4.444444444444445,0.04444444444444308,0.0009210513802654266,attentive,0,2
119.83333333333333,True,-2.0895073427117152,-1.5528765542015424,4.444444444444445,0.04444444444444308,0.0009240769052170942,attentive,0,2
119.86666666666666,True,-2.316012175711014,0.009315434230294128,4.444444444444445,0.04444444444444308,0.0009182662841522996,attentive,0,2
119.89999999999999,True,0.8931335971071408,-0.7604116894690459,4.444444444444445,0.04444444444444308,0.0009218360983340103,attentive,0,2
119.93333333333334,True,-3.3448396576487758,-1.2271927374622287,4.444444444444445,0.04444444444444308,0.0009126433618464035,attentive,0,2
119.96666666666667,True,-1.1607803858742156,-1.5142296895758485,4.444444444444445,0.04444444444444308,0.0009094996137663588,attentive,0,2
