time,eyes_open,yaw,pitch,perclos,fatigue_score,distraction_score,driver_state,alert_level,total_alerts
0.0,False,-3.880782754409514,0.16741578433087867,100.0,0.6000000000000001,0.017619958429222017,fatigued,3,1
0.03333333333333333,False,-0.9461238542231315,-2.1582350834884014,100.0,0.6022222222222223,0.012938480573803127,fatigued,3,1
0.06666666666666667,False,-0.8661790269112781,-2.4028641745560746,100.0,0.6044444444444446,0.011688781292445515,fatigued,3,1
0.1,False,1.2872381884418218,-0.5742867213024516,100.0,0.6066666666666668,0.0076553694940112525,fatigued,3,1
0.13333333333333333,True,-3.2143428322419743,0.439471106119901,80.0,0.5466666666666666,0.00878616873225969,fatigued,2,2
0.16666666666666666,True,-0.9525174431370522,-0.6167348147716311,66.66666666666666,0.4933333333333333,0.008255796055048163,fatigued,2,2
0.2,True,-0.16970977246363927,1.5248039076242208,57.14285714285714,0.4552380952380953,0.0067000841225184436,fatigued,2,2
0.23333333333333334,True,0.6608417901283332,0.9919095780189601,50.0,0.4266666666666667,0.005219908841015963,fatigued,2,2
0.26666666666666666,True,2.9050795047039912,0.44797403252439416,44.44444444444444,0.40444444444444444,0.003094700934746936,fatigued,2,2
0.3,True,-1.1004011001627165,-1.9385312293769623,40.0,0.3866666666666667,0.003705082714539441,attentive,2,2
0.3333333333333333,True,-0.2200619606775821,-0.8203458326467955,36.36363636363637,0.37212121212121213,0.003622897367561504,attentive,2,2
0.36666666666666664,True,-1.1690795627054675,-1.4125219373945106,33.33333333333333,0.36,0.004015559820784239,attentive,2,2
0.4,True,0.9189934550173513,0.3171216827521989,30.76923076923077,0.34974358974358977,0.0033382759725552116,attentive,0,2
0.43333333333333335,True,-0.19460134800450718,1.4871922531233364,28.57142857142857,0.34095238095238095,0.002925543632116455,attentive,0,2
0.4666666666666667,True,1.1678077972633798,1.0014864048931797,26.666666666666668,0.33333333333333337,0.002236121908579812,attentive,0,2
0.5,True,0.9136725468582183,0.9748672521469047,25.0,0.3266666666666667,0.0017071681301458871,attentive,0,2
0.5333333333333333,True,-2.171458506457195,0.6094740819569404,23.52941176470588,0.3207843137254902,0.0020947782311121358,attentive,0,2
0.5666666666666667,True,1.1743101168656311,-0.5584436982211366,22.22222222222222,0.3155555555555556,0.0017573922138886062,attentive,0,2
0.6,True,2.4618655714047346,0.3529900581222163,21.052631578947366,0.31087719298245614,0.0010477375124638626,attentive,0,2
0.6333333333333333,True,1.8814486613755652,-0.607667841472856,20.0,0.3066666666666667,0.0006447695833653056,attentive,0,2
0.6666666666666666,True,-0.2538462556342591,0.5993188521984162,19.047619047619047,0.3028571428571429,0.0006043703607786087,attentive,0,2
0.7,True,-1.5864932958479463,-1.4952247395360365,18.181818181818183,0.29939393939393943,0.0010484354788474527,attentive,0,2
0.7333333333333333,True,3.696980073100863,-0.15281790412612933,17.391304347826086,0.296231884057971,0.00043564531088393163,attentive,0,2
0.7666666666666666,True,2.46005963244335,-1.3377880955219612,16.666666666666664,0.29333333333333333,0.00099692928963494,attentive,0,2
0.8,True,1.7569256777887416,-0.45047886780291424,16.0,0.2906666666666667,0.0013094370267944667,attentive,0,2
0.8333333333333334,True,-1.3680116245091583,-1.3517541056675568,15.384615384615385,0.2882051282051282,0.001140760462229657,attentive,0,2
0.8666666666666667,True,-3.365286433013868,-1.943261167266385,14.814814814814813,0.28592592592592597,0.0007616688666135694,attentive,0,2
0.9,True,1.6564451642550253,-1.3108944453576523,14.285714285714285,0.28380952380952384,0.001046299244697884,attentive,0,2
0.9333333333333333,True,0.7208851747115237,1.416778324160811,13.793103448275861,0.28183908045977013,0.0010121350581192012,attentive,0,2
0.9666666666666667,True,-0.8479312341741111,5.777836839813341,13.333333333333334,0.28,0.00042478986668844547,attentive,0,2
1.0,True,-3.1375874964197834,3.4321639752689075,12.903225806451612,0.27827956989247316,0.0002847796249329362,attentive,0,2
1.0333333333333332,True,0.3091860013421976,0.506190532096463,12.5,0.2637634408602151,0.00026808988175184206,attentive,0,2
1.0666666666666667,True,0.39077289122621545,1.0251534275155636,12.121212121212121,0.2501515151515152,0.00027637050116428673,attentive,0,2
1.1,True,5.1069953710256355,0.029608664420304798,11.76470588235294,0.2373618538324421,0.0006549079955879919,attentive,0,2
1.1333333333333333,True,-1.063358288263547,0.635778177759682,11.428571428571429,0.2253221288515406,0.0005415335830938962,attentive,0,2
1.1666666666666667,True,2.0600402935837425,0.3123232916489548,11.11111111111111,0.21396825396825395,0.0008000961612682285,attentive,0,2
1.2,True,2.727965617205372,2.885678234170794,10.81081081081081,0.20324324324324325,0.0012794695063739847,attentive,0,2
1.2333333333333334,True,3.2215087855309865,1.0829015714751182,10.526315789473683,0.1930962541488857,0.0016859114867639729,attentive,0,2
1.2666666666666666,True,2.8288514228380515,-1.3741230571974603,10.256410256410255,0.18348178137651824,0.0018867616075294916,attentive,0,2
1.3,True,0.5633549676570639,0.6656963703126695,10.0,0.17435897435897432,0.0019391706954316316,attentive,0,2
1.3333333333333333,True,0.17353460529601514,-1.0742521002938152,9.75609756097561,0.16569105691056912,0.0018524601424426876,attentive,0,2
1.3666666666666667,True,-0.8800133820842428,-0.8630313153619936,9.523809523809524,0.15744483159117303,0.001669567806800905,attentive,0,2
1.4,True,2.7150844844931186,0.671645442097708,9.30232558139535,0.1495902547065338,0.0019460798945540596,attentive,0,2
1.4333333333333333,True,-0.24367867965558676,-0.6211381714644016,9.090909090909092,0.14210007047216353,0.0018458661832750239,attentive,0,2
1.4666666666666666,True,1.0604570101440456,2.1186578306583237,8.88888888888889,0.13494949494949499,0.002014208507644044,attentive,0,2
1.5,True,-0.20786862639332704,-1.3529446232690663,8.695652173913043,0.12811594202898552,0.0018849777972819403,attentive,0,2
1.5333333333333332,True,2.507392935922718,1.702571374600611,8.51063829787234,0.12157878507554734,0.0021624774302686626,attentive,0,2
1.5666666666666667,True,2.08543313217729,-0.7256308830879532,8.333333333333332,0.11531914893617023,0.002276927455159669,attentive,0,2
1.6,True,0.6044441496334679,2.796589552404823,8.16326530612245,0.10931972789115647,0.0024121138722503674,attentive,0,2
1.6333333333333333,True,-0.8820117375110179,1.3650787335740855,8.0,0.10356462585034017,0.0023461407174076737,attentive,0,2
1.6666666666666667,True,-0.9482441922939147,-1.708523535012087,7.8431372549019605,0.09803921568627452,0.0021430568288484855,attentive,0,2
1.7,True,0.7414061673911416,1.4466249286156718,7.6923076923076925,0.09273001508295628,0.0022270338241654145,attentive,0,2
1.7333333333333334,True,2.3349379121910645,-0.9138578966425291,7.547169811320755,0.08762457668118044,0.002342499346465841,attentive,0,2
1.7666666666666666,True,1.7035126288091933,2.175378024990179,7.4074074074074066,0.08271139063591895,0.0025288482590871963,attentive,0,2
1.8,True,2.4265011302770327,-0.6094955921223648,7.2727272727272725,0.077979797979798,0.0026543240147171945,attentive,0,2
1.8333333333333333,True,0.6492725407299061,0.4516818187517172,7.142857142857142,0.07341991341991347,0.002676378820018337,attentive,0,2
1.8666666666666667,True,-1.7739660132816426,-0.3446294158810831,7.017543859649122,0.06902255639097742,0.002477668024250204,attentive,0,2
1.9,True,1.6699727193944025,-1.235266649902343,6.896551724137931,0.06477918935269207,0.002515588644095946,attentive,0,2
1.9333333333333333,True,2.138463540582687,-0.8361885852561153,6.779661016949152,0.060681862458601216,0.00260254621871237,attentive,0,2
1.9666666666666666,True,1.6143684236584772,-0.9777949493083299,6.666666666666667,0.056723163841807894,0.0026425386668452616,attentive,0,2
2.0,True,2.0639630369904745,0.5335291239485705,6.557377049180328,0.05289617486338798,0.0027690345793352123,attentive,0,2
2.033333333333333,True,2.083780014621433,2.698157151213317,6.451612903225806,0.052473118279569894,0.002970455784344364,attentive,0,2
2.0666666666666664,True,3.951630978797039,-0.150432521762909,6.349206349206349,0.05206349206349206,0.003196774102964336,attentive,0,2
2.1,True,1.5642030185793176,0.8134063865703419,6.25,0.051666666666666666,0.0032836929945405527,attentive,0,2
2.1333333333333333,True,0.44287779277945044,1.9401880378775602,6.153846153846154,0.05128205128205129,0.0033297880979898933,attentive,0,2
2.1666666666666665,True,-1.2012257637771873,1.4160109893153736,6.0606060606060606,0.05090909090909092,0.0032461232770358713,attentive,0,2
2.2,True,2.0543732803312573,0.6532866733589237,5.970149253731343,0.05054726368159204,0.003355618393432398,attentive,0,2
2.2333333333333334,True,-3.137206207698579,4.14736500704432,5.88235294117647,0.050196078431372554,0.003236759710903071,attentive,0,2
2.2666666666666666,True,-0.9439706362230996,3.1719654565234454,5.797101449275362,0.04985507246376812,0.0032312035857555944,attentive,0,2
2.3,True,2.240307175844349,0.51469519396187,5.714285714285714,0.049523809523809526,0.003343624789947993,attentive,0,2
2.3333333333333335,True,3.283709076027244,0.34503342665746506,5.633802816901409,0.0492018779342723,0.0035128836451353276,attentive,0,2
2.3666666666666667,True,4.895148908132892,-0.5351631143386179,5.555555555555555,0.04888888888888889,0.003749745900123486,attentive,0,2
2.4,True,1.5054233585836867,0.4099186995631615,5.47945205479452,0.04858447488584475,0.0038025124073282025,attentive,0,2
2.433333333333333,True,4.079911181610697,-0.15417897313625395,5.405405405405405,0.048288288288288295,0.003991536815940439,attentive,0,2
2.466666666666667,True,0.22852549845656245,-0.6880912020131761,5.333333333333334,0.048,0.003931470689354564,attentive,0,2
2.5,True,1.7253458714175305,-1.482243565032634,5.263157894736842,0.047719298245614036,0.003937297776126286,attentive,0,2
2.533333333333333,True,2.437880200626337,1.2460057020558308,5.194805194805195,0.047445887445887444,0.004062838385189827,attentive,0,2
2.5666666666666664,True,0.7023684489737446,-0.27593672233857347,5.128205128205128,0.04717948717948718,0.004042910262747475,attentive,0,2
2.6,True,-1.1922593473082679,3.549660374686584,5.063291139240507,0.046919831223628694,0.00402450891427585,attentive,0,2
2.6333333333333333,True,-2.025419164639103,0.29569360089685304,5.0,0.046666666666666676,0.0038698929770590307,attentive,0,2
2.6666666666666665,True,-0.7209804233922226,0.059222765941551514,4.938271604938271,0.046419753086419754,0.0037841813194316107,attentive,0,2
2.7,True,0.8656942177731177,0.8778147888225831,4.878048780487805,0.046178861788617895,0.0038087428812371552,attentive,0,2
2.7333333333333334,True,2.0157045190168157,0.29501014382523694,4.819277108433735,0.04594377510040161,0.0038786889290364094,attentive,0,2
2.7666666666666666,True,2.320004573541233,0.11363943237361762,4.761904761904762,0.04571428571428572,0.003958271959761005,attentive,0,2
2.8,True,2.3267257205243994,1.1469900136410232,4.705882352941177,0.045490196078431376,0.004063349582579237,attentive,0,2
2.8333333333333335,True,-0.24978025950287253,-0.5162235763572459,4.651162790697675,0.04527131782945737,0.003989853680576042,attentive,0,2
2.8666666666666667,True,4.4737013485592705,1.8345953104935484,4.597701149425287,0.04505747126436782,0.0042193955414024245,attentive,0,2
2.9,True,1.250181549732011,0.09298289533463755,4.545454545454546,0.04484848484848485,0.0042369364000177665,attentive,0,2
2.933333333333333,True,0.4426114148152189,2.6303253438803127,4.49438202247191,0.04464419475655431,0.004277109353663279,attentive,0,2
2.966666666666667,True,-0.06911697824851792,2.24078559094884,4.444444444444445,0.044444444444444446,0.004281500771572002,attentive,0,2
3.0,True,-1.1183274066954405,2.731371905674628,4.395604395604396,0.044249084249084254,0.004246532316018312,attentive,0,2
3.033333333333333,True,-0.3046368623290939,0.14145892045338537,4.3478260869565215,0.044057971014492756,0.00418907448156389,attentive,0,2
3.0666666666666664,True,3.092852409043096,-0.9841597764491019,4.301075268817205,0.04387096774193549,0.004268320874035415,attentive,0,2
3.1,True,1.2776626041602468,-0.7142619051981609,4.25531914893617,0.04368794326241135,0.004266437160319254,attentive,0,2
3.1333333333333333,True,1.373986981660526,-1.6485451319188602,4.2105263157894735,0.043508771929824566,0.004247244928956881,attentive,0,2
3.1666666666666665,True,1.8863057371224832,1.548325289155766,4.166666666666666,0.043333333333333335,0.004326172626766375,attentive,0,2
3.2,True,4.840020412773137,0.3645939790056911,4.123711340206185,0.04316151202749141,0.004511690544807774,attentive,0,2
3.2333333333333334,True,3.254181560018082,0.4158393783172356,4.081632653061225,0.04299319727891157,0.0046226642807077716,attentive,0,2
3.2666666666666666,True,-1.5301778885920991,4.604562998612899,4.040404040404041,0.04282828282828283,0.004610633041540774,attentive,0,2
3.3,True,0.12271801517354053,0.4923896461226498,4.0,0.04266666666666667,0.004580922837269138,attentive,0,2
3.3333333333333335,True,1.2131249539488367,0.432283990634295,3.9603960396039604,0.042508250825082514,0.0045984612007842285,attentive,0,2
3.3666666666666667,True,-0.6818773731692673,-0.37367461712194805,3.9215686274509802,0.04235294117647059,0.004515525756256703,attentive,0,2
3.4,True,0.04103162172702046,-0.94340834348346,3.8834951456310676,0.04220064724919094,0.004453102203066953,attentive,0,2
3.433333333333333,True,1.0133098526484368,-2.098978514726249,3.8461538461538463,0.04205128205128206,0.004408737784246237,attentive,0,2
3.466666666666667,True,-0.5805507237256053,1.4577030535154343,3.8095238095238098,0.04190476190476191,0.004373027088016679,attentive,0,2
3.5,True,1.492502957761705,2.4092247356405148,3.7735849056603774,0.04176100628930818,0.004444858711948679,attentive,0,2
3.533333333333333,True,1.6313613515319796,2.96614244484455,3.7383177570093453,0.041619937694704054,0.0045326817384810075,attentive,0,2
3.5666666666666664,True,-2.106991092358222,0.915699090046108,3.7037037037037033,0.04148148148148148,0.0044228465558269585,attentive,0,2
3.6,True,-3.3511400778949767,-0.8490825202702332,3.669724770642202,0.04134556574923548,0.004228317633784505,attentive,0,2
3.6333333333333333,True,2.905315980439611,0.3861217662032055,3.6363636363636362,0.041212121212121214,0.0043150653265497455,attentive,0,2
3.6666666666666665,True,1.4556618387177807,0.09922447517864552,3.6036036036036037,0.041081081081081085,0.004336462098434967,attentive,0,2
3.6999999999999997,True,1.6301949560454216,0.9416098556326562,3.571428571428571,0.040952380952380955,0.004381116698106154,attentive,0,2
3.7333333333333334,True,2.6326658229481428,-0.0788076603316954,3.5398230088495577,0.0408259587020649,0.004444342292430968,attentive,0,2
3.7666666666666666,True,-1.1360729680085262,2.060477844090654,3.508771929824561,0.04070175438596491,0.004401230750062152,attentive,0,2
3.8,True,0.6333706508708181,2.802926145319943,3.4782608695652173,0.04057971014492754,0.004441600095173912,attentive,0,2
3.8333333333333335,True,4.165169548087307,2.550867468581571,3.4482758620689653,0.040459770114942534,0.004611762672222339,attentive,0,2
3.8666666666666667,True,3.0133758020309664,0.7753353759170516,3.418803418803419,0.04034188034188035,0.0047015403318135815,attentive,0,2
3.9,True,3.0900719467307822,-0.9943961994211157,3.389830508474576,0.04022598870056497,0.004759356801582402,attentive,0,2
3.933333333333333,True,-0.27482951620061846,-0.7780244782183732,3.361344537815126,0.04011204481792717,0.004694568863742408,attentive,0,2
3.966666666666667,True,3.3902012746282972,2.2567055808719423,3.3333333333333335,0.04,0.004822801310806193,attentive,0,2
4.0,False,1.6363413107130336,-0.7120511108184826,4.132231404958678,0.04319559228650138,0.0048299706573763455,attentive,0,2
4.033333333333333,False,2.6549903081994453,0.10056496533869286,4.918032786885246,0.04856102003642987,0.004888933476791978,attentive,0,2
4.066666666666666,False,3.9897079055501257,0.5973974030800514,5.691056910569105,0.05387533875338753,0.005004142025114001,attentive,0,2
4.1,False,3.458898761916797,-0.4693968587568509,6.451612903225806,0.059139784946236534,0.005079348776973775,attentive,0,2
4.133333333333333,True,2.0707857928028304,3.786503123829963,6.4,0.052266666666666614,0.005179657537147952,attentive,0,2
4.166666666666667,True,-1.3854338384887201,0.9498566799952064,6.349206349206349,0.05206349206349201,0.005106432547929278,attentive,0,2
4.2,True,2.4345710733069743,0.6838433855642994,6.299212598425196,0.0518635170603674,0.0051633895188060944,attentive,0,2
4.233333333333333,True,-1.2345439390991302,-0.5629152281522902,6.25,0.05166666666666662,0.0050704115953718355,attentive,0,2
4.266666666666667,True,-0.13704907856716364,2.528172704326762,6.2015503875969,0.05147286821705421,0.005069935959355904,attentive,0,2
4.3,True,2.5696427067229717,2.6486621823376377,6.153846153846154,0.05128205128205124,0.005164063761305877,attentive,0,2
4.333333333333333,True,0.5614224634468102,2.769728204828109,6.106870229007633,0.05109414758269715,0.005190675202173292,attentive,0,2
4.366666666666666,True,-0.45741888395580355,1.7659931330275374,6.0606060606060606,0.05090909090909086,0.0051656811200880715,attentive,0,2
4.4,True,-1.0506179377377882,-0.829247737714911,6.015037593984962,0.05072681704260647,0.00507787760935741,attentive,0,2
4.433333333333334,True,1.7713179826755456,3.9107703415247332,5.970149253731343,0.050547263681591986,0.005163588411723329,attentive,0,2
4.466666666666667,True,1.8617206149823815,-0.8396679321967406,5.9259259259259265,0.05037037037037032,0.005172809127978351,attentive,0,2
4.5,True,-0.45040038238302915,2.0724373936083245,5.88235294117647,0.0501960784313725,0.005153918156103384,attentive,0,2
4.533333333333333,True,2.1257197831561574,1.5483322975710894,5.839416058394161,0.05002433090024326,0.0052103740959839485,attentive,0,2
4.566666666666666,True,1.5290742191090447,-0.9601475631752114,5.797101449275362,0.049855072463768066,0.0052064019950475585,attentive,0,2
4.6,True,0.1037687180799245,-0.23824250690237303,5.755395683453238,0.04968824940047957,0.005168454977165641,attentive,0,2
4.633333333333333,True,0.48935843310660343,-2.6323517745710867,5.714285714285714,0.04952380952380947,0.0051052892684659195,attentive,0,2
4.666666666666667,True,4.197630894254594,-0.7542060540293745,5.673758865248227,0.04936170212765953,0.005189507953472541,attentive,0,2
4.7,True,2.7783905903328137,1.024115221910933,5.633802816901409,0.049201877934272255,0.005255949546954762,attentive,0,2
4.733333333333333,True,1.729305879098406,2.5509056641868932,5.594405594405594,0.049044289044288994,0.0053125826491498525,attentive,0,2
4.766666666666667,True,6.532527064643054,2.3780444457039964,5.555555555555555,0.04888888888888884,0.005514009136539863,attentive,0,2
4.8,True,0.8691338425912353,2.111479997123076,5.517241379310345,0.048735632183908,0.0055349814518021265,attentive,0,2
4.833333333333333,True,-1.7344072615041357,-2.2883422767344284,5.47945205479452,0.0485844748858447,0.005409442662562345,attentive,0,2
4.866666666666666,True,3.3699679748924165,-1.0116581005730803,5.442176870748299,0.048435374149659816,0.005459239014052273,attentive,0,2
4.9,True,1.5168713638900109,-1.5844198781215622,5.405405405405405,0.04828828828828824,0.00544411386830655,attentive,0,2
4.933333333333334,True,3.1506321656885836,1.6719498755306466,5.369127516778524,0.04814317673378071,0.005526490646325488,attentive,0,2
4.966666666666667,True,-0.5742411207063154,1.8381914489273528,5.333333333333334,0.04799999999999995,0.005499865289535388,attentive,0,2
5.0,True,0.6724001095580526,4.050154069066437,5.298013245033113,0.04785871964679907,0.005542838283029011,attentive,0,2
5.033333333333333,True,4.052454930059012,1.8084812435845659,5.263157894736842,0.04771929824561398,0.005651304860168478,attentive,0,2
5.066666666666666,True,0.8958238905164131,2.45524107198423,5.228758169934641,0.04758169934640518,0.005676051434837196,attentive,0,2
5.1,True,-0.3469385525326387,3.722842267058488,5.194805194805195,0.047445887445887396,0.005682901968983177,attentive,0,2
5.133333333333333,True,2.6512280736778893,2.383383492665777,5.161290322580645,0.0473118279569892,0.005756429334631623,attentive,0,2
5.166666666666667,True,-0.8858542811856713,-0.41505143736895556,5.128205128205128,0.047179487179487126,0.005688378719242385,attentive,0,2
5.2,True,2.7705225726984235,2.4689893946658543,5.095541401273886,0.04704883227176217,0.005765523292722974,attentive,0,2
5.233333333333333,True,4.248554076910045,3.2759359090276305,5.063291139240507,0.046919831223628646,0.005894616943652965,attentive,0,2
5.266666666666667,True,4.549647427527087,3.447577235945749,5.031446540880504,0.04679245283018864,0.00603290198161741,attentive,0,2
5.3,True,4.6025483698266285,3.4723187359141034,5.0,0.04666666666666662,0.006171271559170738,attentive,0,2
5.333333333333333,True,3.1732777621053385,1.0002117706120681,4.968944099378882,0.04654244306418215,0.006234345335474339,attentive,0,2
5.366666666666666,True,0.5204036160523493,1.8101914657990024,4.938271604938271,0.0464197530864197,0.006234970072057882,attentive,0,2
5.4,True,2.837699015153885,1.0824649887040891,4.9079754601226995,0.04629856850715741,0.006288850460423059,attentive,0,2
5.433333333333334,True,-2.430086213722311,1.9960400642382214,4.878048780487805,0.04617886178861784,0.006211694429658876,attentive,0,2
5.466666666666667,True,-2.4344795951773417,3.7401403779531,4.848484848484849,0.04606060606060601,0.0061588448497834816,attentive,0,2
5.5,True,1.4424566355314024,0.6670838904185146,4.819277108433735,0.045943775100401554,0.006169293537589087,attentive,0,2
5.533333333333333,True,3.1409189959413704,0.7374057621245482,4.790419161676647,0.04582834331337321,0.006225754770617593,attentive,0,2
5.566666666666666,True,1.282647315375716,1.2918528965421365,4.761904761904762,0.045714285714285666,0.006239717176444519,attentive,0,2
5.6,True,-2.1391814818769532,0.42680990432166177,4.733727810650888,0.04560157790927016,0.0061521507623901826,attentive,0,2
5.633333333333333,True,1.483206913499421,2.061030625609834,4.705882352941177,0.04549019607843133,0.00618167986839715,attentive,0,2
5.666666666666667,True,1.99797489730162,0.23771990374479457,4.678362573099415,0.04538011695906428,0.006200548143349319,attentive,0,2
5.7,True,1.1338642130023942,1.4878937520194235,4.651162790697675,0.045271317829457314,0.006213020695203544,attentive,0,2
5.733333333333333,True,0.9260250897160724,-1.7809346823213894,4.624277456647398,0.045163776493256216,0.006178020774641812,attentive,0,2
5.766666666666667,True,-1.6383378390319452,2.004796725278622,4.597701149425287,0.045057471264367766,0.006126271243334351,attentive,0,2
5.8,True,-1.9253668405469164,1.8115001313156163,4.571428571428571,0.0449523809523809,0.006065368949883193,attentive,0,2
5.833333333333333,True,-0.575730114629357,5.41850399145317,4.545454545454546,0.044848484848484804,0.006084783441483536,attentive,0,2
5.866666666666666,True,2.00557340325582,2.9224193535015237,4.519774011299435,0.044745762711864354,0.006137456556503568,attentive,0,2
5.9,True,3.763113934775714,1.2373117327873056,4.49438202247191,0.04464419475655426,0.006212383949161647,attentive,0,2
5.933333333333334,True,1.7320783029483482,2.383809524783686,4.4692737430167595,0.04454376163873365,0.006250278342129463,attentive,0,2
5.966666666666667,True,1.5115054189458228,-0.5177422504814198,4.444444444444445,0.0444444444444444,0.006246483815381958,attentive,0,2
6.0,True,2.6035648659712503,4.933340920203455,4.41988950276243,0.04434622467771634,0.006336472187821786,attentive,0,2
6.033333333333333,True,-1.1292062476040146,3.550354682606298,4.395604395604396,0.044249084249084206,0.00631743103645278,attentive,0,2
6.066666666666666,True,3.0908921357178407,4.557861613464754,4.371584699453552,0.044153005464480824,0.006413324198790324,attentive,0,2
6.1,True,1.4230233862905772,0.4483149294393811,4.3478260869565215,0.0440579710144927,0.006418256153048353,attentive,0,2
6.133333333333333,True,0.5969825152890962,3.524008915502919,4.324324324324325,0.04396396396396392,0.006440235236258075,attentive,0,2
6.166666666666667,True,-2.0793946627381734,-0.3172126224766685,4.301075268817205,0.04387096774193544,0.006352133589851037,attentive,0,2
6.2,True,2.0804537497604665,2.6806154865206455,4.27807486631016,0.04377896613190725,0.006399466481955715,attentive,0,2
6.233333333333333,True,2.0604730663785893,1.0222891856703578,4.25531914893617,0.043687943262411294,0.0064262215103427995,attentive,0,2
6.266666666666667,True,0.5055576881718329,-0.48155514807738875,4.232804232804233,0.04359788359788355,0.006398446796040766,attentive,0,2
6.3,True,-2.8379004354022244,0.45323246442135323,4.2105263157894735,0.04350877192982451,0.0063036880888524445,attentive,0,2
6.333333333333333,True,-0.5101400861248506,1.7733735778561348,4.18848167539267,0.043420593368237295,0.0062794464805409015,attentive,0,2
6.366666666666666,True,1.9220973267277448,2.3699166143414114,4.166666666666666,0.04333333333333328,0.0063186636142394375,attentive,0,2
6.4,True,1.7412272569272307,2.2779499715479474,4.145077720207254,0.04324697754749564,0.006352250325338973,attentive,0,2
6.433333333333334,True,2.151337298913222,-1.3122633797757661,4.123711340206185,0.043161512027491356,0.006353761190993592,attentive,0,2
6.466666666666667,True,2.606233950964487,2.0506711750927615,4.102564102564102,0.04307692307692303,0.006403948615963103,attentive,0,2
6.5,True,2.3873980390224885,3.257458153209373,4.081632653061225,0.042993197278911516,0.006462344050816516,attentive,0,2
6.533333333333333,True,-2.0604403911698266,2.412186026554293,4.060913705583756,0.042910321489001646,0.006410265657374294,attentive,0,2
6.566666666666666,True,-0.6343736791468371,2.344376247784248,4.040404040404041,0.042828282828282785,0.006389962731938517,attentive,0,2
6.6,True,1.6815103056851664,1.9071663985358236,4.0201005025125625,0.04274706867671686,0.00641670425935933,attentive,0,2
6.633333333333333,True,-0.42439520912359363,1.997419018793851,4.0,0.04266666666666662,0.006397383278068606,attentive,0,2
6.666666666666667,True,1.2912779771742557,2.602287654775805,3.9800995024875623,0.04258706467661687,0.006422878260202309,attentive,0,2
6.7,True,1.0953375983205131,1.6122504377255897,3.9603960396039604,0.04250825082508246,0.0064329181987862,attentive,0,2
6.733333333333333,True,2.442920171742237,3.329885086984736,3.9408866995073892,0.04243021346469618,0.0064911657328969325,attentive,0,2
6.766666666666667,True,2.547957019111417,2.1249119942857395,3.9215686274509802,0.04235294117647054,0.006538004528678032,attentive,0,2
6.8,True,3.1388484501146667,1.4407666107155248,3.902439024390244,0.04227642276422759,0.006589780804808544,attentive,0,2
6.833333333333333,True,2.8563249988260138,3.975768453684924,3.8834951456310676,0.042200647249190884,0.006662305261002428,attentive,0,2
6.866666666666666,True,1.9825826411272731,2.6063961028642284,3.864734299516908,0.04212560386473425,0.006700668374450283,attentive,0,2
6.8999999999999995,True,3.695976413681323,3.9291435309770844,3.8461538461538463,0.042051282051282,0.006789405506820339,attentive,0,2
6.933333333333334,True,2.807793498130958,2.9528587649813796,3.827751196172249,0.041977671451355614,0.006848025531096512,attentive,0,2
6.966666666666667,True,3.1273329180194347,-0.6043982399652135,3.8095238095238098,0.041904761904761854,0.006875207077203183,attentive,0,2
7.0,True,1.9448936954216032,1.3774708473474493,3.7914691943127963,0.041832543443917805,0.00689809717781876,attentive,0,2
7.033333333333333,True,-0.8770708250460739,4.357065931553647,3.7735849056603774,0.04176100628930812,0.0068928433051923775,attentive,0,2
7.066666666666666,True,3.000683185634448,4.206992223211315,3.755868544600939,0.041690140845070375,0.006966986018881929,attentive,0,2
7.1,True,3.9362925479915862,2.0070173680931784,3.7383177570093453,0.041619937694704,0.007037021935346931,attentive,0,2
7.133333333333333,True,0.8321736395591042,2.828347289569315,3.7209302325581395,0.04155038759689918,0.007050727720336918,attentive,0,2
7.166666666666667,True,3.1225116133349453,-0.3188586531090214,3.7037037037037033,0.04148148148148143,0.0070790542337053255,attentive,0,2
7.2,True,1.5814802276828523,-1.4289953691717525,3.686635944700461,0.04141321044546846,0.007064188802891466,attentive,0,2
7.233333333333333,True,0.30502171213621687,1.4991069490623325,3.669724770642202,0.041345565749235424,0.00705328427090404,attentive,0,2
7.266666666666667,True,1.9735804824866339,3.258048176512225,3.65296803652968,0.041278538812785336,0.007094189711995656,attentive,0,2
7.3,True,4.851004424886055,3.587706393042284,3.6363636363636362,0.04121212121212116,0.007196182943030165,attentive,0,2
7.333333333333333,True,2.997222447203503,4.5807990460183206,3.619909502262444,0.041146304675716394,0.007269958323784933,attentive,0,2
7.366666666666666,True,0.06064865381271378,4.352456647919725,3.6036036036036037,0.04108108108108103,0.007281993085645212,attentive,0,2
7.3999999999999995,True,3.5087479595173994,-0.3272050109052971,3.587443946188341,0.04101644245141998,0.007316007973732799,attentive,0,2
7.433333333333334,True,3.4834952161110504,0.43401520110274827,3.571428571428571,0.0409523809523809,0.007356769898783842,attentive,0,2
7.466666666666667,True,4.2074384455791005,1.4704543941311823,3.5555555555555554,0.040888888888888836,0.00742170604526124,attentive,0,2
7.5,True,-1.300261593597504,2.3867970523996216,3.5398230088495577,0.040825958702064846,0.0073867651027325985,attentive,0,2
7.533333333333333,True,3.170676533357619,1.3729416931970753,3.524229074889868,0.04076358296622609,0.007429743570316373,attentive,0,2
7.566666666666666,True,1.678490512123086,1.9547909094784828,3.508771929824561,0.040701754385964864,0.0074489286319838425,attentive,0,2
7.6,True,-0.12234213331103394,3.1300142506748836,3.4934497816593884,0.04064046579330417,0.0074443998799184384,attentive,0,2
7.633333333333333,True,2.9908969010706534,1.6419650098869867,3.4782608695652173,0.040579710144927485,0.007485692429349017,attentive,0,2
7.666666666666667,True,2.7184611049649545,1.1219170884299845,3.463203463203463,0.04051948051948047,0.007516382931563088,attentive,0,2
7.7,True,0.050878233856519905,2.4365870811586254,3.4482758620689653,0.04045977011494248,0.007508298364797458,attentive,0,2
7.733333333333333,True,0.4548487934139491,0.5579949735928746,3.4334763948497855,0.04040057224606576,0.007490071929854799,attentive,0,2
7.766666666666667,True,3.6904443379355953,2.0007259237585022,3.418803418803419,0.04034188034188029,0.007547157231195682,attentive,0,2
7.8,True,-1.1291059881204686,0.6298919769295519,3.404255319148936,0.04028368794326236,0.0074996438434571525,attentive,0,2
7.833333333333333,True,2.7322474248043958,0.29971360350976006,3.389830508474576,0.04022598870056492,0.00752214260733251,attentive,0,2
7.866666666666666,True,-0.1647015692271614,1.527581370389481,3.375527426160337,0.04016877637130797,0.007501638285331904,attentive,0,2
7.8999999999999995,True,-0.8447609537595682,-0.13954054708374075,3.361344537815126,0.04011204481792712,0.007453040715929457,attentive,0,2
7.933333333333334,True,0.31970239221887486,4.468511723284886,3.3472803347280333,0.04005578800557875,0.007469349857589654,attentive,0,2
7.966666666666667,True,1.3350848749273299,3.3593921386599392,3.3333333333333335,0.03999999999999995,0.007494056843261869,attentive,0,2
8.0,False,1.6808918333347793,3.2790980427922376,3.7344398340248963,0.041604426002766204,0.007524195673413958,attentive,0,2
8.033333333333333,False,2.27359259174559,2.645998681523748,4.132231404958678,0.04541781450872354,0.0075591570674633495,attentive,0,2
8.066666666666666,False,3.6870929694403825,3.459369864080019,4.526748971193416,0.04921810699588471,0.007627121723362775,attentive,0,2
8.1,False,1.5363782079571,2.2727224273509576,4.918032786885246,0.053005464480874245,0.007644546805947038,attentive,0,2
8.133333333333333,True,3.2368720063257914,3.273226980283269,4.8979591836734695,0.04625850340136048,0.007701752474248702,attentive,0,2
8.166666666666666,True,-0.7310404390105898,2.7560992104941935,4.878048780487805,0.046178861788617825,0.007682133953192345,attentive,0,2
8.2,True,1.0826790844270047,2.875995626989029,4.8582995951417,0.0460998650472334,0.007696388505751106,attentive,0,2
8.233333333333333,True,3.767649763926525,-0.0861948696244017,4.838709677419355,0.04602150537634402,0.007732102930756848,attentive,0,2
8.266666666666666,True,2.478987574788057,3.7131598588698482,4.819277108433735,0.04594377510040154,0.00777843660937894,attentive,0,2
8.3,True,0.8681700890144701,1.8842354113043476,4.8,0.045866666666666604,0.00777950575706883,attentive,0,2
8.333333333333334,True,1.5233843796900115,4.313561516924337,4.780876494023905,0.04579017264276222,0.007813676210239467,attentive,0,2
8.366666666666667,True,5.990193456368482,4.177688223465598,4.761904761904762,0.04571428571428565,0.007925156993675046,attentive,0,2
8.4,True,2.670114790472732,-2.043079742501783,4.743083003952568,0.04563899868247688,0.007922792735364025,attentive,0,2
8.433333333333334,True,1.5196235227910502,2.38649273621736,4.724409448818897,0.04556430446194219,0.007939069927410267,attentive,0,2
8.466666666666667,True,3.0109363217821694,0.34509114808249985,4.705882352941177,0.045490196078431314,0.007963421843090547,attentive,0,2
8.5,True,1.838570282856097,1.5563750991251566,4.6875,0.045416666666666605,0.007977744549995466,attentive,0,2
8.533333333333333,True,0.8898771593866317,1.2745121226167195,4.669260700389105,0.045343709468223026,0.007973112309562195,attentive,0,2
8.566666666666666,True,4.866397862494,2.9167866691940834,4.651162790697675,0.0452713178294573,0.00805116297153359,attentive,0,2
8.6,True,2.1941252220241823,3.969088097725897,4.633204633204633,0.045199485199485134,0.008091783436609387,attentive,0,2
8.633333333333333,True,5.197230990607675,1.2754760961254452,4.615384615384616,0.04512820512820506,0.00816040425311252,attentive,0,2
8.666666666666666,True,1.184583974454301,3.990420816976841,4.597701149425287,0.04505747126436775,0.00818328553750575,attentive,0,2
8.7,True,5.685890381565512,1.055423840322029,4.580152671755725,0.0449872773536895,0.008257456242438534,attentive,0,2
8.733333333333333,True,-0.8225247631917729,1.5566733739589065,4.562737642585551,0.04491761723700881,0.008225312334863361,attentive,0,2
8.766666666666666,True,-0.4354538885944934,3.437182647248915,4.545454545454546,0.04484848484848479,0.008215757489066824,attentive,0,2
8.8,True,-0.6775706582007719,1.6163434775398837,4.528301886792453,0.04477987421383642,0.008186945005134397,attentive,0,2
8.833333333333334,True,-1.2759656307262262,2.497529067966476,4.511278195488721,0.04471177944862149,0.008155712528561327,attentive,0,2
8.866666666666667,True,-0.7152692533717651,1.204381924242275,4.49438202247191,0.04464419475655425,0.008123284503423136,attentive,0,2
8.9,True,1.8527349613433415,-0.5871333633506122,4.477611940298507,0.04457711442786064,0.008118830594076499,attentive,0,2
8.933333333333334,True,2.7466468030486735,0.4155996447603145,4.4609665427509295,0.04451053283767033,0.008137462725291067,attentive,0,2
8.966666666666667,True,4.539800242751996,-1.190686123166463,4.444444444444445,0.044444444444444384,0.008172253310772187,attentive,0,2
9.0,True,1.3359645799373303,2.8678496937442874,4.428044280442804,0.044378843788437816,0.00818752403536236,attentive,0,2
9.033333333333333,True,0.30836898926767553,2.506942732108019,4.411764705882353,0.04431372549019602,0.0081829431112997,attentive,0,2
9.066666666666666,True,4.232931947657224,3.250565917938884,4.395604395604396,0.04424908424908419,0.008248340794760575,attentive,0,2
9.1,True,2.0183330430188913,0.7252732574971081,4.37956204379562,0.04418491484184908,0.008256858118247133,attentive,0,2
9.133333333333333,True,4.755363830603586,2.582586475308594,4.363636363636364,0.04412121212121206,0.008324556930233432,attentive,0,2
9.166666666666666,True,3.235653357752102,4.609584954630781,4.3478260869565215,0.044057971014492686,0.008383613621469584,attentive,0,2
9.2,True,0.13958124416809525,1.666848649855638,4.332129963898916,0.04399518652226227,0.008368959670475042,attentive,0,2
9.233333333333333,True,3.1169338695968474,-0.23769496786482835,4.316546762589928,0.043932853717026314,0.008386786536339272,attentive,0,2
9.266666666666666,True,3.4708683802619458,3.1501837436519597,4.301075268817205,0.04387096774193543,0.008437108054163431,attentive,0,2
9.3,True,5.898973689185571,3.3382066049529744,4.285714285714286,0.04380952380952374,0.00852710373161542,attentive,0,2
9.333333333333334,True,1.2051044759614986,0.8727358905521891,4.270462633451958,0.04374851720047443,0.008522720561692513,attentive,0,2
9.366666666666667,True,2.801412646007873,3.6070097919094537,4.25531914893617,0.04368794326241128,0.00856507368092942,attentive,0,2
9.4,True,2.152205451058547,2.581504326875609,4.240282685512367,0.04362779740871607,0.008588879193866793,attentive,0,2
9.433333333333334,True,2.5981752491227907,4.755939483247538,4.225352112676056,0.04356807511737083,0.008636510605011182,attentive,0,2
9.466666666666667,True,5.121151038689868,-1.0856294201419034,4.2105263157894735,0.0435087719298245,0.008677604116784927,attentive,0,2
9.5,True,2.9531288369072617,3.7790244670281057,4.195804195804196,0.04344988344988339,0.008722517561138381,attentive,0,2
9.533333333333333,True,2.4391209163186924,3.597919397683584,4.181184668989547,0.0433914053426248,0.008757755875716845,attentive,0,2
9.566666666666666,True,0.5265758040774322,0.9520110710299841,4.166666666666666,0.043333333333333265,0.008742818935401353,attentive,0,2
9.6,True,3.7002456224066558,3.1471129316007618,4.1522491349480966,0.043275663206458995,0.008793671189576543,attentive,0,2
9.633333333333333,True,1.0805667144678228,1.128933480266894,4.137931034482759,0.043218390804597634,0.0087885594261581,attentive,0,2
9.666666666666666,True,4.221366072858434,3.7557943825288898,4.123711340206185,0.04316151202749134,0.008851512269124687,attentive,0,2
9.7,True,0.3250281538396482,2.0456323753007304,4.10958904109589,0.043105022831050166,0.008841714005516421,attentive,0,2
9.733333333333333,True,4.238704275012434,6.14106088965065,4.09556313993174,0.04304891922639356,0.008922409478684364,attentive,0,2
9.766666666666666,True,2.399442169201865,2.107938204145252,4.081632653061225,0.0429931972789115,0.008944266910862302,attentive,0,2
9.8,True,2.200049776316842,3.322045740772862,4.067796610169491,0.04293785310734457,0.008972117948026282,attentive,0,2
9.833333333333334,True,0.6670607381775273,2.4251954150765758,4.054054054054054,0.04288288288288282,0.008970029838527932,attentive,0,2
9.866666666666667,True,6.219497975448088,0.47020280778471313,4.040404040404041,0.04282828282828277,0.009036417308272364,attentive,0,2
9.9,True,2.598696903053043,3.726904342666968,4.026845637583892,0.042774049217002175,0.009072643336311517,attentive,0,2
9.933333333333334,True,4.7821204481866,0.7949841078503643,4.013377926421405,0.04272017837235222,0.009119291686388689,attentive,0,2
9.966666666666667,True,2.112618007279303,3.538753895758834,4.0,0.0426666666666666,0.00914640508380678,attentive,0,2
10.0,True,3.893400390380938,1.0144506541675253,3.9867109634551494,0.0426135105204872,0.009180996218153156,attentive,0,2
10.033333333333333,True,1.5488164281625867,2.4656526009541526,3.9735099337748347,0.042560706401765944,0.009191532179588846,attentive,0,2
10.066666666666666,True,1.060920289570872,4.630499590247455,3.9603960396039604,0.042508250825082444,0.009210719203340765,attentive,0,2
10.1,True,1.5427078972571442,1.6195070255386506,3.9473684210526314,0.04245614035087713,0.009214813495581625,attentive,0,2
10.133333333333333,True,-0.40112812045969415,3.533556206963869,3.934426229508197,0.042404371584699396,0.009204501174219388,attentive,0,2
10.166666666666666,True,1.5125140048337424,2.2764895077519127,3.9215686274509802,0.042352941176470524,0.009212921595345171,attentive,0,2
10.2,True,0.8677160357017983,2.6071978024097096,3.908794788273615,0.04230184581976107,0.009214346243596405,attentive,0,2
10.233333333333333,True,0.37730605260208927,2.583719502014011,3.896103896103896,0.042251082251082185,0.009208515621645466,attentive,0,2
10.266666666666666,True,-0.6427369813765038,3.5369625065048385,3.8834951456310676,0.04220064724919087,0.009194906535086757,attentive,0,2
10.3,True,-0.3647578712398003,1.3669357302984702,3.870967741935484,0.04215053763440854,0.00916981486517299,attentive,0,2
10.333333333333334,True,3.5811753714767063,2.7361745807669413,3.858520900321544,0.04210075026795278,0.009211058942589159,attentive,0,2
10.366666666666667,True,3.4418674870910113,1.3034874274138128,3.8461538461538463,0.04205128205128199,0.009239849867642083,attentive,0,2
10.4,True,0.3786902509256853,6.798749104504926,3.8338658146964857,0.04200212992545255,0.009263976223097655,attentive,0,2
10.433333333333334,True,4.52043114237036,1.6972187157615144,3.821656050955414,0.041953290870488255,0.009310468025646192,attentive,0,2
10.466666666666667,True,4.452576153932205,-0.11453088746616635,3.8095238095238098,0.04190476190476184,0.009342925950223673,attentive,0,2
10.5,True,3.487318863212793,3.139720689777273,3.79746835443038,0.04185654008438812,0.009384487425178677,attentive,0,2
10.533333333333333,True,2.4133403105221114,1.110495127043635,3.7854889589905363,0.04180862250262875,0.00939650394397824,attentive,0,2
10.566666666666666,True,2.976106162231159,1.2819362528663771,3.7735849056603774,0.04176100628930811,0.009417508289209118,attentive,0,2
10.6,True,6.61394351445669,0.1313135376659209,3.761755485893417,0.041713688610240274,0.009481049367832839,attentive,0,2
10.633333333333333,True,3.99795944458314,1.6627303219353728,3.75,0.0416666666666666,0.009518495041413236,attentive,0,2
10.666666666666666,True,4.2481285054019455,2.2217287282584666,3.7383177570093453,0.041619937694703985,0.009563040994825672,attentive,0,2
10.7,True,1.6366809369274813,1.889952606469533,3.7267080745341614,0.04157349896480325,0.00956897575005447,attentive,0,2
10.733333333333333,True,2.5871845194872587,3.576495503164731,3.7151702786377707,0.04152734778121769,0.009599555904540983,attentive,0,2
10.766666666666666,True,3.174093285545598,4.0305474614683465,3.7037037037037033,0.04148148148148142,0.009641112378309955,attentive,0,2
10.8,True,3.227642428551529,-0.8029823289602898,3.6923076923076925,0.04143589743589737,0.009650095639560576,attentive,0,2
10.833333333333334,True,4.28734993819945,-0.4790969681181452,3.6809815950920246,0.0413905930470347,0.00967567886976152,attentive,0,2
10.866666666666667,True,1.6428677785061145,2.7820012238302363,3.669724770642202,0.04134556574923541,0.009687324682126113,attentive,0,2
10.9,True,1.4403901055753459,2.464248869498714,3.6585365853658534,0.041300813008130016,0.009694003089806955,attentive,0,2
10.933333333333334,True,1.9568432830996545,2.1821082723602436,3.64741641337386,0.04125633232016204,0.00970571192768704,attentive,0,2
10.966666666666667,True,0.11485533463850084,5.3674229756623815,3.6363636363636362,0.041212121212121144,0.00971399181507748,attentive,0,2
11.0,True,0.4366616258503653,4.052541158638574,3.625377643504532,0.04116817724068473,0.009717714997981502,attentive,0,2
11.033333333333333,True,-0.2501128933503609,1.7536949148557401,3.614457831325301,0.04112449799196781,0.00969683479302209,attentive,0,2
11.066666666666666,True,2.3356307623360464,2.2506997588461934,3.6036036036036037,0.041081081081081015,0.009713907770176965,attentive,0,2
11.1,True,2.0347359105858933,1.462093510578249,3.592814371257485,0.04103792415169654,0.009721627709200056,attentive,0,2
11.133333333333333,True,3.6553956751242342,0.49600701046093976,3.582089552238806,0.04099502487562183,0.009744394315445954,attentive,0,2
11.166666666666666,True,5.107058793058682,2.4909100097379566,3.571428571428571,0.040952380952380886,0.009799421102178128,attentive,0,2
11.2,True,5.559945588437719,1.8403207992855228,3.5608308605341246,0.0409099901088031,0.009855804039732899,attentive,0,2
11.233333333333333,True,2.166432715454831,2.6897322631929415,3.5502958579881656,0.04086785009861926,0.009872815781193929,attentive,0,2
11.266666666666666,True,1.9488956210751072,2.9805623491818656,3.5398230088495577,0.04082595870206483,0.009888781605446928,attentive,0,2
11.3,True,-0.0069232468312061535,2.359157084042541,3.5294117647058822,0.04078431372549013,0.009875025781054309,attentive,0,2
11.333333333333334,True,3.517991912237937,2.5653774976014287,3.519061583577713,0.04074291300097745,0.009908636727425129,attentive,0,2
11.366666666666667,True,4.807466996852426,2.5683430656586825,3.508771929824561,0.04070175438596485,0.009958827699043209,attentive,0,2
11.4,True,0.6522951869034941,2.2709898633013013,3.498542274052478,0.04066083576287652,0.009952958620795972,attentive,0,2
11.433333333333334,True,1.637755670060669,3.2996680596757253,3.488372093023256,0.040620155038759626,0.009966500920669606,attentive,0,2
11.466666666666667,True,3.8531960697624266,3.0190643419649414,3.4782608695652173,0.04057971014492747,0.010006697578107213,attentive,0,2
11.5,True,5.371230062047618,2.2940871505555784,3.4682080924855487,0.0405394990366088,0.01006150511416696,attentive,0,2
11.533333333333333,True,0.44974101218893736,4.551730254023839,3.45821325648415,0.0404995196926032,0.010067419523241737,attentive,0,2
11.566666666666666,True,1.8205835618330468,2.2833058870493894,3.4482758620689653,0.040459770114942464,0.0100763220406444,attentive,0,2
11.6,True,3.243914083693158,2.963793543921492,3.4383954154727796,0.04042024832855772,0.010107632303573515,attentive,0,2
11.633333333333333,True,0.19384569695430498,2.25083582800769,3.428571428571429,0.040380952380952316,0.01009550590792468,attentive,0,2
11.666666666666666,True,1.9125441750954986,5.046086650965096,3.418803418803419,0.04034188034188028,0.010122908233613757,attentive,0,2
11.7,True,1.7474974423808,1.294295060151997,3.4090909090909087,0.040303030303030236,0.010124385387905346,attentive,0,2
11.733333333333333,True,5.125637460990994,1.5962242990170794,3.39943342776204,0.04026440037771476,0.01017028734444574,attentive,0,2
11.766666666666666,True,1.1060148210830427,2.207769758729523,3.389830508474576,0.04022598870056491,0.01016930285038356,attentive,0,2
11.8,True,2.1477883474127033,4.687142315950166,3.3802816901408446,0.04018779342722998,0.010196886779823956,attentive,0,2
11.833333333333334,True,1.0779948007155382,1.2972179880769186,3.3707865168539324,0.04014981273408233,0.010189799442361952,attentive,0,2
11.866666666666667,True,3.2180278385378207,0.28621761416072755,3.361344537815126,0.04011204481792711,0.010203100802724066,attentive,0,2
11.9,True,2.0384541804125806,1.5147601529302597,3.35195530726257,0.04007448789571688,0.010209309822913574,attentive,0,2
11.933333333333334,True,1.9275749750171607,4.830989289825811,3.3426183844011144,0.04003714020427106,0.01023463913160778,attentive,0,2
11.966666666666667,True,1.9354363051096146,2.1009449102418527,3.3333333333333335,0.03999999999999994,0.010243072649578383,attentive,0,2
12.0,False,4.193789686954961,3.287921137379046,3.6011080332409975,0.04107109879963059,0.010286569835290778,attentive,0,2
12.033333333333333,False,3.4764401916189036,2.084995946151742,3.867403314917127,0.04435850214855733,0.01031363502806861,attentive,0,2
12.066666666666666,False,6.32525775696041,2.688727740320126,4.132231404958678,0.047640036730945745,0.010379126962513727,attentive,0,2
12.1,False,-0.18511906715472826,0.009520183596239962,4.395604395604396,0.05091575091575083,0.010348410692160588,attentive,0,2
12.133333333333333,True,3.890945803190511,2.7616567939744954,4.383561643835616,0.04420091324200906,0.010384250957541915,attentive,0,2
12.166666666666666,True,6.242132862574687,0.34539767765747675,4.371584699453552,0.04415300546448081,0.01043377585415341,attentive,0,2
12.2,True,3.0881131097256342,1.8883586161282775,4.35967302452316,0.04410535876475924,0.010454177826307271,attentive,0,2
12.233333333333333,True,1.4702868668268725,2.029888240762017,4.3478260869565215,0.044057971014492686,0.010455784601383224,attentive,0,2
12.266666666666666,True,2.294120741710744,1.3763996927284745,4.336043360433604,0.044010840108401006,0.01046336989560501,attentive,0,2
12.3,True,3.5718504440481094,3.61622439027384,4.324324324324325,0.04396396396396389,0.010499714693354846,attentive,0,2
12.333333333333334,True,2.423644990151505,0.09730490417069904,4.31266846361186,0.04391734052111404,0.010501030795615787,attentive,0,2
12.366666666666667,True,2.0209869734182178,1.7772293565467379,4.301075268817205,0.04387096774193541,0.010507564484058774,attentive,0,2
12.4,True,2.170200589210763,3.2821011691402884,4.289544235924933,0.04382484361036633,0.010524806654626158,attentive,0,2
12.433333333333334,True,0.1901621741465931,3.0271850059429313,4.27807486631016,0.04377896613190724,0.010516912099425053,attentive,0,2
12.466666666666667,True,4.127012115932796,0.07644521014285965,4.266666666666667,0.04373333333333326,0.010538232745334787,attentive,0,2
12.5,True,4.571648101925276,1.3857150973209258,4.25531914893617,0.04368794326241128,0.010572433729766056,attentive,0,2
12.533333333333333,True,5.256317882652933,3.974563769734081,4.244031830238726,0.0436427939876215,0.010629784772245543,attentive,0,2
12.566666666666666,True,2.477586823308674,0.554348176831934,4.232804232804233,0.043597883597883524,0.01063405354753031,attentive,0,2
12.6,True,2.8998401693656115,2.4599366359255845,4.221635883905013,0.04355321020228665,0.01065442465792766,attentive,0,2
12.633333333333333,True,0.36614027692935913,-0.5289071377224437,4.2105263157894735,0.04350877192982449,0.010627576016524556,attentive,0,2
12.666666666666666,True,-0.11920011964824795,2.751131842727533,4.199475065616798,0.04346456692913379,0.0106143378852676,attentive,0,2
12.7,True,2.46292501014201,1.730212256903672,4.18848167539267,0.04342059336823728,0.010625272208879101,attentive,0,2
12.733333333333333,True,1.446215306018599,0.9535351031475721,4.177545691906006,0.04337684943429062,0.010619844841436046,attentive,0,2
12.766666666666666,True,3.1851391415777632,-0.06005766667458978,4.166666666666666,0.04333333333333326,0.010628706475914254,attentive,0,2
12.8,True,1.1610028478504189,3.458790848815128,4.1558441558441555,0.04329004329004321,0.010634466237128423,attentive,0,2
12.833333333333334,True,4.500031853617615,1.6698329331464898,4.145077720207254,0.04324697754749561,0.010668342960408066,attentive,0,2
12.866666666666667,True,4.508984182949964,0.5394170158083222,4.1343669250646,0.043204134366924996,0.010695656374416246,attentive,0,2
12.9,True,2.663629647552352,1.5260544910506644,4.123711340206185,0.043161512027491335,0.010707341760542638,attentive,0,2
12.933333333333334,True,0.8809469235921399,1.5764709883196342,4.113110539845758,0.04311910882604963,0.010698887382040837,attentive,0,2
12.966666666666667,True,9.459486518893165,1.7885339425069744,4.102564102564102,0.043076923076923,0.010789445830236707,attentive,0,2
13.0,True,4.279592450346526,0.2059020770334956,4.092071611253197,0.04303495311167939,0.010811667122388569,attentive,0,2
13.033333333333333,True,3.9812850888934683,2.611417624148253,4.081632653061225,0.042993197278911495,0.010844029580420658,attentive,0,2
13.066666666666666,True,2.869130989947852,3.348181578841385,4.071246819338422,0.042951653944020285,0.010867816010997684,attentive,0,2
13.1,True,0.5865553658261513,0.42005599903274216,4.060913705583756,0.04291032148900162,0.01084921843359067,attentive,0,2
13.133333333333333,True,4.274304350024415,1.6621646798865386,4.050632911392405,0.04286919831223622,0.010879196633786562,attentive,0,2
13.166666666666666,True,3.0101179897847703,2.934623271775615,4.040404040404041,0.04282828282828276,0.010901975650431571,attentive,0,2
13.2,True,-0.018149048766369358,2.3510400922913046,4.030226700251889,0.04278757346767415,0.010887471608741477,attentive,0,2
13.233333333333333,True,4.0343694462272035,2.425349636381432,4.0201005025125625,0.04274706867671685,0.010918709611560586,attentive,0,2
13.266666666666666,True,2.9275432816365523,2.33647669633192,4.010025062656641,0.042706766917293165,0.01093696716619385,attentive,0,2
13.299999999999999,True,-1.46549062033792,3.0170613464190654,4.0,0.042666666666666596,0.010910102971088048,attentive,0,2
13.333333333333334,True,5.615815091207887,1.3865127570709088,3.99002493765586,0.04262676641729003,0.01095282171091901,attentive,0,2
13.366666666666667,True,2.547524587623018,0.3263828558201829,3.9800995024875623,0.04258706467661684,0.01095554510650305,attentive,0,2
13.4,True,0.49750014487389826,1.337312444491087,3.970223325062035,0.042547559966914734,0.010941220967745469,attentive,0,2
13.433333333333334,True,3.2958397170735267,1.2608070753987621,3.9603960396039604,0.04250825082508244,0.010957331732729298,attentive,0,2
13.466666666666667,True,-0.216969027485304,0.5168233967372298,3.950617283950617,0.04246913580246907,0.010930731381903721,attentive,0,2
13.5,True,1.4742365829886372,0.31004424053825685,3.9408866995073892,0.04243021346469615,0.010921643742520354,attentive,0,2
13.533333333333333,True,1.5298002318402215,1.136306268068112,3.9312039312039313,0.04239148239148232,0.010917718910675497,attentive,0,2
13.566666666666666,True,3.6717253726785986,3.4689332507699664,3.9215686274509802,0.04235294117647052,0.010949850776069414,attentive,0,2
13.6,True,5.242411673519522,2.5534947198871576,3.9119804400977993,0.04231458842705779,0.010993919698740941,attentive,0,2
13.633333333333333,True,6.830754824248012,3.491656333498916,3.902439024390244,0.04227642276422757,0.011060076349784636,attentive,0,2
13.666666666666666,True,3.1835282987268885,3.6137146975398204,3.8929440389294405,0.042238442822384356,0.01108713088851181,attentive,0,2
13.7,True,3.879535454682009,2.7799803564160452,3.8834951456310676,0.04220064724919087,0.01111706531335512,attentive,0,2
13.733333333333333,True,4.772215698886938,0.08159064045427344,3.87409200968523,0.04216303470540752,0.01114194205614349,attentive,0,2
13.766666666666666,True,4.880426306459779,0.9840667143810293,3.864734299516908,0.042125603864734226,0.011172704511334234,attentive,0,2
13.799999999999999,True,6.602290163904772,1.4330099969588077,3.8554216867469884,0.04208835341365455,0.011224163002871948,attentive,0,2
13.833333333333334,True,5.474884144775233,2.345064773146218,3.8461538461538463,0.04205128205128198,0.011268201249193553,attentive,0,2
13.866666666666667,True,1.9677853293355878,-0.29189829157350555,3.8369304556354913,0.04201438848920856,0.011260596569230646,attentive,0,2
13.9,True,4.510771560173775,1.4809171242944865,3.827751196172249,0.04197767145135559,0.011289491794049828,attentive,0,2
13.933333333333334,True,-0.09276441232586397,0.09910848894896618,3.8186157517899764,0.0419411296738265,0.01126208955780997,attentive,0,2
13.966666666666667,True,2.497020856690459,1.0363008700460925,3.8095238095238098,0.041904761904761834,0.01126718163337829,attentive,0,2
14.0,True,3.6617023881366233,0.8915033534263567,3.800475059382423,0.04186856690419629,0.01128378061144469,attentive,0,2
14.033333333333333,True,4.430834677361476,2.342867131431766,3.7914691943127963,0.041832543443917784,0.011316044093335182,attentive,0,2
14.066666666666666,True,5.695092748625505,2.369678230514678,3.7825059101654848,0.041796690307328535,0.011361579390870066,attentive,0,2
14.1,True,3.3839063604343576,4.84545802291904,3.7735849056603774,0.04176100628930811,0.011395649411928221,attentive,0,2
14.133333333333333,True,4.6007058807316845,-0.6959032819031468,3.7647058823529407,0.04172549019607836,0.011413309366146221,attentive,0,2
14.166666666666666,True,-1.457166901578641,3.1295008290872293,3.755868544600939,0.041690140845070355,0.0113876399754898,attentive,0,2
14.2,True,4.092380268687547,2.736058791810321,3.747072599531616,0.04165495706479306,0.011417805894512516,attentive,0,2
14.233333333333333,True,2.6261657366833755,1.0207964328135346,3.7383177570093453,0.04161993769470398,0.011423699535497201,attentive,0,2
14.266666666666666,True,1.2760628791930835,3.2203219228738433,3.7296037296037294,0.041585081585081514,0.01142697217414152,attentive,0,2
14.299999999999999,True,0.7788387656745077,0.37130257062018335,3.7209302325581395,0.041550387596899156,0.011410366709664029,attentive,0,2
14.333333333333334,True,3.240686017696054,1.9833168726280856,3.7122969837587005,0.0415158546017014,0.011427536206383138,attentive,0,2
14.366666666666667,True,2.9714039998439206,0.4805167528811223,3.7037037037037033,0.04148148148148141,0.011434125370270469,attentive,0,2
14.4,True,0.8611371720295797,2.968769267506526,3.695150115473441,0.04144726712856036,0.011431793767473157,attentive,0,2
14.433333333333334,True,2.3656826565195064,3.0510445180653636,3.686635944700461,0.04141321044546844,0.011445301717476954,attentive,0,2
14.466666666666667,True,2.660749115281358,2.6303260303602287,3.67816091954023,0.041379310344827516,0.011459613025206497,attentive,0,2
14.5,True,5.836527445590078,-1.5563073269745464,3.669724770642202,0.041345565749235404,0.011484892952336278,attentive,0,2
14.533333333333333,True,5.131597324625545,4.3357060812095956,3.6613272311212817,0.041311975591151726,0.011532849722750258,attentive,0,2
14.566666666666666,True,2.438360093457363,2.5861189262423854,3.65296803652968,0.041278538812785315,0.011544382227762533,attentive,0,2
14.6,True,1.559030634293714,0.17979811487410013,3.644646924829157,0.041245254365983225,0.011534779025438912,attentive,0,2
14.633333333333333,True,8.112592505460075,0.9602571654734506,3.6363636363636362,0.041212121212121144,0.011595358781069954,attentive,0,2
14.666666666666666,True,2.0515744431930534,1.9141635525828633,3.6281179138321997,0.04117913832199539,0.011599387004740839,attentive,0,2
14.7,True,2.825353230943207,0.33743073300098736,3.619909502262444,0.04114630467571637,0.011603250318178516,attentive,0,2
14.733333333333333,True,0.7364238228718758,1.6778991114847364,3.611738148984198,0.04111361926260339,0.011592862979899352,attentive,0,2
14.766666666666666,True,-0.5195108911784212,2.5905595458105175,3.6036036036036037,0.04108108108108101,0.01157451838241436,attentive,0,2
14.799999999999999,True,2.284156495533815,2.448571438308954,3.5955056179775284,0.04104868913857671,0.011583548850116183,attentive,0,2
14.833333333333334,True,1.6493539656293932,2.950016292232663,3.587443946188341,0.04101644245141996,0.01158871141733561,attentive,0,2
14.866666666666667,True,1.7652426525362828,0.5958179776316558,3.5794183445190155,0.04098434004474266,0.011583299451861602,attentive,0,2
14.9,True,3.6158094770540155,-0.17499741757228016,3.571428571428571,0.04095238095238088,0.011592446955746514,attentive,0,2
14.933333333333334,True,2.884999433568577,2.0909876681559,3.5634743875278394,0.040920564216777956,0.011605534733055135,attentive,0,2
14.966666666666667,True,-1.0937130275016869,0.30944375465627383,3.5555555555555554,0.04088888888888882,0.011570470669202188,attentive,0,2
15.0,True,-1.7587657857201329,0.2610998879956805,3.5476718403547673,0.040857354028085664,0.011528770036117263,attentive,0,2
15.033333333333333,True,4.867324590138955,4.27209842925314,3.5398230088495577,0.040825958702064825,0.011572126973645673,attentive,0,2
15.066666666666666,True,3.198871047290476,3.2958882291541265,3.532008830022075,0.040794701986754896,0.011594134200457516,attentive,0,2
15.1,True,1.5898978282998713,0.7649091204926234,3.524229074889868,0.04076358296622607,0.01158790485335466,attentive,0,2
15.133333333333333,True,-1.9675936238747642,-1.2133283009971922,3.5164835164835164,0.04073260073260066,0.011537291555514579,attentive,0,2
15.166666666666666,True,2.2169223048756703,0.09609438889862854,3.508771929824561,0.04070175438596484,0.01153406620365624,attentive,0,2
15.2,True,6.3316246493878445,0.4364525592428634,3.50109409190372,0.04067104303428148,0.011572526558951027,attentive,0,2
15.233333333333333,True,2.6230383192824243,3.779259219185234,3.4934497816593884,0.04064046579330415,0.011591050085909892,attentive,0,2
15.266666666666666,True,1.0825009615005607,1.4219121817848255,3.485838779956427,0.040610021786492305,0.011583163092765986,attentive,0,2
15.299999999999999,True,-1.0741851877091606,4.404430869956116,3.4782608695652173,0.040579710144927464,0.01156888114640267,attentive,0,2
15.333333333333334,True,0.7855271734909093,1.1685317282368088,3.470715835140998,0.04054953000723059,0.011556991966163273,attentive,0,2
15.366666666666667,True,1.133022441630242,-1.0587532473187196,3.463203463203463,0.04051948051948045,0.011537783910613338,attentive,0,2
15.4,True,1.6665637966642497,1.019902603961569,3.455723542116631,0.04048956083513312,0.011533757164453099,attentive,0,2
15.433333333333334,True,0.47193262134237113,0.6041157585920269,3.4482758620689653,0.04045977011494246,0.011516313631298274,attentive,0,2
15.466666666666667,True,7.007871610864338,5.695958775604645,3.4408602150537635,0.04043010752688165,0.0115857490476101,attentive,0,2
15.5,True,2.4690207606927435,1.1494115596510561,3.4334763948497855,0.04040057224606574,0.0115899162674938,attentive,0,2
15.533333333333333,True,2.856089111847311,1.7565462880857492,3.4261241970021414,0.04037116345467516,0.011600638428766262,attentive,0,2
15.566666666666666,True,2.372234915057605,2.466099760246479,3.418803418803419,0.04034188034188027,0.011610088961992362,attentive,0,2
15.6,True,5.248463887056845,0.25537204872184716,3.411513859275053,0.04031272210376681,0.011636280669123087,attentive,0,2
15.633333333333333,True,2.4502865658101745,-0.8561210304631557,3.404255319148936,0.04028368794326234,0.011630645330116238,attentive,0,2
15.666666666666666,True,3.7655766411994844,1.6167554237104143,3.397027600849257,0.04025477707006363,0.011649112507788127,attentive,0,2
15.7,True,0.8910898755406023,1.3006765690242341,3.389830508474576,0.0402259887005649,0.011638946574132765,attentive,0,2
15.733333333333333,True,2.8191485926144955,1.2894195440686194,3.382663847780127,0.0401973220577871,0.011646887334155963,attentive,0,2
15.766666666666666,True,3.356781446916202,2.3693489147759164,3.375527426160337,0.040168776371307946,0.011664898644555579,attentive,0,2
15.799999999999999,True,5.520631213694628,-0.4317891816550232,3.3684210526315788,0.040140350877192914,0.011689975925751763,attentive,0,2
15.833333333333334,True,1.4877544472260802,2.263218595667278,3.361344537815126,0.0401120448179271,0.011689874330623524,attentive,0,2
15.866666666666667,True,5.350431423850168,1.4739196948767026,3.3542976939203357,0.04008385744234794,0.011722086485730891,attentive,0,2
15.9,True,1.5604356676666533,0.0005727420416659079,3.3472803347280333,0.04005578800557873,0.011712074887212974,attentive,0,2
15.933333333333334,True,5.327870548842911,-0.6951080651584141,3.3402922755741122,0.040027835768963044,0.011733834104718338,attentive,0,2
15.966666666666667,True,4.213184099105969,1.690935123783325,3.3333333333333335,0.03999999999999993,0.011756227984231636,attentive,0,2
16.0,False,1.163852911209744,-1.5350559555344712,3.5343035343035343,0.040803880803880734,0.011735448807858252,attentive,0,2
16.03333333333333,False,1.6867745052559866,0.9390475998013045,3.7344398340248963,0.04382664822498828,0.011730984283408168,attentive,0,2
16.066666666666666,False,3.1740408240787272,5.030232393582718,3.9337474120082816,0.04684610075914415,0.011759046722396926,attentive,0,2
16.1,False,-0.7587591048452644,1.0007610622105445,4.132231404958678,0.049862258953168065,0.0117323785489692,attentive,0,2
16.133333333333333,True,6.467978797410369,0.3811025727864139,4.123711340206185,0.04316151202749133,0.011769205535546846,attentive,0,2
16.166666666666668,True,-1.059467162437195,1.268286172181483,4.11522633744856,0.04312757201646083,0.0117410994969383,attentive,0,2
16.2,True,2.8018494945256998,2.1348486854511846,4.1067761806981515,0.0430937713894592,0.01175230211113351,attentive,0,2
16.233333333333334,True,0.605711453380974,2.0975108096194988,4.098360655737705,0.04306010928961741,0.01174328752901316,attentive,0,2
16.266666666666666,True,3.3674366865647376,0.10119727479798613,4.08997955010225,0.043026584867075585,0.01175033861403871,attentive,0,2
16.3,True,1.2735635332459319,-1.783752295303948,4.081632653061225,0.04299319727891149,0.011729820348255808,attentive,0,2
16.333333333333332,True,0.7007786650583046,1.568116576396086,4.0733197556008145,0.04295994568906985,0.011719371173102143,attentive,0,2
16.366666666666667,True,6.013648683361248,2.9860365475809036,4.0650406504065035,0.0429268292682926,0.011763362215949511,attentive,0,2
16.4,True,0.11779818955873234,1.4241741892258437,4.056795131845842,0.042893847194049955,0.011746982939732094,attentive,0,2
16.433333333333334,True,0.06015568995295295,0.23678203376166085,4.048582995951417,0.04286099865047226,0.011724809980176486,attentive,0,2
16.466666666666665,True,1.8972931485546938,-1.0383406635537296,4.040404040404041,0.04282828282828276,0.01171349721313934,attentive,0,2
16.5,True,1.810825901199126,-1.3361437895360038,4.032258064516129,0.042795698924731104,0.011700121022579078,attentive,0,2
16.53333333333333,True,3.7216505531014015,0.9253429551412554,4.0241448692152915,0.04276324614352776,0.011713998016101027,attentive,0,2
16.566666666666666,True,1.5325704686775885,3.4997094362074805,4.016064257028113,0.042730923694779044,0.01171977022166246,attentive,0,2
16.6,True,5.8413916006911055,1.3833423098684756,4.008016032064128,0.042698730794923104,0.011754471753221144,attentive,0,2
16.633333333333333,True,3.3894074561877146,1.1370511426884746,4.0,0.04266666666666659,0.011766144436626099,attentive,0,2
16.666666666666668,True,-0.625186903019221,1.1965601115627198,3.992015968063872,0.04263473053892208,0.011742420423803043,attentive,0,2
16.7,True,2.21475580540981,2.8159700001660957,3.9840637450199203,0.04260292164674627,0.011751102993171234,attentive,0,2
16.733333333333334,True,2.460643799025076,1.169434044047793,3.9761431411530817,0.042571239231278916,0.011754649382811927,attentive,0,2
16.766666666666666,True,2.108952653155862,0.06110110780184663,3.968253968253968,0.04253968253968246,0.011750193537096974,attentive,0,2
16.8,True,-1.3882595687662391,-1.5823040472784315,3.9603960396039604,0.04250825082508243,0.011707745087035346,attentive,0,2
16.833333333333332,True,2.1513771863128905,0.47070789098949306,3.9525691699604746,0.04247694334650849,0.011705571072869556,attentive,0,2
16.866666666666667,True,2.9408329593429,2.466579955298255,3.9447731755424065,0.04244575936883621,0.011719074201912696,attentive,0,2
16.9,True,-0.13076890280507714,5.025177164356664,3.937007874015748,0.04241469816272958,0.011716843475612984,attentive,0,2
16.933333333333334,True,3.036436782841408,-1.090532443884501,3.9292730844793713,0.042383759004584076,0.011715576335502844,attentive,0,2
16.966666666666665,True,3.9545199735669647,1.2503132015549299,3.9215686274509802,0.04235294117647051,0.011732514652704208,attentive,0,2
17.0,True,2.6704312561113404,0.22584721542434716,3.9138943248532287,0.042322243966079504,0.011733763089903294,attentive,0,2
17.03333333333333,True,5.0393149610145755,1.650508835069672,3.90625,0.04229166666666659,0.011761753304168237,attentive,0,2
17.066666666666666,True,4.896720891313302,0.6754133762615682,3.898635477582846,0.04226120857699797,0.011784175076626595,attentive,0,2
17.1,True,2.8613495450142015,-0.8665950416676846,3.8910505836575875,0.04223086900129694,0.011782243495406875,attentive,0,2
17.133333333333333,True,0.995315082636621,-0.5394762036002989,3.8834951456310676,0.042200647249190856,0.011765627074214814,attentive,0,2
17.166666666666668,True,1.9534596650023188,0.20595056211728635,3.875968992248062,0.042170542635658836,0.011760538089325603,attentive,0,2
17.2,True,1.6457818062168483,-0.2998139413864842,3.8684719535783367,0.04214055448097993,0.011750649877551912,attentive,0,2
17.233333333333334,True,-0.9166550295149296,0.9204977674064735,3.861003861003861,0.04211068211068203,0.011724049256631612,attentive,0,2
17.266666666666666,True,2.9056284336419678,1.2020517274624678,3.8535645472061653,0.04208092485549125,0.011731488718970565,attentive,0,2
17.3,True,3.5272427989962343,0.8851043004923824,3.8461538461538463,0.042051282051281974,0.01174285803510282,attentive,0,2
17.333333333333332,True,4.64292178091695,0.8896157179944357,3.8387715930902107,0.04202175303902743,0.011763720364657233,attentive,0,2
17.366666666666667,True,2.372631996285283,0.30899364072127633,3.8314176245210727,0.04199233716475088,0.01176270113719532,attentive,0,2
17.4,True,5.156988954314826,-1.846311086693454,3.824091778202677,0.0419630337794773,0.01177618935181269,attentive,0,2
17.433333333333334,True,-0.2610848702033528,-1.622054121395451,3.816793893129771,0.04193384223918567,0.011744622307410154,attentive,0,2
17.466666666666665,True,2.0308463938252177,0.7715738176286371,3.8095238095238098,0.04190476190476183,0.01174270986959828,attentive,0,2
17.5,True,1.321363177482394,-0.5436529242616496,3.802281368821293,0.04187579214195176,0.011729253401450344,attentive,0,2
17.53333333333333,True,3.2862064938009015,1.240692999032308,3.795066413662239,0.04184693232131555,0.01173994259375893,attentive,0,2
17.566666666666666,True,4.306808768556856,1.0291512524391124,3.787878787878788,0.04181818181818174,0.011758291897725098,attentive,0,2
17.6,True,2.757646194854597,0.5822354789647212,3.780718336483932,0.041789540012602315,0.01176167898663372,attentive,0,2
17.633333333333333,True,1.730465796975742,-1.043257934842893,3.7735849056603774,0.041761006289308095,0.011749624135963378,attentive,0,2
17.666666666666668,True,3.2092322819202064,1.1154456999880298,3.766478342749529,0.0417325800376647,0.011759026016702635,attentive,0,2
17.7,True,2.4933288613706495,0.7594409676294804,3.7593984962406015,0.041704260651628994,0.011760924667424667,attentive,0,2
17.733333333333334,True,5.471848720573286,0.47129947812237594,3.75234521575985,0.04167604752970599,0.011786451375029117,attentive,0,2
17.766666666666666,True,2.9704635106980026,-0.6692832690308114,3.7453183520599254,0.04164794007490629,0.011786317128810233,attentive,0,2
17.8,True,4.956084343520995,0.3941595829908827,3.7383177570093453,0.04161993769470397,0.01180709588503897,attentive,0,2
17.833333333333332,True,8.944465245869155,2.8581994331424267,3.731343283582089,0.04159203980099495,0.011871084014295246,attentive,0,2
17.866666666666667,True,3.590350841010424,0.3992680143159043,3.7243947858473,0.041564245810055786,0.01188034526771922,attentive,0,2
17.9,True,3.769596343679551,1.677153929995956,3.717472118959108,0.04153655514250302,0.011896331187780686,attentive,0,2
17.933333333333334,True,5.551277450117226,1.0122849248205479,3.710575139146568,0.04150896722325286,0.011924207876259574,attentive,0,2
17.966666666666665,True,6.620982058358735,1.8714401755761436,3.7037037037037033,0.041481481481481404,0.011964321089214212,attentive,0,2
18.0,True,2.94880385272291,-0.05906962432163965,3.6968576709796674,0.04145409735058526,0.011966188386774195,attentive,0,2
18.03333333333333,True,4.374289125877675,1.3802371587422506,3.6900369003690034,0.041426814268142605,0.011985639106890838,attentive,0,2
18.066666666666666,True,1.7745825088747171,-1.8927888598597473,3.683241252302026,0.041399631675874696,0.011970344810020728,attentive,0,2
18.1,True,0.32290767744785764,-3.855578029446351,3.6764705882352944,0.04137254901960777,0.011935228724076857,attentive,0,2
18.133333333333333,True,-1.572891427119659,-2.1925640819305374,3.669724770642202,0.0413455657492354,0.011891562261846459,attentive,0,2
18.166666666666668,True,2.9673550533932875,-0.12700867385951087,3.6630036630036633,0.041318681318681244,0.011893420212253852,attentive,0,2
18.2,True,0.056272722518957874,2.630721634569632,3.656307129798903,0.0412918951858622,0.011882821910340765,attentive,0,2
18.233333333333334,True,2.2136361305284082,0.7395023131999449,3.64963503649635,0.041265206812651986,0.011882089974876867,attentive,0,2
18.266666666666666,True,3.0252265016956614,0.880008657202838,3.642987249544627,0.041238615664845095,0.011888499694253105,attentive,0,2
18.3,True,5.093540340123167,-0.5606731837991991,3.6363636363636362,0.04121212121212113,0.011905778816006775,attentive,0,2
18.333333333333332,True,-0.1214115125735491,1.1953560562302854,3.6297640653357535,0.0411857229280096,0.011888012865467876,attentive,0,2
18.366666666666667,True,1.584684582556074,0.37168184674242866,3.6231884057971016,0.041159420289854996,0.011880732049132908,attentive,0,2
18.4,True,1.3921525793193401,-0.6724047178666444,3.616636528028933,0.04113321277878232,0.011867734544687107,attentive,0,2
18.433333333333334,True,4.924012026490216,2.7366702685814746,3.6101083032490973,0.041107099879662976,0.011896792762803646,attentive,0,2
18.466666666666665,True,3.62696606762029,1.1974960738071831,3.6036036036036037,0.041081081081081,0.011909196652556544,attentive,0,2
18.5,True,4.890341867236071,2.2291638815672283,3.597122302158273,0.04105515587529968,0.01193577822378911,attentive,0,2
18.53333333333333,True,3.9997787492931662,0.5392306983443114,3.5906642728904847,0.04102932375822853,0.011948416117251014,attentive,0,2
18.566666666666666,True,3.429978091720742,3.5576404103590424,3.584229390681003,0.0410035842293906,0.011968491025020974,attentive,0,2
18.6,True,3.809762647568208,1.9911728419704806,3.5778175313059033,0.0409779367918902,0.01198528640238471,attentive,0,2
18.633333333333333,True,1.0338063199237966,1.3493038826834933,3.571428571428571,0.04095238095238087,0.011977443297787322,attentive,0,2
18.666666666666668,True,5.484259153670107,-0.3308981002269693,3.5650623885918007,0.04092691622103379,0.01199823066448611,attentive,0,2
18.7,True,1.8405073235473945,0.48527201678999277,3.558718861209965,0.04090154211150645,0.011993355547304876,attentive,0,2
18.733333333333334,True,2.0850963962532854,1.5390018804126329,3.5523978685612785,0.040876258140911705,0.011994587774171393,attentive,0,2
18.766666666666666,True,2.4418369947527134,-1.6416935689886212,3.546099290780142,0.040851063829787156,0.011986094535093928,attentive,0,2
18.8,True,5.268368323213654,-0.03490852371771114,3.5398230088495577,0.04082595870206482,0.012006185333842866,attentive,0,2
18.833333333333332,True,4.057781173695345,2.7249640535975677,3.53356890459364,0.04080094228504115,0.012027534933374703,attentive,0,2
18.866666666666667,True,1.3354770128031928,-1.395245034230487,3.527336860670194,0.040776014109347364,0.012011322188994367,attentive,0,2
18.9,True,4.4366782828480416,4.202227984832364,3.5211267605633805,0.04075117370892011,0.012041331929078409,attentive,0,2
18.933333333333334,True,2.512324205789743,-1.072573353847956,3.5149384885764503,0.04072642062097239,0.01203560443714186,attentive,0,2
18.966666666666665,True,0.13668947556044442,-0.1065431503301334,3.508771929824561,0.040701754385964836,0.012015139773609997,attentive,0,2
19.0,True,2.6175495545989764,-1.3169194748415092,3.502626970227671,0.04067717454757727,0.012009346299145048,attentive,0,2
19.03333333333333,True,2.4318913788874545,0.539468138136218,3.4965034965034967,0.04065268065268057,0.012009342589204473,attentive,0,2
19.066666666666666,True,2.0335771703314673,2.022912391693353,3.4904013961605584,0.04062827225130882,0.012012002517718005,attentive,0,2
19.1,True,0.30426172513890704,-1.1663485620336775,3.484320557491289,0.04060394889663174,0.011988916082391913,attentive,0,2
19.133333333333333,True,1.105166977197248,1.5630489564326893,3.4782608695652173,0.04057971014492746,0.011982648915913656,attentive,0,2
19.166666666666668,True,2.0596859579601854,-1.3262566540158303,3.4722222222222223,0.04055555555555548,0.011972621613636433,attentive,0,2
19.2,True,-0.6092092747803197,0.16325929776332326,3.466204506065858,0.04053148469093002,0.011947808060861799,attentive,0,2
19.233333333333334,True,2.518701528345814,0.028853888941643313,3.4602076124567476,0.04050749711649358,0.011946615224715105,attentive,0,2
19.266666666666666,True,2.4223711482564863,3.2173533604437434,3.454231433506045,0.04048359240069077,0.011956924642507603,attentive,0,2
19.3,True,5.4461337011036335,2.5133123481841007,3.4482758620689653,0.04045977011494245,0.011987671629715507,attentive,0,2
19.333333333333332,True,-0.38774009640843454,0.355920134049004,3.4423407917383817,0.040436029833620116,0.011965434061185616,attentive,0,2
19.366666666666667,True,0.30552864846875893,2.9954499723953667,3.436426116838488,0.04041237113402054,0.011958645446988592,attentive,0,2
19.4,True,3.098584653340455,-0.19630510781612914,3.430531732418525,0.04038879359634069,0.011961006696265207,attentive,0,2
19.433333333333334,True,3.759980886517868,-1.8328224168894067,3.4246575342465753,0.04036529680365289,0.011962166081131369,attentive,0,2
19.466666666666665,True,2.502590858754124,1.0768823749969823,3.418803418803419,0.040341880341880264,0.011964821691220623,attentive,0,2
19.5,True,2.400952520014547,-0.466209991167487,3.4129692832764507,0.04031854379977239,0.011960845677901748,attentive,0,2
19.53333333333333,True,3.8702374751193362,-0.6626317097255652,3.4071550255536627,0.040295286768881236,0.011967264238134406,attentive,0,2
19.566666666666666,True,5.110545394527573,-1.1323996395097762,3.4013605442176873,0.04027210884353734,0.011981260542905324,attentive,0,2
19.6,True,-2.5866260952511206,-0.5857463196206874,3.395585738539898,0.040249009620826184,0.011939190873958219,attentive,0,2
19.633333333333333,True,2.5204323931811787,1.0470885040822342,3.389830508474576,0.040225988700564895,0.011941885101442826,attentive,0,2
19.666666666666668,True,5.180624005203299,-2.6037652609195434,3.3840947546531304,0.04020304568527911,0.011950847817945318,attentive,0,2
19.7,True,5.235771838429583,0.23628269347148093,3.3783783783783785,0.0401801801801801,0.011970855118441773,attentive,0,2
19.733333333333334,True,1.2202670979304604,-1.2705065578359285,3.372681281618887,0.040157391793142136,0.011955052768187795,attentive,0,2
19.766666666666666,True,3.474515605194604,-1.110438897165337,3.3670033670033668,0.04013468013468006,0.011956769261145295,attentive,0,2
19.8,True,4.69933495323765,-0.2577548174260871,3.361344537815126,0.040112044817927094,0.011970813589517033,attentive,0,2
19.833333333333332,True,2.6123842575377294,-1.5721507043108511,3.3557046979865772,0.0400894854586129,0.011964347339313763,attentive,0,2
19.866666666666667,True,-1.0223025590059742,-0.3454845738079575,3.350083752093802,0.0400670016750418,0.01193540988912016,attentive,0,2
19.9,True,0.9955979623212017,-0.9113227479344815,3.3444816053511706,0.04004459308807127,0.011919463916346485,attentive,0,2
19.933333333333334,True,-1.7351805624299592,0.7781166700395847,3.33889816360601,0.04002225932109063,0.01188957705596,attentive,0,2
19.966666666666665,True,3.274414409725235,-0.660583841988667,3.3333333333333335,0.039999999999999925,0.011891569408931409,attentive,0,2
20.0,False,4.018242820009668,-0.8145709266898198,3.494176372712146,0.04064337215751517,0.011898486430485524,attentive,0,2
20.03333333333333,False,7.421573726760162,2.5964302505206858,3.6544850498338874,0.04350682908822424,0.011943097943258955,attentive,0,2
20.066666666666666,False,0.6711296296146836,-0.5943920779346947,3.814262023217247,0.046368159203980006,0.01192604790864251,attentive,0,2
20.1,False,1.5494048653178634,1.630596851239285,3.9735099337748347,0.049227373068432695,0.011923703114760927,attentive,0,2
20.133333333333333,True,2.9893576328770592,-1.2757076029149115,3.9669421487603307,0.042534435261707915,0.011921269106537593,attentive,0,2
20.166666666666668,True,-0.941989552661946,1.5784532573237322,3.9603960396039604,0.04250825082508243,0.011900476671825666,attentive,0,2
20.2,True,4.174595034061762,-2.2788471747655104,3.9538714991762767,0.0424821526633717,0.011903094751236382,attentive,0,2
20.233333333333334,True,2.7953393959539587,-0.9238365375965898,3.9473684210526314,0.042456140350877115,0.011900574464746084,attentive,0,2
20.266666666666666,True,0.9590435138019198,0.6662801214460213,3.9408866995073892,0.04243021346469615,0.011890463567610213,attentive,0,2
20.3,True,5.567692095856387,1.1833332338655034,3.934426229508197,0.04240437158469938,0.011915847934896745,attentive,0,2
20.333333333333332,True,3.4599570910012174,2.887141452883778,3.927986906710311,0.04237861429350784,0.011932014234457328,attentive,0,2
20.366666666666667,True,-0.21048738510085574,2.1909529747116676,3.9215686274509802,0.04235294117647051,0.011918944415281602,attentive,0,2
20.4,True,5.709095939201887,0.050048924076216056,3.915171288743882,0.042327351821642115,0.011941074978325299,attentive,0,2
20.433333333333334,True,3.6528448724056304,0.6724454247401148,3.908794788273615,0.042301845819761055,0.011950501874558754,attentive,0,2
20.466666666666665,True,2.0036989853523908,1.1443851606123405,3.902439024390244,0.042276422764227564,0.011949685460061072,attentive,0,2
20.5,True,1.669364210169145,0.4006903638544558,3.896103896103896,0.04225108225108217,0.011943776586782449,attentive,0,2
20.53333333333333,True,1.176070717756883,1.6758916638739205,3.889789303079417,0.042225823878984256,0.011938926356763848,attentive,0,2
20.566666666666666,True,3.437325489507036,0.3474938662741326,3.8834951456310676,0.042200647249190856,0.011945577302411975,attentive,0,2
20.6,True,-0.20844423431256542,-0.22616000913436302,3.877221324717286,0.04217555196553573,0.011923970559407686,attentive,0,2
20.633333333333333,True,4.35238817535393,-0.3167611648332037,3.870967741935484,0.04215053763440853,0.011934802919386686,attentive,0,2
20.666666666666668,True,2.851553023717724,-0.83750823653183,3.864734299516908,0.04212560386473422,0.01193299557101374,attentive,0,2
20.7,True,0.027110312879873533,-1.4340658094582193,3.858520900321544,0.04210075026795276,0.011908880911525869,attentive,0,2
20.733333333333334,True,2.8092616592728588,0.14526068458456975,3.8523274478330656,0.04207597645799885,0.01191032477666924,attentive,0,2
20.766666666666666,True,-0.575161151407694,-2.020424551265316,3.8461538461538463,0.042051282051281974,0.01187994588420634,attentive,0,2
20.8,True,1.175978622095005,-1.345530854299913,3.84,0.04202666666666659,0.011864516375733441,attentive,0,2
20.833333333333332,True,2.7582994747737564,0.4418180981269633,3.8338658146964857,0.04200212992545253,0.011866715114386597,attentive,0,2
20.866666666666667,True,5.558192586051159,3.6487624250365958,3.827751196172249,0.041977671451355586,0.01190011977784811,attentive,0,2
20.9,True,2.4729513094719757,0.6610366631360807,3.821656050955414,0.04195329087048824,0.011901011092009636,attentive,0,2
20.933333333333334,True,2.795789226149897,0.8843916941589023,3.815580286168521,0.041928987811340676,0.011904969810098507,attentive,0,2
20.966666666666665,True,2.0007357780847093,-1.5730812430396026,3.8095238095238098,0.04190476190476183,0.011894638783285758,attentive,0,2
21.0,True,2.713017328089597,-0.5202535399577506,3.8034865293185423,0.04188061278394076,0.011893065244506897,attentive,0,2
21.03333333333333,True,-0.2621981772621824,0.4514609889232611,3.79746835443038,0.041856540084388105,0.01187399064983169,attentive,0,2
21.066666666666666,True,1.2745333820173987,-1.773517260582507,3.7914691943127963,0.04183254344391778,0.01185795503007051,attentive,0,2
21.1,True,3.477031853841683,-0.5146609283066543,3.7854889589905363,0.041808622502628734,0.011861822268121141,attentive,0,2
21.133333333333333,True,3.800323937397363,-1.9214776585323035,3.779527559055118,0.04178477690288706,0.011863016844483723,attentive,0,2
21.166666666666668,True,1.1484229601314668,0.183681373309444,3.7735849056603774,0.041761006289308095,0.011853031413713477,attentive,0,2
21.2,True,5.9863895046719415,-1.7829984711896087,3.767660910518053,0.0417373103087388,0.011869971641873193,attentive,0,2
21.233333333333334,True,2.8466085590249537,-1.4022185762811255,3.761755485893417,0.04171368861024026,0.011866312677411074,attentive,0,2
21.266666666666666,True,0.04762414076878052,1.024408225110431,3.755868544600939,0.04169014084507035,0.01185163632826071,attentive,0,2
21.3,True,0.24623220431862958,1.0252834754312392,3.75,0.04166666666666659,0.011838388104428598,attentive,0,2
21.333333333333332,True,7.799666791604767,-0.7938786734978581,3.74414976599064,0.041643265730629146,0.01187124711036626,attentive,0,2
21.366666666666667,True,0.7705957444043261,0.20884966880186306,3.7383177570093453,0.04161993769470397,0.0118588136730452,attentive,0,2
21.4,True,2.214712119144618,1.5188260373123625,3.7325038880248838,0.041596682218766126,0.011860928012505134,attentive,0,2
21.433333333333334,True,1.9428933904074963,-0.37934311877473076,3.7267080745341614,0.04157349896480324,0.011854609951968255,attentive,0,2
21.466666666666665,True,2.0196697207680847,-0.531134402612543,3.7209302325581395,0.04155038759689915,0.011848317550798704,attentive,0,2
21.5,True,1.4781030786283058,-1.7847029044081593,3.7151702786377707,0.04152734778121767,0.011834006440908745,attentive,0,2
21.53333333333333,True,2.3651668319035384,-1.6733912452691089,3.7094281298299845,0.041504379185986526,0.011826215403711865,attentive,0,2
21.566666666666666,True,4.453095038340605,-0.3875852930917356,3.7037037037037033,0.041481481481481404,0.011837178393601853,attentive,0,2
21.6,True,1.4527438799614378,0.5645080743100922,3.697996918335902,0.0414586543400102,0.01183082080263151,attentive,0,2
21.633333333333333,True,0.5921047990678441,3.2962954907147144,3.6923076923076925,0.04143589743589736,0.01182793750597396,attentive,0,2
21.666666666666668,True,5.203764842004491,-0.5611017424182452,3.686635944700461,0.04141321044546843,0.011843379922986765,attentive,0,2
21.7,True,1.7749973304520679,-0.27840592346656123,3.6809815950920246,0.041390593047034685,0.011836365839047073,attentive,0,2
21.733333333333334,True,1.3591887199515604,0.04012660132761672,3.6753445635528332,0.04136804492087792,0.011827627160856363,attentive,0,2
21.766666666666666,True,5.012211264392489,0.43599952187607305,3.669724770642202,0.0413455657492354,0.011845085502100925,attentive,0,2
21.8,True,1.5725194616515878,-0.8072397751005774,3.6641221374045805,0.04132315521628491,0.01183493286655303,attentive,0,2
21.833333333333332,True,4.521702972655832,-0.23497777444612397,3.6585365853658534,0.04130081300813,0.011846730659171311,attentive,0,2
21.866666666666667,True,-2.5802285354364307,-1.946068112634107,3.65296803652968,0.04127853881278531,0.011804662152558308,attentive,0,2
21.9,True,1.193434662283106,-1.8242032670332298,3.64741641337386,0.04125633232016203,0.011788622193385334,attentive,0,2
21.933333333333334,True,3.709553358007399,-0.42897433207301383,3.6418816388467374,0.04123419322205354,0.011794305054275296,attentive,0,2
21.966666666666665,True,2.940746277688805,-0.4334834040194596,3.6363636363636362,0.04121212121212113,0.011794778360258242,attentive,0,2
22.0,True,-3.1013927322407886,-1.1597594477150246,3.6308623298033282,0.041190115985879905,0.011752182309915954,attentive,0,2
22.03333333333333,True,2.6890976825175876,-0.36129448389803,3.625377643504532,0.041168177240684715,0.011751270657823557,attentive,0,2
22.066666666666666,True,1.6764059542125307,-1.4100248341373196,3.619909502262444,0.041146304675716366,0.01174005803934951,attentive,0,2
22.1,True,4.08678459909969,-1.1511112279203075,3.614457831325301,0.041124497991967796,0.011745879431091713,attentive,0,2
22.133333333333333,True,3.995167073212658,-1.0060743602275002,3.6090225563909777,0.0411027568922305,0.011751555668492572,attentive,0,2
22.166666666666668,True,-0.3219943720964151,2.6958153087304746,3.6036036036036037,0.041081081081081,0.011740756958161295,attentive,0,2
22.2,True,1.31251091870456,-0.2937596724427074,3.598200899550225,0.04105947026486749,0.011730921614279214,attentive,0,2
22.233333333333334,True,2.9905351332159826,-0.33996996230540477,3.592814371257485,0.04103792415169653,0.0117321264897872,attentive,0,2
22.266666666666666,True,1.6890180312663357,1.016201698953342,3.587443946188341,0.04101644245141995,0.011729186050793951,attentive,0,2
22.3,True,1.936955506482647,2.590451579634253,3.582089552238806,0.040995024875621816,0.011733120474905866,attentive,0,2
22.333333333333332,True,1.1167105743183705,-0.12237540063403496,3.5767511177347244,0.040973671137605486,0.011722625828554795,attentive,0,2
22.366666666666667,True,0.25023839810176174,1.1888800002831348,3.571428571428571,0.04095238095238087,0.011710767942224231,attentive,0,2
22.4,True,4.842328745226828,0.6442898953798624,3.566121842496285,0.04093115403665173,0.011727472917663666,attentive,0,2
22.433333333333334,True,1.9708362393426753,-1.123339823324446,3.5608308605341246,0.040909990108803085,0.011719365333893185,attentive,0,2
22.466666666666665,True,1.7941506560532723,0.14912514050856573,3.5555555555555554,0.04088888888888881,0.011714307595793968,attentive,0,2
22.5,True,2.541407856536179,-0.27735613654170466,3.5502958579881656,0.04086785009861925,0.011712775778431782,attentive,0,2
22.53333333333333,True,2.3684527454662887,0.028142768801180718,3.5450516986706058,0.04084687346134901,0.01171111583803933,attentive,0,2
22.566666666666666,True,-1.1682953461742285,1.2550284447144904,3.5398230088495577,0.04082595870206482,0.011690297862376426,attentive,0,2
22.6,True,0.22690667800330333,-0.48607451266439844,3.5346097201767304,0.04080510554737351,0.011672975344966096,attentive,0,2
22.633333333333333,True,3.8552522561376303,-2.320079584635668,3.5294117647058822,0.040784313725490115,0.011673424972490293,attentive,0,2
22.666666666666668,True,2.733070821099594,-1.9955423877611107,3.524229074889868,0.040763582966226064,0.011667608552248224,attentive,0,2
22.7,True,2.9230622284631176,-2.347100171794524,3.519061583577713,0.04074291300097744,0.011661901808802867,attentive,0,2
22.733333333333334,True,0.14107594228472298,1.0514476515501885,3.513909224011713,0.04072230356271344,0.011649166307654852,attentive,0,2
22.766666666666666,True,4.469833899282176,-0.9075311270573149,3.508771929824561,0.040701754385964836,0.01165823067358423,attentive,0,2
22.8,True,3.2829594732446234,-1.7140599781679442,3.5036496350364965,0.040681265206812575,0.011656951371605993,attentive,0,2
22.833333333333332,True,1.279227862639425,-1.2479861180644052,3.498542274052478,0.040660835762876504,0.01164420385456677,attentive,0,2
22.866666666666667,True,2.6600353619687453,-0.7600656531149838,3.4934497816593884,0.040640465793304145,0.011642004641680689,attentive,0,2
22.9,True,-0.6807957172847203,-0.9573035078113203,3.488372093023256,0.04062015503875961,0.011617593152562026,attentive,0,2
22.933333333333334,True,3.22970671233818,-1.0295920882825154,3.483309143686502,0.0405999032414126,0.011618244352103202,attentive,0,2
22.966666666666665,True,7.261254330259532,0.2631673811744839,3.4782608695652173,0.04057971014492746,0.011649025241260196,attentive,0,2
23.0,True,1.7401157686134372,-2.1112612243612947,3.4732272069464547,0.04055957549445241,0.011636569569783428,attentive,0,2
23.03333333333333,True,-0.37554187000027284,-2.514234668774819,3.4682080924855487,0.040539499036608785,0.011609267788424475,attentive,0,2
23.066666666666666,True,1.1355899157963718,-1.0674750217551088,3.463203463203463,0.04051948051948044,0.011596375482203684,attentive,0,2
23.1,True,3.153314528504059,-0.9144482538311663,3.45821325648415,0.04049951969260319,0.011596932036274083,attentive,0,2
23.133333333333333,True,0.7315146109222539,-2.7053493096998524,3.4532374100719423,0.04047961630695436,0.011576273556644414,attentive,0,2
23.166666666666668,True,1.3334882823476741,1.8850914028218182,3.4482758620689653,0.04045977011494245,0.01157417504089418,attentive,0,2
23.2,True,-0.8314056776116323,-2.213731338438978,3.443328550932568,0.04043998087039686,0.011545209883992972,attentive,0,2
23.233333333333334,True,-3.2565136917048845,-0.8290639548952721,3.4383954154727796,0.04042024832855771,0.011505294456466381,attentive,0,2
23.266666666666666,True,2.1691887727457253,-0.010640858325143832,3.4334763948497855,0.04040057224606573,0.011502593309372934,attentive,0,2
23.3,True,0.9766379495697739,-1.2685301386817873,3.428571428571429,0.0403809523809523,0.011488334829281632,attentive,0,2
23.333333333333332,True,1.702427675311716,-1.1768268750296915,3.4236804564907275,0.0403613884926295,0.01147900935076655,attentive,0,2
23.366666666666667,True,1.2168257255957722,-0.8006743316315269,3.418803418803419,0.040341880341880264,0.011467826770556721,attentive,0,2
23.4,True,2.9701223539065045,-0.6454932997096005,3.4139402560455197,0.040322427690848664,0.011468251077056967,attentive,0,2
23.433333333333334,True,1.90994683341565,-1.5200711576449883,3.4090909090909087,0.04030303030303022,0.011459220488434842,attentive,0,2
23.466666666666665,True,5.590021077951334,1.0449212091142566,3.404255319148936,0.040283687943262335,0.011481500438459179,attentive,0,2
23.5,True,3.9586734213143853,-0.9628587356222313,3.39943342776204,0.04026440037771475,0.011487127800466419,attentive,0,2
23.53333333333333,True,-0.5392519448388655,0.6732207722781542,3.3946251768033946,0.04024516737388017,0.011469606220621662,attentive,0,2
23.566666666666666,True,1.1107530634525753,1.7456797105675146,3.389830508474576,0.040225988700564895,0.011465858144784229,attentive,0,2
23.6,True,2.179142366262874,-0.42570888904091414,3.385049365303244,0.04020686412787956,0.011462012163522143,attentive,0,2
23.633333333333333,True,1.3177737922074075,-0.4308233249713751,3.3802816901408446,0.040187793427229966,0.011452769029831559,attentive,0,2
23.666666666666668,True,4.0593057356302715,-1.0218841075714806,3.375527426160337,0.04016877637130794,0.011458841795264485,attentive,0,2
23.7,True,-5.016174801057822,0.40194520889355567,3.3707865168539324,0.040149812734082316,0.011412690474412141,attentive,0,2
23.733333333333334,True,1.5677449746509993,-3.9837739007459896,3.3660589060308554,0.04013090229079001,0.011394040031323688,attentive,0,2
23.766666666666666,True,5.476341651742439,1.3058271908710908,3.361344537815126,0.040112044817927094,0.011416234841408532,attentive,0,2
23.8,True,1.0908838157982004,-2.1501705171375787,3.3566433566433567,0.040093240093240015,0.011400366283322519,attentive,0,2
23.833333333333332,True,2.699164961187897,-0.8492583148970808,3.35195530726257,0.04007448789571687,0.011398562766190253,attentive,0,2
23.866666666666667,True,4.302638752081584,0.2878244436381193,3.3472803347280333,0.04005578800557872,0.01141022787917031,attentive,0,2
23.9,True,0.6173065461070342,-0.3524629361409036,3.3426183844011144,0.04003714020427104,0.011397066466636872,attentive,0,2
23.933333333333334,True,0.46084814643183747,-3.2584388357928296,3.3379694019471486,0.040018544274455184,0.011373992992821647,attentive,0,2
23.966666666666665,True,1.7478677882408222,-0.8183529721771405,3.3333333333333335,0.039999999999999925,0.011366459306888115,attentive,0,2
24.0,False,2.2612006098962727,-3.697402205299837,3.467406380027739,0.040536292186777546,0.01135323721512172,attentive,0,2
24.03333333333333,False,1.9096170771204521,-1.173333367006678,3.6011080332409975,0.043293321021852675,0.011345656248794937,attentive,0,2
24.066666666666666,False,1.6290146730918953,-0.9045467051858573,3.7344398340248963,0.04604887044721061,0.01133719747310427,attentive,0,2
24.1,False,0.6932730108968439,1.5613157110792282,3.867403314917127,0.048802946593001856,0.011330586432189524,attentive,0,2
24.133333333333333,True,4.122823835627251,0.5061050988471139,3.8620689655172415,0.04211494252873555,0.011341783332957697,attentive,0,2
24.166666666666668,True,-0.15514896899127972,-1.1326779470319823,3.8567493112947657,0.04209366391184565,0.01132174421944424,attentive,0,2
24.2,True,5.83240750762953,-1.2201377685647683,3.851444291609354,0.042072443833104003,0.011338097245114257,attentive,0,2
24.233333333333334,True,-0.8768935627126309,0.19341449024041346,3.8461538461538463,0.042051282051281974,0.011317759893479683,attentive,0,2
24.266666666666666,True,5.40337220604884,-2.8913920075329482,3.840877914951989,0.04203017832647454,0.011326363339455902,attentive,0,2
24.3,True,1.5059520432166187,0.3962782550671611,3.8356164383561646,0.042009132420091244,0.011321222757534274,attentive,0,2
24.333333333333332,True,3.2364858669456096,-1.3001979553544105,3.830369357045144,0.04198814409484716,0.011321460555186336,attentive,0,2
24.366666666666667,True,1.965525695914649,1.0693594496986298,3.825136612021858,0.041967213114754015,0.011321174439799856,attentive,0,2
24.4,True,5.1901946665309975,-0.019503422578223684,3.819918144611187,0.04194633924511133,0.011337140355860413,attentive,0,2
24.433333333333334,True,3.517484318774904,-2.0482825615069697,3.8147138964577656,0.04192552225249765,0.011336792105530125,attentive,0,2
24.466666666666665,True,2.242936361244885,-1.1243871101277931,3.8095238095238098,0.04190476190476183,0.011331531120389909,attentive,0,2
24.5,True,2.1964422938741106,-1.4563035376561784,3.804347826086957,0.04188405797101441,0.011325001507001975,attentive,0,2
24.53333333333333,True,2.4677141412850765,0.46462447850265187,3.7991858887381276,0.041863410221619095,0.011325917539213406,attentive,0,2
24.566666666666666,True,2.3239235036595565,-2.1276767669543615,3.7940379403794036,0.0418428184281842,0.011318159355978593,attentive,0,2
24.6,True,0.7979278777342247,-2.74705656663693,3.7889039242219216,0.04182228236355427,0.011299382111890912,attentive,0,2
24.633333333333333,True,4.799760232509913,0.6634323470172847,3.783783783783784,0.04180180180180172,0.0113149323547188,attentive,0,2
24.666666666666668,True,4.421472263165558,-2.807272573329028,3.7786774628879893,0.041781376518218546,0.0113177632210957,attentive,0,2
24.7,True,-0.9028213275630219,-4.53567981201392,3.7735849056603774,0.041761006289308095,0.011283518489389705,attentive,0,2
24.733333333333334,True,1.6479563067980396,0.5039940597918207,3.768506056527591,0.04174069089277695,0.011279697114642169,attentive,0,2
24.766666666666666,True,0.5277720011673472,-1.945605112431328,3.763440860215054,0.0417204301075268,0.011261877745431642,attentive,0,2
24.8,True,-0.49796952356248503,-3.2545737438117577,3.7583892617449663,0.04170022371364645,0.011234082494793667,attentive,0,2
24.833333333333332,True,3.492335857892848,1.2597085997746467,3.753351206434316,0.04168007149240385,0.011243582176631326,attentive,0,2
24.866666666666667,True,0.706816417501575,-1.044271513136127,3.748326639892905,0.041659973226238205,0.011229629326244247,attentive,0,2
24.9,True,1.8152074744798605,-0.5972790575961038,3.7433155080213902,0.041639928698752146,0.011223627551718263,attentive,0,2
24.933333333333334,True,-0.7401632522029256,0.2817240529553604,3.7383177570093453,0.04161993769470397,0.011205086579014738,attentive,0,2
24.966666666666665,True,0.8260122261566927,0.23865276705833005,3.733333333333334,0.04159999999999992,0.011195748470151968,attentive,0,2
25.0,True,1.80702141405801,-1.499232020267883,3.7283621837549936,0.04158011540168656,0.01118709844498931,attentive,0,2
25.03333333333333,True,2.501337653556199,0.9257743874904067,3.723404255319149,0.04156028368794318,0.011189741043672397,attentive,0,2
25.066666666666666,True,-0.8505867129469764,-2.0926309875760474,3.718459495351926,0.04154050464807429,0.011163684712307127,attentive,0,2
25.1,True,1.2251292822957498,-0.2175902002013601,3.7135278514588856,0.04152077807250213,0.011155458983582847,attentive,0,2
25.133333333333333,True,-0.4827813942971957,0.10526341982103626,3.708609271523179,0.041501103752759304,0.011138151387081345,attentive,0,2
25.166666666666668,True,1.0956014494699229,-0.7966493829112657,3.7037037037037033,0.0414814814814814,0.011127517599285465,attentive,0,2
25.2,True,3.7741651156207148,0.21453968424325387,3.6988110964332894,0.04146191105239974,0.011135606508710993,attentive,0,2
25.233333333333334,True,-3.6251910404411487,-2.1271075522739746,3.6939313984168867,0.04144239226033413,0.011093423827497048,attentive,0,2
25.266666666666666,True,-1.563720609575809,-1.7534699718300502,3.689064558629776,0.04142292490118569,0.011064517512423544,attentive,0,2
25.3,True,2.2598088835619925,0.4351081317291494,3.684210526315789,0.04140350877192974,0.011064446439377531,attentive,0,2
25.333333333333332,True,1.8529203183386158,-3.462660047899128,3.679369250985545,0.04138414367060877,0.011050617207930772,attentive,0,2
25.366666666666667,True,1.797875551795312,-0.633510421568785,3.674540682414698,0.04136482939632538,0.011044753874417949,attentive,0,2
25.4,True,1.0724916154128956,-0.9152871685045646,3.669724770642202,0.0413455657492354,0.011033859908548814,attentive,0,2
25.433333333333334,True,-2.242481763896926,0.27800664407292763,3.664921465968586,0.04132635253054093,0.011007181043387188,attentive,0,2
25.466666666666665,True,1.9113689294772953,-1.0915089297334293,3.6601307189542487,0.04130718954248358,0.011000726424533728,attentive,0,2
25.5,True,1.6112028338305273,-1.9321801263889702,3.6553524804177546,0.04128807658833761,0.010990108201877017,attentive,0,2
25.53333333333333,True,2.6463076221381057,0.027777711689250584,3.650586701434159,0.04126901347240322,0.010991194234805081,attentive,0,2
25.566666666666666,True,2.0594915513239176,1.555266241707355,3.6458333333333335,0.04124999999999992,0.010993301329535096,attentive,0,2
25.6,True,1.430990194592767,0.9351467311818127,3.6410923276983094,0.04123103597745982,0.01098997851931136,attentive,0,2
25.633333333333333,True,5.193408402920358,-1.5209378182034703,3.6363636363636362,0.04121212121212113,0.011001292772280905,attentive,0,2
25.666666666666668,True,-1.4238927475052818,-3.4851603290156357,3.631647211413749,0.04119325551232158,0.010968770715582382,attentive,0,2
25.7,True,-1.4883821445590653,0.913523768374666,3.6269430051813467,0.04117443868739197,0.010948623371475431,attentive,0,2
25.733333333333334,True,1.7420944055446732,-0.3852235790845626,3.6222509702457955,0.041155670547649764,0.01094336847630464,attentive,0,2
25.766666666666666,True,3.9541583682672345,-1.3623787800612683,3.6175710594315245,0.041136950904392684,0.010948023722190761,attentive,0,2
25.8,True,2.444046703243033,-2.1405137995078487,3.612903225806452,0.04111827956989239,0.010941775604433032,attentive,0,2
25.833333333333332,True,5.812468425112124,-1.7849253437318922,3.608247422680412,0.041099656357388235,0.010955854105247746,attentive,0,2
25.866666666666667,True,1.8143864899196944,-3.299202709836999,3.6036036036036037,0.041081081081081,0.01094269647882887,attentive,0,2
25.9,True,1.2115370704264357,-1.2697416906294852,3.5989717223650386,0.041062553556126744,0.010931925610604793,attentive,0,2
25.933333333333334,True,1.7579713936504782,-2.4121004705854894,3.594351732991014,0.041044073598630645,0.010921041216914716,attentive,0,2
25.966666666666665,True,2.080895801994792,-0.0746227116366438,3.5897435897435894,0.04102564102564094,0.010918684237839905,attentive,0,2
26.0,True,4.189892842695986,-1.7876523056521048,3.585147247119078,0.0410072556551429,0.010923460807686858,attentive,0,2
26.03333333333333,True,6.113398693668393,-1.8089152135871813,3.580562659846547,0.04098891730605277,0.010939096854320249,attentive,0,2
26.066666666666666,True,2.147935384299088,-2.4188820668845246,3.5759897828863343,0.040970625798211924,0.010930453162301719,attentive,0,2
26.099999999999998,True,0.37214605038405724,1.1005602037626452,3.571428571428571,0.04095238095238087,0.010921740430956749,attentive,0,2
26.133333333333333,True,3.824301460231536,-0.6251465739941968,3.56687898089172,0.040934182590233466,0.010927709781707035,attentive,0,2
26.166666666666668,True,1.2624367212045806,-2.124718861681618,3.5623409669211195,0.04091603053435106,0.010914938181986817,attentive,0,2
26.2,True,3.821445864851167,-0.9617587680307224,3.5578144853875475,0.04089792460821678,0.010919934400481177,attentive,0,2
26.233333333333334,True,3.9345261719848548,-3.3656883551291434,3.5532994923857872,0.04087986463620973,0.010918776457753101,attentive,0,2
26.266666666666666,True,1.7835325357953264,-2.3476256513326117,3.5487959442332064,0.04086185044359941,0.010908372261201262,attentive,0,2
26.3,True,-0.3764029683436285,-4.425292604550128,3.5443037974683547,0.040843881856540004,0.01087999851701342,attentive,0,2
26.333333333333332,True,2.738533438661133,-0.342513696577744,3.5398230088495577,0.04082595870206482,0.010880668706220016,attentive,0,2
26.366666666666667,True,-2.5646130223700796,0.5979976778715304,3.535353535353535,0.040808080808080724,0.010854216603850018,attentive,0,2
26.4,True,1.6738986583300706,-1.4895729626391827,3.5308953341740232,0.04079024800336268,0.010845736365324835,attentive,0,2
26.433333333333334,True,-1.1588905459059393,-0.37324267345803985,3.5264483627204033,0.0407724601175482,0.010824545195076678,attentive,0,2
26.466666666666665,True,1.1564714848133133,-0.34519013523303776,3.5220125786163523,0.04075471698113199,0.010816429772285929,attentive,0,2
26.5,True,4.4469118836018104,1.0472960853171966,3.5175879396984926,0.040737018425460556,0.010830594279418793,attentive,0,2
26.53333333333333,True,0.8917660089840029,-2.876988323266893,3.5131744040150563,0.04071936428272681,0.010813956265391085,attentive,0,2
26.566666666666666,True,0.21243043211406376,-4.64277317827177,3.508771929824561,0.04070175438596483,0.01078865915418677,attentive,0,2
26.599999999999998,True,-0.2685101163168815,-2.033488275203216,3.504380475594493,0.04068418856904456,0.01076800721390803,attentive,0,2
26.633333333333333,True,2.0366464135062916,-1.9306538547209173,3.5000000000000004,0.04066666666666659,0.010760498979813677,attentive,0,2
26.666666666666668,True,1.9508250683935662,-0.8033468407934938,3.495630461922597,0.040649188514356976,0.010755660801855782,attentive,0,2
26.7,True,-0.1260299661172093,-2.1860805149949254,3.4912718204488775,0.04063175394846209,0.010735494030428616,attentive,0,2
26.733333333333334,True,-1.4386254235911111,-0.1845410067694111,3.4869240348692405,0.04061436280614355,0.010713651594652653,attentive,0,2
26.766666666666666,True,-3.7878553623514146,-2.330518121777673,3.482587064676617,0.04059701492537306,0.010672945756996285,attentive,0,2
26.8,True,0.2883940146611974,-3.6626950249729173,3.4782608695652173,0.04057971014492746,0.010651168717420579,attentive,0,2
26.833333333333332,True,1.1000141902626437,-4.342161490414529,3.4739454094292808,0.04056244830438371,0.010632047793702,attentive,0,2
26.866666666666667,True,2.5811009355362913,-0.11138155835095209,3.469640644361834,0.040545229244113926,0.010632781371577686,attentive,0,2
26.9,True,0.807895611319828,-2.808759770599665,3.4653465346534658,0.04052805280528045,0.010616340997086022,attentive,0,2
26.933333333333334,True,0.04933095423973621,-1.9004842093914502,3.4610630407911,0.04051091882983099,0.01059826882087506,attentive,0,2
26.966666666666665,True,-0.37415105195285925,-2.5121682523961777,3.45679012345679,0.040493827160493746,0.010576239489391669,attentive,0,2
27.0,True,2.047547542237579,-2.582010213293694,3.45252774352651,0.04047677764077263,0.010567344509534032,attentive,0,2
27.03333333333333,True,2.8752408969477283,1.3887158895697227,3.4482758620689653,0.04045977011494245,0.010573868572627012,attentive,0,2
27.066666666666666,True,2.229494210900758,0.04935235125916759,3.4440344403444034,0.040442804428044196,0.010573185505565044,attentive,0,2
27.099999999999998,True,1.3569767494976268,-1.0324794269501978,3.43980343980344,0.04042588042588034,0.010564786762989395,attentive,0,2
27.133333333333333,True,-1.8450548249885308,-1.0165399667227955,3.4355828220858897,0.04040899795501014,0.010538990433991317,attentive,0,2
27.166666666666668,True,1.6039872823032284,-0.5232148591383097,3.431372549019608,0.04039215686274502,0.010533386441644293,attentive,0,2
27.2,True,1.497606301514444,-3.6749046962049503,3.4271725826193387,0.04037535699714394,0.010518644932078358,attentive,0,2
27.233333333333334,True,0.22045557256173243,-1.001277333734912,3.4229828850855744,0.040358598207008885,0.010504263632409663,attentive,0,2
27.266666666666666,True,-0.20556651960517924,-2.386344715808364,3.418803418803419,0.040341880341880264,0.010483847416456325,attentive,0,2
27.3,True,3.479814334970615,-2.569634388345454,3.414634146341464,0.04032520325203244,0.010482959240153317,attentive,0,2
27.333333333333332,True,4.9754901544814985,-4.234482319648962,3.41047503045067,0.040308566788469266,0.010485663709854886,attentive,0,2
27.366666666666667,True,2.1923903788833754,-1.3625430585261904,3.40632603406326,0.04029197080291963,0.010481077846188507,attentive,0,2
27.4,True,1.3970535814934475,-5.438487705316407,3.402187120291616,0.040275415147833046,0.010461202415992436,attentive,0,2
27.433333333333334,True,-0.6003010382879359,-4.595866465721426,3.3980582524271843,0.040258899676375325,0.01043287445043285,attentive,0,2
27.466666666666665,True,3.3195000761071993,-4.070363089984436,3.3939393939393945,0.04024242424242416,0.010427147429717796,attentive,0,2
27.5,True,0.6384121688530492,-2.055007834748111,3.389830508474576,0.04022598870056489,0.010412430185057008,attentive,0,2
27.53333333333333,True,0.5265821677885154,-1.4654832349307099,3.3857315598548974,0.040209592906086174,0.010398731642849216,attentive,0,2
27.566666666666666,True,0.837222057666644,-1.0661006005828573,3.3816425120772946,0.040193236714975766,0.010387805486852083,attentive,0,2
27.599999999999998,True,-0.6386886489971884,-2.1979666529764676,3.3775633293124248,0.04017691998391629,0.010365958934325467,attentive,0,2
27.633333333333333,True,5.914111165145057,3.756308297765145,3.3734939759036147,0.04016064257028104,0.010395195478120942,attentive,0,2
27.666666666666668,True,2.9579694330100406,-1.2455842699933062,3.369434416365824,0.04014440433212988,0.010395175466437218,attentive,0,2
27.7,True,2.2578728053589368,0.5858472077476251,3.3653846153846154,0.040128205128205044,0.010396307314350062,attentive,0,2
27.733333333333334,True,3.1093064555335963,-0.9319601647168205,3.361344537815126,0.04011204481792709,0.010397930135358177,attentive,0,2
27.766666666666666,True,0.837468012036116,-3.2930618420415088,3.357314148681055,0.0400959232613908,0.01038115104029055,attentive,0,2
27.8,True,1.7958993856745131,-0.24124495913286714,3.3532934131736525,0.040079840319361196,0.010377635500288118,attentive,0,2
27.833333333333332,True,2.6132176354502485,2.5914521679617555,3.349282296650718,0.040063795853269454,0.010386003260691447,attentive,0,2
27.866666666666667,True,0.628477190233921,-0.4985100031905556,3.345280764635603,0.040047789725209,0.010375608312888356,attentive,0,2
27.9,True,2.624857942334587,-3.0215401745997585,3.341288782816229,0.0400318217979315,0.01036913563182039,attentive,0,2
27.933333333333334,True,-2.2604880375374234,-0.28905270804724315,3.3373063170441,0.040015891934842986,0.010344036599063293,attentive,0,2
27.966666666666665,True,-0.6870956469436456,-1.6226014273769886,3.3333333333333335,0.03999999999999992,0.010323794246706569,attentive,0,2
28.0,False,1.2446546576288333,-2.5769403529701265,3.4482758620689653,0.04045977011494245,0.01031128707680637,attentive,0,2
28.03333333333333,False,-2.4332042906719735,0.022684718568207973,3.5629453681710213,0.04314067036157277,0.010286257245591434,attentive,0,2
28.066666666666666,False,1.3663418445052002,-2.8479461258623826,3.6773428232502967,0.045820482404112205,0.010273751437769192,attentive,0,2
28.099999999999998,False,4.042575530312328,-1.6817580175327462,3.7914691943127963,0.04849921011058429,0.010278438654451908,attentive,0,2
28.133333333333333,True,2.239449560813057,1.6029939887711777,3.7869822485207103,0.04181459566074942,0.010282269280923685,attentive,0,2
28.166666666666668,True,1.3000690041518617,-1.0694932122240841,3.7825059101654848,0.04179669030732852,0.010274135904563466,attentive,0,2
28.2,True,-3.4347700344840977,-2.9414833242881837,3.778040141676505,0.041778827233372604,0.010236265290499947,attentive,0,2
28.233333333333334,True,0.9590669009612511,-0.7938588840254384,3.7735849056603774,0.041761006289308095,0.01022714043603761,attentive,0,2
28.266666666666666,True,3.2168738245975996,-1.923458875698111,3.769140164899882,0.04174322732626611,0.0102268998276808,attentive,0,2
28.3,True,-0.49040653537636003,-0.5794105815398265,3.7647058823529407,0.04172549019607835,0.010210789164740278,attentive,0,2
28.333333333333332,True,1.664755246603128,0.39777271773786493,3.7602820211515864,0.04170779475127293,0.01020852366816582,attentive,0,2
28.366666666666667,True,3.3680191246443116,-0.4372748652308165,3.755868544600939,0.04169014084507034,0.010212970532363481,attentive,0,2
28.4,True,-0.21308426536848168,-2.6347772924730917,3.751465416178194,0.04167252833137936,0.010193023202513866,attentive,0,2
28.433333333333334,True,0.5085771600213256,-0.7027006076795166,3.747072599531616,0.04165495706479305,0.010181905828772604,attentive,0,2
28.466666666666665,True,-0.9439534653215218,-2.9941930576493476,3.7426900584795324,0.041637426900584716,0.01015730814817159,attentive,0,2
28.5,True,2.9957114576065935,-3.1343685095957,3.7383177570093453,0.04161993769470397,0.010152859201491789,attentive,0,2
28.53333333333333,True,3.1550180940579975,0.03429128717809671,3.7339556592765457,0.04160248930377277,0.010157463222844368,attentive,0,2
28.566666666666666,True,0.9726319711597199,-0.6012856208377297,3.7296037296037294,0.04158508158508151,0.010149105594953153,attentive,0,2
28.599999999999998,True,-0.7807599218560354,-0.557685247442097,3.7252619324796274,0.0415677143965851,0.010131808213996271,attentive,0,2
28.633333333333333,True,2.1953122519361195,-2.7815974146311957,3.7209302325581395,0.04155038759689914,0.01012418473439147,attentive,0,2
28.666666666666668,True,2.9700427131468286,-3.1741439191367853,3.7166085946573753,0.04153310104529609,0.010119564934098997,attentive,0,2
28.7,True,0.9282739601858444,-3.2448999405988666,3.7122969837587005,0.04151585460170139,0.010104246150287263,attentive,0,2
28.733333333333334,True,0.2708569986491133,-0.33936611460605737,3.7079953650057935,0.04149864812668976,0.010093058914842594,attentive,0,2
28.766666666666666,True,2.2085442710109606,-2.5225948954492106,3.7037037037037033,0.0414814814814814,0.010086249802535223,attentive,0,2
28.8,True,-1.0892674320822189,0.16530184326741693,3.6994219653179194,0.041464354527938264,0.010069417315876166,attentive,0,2
28.833333333333332,True,4.3743679584553234,0.04977856521889534,3.695150115473441,0.04144726712856035,0.010080367474177385,attentive,0,2
28.866666666666667,True,0.021522540049655592,-3.712227066520953,3.690888119953864,0.04143021914648204,0.010059336210945803,attentive,0,2
28.9,True,0.822182480115965,-1.0612037175791975,3.686635944700461,0.04141321044546843,0.01004924010226103,attentive,0,2
28.933333333333334,True,-3.466213161130135,-0.4758935580321031,3.6823935558112773,0.041396240889911694,0.01001873127237659,attentive,0,2
28.966666666666665,True,0.039559507518978076,-1.123467247041142,3.67816091954023,0.0413793103448275,0.010004547933156737,attentive,0,2
29.0,True,1.4893275962492956,-0.684298231152124,3.6739380022962114,0.04136241867585143,0.009998915353469088,attentive,0,2
29.03333333333333,True,0.9285363528706577,-0.8522363624951843,3.669724770642202,0.0413455657492354,0.009990009452434901,attentive,0,2
29.066666666666666,True,-0.6689934561493585,-2.0359519177333936,3.6655211912943875,0.041328751431844134,0.009969977778555234,attentive,0,2
29.099999999999998,True,-1.213611461839488,-1.2156449703490944,3.6613272311212817,0.04131197559115171,0.009949308167839803,attentive,0,2
29.133333333333333,True,1.7694074245168716,-3.258538300898797,3.6571428571428575,0.04129523809523802,0.009938649343389281,attentive,0,2
29.166666666666668,True,0.8493320244261315,-2.130982746187626,3.65296803652968,0.04127853881278531,0.009926207154394202,attentive,0,2
29.2,True,0.9790340249523923,-3.30573121642506,3.6488027366020526,0.041261877613074795,0.009911473956912895,attentive,0,2
29.233333333333334,True,2.0538179363299904,-3.287538311512665,3.644646924829157,0.04124525436598321,0.009902260933072187,attentive,0,2
29.266666666666666,True,2.209776396768647,-0.7871424452282405,3.6405005688282137,0.04122866894197944,0.009900178751119025,attentive,0,2
29.3,True,2.5349592986327636,-2.414774645538922,3.6363636363636362,0.04121212121212113,0.009895633456961761,attentive,0,2
29.333333333333332,True,-0.5565133257330843,1.0952196871680295,3.6322360953461974,0.041195611048051375,0.009884356266849687,attentive,0,2
29.366666666666667,True,0.31028582347616296,-1.9456035084968666,3.6281179138321997,0.041179138321995386,0.00986981106105068,attentive,0,2
29.4,True,3.350849859422986,0.623741802382014,3.6240090600226504,0.041162702906757186,0.009877069212664508,attentive,0,2
29.433333333333334,True,3.165911114930246,-1.8045053664773218,3.619909502262444,0.04114630467571636,0.009877276944483725,attentive,0,2
29.466666666666665,True,-0.4990797603661069,-2.7666343491325476,3.615819209039548,0.04112994350282478,0.009856662836524196,attentive,0,2
29.5,True,-0.42664491039025243,-1.8890413938571036,3.611738148984198,0.04111361926260338,0.009838659752774323,attentive,0,2
29.53333333333333,True,0.3901600208463023,-1.8708034095122674,3.6076662908680945,0.041097331830138965,0.009824835675969692,attentive,0,2
29.566666666666666,True,2.5432865131003313,-3.6203052376682496,3.6036036036036037,0.041081081081081,0.009817441010640228,attentive,0,2
29.599999999999998,True,-1.209248248166301,-5.723925231862755,3.59955005624297,0.04106486689163846,0.009786044259776628,attentive,0,2
29.633333333333333,True,0.93610330981497,-0.2277991418025913,3.5955056179775284,0.0410486891385767,0.009779154590765213,attentive,0,2
29.666666666666668,True,1.190552194417418,-3.7470706241308953,3.5914702581369253,0.041032547699214286,0.009764772284240358,attentive,0,2
29.7,True,0.361310116966718,-2.016460140360604,3.587443946188341,0.04101644245141995,0.00975060191195751,attentive,0,2
29.733333333333334,True,-2.469732995594809,0.4410259531267944,3.5834266517357225,0.041000373273609475,0.0097284886585086,attentive,0,2
29.766666666666666,True,3.5829038482568336,-2.6733574159346065,3.5794183445190155,0.04098434004474265,0.0097287735960782,attentive,0,2
29.8,True,2.858209814235695,-2.9948170338668243,3.5754189944134076,0.04096834264432021,0.009724661006323687,attentive,0,2
29.833333333333332,True,-0.11042139445364696,-4.238193647093167,3.571428571428571,0.04095238095238087,0.009702748471877147,attentive,0,2
29.866666666666667,True,1.8270659121858923,-1.1156322038550834,3.5674470457079153,0.04093645484949825,0.009698220447123453,attentive,0,2
29.9,True,1.218669674344604,-1.1972466979118184,3.5634743875278394,0.04092056421677794,0.009690489423737092,attentive,0,2
29.933333333333334,True,-0.12228089157641897,-0.5931505387699165,3.5595105672969964,0.04090470893585457,0.009677639510098222,attentive,0,2
29.966666666666665,True,-4.123430182936669,-0.6152725237864467,3.5555555555555554,0.04088888888888881,0.009645004767705127,attentive,0,2
30.0,True,41.24960315515198,-6.725957877991089,3.551609322974473,0.04087310395856448,0.010265137943896633,attentive,0,2
30.03333333333333,True,42.868831900246704,-7.904006695698098,3.5476718403547673,0.04085735402808566,0.010888972250450074,attentive,0,2
30.066666666666666,True,32.349183557667125,-9.054511315597189,3.5437430786267994,0.04084163898117378,0.011456817256693546,attentive,0,2
30.099999999999998,True,35.51879776416533,-8.318737605866307,3.5398230088495577,0.04082595870206482,0.01204079781263492,attentive,0,2
30.133333333333333,True,36.73044993454199,-9.788963594228848,3.535911602209945,0.040810313075506366,0.012625828082147919,attentive,0,2
30.166666666666668,True,34.818997236117994,-10.099928386882013,3.532008830022075,0.04079470198675489,0.013199427403826574,attentive,0,2
30.2,True,40.85825427582627,-5.778776847910472,3.528114663726571,0.04077912532157287,0.013811942384524897,attentive,0,2
30.233333333333334,True,39.91238658266067,-7.085343623091875,3.524229074889868,0.04076358296622606,0.014415280748375102,attentive,0,2
30.266666666666666,True,43.676999298048145,-9.89931563338772,3.52035203520352,0.04074807480748067,0.015028818962837734,attentive,0,2
30.3,True,46.23964026740735,-12.839007949998196,3.5164835164835164,0.040732600732600655,0.015646345956858588,attentive,0,2
30.333333333333332,True,37.874232584510416,-7.369837951652935,3.512623490669594,0.04071716062934496,0.016235046460668274,attentive,0,2
30.366666666666667,True,28.482937920119866,-9.11123267254179,3.508771929824561,0.04070175438596483,0.01677244624687782,attentive,0,2
30.4,True,38.2658467963228,-6.364017158710068,3.5049288061336252,0.040686381891201086,0.01736297825520894,attentive,0,2
30.433333333333334,True,34.35971285479968,-10.470133369784618,3.50109409190372,0.040671043034281464,0.01792324072086654,attentive,0,2
30.466666666666665,True,44.291036551299875,-12.471409467235894,3.4972677595628414,0.040655737704917955,0.018525657734372245,attentive,0,2
30.5,True,35.58295423664186,-6.779571234551005,3.4934497816593884,0.04064046579330414,0.019098316131408305,attentive,0,2
30.53333333333333,True,46.344568809690266,-3.8758944961422,3.4896401308615053,0.040625227190112606,0.019728920762122244,attentive,0,2
30.566666666666666,True,46.59393461962986,-10.70049966539428,3.485838779956427,0.0406100217864923,0.020342838349222,attentive,0,2
30.599999999999998,True,33.58710167247557,-9.445128274821268,3.4820457018498367,0.040594849474065935,0.020895552163302477,attentive,0,2
30.633333333333333,True,40.729285029124206,-12.855119053989807,3.4782608695652173,0.04057971014492746,0.02147333103414975,attentive,0,2
30.666666666666668,True,37.631445516954386,-8.733708427606715,3.474484256243214,0.040564603691639445,0.022044850357689223,attentive,0,2
30.7,True,41.083617463270706,-9.24549651088989,3.470715835140998,0.04054953000723058,0.022630537404579296,attentive,0,2
30.733333333333334,True,43.13299746432906,-13.425755997075338,3.4669555796316356,0.04053448898519313,0.023214759138296695,attentive,0,2
30.766666666666666,True,37.657985204214704,-15.371089773450983,3.463203463203463,0.04051948051948044,0.023766702955090216,attentive,0,2
30.8,True,47.07284084261339,-7.425569727429515,3.4594594594594597,0.04050450450450442,0.024381778259902245,attentive,0,2
30.833333333333332,True,35.85055953778611,-13.399145517186085,3.455723542116631,0.04048956083513311,0.02492732703201991,attentive,0,2
30.866666666666667,True,38.3397261086045,-12.642355423506398,3.4519956850053934,0.04047464940668816,0.02548544713181445,attentive,0,2
30.9,True,36.251334263229815,-8.380439019159166,3.4482758620689653,0.04045977011494245,0.026042568248428398,attentive,0,2
30.933333333333334,True,45.12117857660748,-11.87882153758367,3.4445640473627552,0.04044492285611761,0.026632556000859536,attentive,0,2
30.966666666666665,True,49.11610728933116,-12.607763003126873,3.4408602150537635,0.04043010752688164,0.027238624821349734,attentive,0,2
31.0,True,42.67778046056067,-8.987093812168572,3.4371643394199785,0.0404153240243465,0.027821298376521822,attentive,0,2
31.03333333333333,True,48.935905298794665,-6.8430960282407,3.4334763948497855,0.040400572246065726,0.0284376768464787,attentive,0,2
31.066666666666666,True,40.26346701890887,-5.569988824051317,3.429796355841372,0.04038585209003207,0.02901445424467532,attentive,0,2
31.099999999999998,True,37.14446589042177,-13.028107904813224,3.4261241970021414,0.04037116345467515,0.029557410036885466,attentive,0,2
31.133333333333333,True,36.280052775964634,-12.805175611400248,3.4224598930481283,0.0403565062388591,0.030095625355777755,attentive,0,2
31.166666666666668,True,44.2452958640811,-11.682689273688354,3.418803418803419,0.040341880341880264,0.030673177281334202,attentive,0,2
31.2,True,30.082522418809546,-10.255810408120828,3.4151547491995733,0.04032728566346488,0.031185702609575396,attentive,0,2
31.233333333333334,True,46.547093810481655,-9.12048390364895,3.411513859275053,0.040312722103766796,0.03177783750069836,attentive,0,2
31.266666666666666,True,38.95484434516012,-3.879525318972389,3.407880724174654,0.0402981895633652,0.032345178966787666,attentive,0,2
31.3,True,37.86578832027091,-13.325213353091023,3.404255319148936,0.04028368794326233,0.03288383389055219,attentive,0,2
31.333333333333332,True,35.56598703192584,-9.955755408220725,3.4006376195536663,0.04026921714488125,0.03341843890508728,attentive,0,2
31.366666666666667,True,29.705209063303254,-8.843083972418507,3.397027600849257,0.04025477707006361,0.03392688202055531,attentive,0,2
31.4,True,41.35224396038784,-6.670471888505768,3.3934252386002126,0.04024036762106743,0.034494260173313696,attentive,0,2
31.433333333333334,True,40.386049653834874,-8.458143744169144,3.389830508474576,0.04022598870056489,0.0350516790492212,attentive,0,2
31.466666666666665,True,39.198351680140625,-11.566089989888768,3.3862433862433865,0.04021164021164013,0.03559502380594841,attentive,0,2
31.5,True,48.19858348627653,-13.180276699915513,3.382663847780127,0.040197322057787095,0.036175712388424236,attentive,0,2
31.53333333333333,True,41.21681360886061,-11.648786182956343,3.37909186906019,0.040183034142907345,0.03672600165384715,attentive,0,2
31.566666666666666,True,47.28395348100414,-10.43193007082207,3.375527426160337,0.04016877637130793,0.03730642658621226,attentive,0,2
31.599999999999998,True,47.798932278213194,-8.481480875685158,3.371970495258166,0.040154548647699254,0.037892607341901155,attentive,0,2
31.633333333333333,True,46.64393195198487,-5.995486054292586,3.3684210526315788,0.0401403508771929,0.038477965715107754,attentive,0,2
31.666666666666668,True,37.11912184053335,-15.242181041266576,3.3648790746582544,0.0401261829652996,0.03899597244035136,attentive,0,2
31.7,True,48.9872661201986,-6.053214718249201,3.361344537815126,0.04011204481792709,0.039589747253432575,attentive,0,2
31.733333333333334,True,42.056351949682394,-6.521705192608304,3.3578174186778593,0.040097936341378024,0.040167960243154624,attentive,0,2
31.766666666666666,True,36.391042151416585,-11.203442762115474,3.3542976939203357,0.04008385744234793,0.040740776327374356,attentive,0,2
31.8,True,45.75548239717247,-12.324587508314837,3.3507853403141366,0.040069808027923134,0.04135858250062703,attentive,0,2
31.833333333333332,True,40.120433939588956,-11.685390657521975,3.3472803347280333,0.04005578800557872,0.041947413036218434,attentive,0,2
31.866666666666667,True,31.653844752024312,-9.855939765928056,3.343782654127482,0.040041797283176514,0.04249144483327795,attentive,0,2
31.9,True,34.55735201919633,-12.209439220269685,3.3402922755741122,0.04002783576896304,0.043053270379749035,attentive,0,2
31.933333333333334,True,43.555639261684455,-11.769662112846026,3.3368091762252345,0.04001390337156752,0.04365460734873369,attentive,0,2
31.966666666666665,True,51.496566162775906,-7.063882995193527,3.3333333333333335,0.03999999999999992,0.04428056207561752,attentive,0,2
32.0,False,37.83654129821038,-11.677718461602261,3.433922996878252,0.04040235865417959,0.04485270809972203,attentive,0,2
32.03333333333333,False,40.70017034554532,-12.473443367301332,3.5343035343035343,0.043026103026102824,0.045438732736851895,attentive,0,2
32.06666666666666,False,40.74018315824089,-1.621014811169367,3.6344755970924196,0.04564901349948046,0.0459986818574151,attentive,0,2
32.1,False,41.74814691651403,-13.457806409594978,3.7344398340248963,0.04827109266943293,0.046589402681312723,attentive,0,2
32.13333333333333,True,36.58999026685572,-13.755952379424262,3.730569948186528,0.0415889464594127,0.04715582916768358,attentive,0,2
32.166666666666664,True,35.36215174621247,-16.401440398661812,3.7267080745341614,0.04157349896480323,0.047721519576622226,attentive,0,2
32.2,True,38.276381132494734,-7.518450592527604,3.722854188210962,0.041558083419510436,0.0482790205051481,attentive,0,2
32.233333333333334,True,46.083102978872446,-9.02706398127024,3.71900826446281,0.04154269972451782,0.04887467640669012,attentive,0,2
32.266666666666666,True,33.53610765992902,-6.931799491239795,3.7151702786377707,0.041527347781217666,0.049406749358021584,attentive,0,2
32.3,True,46.45988258754691,-13.530213622645284,3.711340206185567,0.04151202749140885,0.05001205735707456,attentive,0,2
32.333333333333336,True,38.200028558851194,-9.771347806614953,3.7075180226570548,0.0414967387572948,0.050569709214526526,attentive,0,2
32.36666666666667,True,37.720836492220926,-12.474618922480365,3.7037037037037033,0.0414814814814814,0.051130202865098964,attentive,0,2
32.4,True,35.53819712875416,-9.277738687129705,3.6998972250770814,0.04146625556697491,0.05167227330396009,attentive,0,2
32.43333333333333,True,40.242112823182325,-15.01516480284625,3.696098562628337,0.041451060917179934,0.052247785207821446,attentive,0,2
32.46666666666667,True,39.05325114338521,-15.958340700674949,3.6923076923076925,0.04143589743589736,0.052818846950599616,attentive,0,2
32.5,True,38.119330036271165,-12.68184114501952,3.6885245901639343,0.04142076502732232,0.05337702550271664,attentive,0,2
32.53333333333333,True,41.809070942070115,-7.198554874343735,3.68474923234391,0.041405663596042225,0.05393837438314939,attentive,0,2
32.56666666666666,True,36.45540802725308,-9.737512632191986,3.6809815950920246,0.041390593047034685,0.0544800150562107,attentive,0,2
32.6,True,48.41119700315934,-10.839717509925144,3.6772216547497445,0.04137555328566556,0.05507732774430728,attentive,0,2
32.63333333333333,True,32.31586624538165,-10.396276784963915,3.6734693877551026,0.04136054421768699,0.055599421195080045,attentive,0,2
32.666666666666664,True,35.69130192581342,-8.348262267606977,3.669724770642202,0.0413455657492354,0.05613110343900676,attentive,0,2
32.7,True,32.87694003776964,-12.895040614949428,3.6659877800407332,0.04133061778682952,0.05665925443276763,attentive,0,2
32.733333333333334,True,37.28786377231566,-6.277468466167376,3.6622583926754833,0.04131570023736852,0.057191313959197076,attentive,0,2
32.766666666666666,True,40.85720180004673,-4.754720394148585,3.6585365853658534,0.04130081300813,0.05773497482801505,attentive,0,2
32.8,True,35.36476740411838,-10.69336323036012,3.654822335025381,0.04128595600676811,0.058266147212371486,attentive,0,2
32.833333333333336,True,46.45001803701989,-6.032391702297085,3.6511156186612577,0.04127112914131162,0.05883570470962361,attentive,0,2
32.86666666666667,True,35.821873307916775,-7.024992486937467,3.64741641337386,0.04125633232016203,0.05935848456323937,attentive,0,2
32.9,True,32.89372375938056,-10.508979733667248,3.643724696356275,0.041241565452091684,0.05987487032392082,attentive,0,2
32.93333333333333,True,41.006783455054965,-5.961336226078071,3.640040444893832,0.04122682844624191,0.06041645264386335,attentive,0,2
32.96666666666667,True,49.871474749539935,-12.108735635280087,3.6363636363636362,0.04121212121212113,0.06101053632836306,attentive,0,2
33.0,True,-2.0411162500092472,-2.545424652766564,3.632694248234107,0.04119744365960301,0.06094552556662965,attentive,0,2
33.03333333333333,True,-2.5122121445288905,-2.2319236511301646,3.6290322580645165,0.04118279569892465,0.060877832943101624,attentive,0,2
33.06666666666666,True,-2.720109737300815,1.937152320928597,3.625377643504532,0.041168177240684715,0.06080001623364671,attentive,0,2
33.1,True,0.5645841742793392,-1.258664130582618,3.6217303822937628,0.04115358819584164,0.060744187539647165,attentive,0,2
33.13333333333333,True,0.1414282833434221,-1.5715844691251621,3.618090452261306,0.04113902847571181,0.060687279793456145,attentive,0,2
33.166666666666664,True,2.3103011022797997,2.0697372379894396,3.614457831325301,0.04112449799196779,0.060632040143878976,attentive,0,2
33.2,True,-4.8432391428674135,-0.4395047035059468,3.6108324974924777,0.0411099966566365,0.06055061499811508,attentive,0,2
33.233333333333334,True,7.9533514313060945,-0.5870890071824761,3.6072144288577155,0.041095524382097445,0.06052666936266783,attentive,0,2
33.266666666666666,True,-2.384671857445567,0.598906792764724,3.6036036036036037,0.041081081081081,0.06045414071908903,attentive,0,2
33.3,True,-6.390811085675641,-2.539743850614829,3.5999999999999996,0.041066666666666585,0.06037092684876828,attentive,0,2
33.333333333333336,True,-0.417788578015605,1.3856647248695642,3.5964035964035967,0.041052281052280974,0.060305685070629,attentive,0,2
33.36666666666667,True,2.6493448593682447,1.6508937245801145,3.592814371257485,0.04103792415169653,0.060253589789441085,attentive,0,2
33.4,True,1.8338614814204495,-1.1307526446024316,3.589232303090728,0.0410235958790295,0.06020414780473342,attentive,0,2
33.43333333333333,True,3.8741336863297464,1.9972413482704343,3.5856573705179287,0.0410092961487383,0.06015691265535816,attentive,0,2
33.46666666666667,True,2.8917608034944693,-2.290834081584526,3.582089552238806,0.04099502487562181,0.060114908774747136,attentive,0,2
33.5,True,-0.18769443536736474,1.775162028998456,3.5785288270377733,0.04098078197481768,0.06005040190519033,attentive,0,2
33.53333333333333,True,3.000637362973028,0.5381988852082819,3.574975173783516,0.04096656736180065,0.06000282471217124,attentive,0,2
33.56666666666666,True,0.7251171709925504,0.16993741498660112,3.571428571428571,0.04095238095238087,0.059946120624443114,attentive,0,2
33.6,True,-0.9137937038681765,-0.7191288392366783,3.5678889990089195,0.040938222662702264,0.05988426793674462,attentive,0,2
33.63333333333333,True,-0.031044438814120917,-1.186978687433917,3.564356435643564,0.040924092409240845,0.05982745158743388,attentive,0,2
33.666666666666664,True,1.9310458203498193,-0.790867663670633,3.5608308605341246,0.040909990108803085,0.05977850248553263,attentive,0,2
33.7,True,0.8647795794467659,2.6910330794312234,3.557312252964427,0.0408959156785243,0.059717321545613815,attentive,0,2
33.733333333333334,True,-0.27238652477989855,-1.0792367898946327,3.5538005923000986,0.04088186903586698,0.059659543041818294,attentive,0,2
33.766666666666666,True,3.1217587522504875,-0.04670523266856129,3.5502958579881656,0.04086785009861925,0.059614492479399595,attentive,0,2
33.8,True,2.5918386914960996,0.45878615903259373,3.5467980295566504,0.040853858784893185,0.05956610357870608,attentive,0,2
33.833333333333336,True,-1.1874387615373074,-1.77237170100795,3.543307086614173,0.04083989501312328,0.05950615770724395,attentive,0,2
33.86666666666667,True,-3.2706994667723857,3.2120676936422288,3.5398230088495577,0.04082595870206482,0.059426334179230295,attentive,0,2
33.9,True,0.7010285872495772,3.385147820607126,3.536345776031434,0.04081204977079232,0.059363629658324896,attentive,0,2
33.93333333333333,True,-1.350626866127521,3.047747768163124,3.532875368007851,0.04079816813869799,0.05929283555768884,attentive,0,2
33.96666666666667,True,-0.06461386567018271,4.499359735707305,3.5294117647058822,0.040784313725490115,0.05922462125819428,attentive,0,2
34.0,True,3.5231774305152177,-3.842438355271215,3.525954946131244,0.040770486451191565,0.05919031439923272,attentive,0,2
34.03333333333333,True,-1.5553138524185142,-1.856142668044544,3.522504892367906,0.040756686236138207,0.059129670505959284,attentive,0,2
34.06666666666666,True,-3.6665982638541212,-1.1512837962552174,3.519061583577713,0.04074291300097744,0.059058441518321333,attentive,0,2
34.1,True,2.2051884338260317,2.8077500416035197,3.515625,0.04072916666666659,0.05900424518182568,attentive,0,2
34.13333333333333,True,0.4001821308211854,-1.0415132338615027,3.51219512195122,0.040715447154471465,0.05895067329491767,attentive,0,2
34.166666666666664,True,-2.6873909706094,3.115194042581372,3.508771929824561,0.04070175438596483,0.05887482798634822,attentive,0,2
34.2,True,-3.357788424126052,-0.4651364729581412,3.5053554040895816,0.04068808828302491,0.05880397628675037,attentive,0,2
34.233333333333334,True,-0.8701158468263283,0.8827119862236661,3.501945525291829,0.0406744487678339,0.058741103971556005,attentive,0,2
34.266666666666666,True,-2.664502112641811,0.7289477307095716,3.498542274052478,0.0406608357628765,0.05867093563391819,attentive,0,2
34.3,True,-6.193731033956391,-1.3362129693839722,3.4951456310679614,0.04064724919093843,0.05859013052036092,attentive,0,2
34.333333333333336,True,-2.7489564844294154,-0.3734618906734553,3.4917555771096023,0.040633688975105,0.05852225680592543,attentive,0,2
34.36666666666667,True,4.892520955493383,2.3293270796214256,3.488372093023256,0.04062015503875961,0.058481603703575503,attentive,0,2
34.4,True,-0.079454111531151,1.502682495396148,3.4849951597289452,0.04060664730558237,0.05842141587441542,attentive,0,2
34.43333333333333,True,1.4297812797757419,-1.1946467074805704,3.481624758220503,0.0405931656995486,0.05837362858046215,attentive,0,2
34.46666666666667,True,3.4876470868895457,1.853011843609149,3.4782608695652173,0.04057971014492746,0.058328226861662294,attentive,0,2
34.5,True,2.5163035382522647,-1.57969114204726,3.474903474903475,0.040566280566280484,0.05828610887824487,attentive,0,2
34.53333333333333,True,3.2152420461267046,0.037050554298185386,3.4715525554484086,0.040552876888460224,0.05824360311277342,attentive,0,2
34.56666666666666,True,10.140794829948902,1.3211639203593795,3.4682080924855487,0.04053949903660878,0.058228083533109085,attentive,0,2
34.6,True,-0.11677925856472986,2.0525178825783903,3.4648700673724733,0.04052614693615648,0.058167151624244566,attentive,0,2
34.63333333333333,True,5.7980350409533035,1.2397428763469849,3.4615384615384617,0.04051282051282043,0.05813335057504511,attentive,0,2
34.666666666666664,True,0.6855369358861417,1.482207285392001,3.45821325648415,0.04049951969260319,0.05807726958204182,attentive,0,2
34.7,True,-3.9148252239861216,0.8960642019117132,3.45489443378119,0.04048624440179135,0.0580029243358021,attentive,0,2
34.733333333333334,True,3.0100260099281315,2.639914501661599,3.451581975071908,0.04047299456695422,0.057954514453128374,attentive,0,2
34.766666666666666,True,2.365798260120671,5.246281305076669,3.4482758620689653,0.04045977011494245,0.0578979069259067,attentive,0,2
34.8,True,-0.1679440947971894,1.0349648679964738,3.4449760765550237,0.04044657097288668,0.05783958707226661,attentive,0,2
34.833333333333336,True,-2.7923678135284953,2.0657105856858684,3.4416826003824093,0.04043339706819622,0.05776803776188789,attentive,0,2
34.86666666666667,True,2.2036606663997493,1.4125724376044637,3.4383954154727796,0.0404202483285577,0.057719219194345375,attentive,0,2
34.9,True,-2.1361727954066723,-2.813125179503656,3.435114503816794,0.04040712468193376,0.0576610494126474,attentive,0,2
34.93333333333333,True,-3.2672908776493497,3.4333273632481984,3.4318398474737846,0.04039402605656173,0.05758496556272845,attentive,0,2
34.96666666666667,True,-2.846070636712798,-0.7753813804531487,3.428571428571429,0.0403809523809523,0.05751971689733967,attentive,0,2
35.0,True,4.1704107035807025,0.5037966833078966,3.425309229305423,0.04036790358388828,0.057481558851288396,attentive,0,2
35.03333333333333,True,2.039646919281429,-2.8151393849675963,3.4220532319391634,0.04035487959442324,0.05744148223899531,attentive,0,2
35.06666666666666,True,1.6753999815918919,-0.5011107673675266,3.418803418803419,0.040341880341880264,0.057395060889882735,attentive,0,2
35.1,True,0.5337043289699662,-3.209077357706499,3.415559772296015,0.040328905755850644,0.05734962278871301,attentive,0,2
35.13333333333333,True,-0.2533170698203338,0.6478765117483819,3.4123222748815163,0.04031595576619265,0.05729283112803621,attentive,0,2
35.166666666666664,True,-3.298938408367996,-2.0694255400988864,3.4090909090909087,0.04030303030303022,0.05722904698391951,attentive,0,2
35.2,True,2.898370920047439,0.5373669024107799,3.405865657521287,0.040290129296751735,0.0571859613196599,attentive,0,2
35.233333333333334,True,-0.9655551531141753,1.3337840534675978,3.402646502835539,0.04027725267800874,0.05712505273542645,attentive,0,2
35.266666666666666,True,6.177260861718942,-1.4735525080229022,3.39943342776204,0.04026440037771475,0.05710012733515476,attentive,0,2
35.3,True,-3.0780960787179854,0.8180850288557961,3.3962264150943398,0.04025157232704395,0.057031638164322246,attentive,0,2
35.333333333333336,True,-1.226847839782954,-3.6205081116411995,3.3930254476908575,0.04023876845743002,0.05698032928435184,attentive,0,2
35.36666666666667,True,5.507093073049062,-2.1670038861354346,3.389830508474576,0.04022598870056489,0.056954256971847694,attentive,0,2
35.4,True,3.3190317075814058,1.5728664132323533,3.3866415804327374,0.04021323298839753,0.05691126707190958,attentive,0,2
35.43333333333333,True,2.9817575825937905,1.461040409159523,3.3834586466165413,0.04020050125313275,0.05686718270385124,attentive,0,2
35.46666666666667,True,-3.6509621220747386,2.2429640920905776,3.3802816901408446,0.040187793427229966,0.05679386998490921,attentive,0,2
35.5,True,-3.9153055905615224,-2.287759943609338,3.377110694183865,0.040175109443402045,0.05672903760481597,attentive,0,2
35.53333333333333,True,0.4453223142729828,-2.4741333089134914,3.373945641986879,0.0401624492346141,0.0566828785108147,attentive,0,2
35.56666666666666,True,3.10034599477014,-0.08770958801518897,3.3707865168539324,0.040149812734082316,0.05664288913554981,attentive,0,2
35.6,True,1.893734754390273,0.019841289360308767,3.367633302151544,0.04013719987527276,0.05659773442836433,attentive,0,2
35.63333333333333,True,5.245108248821456,0.9705386906844873,3.364485981308411,0.04012461059190023,0.05656461022756307,attentive,0,2
35.666666666666664,True,-2.1857681869017904,2.047487909823523,3.361344537815126,0.04011204481792709,0.05649847660605455,attentive,0,2
35.7,True,-7.8224268340810905,0.7324866666418021,3.3582089552238807,0.04009950248756211,0.05641182309277194,attentive,0,2
35.733333333333334,True,-1.8676888470829123,-2.023935450400631,3.3550792171481825,0.040086983535259316,0.05635570470686428,attentive,0,2
35.766666666666666,True,0.7823549506621847,-0.0021705138768879743,3.35195530726257,0.04007448789571687,0.056306474028811546,attentive,0,2
35.8,True,1.3762619392519952,0.05985788008531651,3.3488372093023258,0.04006201550387589,0.05625966214805797,attentive,0,2
35.833333333333336,True,-2.952698234698576,-4.764221287555083,3.3457249070631967,0.040049566294919375,0.056205019390626186,attentive,0,2
35.86666666666667,True,-0.8230458184391332,0.9172469139082357,3.3426183844011144,0.04003714020427104,0.056147543692129195,attentive,0,2
35.9,True,-2.7861031874678455,-0.760204561500909,3.339517625231911,0.04002473716759423,0.05608553916424855,attentive,0,2
35.93333333333333,True,3.641684323472731,2.937130116126162,3.3364226135310475,0.04001235712079078,0.05604251114634495,attentive,0,2
35.96666666666667,True,0.34166348539948355,0.8332475539101065,3.3333333333333335,0.03999999999999992,0.05599031145375448,attentive,0,2
36.0,False,-3.2523989889856293,-0.5546557743772302,3.4227567067530065,0.04035769349367861,0.055926284765795226,attentive,0,2
36.03333333333333,False,-3.9918018616186384,1.8304585607764903,3.512014787430684,0.04293694803861142,0.055854440669618144,attentive,0,2
36.06666666666666,False,-4.179911212724954,2.5660189528175557,3.6011080332409975,0.045515543244074766,0.055780447975087334,attentive,0,2
36.1,False,0.3834077988149387,-2.7310242726291025,3.6900369003690034,0.04809348093480936,0.055736160640691,attentive,0,2
36.13333333333333,True,1.3542067547091925,2.8404207128053867,3.686635944700461,0.04141321044546843,0.055684520539325516,attentive,0,2
36.166666666666664,True,-1.6772623204203865,3.4380301466903953,3.683241252302026,0.04139963167587469,0.05561934642631092,attentive,0,2
36.2,True,-0.27027428291003286,-0.7083492857319884,3.6798528058877644,0.04138607789021764,0.055568521719836575,attentive,0,2
36.233333333333334,True,1.7719516656168297,0.24495718621370494,3.6764705882352944,0.04137254901960776,0.05552418575449976,attentive,0,2
36.266666666666666,True,-3.791018596011124,-1.0898851410175305,3.6730945821854912,0.04135904499540855,0.055459951419961385,attentive,0,2
36.3,True,1.4451510786780386,-4.133424937516781,3.669724770642202,0.0413455657492354,0.05542339025575321,attentive,0,2
36.333333333333336,True,-0.6585583832874522,2.373201574050082,3.666361136571952,0.041332111212954395,0.05536507302598294,attentive,0,2
36.36666666666667,True,1.720962600889727,2.0906876206734384,3.6630036630036633,0.04131868131868124,0.055317122180886094,attentive,0,2
36.4,True,-3.7467744794190745,1.5113063019453843,3.6596523330283626,0.04130527599878003,0.05524820368898373,attentive,0,2
36.43333333333333,True,-0.5715628414225887,-2.3498896129325306,3.656307129798903,0.041291895185862196,0.05520015386625377,attentive,0,2
36.46666666666667,True,4.716464405341526,-1.674090604481992,3.65296803652968,0.04127853881278531,0.055172283648446264,attentive,0,2
36.5,True,-1.8977300301422635,1.498748120093439,3.64963503649635,0.041265206812651986,0.05511120956932588,attentive,0,2
36.53333333333333,True,-11.784420590115541,-0.0792803533033794,3.646308113035551,0.04125189911880879,0.055013388025452435,attentive,0,2
36.56666666666666,True,-0.1084837014234813,-2.6118188635713127,3.642987249544627,0.041238615664845095,0.05496813165396745,attentive,0,2
36.6,True,8.181845173128231,2.8645917665760066,3.6396724294813465,0.041225356384591974,0.05494541087616014,attentive,0,2
36.63333333333333,True,7.921266084512824,0.059789310073532886,3.6363636363636362,0.04121212121212113,0.054927344831644354,attentive,0,2
36.666666666666664,True,2.4974980231393844,-0.5262565003145802,3.633060853769301,0.04119891008174379,0.054888600149784125,attentive,0,2
36.7,True,-2.1103155891431746,1.3511395009002662,3.6297640653357535,0.0411857229280096,0.05482755630879483,attentive,0,2
36.733333333333334,True,0.8230797377844755,-1.1426453437678725,3.626473254759746,0.04117255968570557,0.054783467267756014,attentive,0,2
36.766666666666666,True,2.9420269933569028,1.8139675564399769,3.6231884057971016,0.04115942028985499,0.054742037167433505,attentive,0,2
36.8,True,0.9855231560915496,1.8135343214348822,3.619909502262444,0.04114630467571636,0.054692813628500175,attentive,0,2
36.833333333333336,True,-1.2649524412955757,0.7387407118598271,3.616636528028933,0.04113321277878232,0.0546367951199061,attentive,0,2
36.86666666666667,True,5.317809479075195,-1.8039813928380803,3.6133694670280034,0.0411201445347786,0.05461241098369618,attentive,0,2
36.9,True,1.2431655253375995,-0.9073176192272986,3.6101083032490973,0.041107099879662976,0.05456992815924219,attentive,0,2
36.93333333333333,True,-0.10271560959975648,3.765063769984899,3.606853020739405,0.0410940787496242,0.054512765625105646,attentive,0,2
36.96666666666667,True,-0.8643763486283069,-0.3002276840722154,3.6036036036036037,0.041081081081081,0.05446079511550708,attentive,0,2
37.0,True,-5.927161931691401,0.36387504352450156,3.6003600360036003,0.04106810681068099,0.05438733665624339,attentive,0,2
37.03333333333333,True,2.37165586932572,0.6915929807837412,3.597122302158273,0.041055155875299676,0.054346524140780866,attentive,0,2
37.06666666666666,True,-4.372108024512346,-1.4555354821880147,3.5938903863432166,0.041042228212039455,0.05428314265644387,attentive,0,2
37.1,True,1.8436923155957559,-2.6477434600332783,3.5906642728904847,0.04102932375822853,0.05424705192014989,attentive,0,2
37.13333333333333,True,2.83744369736376,0.4620860655554024,3.587443946188341,0.04101644245141995,0.05420878909596474,attentive,0,2
37.166666666666664,True,-5.702929363752194,-1.5269543807003494,3.584229390681003,0.0410035842293906,0.054140543657016135,attentive,0,2
37.2,True,-0.35258356509564326,1.195240124197596,3.5810205908683974,0.040990749030140175,0.054088293280213105,attentive,0,2
37.233333333333334,True,3.763183376086644,-1.3939077374708226,3.5778175313059033,0.0409779367918902,0.05405764438836963,attentive,0,2
37.266666666666666,True,0.7943594609094117,0.9619807047029519,3.5746201966041107,0.04096514745308303,0.05401058014101058,attentive,0,2
37.3,True,3.4206562267256606,-0.16674914882738226,3.571428571428571,0.04095238095238087,0.05397626129287332,attentive,0,2
37.333333333333336,True,-1.8978936367797306,-3.3978210057444818,3.568242640499554,0.0409396372286648,0.0539273222823676,attentive,0,2
37.36666666666667,True,-0.5350612228458507,-0.12226344482871665,3.5650623885918007,0.04092691622103379,0.053877381395007876,attentive,0,2
37.4,True,1.1761756561828052,-1.356241833078338,3.561887800534283,0.04091421786880372,0.05383674376073003,attentive,0,2
37.43333333333333,True,5.102628271027071,-1.3484525449624067,3.558718861209965,0.04090154211150644,0.053811688747670894,attentive,0,2
37.46666666666667,True,1.2559098886483726,0.1541304272409536,3.5555555555555554,0.04088888888888881,0.053768513299598995,attentive,0,2
37.5,True,4.791222497186593,3.1641567091006095,3.5523978685612785,0.0408762581409117,0.05373342835249115,attentive,0,2
37.53333333333333,True,1.6927413028287877,-0.18863617525456963,3.54924578527063,0.040863649807749106,0.053692797525363656,attentive,0,2
37.56666666666666,True,-2.914385106925888,3.3957881882144036,3.546099290780142,0.040851063829787156,0.05362702463866452,attentive,0,2
37.6,True,0.8710640056779901,0.11699512224389128,3.54295837023915,0.040838500147623184,0.05358272382536212,attentive,0,2
37.63333333333333,True,0.406558758800297,1.6348252359620865,3.5398230088495577,0.04082595870206482,0.05353368954131143,attentive,0,2
37.666666666666664,True,-5.664054343436035,-1.714281358845523,3.5366931918656057,0.04081343943412901,0.053467466950444714,attentive,0,2
37.7,True,-2.462528463045048,-0.865021654795631,3.53356890459364,0.04080094228504114,0.053412263975574276,attentive,0,2
37.733333333333334,True,-0.006075784333820482,-0.20367376670101184,3.5304501323918798,0.04078846719623411,0.05336549728617353,attentive,0,2
37.766666666666666,True,6.422953190998341,0.6480797618450258,3.527336860670194,0.040776014109347364,0.05334234101112233,attentive,0,2
37.8,True,-0.37515752424753185,2.9440977173295226,3.524229074889868,0.04076358296622606,0.05328811004446383,attentive,0,2
37.833333333333336,True,5.841677511504338,0.44070682313262866,3.5211267605633805,0.040751173708920105,0.053263194157687356,attentive,0,2
37.86666666666667,True,-2.3590684545494405,1.3748292421861468,3.518029903254178,0.040738786279683296,0.05320444031517345,attentive,0,2
37.9,True,0.3935011361077919,1.7586878137182134,3.5149384885764503,0.040726420620972384,0.05315579027868969,attentive,0,2
37.93333333333333,True,-0.2572841407414729,-1.527910508900348,3.511852502194908,0.040714076675446215,0.05311109851515834,attentive,0,2
37.96666666666667,True,-4.959580503599508,-1.010616465302529,3.508771929824561,0.04070175438596483,0.05304714424834797,attentive,0,2
38.0,True,4.654281993624494,3.44647234335533,3.5056967572304996,0.04068945369558859,0.05301206951221424,attentive,0,2
38.03333333333333,True,2.5309402684390965,0.921141854349395,3.502626970227671,0.04067717454757727,0.05297370661554569,attentive,0,2
38.06666666666666,True,-0.793993634493606,1.8136158691078044,3.499562554680665,0.04066491688538924,0.05292074701388322,attentive,0,2
38.1,True,1.4419597015978654,0.6125770147411198,3.4965034965034967,0.04065268065268057,0.05287889970664199,attentive,0,2
38.13333333333333,True,-0.6835786403940989,5.085894763214075,3.4934497816593884,0.04064046579330414,0.052820193143008815,attentive,0,2
38.166666666666664,True,0.13258750636146754,-1.4743198553070147,3.4904013961605584,0.04062827225130882,0.052777475299211396,attentive,0,2
38.2,True,1.9488495342483216,0.8403674335191975,3.4873583260680032,0.040616099970938596,0.05273738514664013,attentive,0,2
38.233333333333334,True,3.300200918229382,2.1949245997450477,3.484320557491289,0.04060394889663174,0.05269997448833723,attentive,0,2
38.266666666666666,True,-0.5228705006053004,1.8752526404242833,3.4812880765883376,0.04059181897301994,0.052648459195500194,attentive,0,2
38.3,True,-1.297058427213981,-1.191509077644955,3.4782608695652173,0.04057971014492746,0.052599967573442694,attentive,0,2
38.333333333333336,True,1.1807093687218897,-1.3839679370554083,3.4752389226759344,0.040567622357370325,0.052561499383977396,attentive,0,2
38.36666666666667,True,-2.051610953795058,0.3808541384774244,3.4722222222222223,0.04055555555555548,0.052507223244376976,attentive,0,2
38.4,True,0.08508639630545256,-1.7553286803041586,3.469210754553339,0.04054350968487994,0.05246539468316072,attentive,0,2
38.43333333333333,True,1.4462180914109684,-2.227103937238993,3.466204506065858,0.040531484690930014,0.052429789276868866,attentive,0,2
38.46666666666667,True,0.6193788184364988,-0.30232578537792737,3.463203463203463,0.04051948051948044,0.05238736056738866,attentive,0,2
38.5,True,1.4903709757319075,-1.4798132088765212,3.4602076124567476,0.040507497116493575,0.05235061747416492,attentive,0,2
38.53333333333333,True,-2.4449625027620296,0.5596634046997863,3.457216940363008,0.04049553442811862,0.052294903719678036,attentive,0,2
38.56666666666666,True,-2.1119432653821466,0.27242323317842293,3.454231433506045,0.040483592400690764,0.05224111554766153,attentive,0,2
38.6,True,1.2883983081429153,-1.0276210560140537,3.4512510785159622,0.040471670980730436,0.0522029522185001,attentive,0,2
38.63333333333333,True,-2.9392431519870894,-3.8257326107064435,3.4482758620689653,0.04045977011494245,0.05215401719514456,attentive,0,2
38.666666666666664,True,2.9815712471568263,-1.540377868133271,3.4453057708871664,0.04044788975021525,0.05212345773993282,attentive,0,2
38.7,True,-6.415611977674724,-1.6903363790510997,3.4423407917383817,0.040436029833620116,0.05205729510164775,attentive,0,2
38.733333333333334,True,2.8271684428304833,-1.380621043874537,3.4393809114359417,0.04042419031241035,0.05202597605155468,attentive,0,2
38.766666666666666,True,-3.4870218009345946,-1.047081512242362,3.436426116838488,0.04041237113402054,0.05196996488066345,attentive,0,2
38.8,True,-0.42052292107105493,-3.500650881816816,3.4334763948497855,0.040400572246065726,0.051930428630483916,attentive,0,2
38.833333333333336,True,-1.6209459129385193,-0.8350272634597014,3.430531732418525,0.040388793596340684,0.05188130425951738,attentive,0,2
38.86666666666667,True,-1.0885651933422453,-0.5177915635712045,3.4275921165381322,0.040377035132819115,0.051833687529554716,attentive,0,2
38.9,True,-1.304406540376539,2.5825492483405683,3.4246575342465753,0.04036529680365289,0.05177943235124917,attentive,0,2
38.93333333333333,True,-1.450580498362556,-1.0384746144510348,3.4217279726261762,0.04035357855717129,0.05173159767595151,attentive,0,2
38.96666666666667,True,-1.6713284054345778,4.048302484880337,3.418803418803419,0.040341880341880264,0.0516733447258092,attentive,0,2
39.0,True,1.3113252125870625,-0.3911747775321078,3.4158838599487615,0.040330202106461634,0.051634936565786604,attentive,0,2
39.03333333333333,True,1.0902240131517646,-2.8985222218020015,3.4129692832764507,0.040318543799772386,0.051600509657924454,attentive,0,2
39.06666666666666,True,-0.8096123061507916,0.3245879815124834,3.410059676044331,0.04030690537084391,0.05155283694419918,attentive,0,2
39.1,True,4.126757608343906,0.725594757253038,3.4071550255536627,0.040295286768881236,0.051523174146233156,attentive,0,2
39.13333333333333,True,1.2184915365947793,4.303938278701567,3.404255319148936,0.04028368794326233,0.05147579375177203,attentive,0,2
39.166666666666664,True,2.4789915786062413,0.8929811070593754,3.4013605442176873,0.04027210884353734,0.05143970322807939,attentive,0,2
39.2,True,-2.1670723223243527,-2.074210311094228,3.3984706881903146,0.040260549419427846,0.05139173230239981,attentive,0,2
39.233333333333334,True,0.42953019287476824,-0.9106192914024573,3.395585738539898,0.04024900962082618,0.05135144443245277,attentive,0,2
39.266666666666666,True,4.39572132451489,-2.187383682604824,3.3927056827820183,0.04023748939779466,0.051328582640608515,attentive,0,2
39.3,True,3.6862711131442314,2.065113090128637,3.389830508474576,0.04022598870056489,0.051295079000209055,attentive,0,2
39.333333333333336,True,2.7243969779926416,-1.134213710896979,3.3869602032176123,0.04021450747953703,0.05126403228295774,attentive,0,2
39.36666666666667,True,-1.6595248367105628,-0.23558246656855175,3.3840947546531304,0.040203045685279104,0.05121486461660282,attentive,0,2
39.4,True,-9.208463358235932,-1.906286876152169,3.38123415046492,0.04019160326852626,0.05114055762135948,attentive,0,2
39.43333333333333,True,-3.4537163302231724,0.4128726606912364,3.3783783783783785,0.0401801801801801,0.05108362527103899,attentive,0,2
39.46666666666667,True,0.38695048130298665,-1.3520565691404058,3.375527426160337,0.04016877637130793,0.05104450351981495,attentive,0,2
39.5,True,3.0498994504474233,-0.3145016693439088,3.372681281618887,0.040157391793142136,0.051013482860242765,attentive,0,2
39.53333333333333,True,2.0240413355097475,4.192033901997948,3.369839932603201,0.04014602639707939,0.05097023654643937,attentive,0,2
39.56666666666666,True,-1.4788620723525612,-2.8595744059276043,3.3670033670033668,0.04013468013468005,0.050927148712199416,attentive,0,2
39.6,True,-5.140939107217775,2.9759678257923188,3.36417157275021,0.040123352957667426,0.050859538090835585,attentive,0,2
39.63333333333333,True,0.5527707349054044,0.6008368059322661,3.361344537815126,0.04011204481792709,0.05081774147556575,attentive,0,2
39.666666666666664,True,2.442366024695408,3.6342213959122485,3.3585222502099077,0.04010075566750622,0.05077740660662177,attentive,0,2
39.7,True,2.667820335023618,2.232552770345589,3.3557046979865772,0.04008948545861289,0.050740593137059364,attentive,0,2
39.733333333333334,True,-0.687080664443542,0.6414939921887352,3.352891869237217,0.04007823414361546,0.05069430660966297,attentive,0,2
39.766666666666666,True,-2.872340568202485,1.7665108402611447,3.350083752093802,0.04006700167504179,0.05063786955410552,attentive,0,2
39.8,True,1.7272719136650518,-4.408082818111263,3.3472803347280333,0.04005578800557872,0.05061011610983977,attentive,0,2
39.833333333333336,True,-3.671304982220165,-1.913178254512508,3.3444816053511706,0.04004459308807127,0.050557711828978835,attentive,0,2
39.86666666666667,True,5.324898010854391,-3.0376452101193965,3.341687552213868,0.04003341687552206,0.05054088544989926,attentive,0,2
39.9,True,1.0387576818102167,-2.247954911932463,3.33889816360601,0.040022259321090624,0.05050672123513966,attentive,0,2
39.93333333333333,True,4.985646442031766,1.5214886770312575,3.336113427856547,0.04001112037809278,0.05048025803367774,attentive,0,2
39.96666666666667,True,-2.1614813074716257,-1.6866037260194053,3.3333333333333335,0.03999999999999992,0.05043330900589241,attentive,0,2
40.0,False,37.15162083469223,-11.847641137037016,3.413821815154038,0.04032195392728274,0.050883777862870426,attentive,0,2
40.03333333333333,False,44.8198104018011,-9.674171430551858,3.494176372712146,0.04286559437973727,0.05135783238717411,attentive,0,2
40.06666666666666,False,48.117545567857256,-13.822921316664983,3.5743973399833746,0.04540870047104428,0.05185094587729723,attentive,0,2
40.1,False,42.119483615324675,-10.962377648572645,3.6544850498338874,0.0479512735326689,0.05231581929781115,attentive,0,2
40.13333333333333,True,44.756601045904354,-14.176417207779032,3.6514522821576767,0.04127247579529729,0.052795574946710305,attentive,0,2
40.166666666666664,True,37.554697337171326,-10.534844291745355,3.6484245439469323,0.04126036484245431,0.05324128386552377,attentive,0,2
40.2,True,39.01671623298998,-16.978472077848014,3.645401822700911,0.04124827395747022,0.053703501166093306,attentive,0,2
40.233333333333334,True,32.82673669827842,-7.170926484487176,3.642384105960265,0.04123620309050764,0.05412413734040586,attentive,0,2
40.266666666666666,True,44.53344360709308,-9.191643096761148,3.6393713813068653,0.04122415219189404,0.0545908272926304,attentive,0,2
40.3,True,44.22096086223699,-15.400925233880532,3.6363636363636362,0.041212121212121124,0.05506700171811557,attentive,0,2
40.333333333333336,True,39.63675965042397,-12.964206206463508,3.633360858794385,0.041200110101844115,0.05552109397379802,attentive,0,2
40.36666666666667,True,37.21423868483916,-12.037023446463156,3.6303630363036308,0.0411881188118811,0.05596385343204507,attentive,0,2
40.4,True,41.31514210838772,-8.975431733781521,3.6273701566364385,0.04117614729321233,0.056415299766946855,attentive,0,2
40.43333333333333,True,45.27724304881016,-12.420640233477732,3.6243822075782535,0.0411641954969796,0.056886814029139726,attentive,0,2
40.46666666666667,True,45.41917180624302,-8.770859802003901,3.6213991769547325,0.04115226337448551,0.0573513958985524,attentive,0,2
40.5,True,38.98103649687296,-9.645369370624032,3.618421052631579,0.041140350877192894,0.05779328061019352,attentive,0,2
40.53333333333333,True,40.588778007429475,-9.737858818742362,3.61544782251438,0.041128457956724096,0.05824047943893271,attentive,0,2
40.56666666666666,True,37.78225320449729,-12.24203245110851,3.6124794745484397,0.04111658456486034,0.058681271854755704,attentive,0,2
40.6,True,43.46255973509821,-11.533946434211117,3.6095159967186223,0.04110473065354107,0.05914076049493393,attentive,0,2
40.63333333333333,True,44.41289033469963,-7.669514483768182,3.606557377049181,0.0410928961748633,0.059595918879142395,attentive,0,2
40.666666666666664,True,45.2209450813834,-13.442605361676184,3.6036036036036037,0.041081081081080995,0.060063780071296057,attentive,0,2
40.7,True,40.83284978777928,-9.11398560076775,3.600654664484452,0.04106928532460438,0.06050704427232213,attentive,0,2
40.733333333333334,True,36.43965387582584,-10.07083588053187,3.597710547833197,0.04105750885799937,0.06093535711634801,attentive,0,2
40.766666666666666,True,43.02034362752473,-9.257246374885977,3.594771241830065,0.04104575163398684,0.0613853880221715,attentive,0,2
40.8,True,45.620931881098265,-11.634099021499187,3.5918367346938775,0.04103401360544209,0.06184843117532111,attentive,0,2
40.833333333333336,True,44.051179215103886,-5.901909696631963,3.588907014681892,0.04102229472539415,0.062294638306185604,attentive,0,2
40.86666666666667,True,40.818580880707486,-9.305926815474583,3.585982070089649,0.04101059494702518,0.06273457401448788,attentive,0,2
40.9,True,39.83735287810828,-7.898302488295332,3.5830618892508146,0.04099891422366984,0.06316769462602967,attentive,0,2
40.93333333333333,True,38.20077576216505,-13.63233294537088,3.580146460537022,0.040987252508814666,0.06360456004848332,attentive,0,2
40.96666666666667,True,30.313788902350982,-8.889390971958406,3.577235772357724,0.04097560975609747,0.06400364752229515,attentive,0,2
41.0,True,40.1322113118658,-14.469298869395697,3.5743298131600327,0.04096398591930671,0.06444760831317536,attentive,0,2
41.03333333333333,True,42.3674164136963,-10.216311320171824,3.571428571428571,0.040952380952380865,0.06489124056499107,attentive,0,2
41.06666666666666,True,41.88635347454888,-14.014860167825628,3.5685320356853207,0.04094079480940786,0.0653392652723222,attentive,0,2
41.1,True,32.95985807867595,-5.845476245456692,3.565640194489465,0.04092922744462444,0.06573970201467816,attentive,0,2
41.13333333333333,True,38.206953928915425,-18.006602476034658,3.562753036437247,0.040917678812415564,0.06618025558089904,attentive,0,2
41.166666666666664,True,41.792026068054724,-9.880428874883945,3.559870550161812,0.04090614886731383,0.06661837741836685,attentive,0,2
41.2,True,36.9703934257105,-11.5171908784968,3.5569927243330643,0.04089463756399883,0.06704140752326518,attentive,0,2
41.233333333333334,True,43.97410505173028,-8.796938573098716,3.5541195476575123,0.04088314485729663,0.06748401480255273,attentive,0,2
41.266666666666666,True,36.755478974095794,-8.32414843378634,3.5512510088781277,0.04087167070217909,0.06789916555086378,attentive,0,2
41.3,True,42.23683655701711,-6.802915636809686,3.5483870967741935,0.04086021505376335,0.06833056692049272,attentive,0,2
41.333333333333336,True,42.334946337374234,-6.222873822142968,3.5455278001611608,0.040848777867311226,0.06876058574291671,attentive,0,2
41.36666666666667,True,45.023969262258994,-9.060894546167274,3.542673107890499,0.040837359098228575,0.06920461252675347,attentive,0,2
41.4,True,37.42533144110472,-7.282434494639946,3.5398230088495577,0.040825958702064805,0.06961757582654754,attentive,0,2
41.43333333333333,True,42.622513025028105,-11.317511171919358,3.536977491961415,0.04081457663451224,0.07005565126080984,attentive,0,2
41.46666666666667,True,44.67306793488331,-10.448023293912492,3.5341365461847385,0.040803212851405535,0.07049879113782245,attentive,0,2
41.5,True,41.681605016560205,-15.727751523954678,3.5313001605136436,0.040791867308721155,0.07093996557253808,attentive,0,2
41.53333333333333,True,42.46735177548881,-10.21686761610507,3.5284683239775463,0.04078053996257676,0.0713734122207773,attentive,0,2
41.56666666666666,True,38.43256999812571,-6.859964439763086,3.5256410256410255,0.04076923076923068,0.0717858179703084,attentive,0,2
41.6,True,43.155227381220534,-13.994987474214433,3.522818254603683,0.04075793968508131,0.072227063098233,attentive,0,2
41.63333333333333,True,38.11364857161076,-10.054766364963308,3.52,0.040746666666666584,0.07264267178288007,attentive,0,2
41.666666666666664,True,30.048278399467605,-10.03056168333452,3.5171862509992007,0.040735411670663385,0.07302891908047306,attentive,0,2
41.7,True,35.5660291240207,-7.968694026966753,3.5143769968051117,0.04072417465388703,0.07343047701211806,attentive,0,2
41.733333333333334,True,37.900278240595696,-14.920175985039915,3.5115722266560256,0.04071295557329068,0.07385200227204673,attentive,0,2
41.766666666666666,True,42.757314619712204,-6.199596600518828,3.508771929824561,0.04070175438596482,0.07427461581948164,attentive,0,2
41.8,True,39.344184234688086,-13.20302884351919,3.5059760956175303,0.0406905710491367,0.07469686959583245,attentive,0,2
41.833333333333336,True,30.899094905393063,-8.44364018206327,3.5031847133757963,0.04067940552016976,0.07508014673432278,attentive,0,2
41.86666666666667,True,34.79313584739177,-12.697427699315488,3.5003977724741446,0.04066825775656316,0.07548410259636407,attentive,0,2
41.9,True,44.45735896428025,-12.047582322316659,3.4976152623211445,0.04065712771595116,0.07592041147126694,attentive,0,2
41.93333333333333,True,41.87343742197429,-14.52731305054151,3.494837172359015,0.04064601535610264,0.07635128253777901,attentive,0,2
41.96666666666667,True,38.98867510057616,-13.557323507533729,3.492063492063492,0.04063492063492055,0.076769583413558,attentive,0,2
42.0,True,45.32072942099917,-9.501015558638048,3.4892942109436955,0.04062384351044136,0.07720239011346906,attentive,0,2
42.03333333333333,True,40.894992658837566,-13.996179528956372,3.4865293185419968,0.04061278394083456,0.07762683999777188,attentive,0,2
42.06666666666666,True,43.684583699560505,-7.769728387440984,3.483768804433888,0.04060174188440213,0.07804947889596413,attentive,0,2
42.1,True,43.61753861604686,-8.288581250046189,3.481012658227848,0.04059071729957797,0.0784721255080931,attentive,0,2
42.13333333333333,True,49.609914392830845,-13.837262186598496,3.4782608695652173,0.04057971014492745,0.07892490483965853,attentive,0,2
42.166666666666664,True,34.47313100855224,-8.776445424220913,3.4755134281200633,0.04056872037914683,0.0793149460899016,attentive,0,2
42.2,True,38.03690798780965,-13.408324977742376,3.472770323599053,0.04055774796106279,0.07972499680499921,attentive,0,2
42.233333333333334,True,41.07736381566165,-12.50264314513159,3.4700315457413247,0.04054679284963188,0.08014347055581275,attentive,0,2
42.266666666666666,True,39.05434717182967,-9.352225460451546,3.467297084318361,0.040535855003940024,0.08054868263540997,attentive,0,2
42.3,True,35.978525843911385,-12.501450824507275,3.4645669291338583,0.04052493438320201,0.08094800301218408,attentive,0,2
42.333333333333336,True,42.87138470158946,-11.406304933079676,3.461841070023604,0.040514030946760995,0.08136888328664998,attentive,0,2
42.36666666666667,True,40.418509441176674,-8.932199186131722,3.459119496855346,0.04050314465408796,0.08177620896902156,attentive,0,2
42.4,True,34.83585194566274,-10.833677105544163,3.456402199528672,0.04049227546478126,0.0821667232170111,attentive,0,2
42.43333333333333,True,43.83483405437136,-9.717112800443676,3.453689167974882,0.04048142333856611,0.08258607042695622,attentive,0,2
42.46666666666667,True,41.82752361476554,-6.345615800837328,3.4509803921568625,0.04047058823529403,0.08299188642928866,attentive,0,2
42.5,True,39.042711631645574,-11.190817553625106,3.4482758620689653,0.04045977011494244,0.08339580473636587,attentive,0,2
42.53333333333333,True,36.37486770838951,-10.376090537286425,3.445575567736883,0.04044896893761411,0.08378838754994405,attentive,0,2
42.56666666666666,True,37.691809325692255,-16.46582104088688,3.4428794992175273,0.040438184663536686,0.08419552485701204,attentive,0,2
42.6,True,40.837504556554734,-8.94227421779312,3.440187646598905,0.0404274172530622,0.08459988468178008,attentive,0,2
42.63333333333333,True,41.09132208057563,-6.750128914653441,3.4375000000000004,0.04041666666666658,0.08500068819735127,attentive,0,2
42.666666666666664,True,39.54917221418839,-15.469937303159327,3.434816549570648,0.04040593286494917,0.08541064217782265,attentive,0,2
42.7,True,35.11296235564674,-13.993761309537774,3.43213728549142,0.04039521580863226,0.08580201832107245,attentive,0,2
42.733333333333334,True,34.673346325144,-15.607382233990117,3.4294621979735,0.040384515458560574,0.08619405636842639,attentive,0,2
42.766666666666666,True,32.44651546036452,-12.160545665734459,3.4267912772585665,0.04037383177570085,0.08657181035115513,attentive,0,2
42.8,True,24.88517945863758,-8.204495060138944,3.4241245136186773,0.04036316472114129,0.08691598249005594,attentive,0,2
42.833333333333336,True,32.5340540831009,-13.66957471343284,3.421461897356143,0.040352514256091154,0.08729549776698545,attentive,0,2
42.86666666666667,True,38.11999686259061,-11.883121960386461,3.418803418803419,0.04034188034188026,0.08769062880676863,attentive,0,2
42.9,True,40.43692501089859,-9.123361905615528,3.4161490683229814,0.040331262939958507,0.08808837971940557,attentive,0,2
42.93333333333333,True,31.40340105000187,-8.63135007820212,3.4134988363072147,0.040320662011895436,0.08845351786491798,attentive,0,2
42.96666666666667,True,41.14727196921768,-15.248247158138401,3.4108527131782944,0.04031007751937976,0.0888630591363346,attentive,0,2
43.0,True,-3.413995983910069,-0.4154516447469749,3.4082106893880715,0.040299509424218866,0.08878318837820667,attentive,0,2
43.03333333333333,True,-5.398081845605069,-0.20028987220594033,3.4055727554179565,0.0402889576883384,0.08869624598297243,attentive,0,2
43.06666666666666,True,0.1122300184960649,-1.6383822184331653,3.402938901778809,0.04027842227378181,0.08863085031667198,attentive,0,2
43.1,True,-2.002403057179863,1.516985765703719,3.400309119010819,0.04026790314270985,0.08855287388781646,attentive,0,2
43.13333333333333,True,-2.8261694410908365,1.1021629825594481,3.397683397683398,0.04025740025740017,0.08847290255342907,attentive,0,2
43.166666666666664,True,5.40933592259866,-0.12834010866371165,3.3950617283950617,0.040246913580246825,0.08842340702154433,attentive,0,2
43.2,True,-1.2219227046702699,2.706860870907589,3.3924441017733233,0.04023644307375987,0.08834640669696633,attentive,0,2
43.233333333333334,True,-1.4737603489824833,0.9885931262797376,3.389830508474576,0.04022598870056489,0.08827160444249299,attentive,0,2
43.266666666666666,True,-0.9121709870585013,-0.6263810632170344,3.387220939183987,0.040215550423402524,0.08820160156350912,attentive,0,2
43.3,True,-1.6422947578742328,-0.09874852351210298,3.3846153846153846,0.040205128205128116,0.08812830829565303,attentive,0,2
43.333333333333336,True,2.364570248572641,1.0867249723096224,3.3820138355111453,0.04019472200871116,0.08806679096162243,attentive,0,2
43.36666666666667,True,3.586658011082391,-1.5761177769605115,3.3794162826420893,0.040184331797234935,0.08801408465997779,attentive,0,2
43.4,True,1.6202334694344471,1.064663379413407,3.376822716807368,0.04017395753389605,0.08795024815526636,attentive,0,2
43.43333333333333,True,1.4113734974204863,-1.7657680246192466,3.374233128834356,0.040163599182004,0.08789062120119273,attentive,0,2
43.46666666666667,True,-2.721346444625793,1.789232985461569,3.3716475095785436,0.04015325670498075,0.08781095716472573,attentive,0,2
43.5,True,-3.6390655966365504,-0.34170644794628463,3.3690658499234303,0.0401429300663603,0.08773191793472834,attentive,0,2
43.53333333333333,True,-0.9290780229356909,1.3283018868881658,3.366488140780413,0.04013261922978823,0.08765937552037252,attentive,0,2
43.56666666666666,True,-3.8319747274570934,-0.9116513121970302,3.3639143730886847,0.04012232415902132,0.08758088585484944,attentive,0,2
43.6,True,-3.7805158940490946,-2.9019460202912253,3.361344537815126,0.04011204481792709,0.08750606965180642,attentive,0,2
43.63333333333333,True,-1.3518667161883284,-5.336466161023221,3.3587786259541987,0.040101781170483373,0.08744373716899953,attentive,0,2
43.666666666666664,True,-1.5448511228812385,-1.7543855506392656,3.3562166285278416,0.04009153318077795,0.08737477370019509,attentive,0,2
43.7,True,0.31038974522336704,-2.9019209511752533,3.353658536585366,0.04008130081300804,0.08731414370743856,attentive,0,2
43.733333333333334,True,-0.3410382650205588,-3.2643259281096584,3.3511043412033508,0.04007108403147998,0.08725201437635574,attentive,0,2
43.766666666666666,True,1.008799637505732,0.04583897675508527,3.34855403348554,0.04006088280060874,0.08718894715807213,attentive,0,2
43.8,True,0.4108171779359001,-2.222895861319367,3.3460076045627374,0.04005069708491753,0.0871277887364347,attentive,0,2
43.833333333333336,True,0.8601500521521788,0.01596558037824446,3.343465045592705,0.0400405268490374,0.08706446018120426,attentive,0,2
43.86666666666667,True,-1.100673351076828,3.110651385676699,3.340926347760061,0.04003037205770682,0.08698938888251301,attentive,0,2
43.9,True,0.24249914026882002,-0.9336281824640585,3.338391502276176,0.04002023267577128,0.08692577971283819,attentive,0,2
43.93333333333333,True,-6.700346496707518,1.8785435812287596,3.3358605003790753,0.04001010866818288,0.0868341348009598,attentive,0,2
43.96666666666667,True,1.4330541200986413,-1.8497203972878977,3.3333333333333335,0.03999999999999991,0.08677629047095484,attentive,0,2
44.0,False,-4.271827016772061,0.38571908108392305,3.4065102195306585,0.04029270754478921,0.08669557938705114,attentive,0,2
44.03333333333333,False,2.460963073976831,0.11976436359538788,3.479576399394856,0.0428071944864681,0.08663807249691866,attentive,0,2
44.06666666666666,False,1.4445194838888005,-1.013151360722682,3.5525321239606953,0.045321239606953556,0.08657914087300815,attentive,0,2
44.1,False,1.7803278464770327,1.8968678293937258,3.625377643504532,0.047834843907351474,0.08651654130011575,attentive,0,2
44.13333333333333,True,-6.344832652782491,-0.7818547012513619,3.6226415094339623,0.04115723270440243,0.08643127462642289,attentive,0,2
44.166666666666664,True,3.4678090135381323,1.4259189297569073,3.619909502262444,0.04114630467571635,0.08637532628641188,attentive,0,2
44.2,True,-7.749336751068865,0.2450962733451255,3.6171816126601355,0.04113539311730712,0.08628387076166205,attentive,0,2
44.233333333333334,True,-3.2680566889818223,-2.235834703741996,3.614457831325301,0.04112449799196778,0.08621170205263096,attentive,0,2
44.266666666666666,True,0.0725445642827599,0.9071872167556498,3.611738148984198,0.041113619262603374,0.0861455581449111,attentive,0,2
44.3,True,-1.0477599364026313,1.7300300828413937,3.6090225563909777,0.04110275689223049,0.08607439515222795,attentive,0,2
44.333333333333336,True,3.734463828685745,0.04672222111618391,3.606311044327573,0.04109191084397687,0.08602211821361497,attentive,0,2
44.36666666666667,True,4.338889324496448,2.584464624893186,3.6036036036036037,0.041081081081080995,0.08596770273284748,attentive,0,2
44.4,True,0.6832632849289817,-1.9096010627562212,3.6009002250562636,0.04107026756689164,0.08590867241093839,attentive,0,2
44.43333333333333,True,5.50562897756725,0.2381688077810443,3.598200899550225,0.041059470264867476,0.0858622192817737,attentive,0,2
44.46666666666667,True,3.299469293944788,-1.5518188469774266,3.5955056179775284,0.04104868913857669,0.08581147064882833,attentive,0,2
44.5,True,-0.6625158331608386,-1.0978625054618678,3.592814371257485,0.04103792415169652,0.08574686264657812,attentive,0,2
44.53333333333333,True,-5.032334547601378,-0.12254672429461394,3.590127150336574,0.041027175268012875,0.08566620410662652,attentive,0,2
44.56666666666666,True,0.8503851484415585,3.0217780348759544,3.587443946188341,0.04101644245141994,0.08559998454245782,attentive,0,2
44.6,True,-0.36390006010982445,-0.14317082222595806,3.5847647498132935,0.04100572566591976,0.08553508599073249,attentive,0,2
44.63333333333333,True,2.5144301225631214,-0.8695201714011916,3.582089552238806,0.0409950248756218,0.0854810355624086,attentive,0,2
44.666666666666664,True,4.226660747934247,-0.9869577802979227,3.5794183445190155,0.04098434004474264,0.08543293516183373,attentive,0,2
44.7,True,0.10614957092341776,0.22988369402284378,3.5767511177347244,0.04097367113760547,0.08536924513803011,attentive,0,2
44.733333333333334,True,-2.4730771291553975,3.3214165521691643,3.5740878629932986,0.04096301811863977,0.08529199895432432,attentive,0,2
44.766666666666666,True,-7.186201701428798,3.739593200664393,3.571428571428571,0.040952380952380865,0.08519859056124732,attentive,0,2
44.8,True,4.685252659319649,-0.8276728293869947,3.5687732342007434,0.04094175960346955,0.08515209541444098,attentive,0,2
44.833333333333336,True,0.30819922755970386,1.355443584738515,3.566121842496285,0.04093115403665172,0.08508761219161431,attentive,0,2
44.86666666666667,True,-3.3204120647018476,0.2849700850629801,3.5634743875278394,0.040920564216777935,0.08501301808173939,attentive,0,2
44.9,True,-1.0797576250851966,-0.854937834505235,3.5608308605341246,0.04090999010880308,0.08494780140591932,attentive,0,2
44.93333333333333,True,-1.251459784067338,-2.1430089813810786,3.558191252779837,0.040899431677785925,0.08488423757885495,attentive,0,2
44.96666666666667,True,-2.428648435223988,-0.04197861948578984,3.5555555555555554,0.0408888888888888,0.08481343391603777,attentive,0,2
45.0,True,-1.40184921317123,-0.08992602964548864,3.552923760177646,0.04087836170737716,0.08474619184405995,attentive,0,2
45.03333333333333,True,2.9067218658866913,-1.770046228207708,3.5502958579881656,0.04086785009861924,0.08469597439440538,attentive,0,2
45.06666666666666,True,-0.3184491621809527,-0.6391463217541606,3.5476718403547673,0.04085735402808564,0.08463337943590968,attentive,0,2
45.1,True,-2.979985858169233,0.9361801625015829,3.5450516986706058,0.040846873461349006,0.08455955509219559,attentive,0,2
45.13333333333333,True,-2.264926805164464,0.487718462532048,3.5424354243542435,0.04083640836408355,0.08448892061599331,attentive,0,2
45.166666666666664,True,-1.1010965145988896,-0.09267301579864372,3.5398230088495577,0.040825958702064805,0.08442315605635614,attentive,0,2
45.2,True,1.3988192896703642,-0.6002818607978645,3.5372144436256447,0.04081552444116916,0.08436650740363327,attentive,0,2
45.233333333333334,True,1.5534036755145024,-1.6275259198358916,3.5346097201767304,0.0408051055473735,0.08431212907756426,attentive,0,2
45.266666666666666,True,-0.03090982385634921,1.425638996669126,3.532008830022075,0.040794701986754875,0.08424765697106557,attentive,0,2
45.3,True,6.843447707133546,0.020419491670093867,3.5294117647058822,0.04078431372549011,0.08420804100747996,attentive,0,2
45.333333333333336,True,-0.6372506915960889,0.9802403649423954,3.526818515797208,0.04077394072985541,0.08414248731297183,attentive,0,2
45.36666666666667,True,-3.907212166959031,-1.7360250611900732,3.524229074889868,0.04076358296622605,0.08407079124744146,attentive,0,2
45.4,True,-0.9831118878649492,2.2499820949526645,3.521643433602348,0.040753240401075974,0.08400223648762728,attentive,0,2
45.43333333333333,True,0.3496921454182953,1.8297997283426868,3.519061583577713,0.04074291300097743,0.08393880960288153,attentive,0,2
45.46666666666667,True,0.2633472493491806,0.26248536962799884,3.5164835164835164,0.04073260073260064,0.08387774610236509,attentive,0,2
45.5,True,2.640864841206154,-2.3107427902832485,3.513909224011713,0.04072230356271343,0.08382869369749543,attentive,0,2
45.53333333333333,True,-5.185404995065809,-3.1828058258804486,3.511338697878566,0.04071202145818084,0.08375568562413427,attentive,0,2
45.56666666666666,True,0.1284667513219956,1.1307548412033432,3.508771929824561,0.04070175438596482,0.0836930412448792,attentive,0,2
45.6,True,3.18202729142732,0.8900808340467815,3.506208911614317,0.04069150231312385,0.08364079240986355,attentive,0,2
45.63333333333333,True,-2.0451786627876345,0.008278670669400374,3.5036496350364965,0.04068126520681256,0.08357309250300114,attentive,0,2
45.666666666666664,True,-0.6165462095839997,-2.726906063330667,3.50109409190372,0.04067104303428146,0.08351455602843724,attentive,0,2
45.7,True,-3.4247252707599825,2.099581432678686,3.498542274052478,0.04066083576287649,0.08343919065398471,attentive,0,2
45.733333333333334,True,1.615791826251193,-2.657341197239174,3.4959941733430444,0.040650643360038756,0.08338795052944875,attentive,0,2
45.766666666666666,True,-3.2768342140134825,-0.2779716041840036,3.4934497816593884,0.04064046579330413,0.08331711068703876,attentive,0,2
45.8,True,4.188627207560614,3.213088722622898,3.490909090909091,0.04063030303030295,0.08326486255109262,attentive,0,2
45.833333333333336,True,3.574246580725161,0.5972136500904212,3.488372093023256,0.0406201550387596,0.08321493052810065,attentive,0,2
45.86666666666667,True,-1.3721914040022085,-2.2489674527598833,3.485838779956427,0.040610021786492284,0.08315369897142691,attentive,0,2
45.9,True,-1.6112774070315043,1.205675208717182,3.483309143686502,0.04059990324141259,0.083086214058413,attentive,0,2
45.93333333333333,True,-1.950767553934098,4.066008533166625,3.4807831762146484,0.04058979937152517,0.08301312350975885,attentive,0,2
45.96666666666667,True,-2.347291336877001,1.4305066906173758,3.4782608695652173,0.04057971014492745,0.08294310580453543,attentive,0,2
46.0,True,0.6196918766498374,3.0898356722036393,3.4757422157856626,0.04056963552980923,0.0828800679905022,attentive,0,2
46.03333333333333,True,-2.2767634694872627,0.5791621173502486,3.4732272069464547,0.040559575494452396,0.08281184364631172,attentive,0,2
46.06666666666666,True,1.1596279440977342,0.7916909445229816,3.470715835140998,0.04054953000723057,0.08275441974545662,attentive,0,2
46.1,True,-2.5757730365929907,-0.5830617128434405,3.4682080924855487,0.04053949903660878,0.08268729069400224,attentive,0,2
46.13333333333333,True,3.122759590868867,-0.5466610215107397,3.4657039711191335,0.04052948255114311,0.08263848668179356,attentive,0,2
46.166666666666664,True,3.499181811594516,2.04978432436329,3.463203463203463,0.04051948051948043,0.0825867971841056,attentive,0,2
46.2,True,3.2232494129768225,0.482766448526287,3.460706560922855,0.040509492910358,0.08253680867756803,attentive,0,2
46.233333333333334,True,-3.9525125909274275,-0.1543138362882837,3.45821325648415,0.04049951969260318,0.08246493503803798,attentive,0,2
46.266666666666666,True,-3.365839507123866,-0.014487808064032647,3.455723542116631,0.0404895608351331,0.08239481838821269,attentive,0,2
46.3,True,2.122273013497888,2.282760454980175,3.4532374100719423,0.04047961630695435,0.08233867788828834,attentive,0,2
46.333333333333336,True,2.7829879854941573,2.531981226671432,3.4507548526240113,0.04046968607716263,0.08228433103901059,attentive,0,2
46.36666666666667,True,1.3834660438043507,-0.1528344983179195,3.4482758620689653,0.04045977011494244,0.08222987991771169,attentive,0,2
46.4,True,4.573476213066511,-3.1311615994223456,3.4458004307250536,0.040449868389566795,0.08219043614019328,attentive,0,2
46.43333333333333,True,3.872429228193017,2.4197670141653242,3.443328550932568,0.04043998087039685,0.08213996490661944,attentive,0,2
46.46666666666667,True,-0.15762783478362694,-0.8753899655955208,3.4408602150537635,0.04043010752688163,0.0820819755001488,attentive,0,2
46.5,True,1.3744286667068937,3.99341245312249,3.4383954154727796,0.0404202483285577,0.08202119637869898,attentive,0,2
46.53333333333333,True,0.3205422078493318,-3.016715898842755,3.4359341445955622,0.040410403245048826,0.08196830249807244,attentive,0,2
46.56666666666666,True,0.1463595105560617,-1.2676137993459307,3.4334763948497855,0.04040057224606572,0.0819121502117846,attentive,0,2
46.6,True,2.2800308875648962,2.396481006196108,3.4310221586847747,0.04039075530140568,0.08185703642125745,attentive,0,2
46.63333333333333,True,0.6588995989401281,-0.8381239724974147,3.428571428571429,0.040380952380952295,0.08180198920979842,attentive,0,2
46.666666666666664,True,1.0629662067406773,-0.053161345050824385,3.4261241970021414,0.040371163454675146,0.08174705733354198,attentive,0,2
46.7,True,-1.3424919052771662,0.4600739813725089,3.4236804564907275,0.04036138849262949,0.08168376484092504,attentive,0,2
46.733333333333334,True,-0.6710802160403919,0.233343483706591,3.4212401995723454,0.040351627464955964,0.08162304860097225,attentive,0,2
46.766666666666666,True,-1.2431006970334337,-4.182230953744853,3.418803418803419,0.04034188034188026,0.08156759696705207,attentive,0,2
46.8,True,2.7842420294063954,-1.4195963339614082,3.416370106761566,0.04033214709371284,0.08152059445500401,attentive,0,2
46.833333333333336,True,4.197492049154562,4.433366736616431,3.4139402560455197,0.04032242769084866,0.08146887539361146,attentive,0,2
46.86666666666667,True,-8.452106912818724,1.1666493120562602,3.411513859275053,0.040312722103766796,0.08138243164874087,attentive,0,2
46.9,True,3.4482208253830513,1.9517268703137223,3.4090909090909087,0.040303030303030216,0.08133243578469182,attentive,0,2
46.93333333333333,True,0.7303453183221916,-1.5471313354814789,3.4066713981547196,0.04029335225928546,0.08127945609203195,attentive,0,2
46.96666666666667,True,-0.5340064487032983,-1.0000006634791374,3.404255319148936,0.04028368794326233,0.08122170389742936,attentive,0,2
47.0,True,0.9087558480858868,0.69682029119315,3.401842664776754,0.040274037325773594,0.08116590568442225,attentive,0,2
47.03333333333333,True,0.4047577125192564,1.8669222810833617,3.39943342776204,0.04026440037771474,0.08110675858902716,attentive,0,2
47.06666666666666,True,-0.8179046786464231,1.3675971807492835,3.397027600849257,0.040254777070063606,0.08104463474236034,attentive,0,2
47.1,True,-1.7909332898325212,3.79745961164874,3.3946251768033946,0.04024516737388016,0.08097572163246662,attentive,0,2
47.13333333333333,True,4.477554506086962,-0.31739657966938856,3.3922261484098937,0.04023557126030615,0.08093305721292555,attentive,0,2
47.166666666666664,True,4.041593382174426,0.04221578912511537,3.389830508474576,0.04022598870056489,0.08088852032533832,attentive,0,2
47.2,True,1.6815172072783962,-0.35523411563781104,3.387438249823571,0.04021641966596086,0.0808372671839344,attentive,0,2
47.233333333333334,True,3.017654186503772,-1.8279266452294236,3.385049365303244,0.040206864127879556,0.08079258212639713,attentive,0,2
47.266666666666666,True,0.9153421938957841,1.0222298359825563,3.382663847780127,0.04019732205778709,0.08073691192452559,attentive,0,2
47.3,True,5.40754674914699,1.7108075398086156,3.3802816901408446,0.04018779342722996,0.08069430265315228,attentive,0,2
47.333333333333336,True,-0.6416179032933029,-2.593447211996938,3.377902885292048,0.040178278207834775,0.08063956463643712,attentive,0,2
47.36666666666667,True,6.161720227324535,0.8784832201814714,3.375527426160337,0.04016877637130793,0.08060074162213499,attentive,0,2
47.4,True,1.4671094297122804,-0.4782859483638231,3.3731553056921992,0.040159287889435374,0.08054942932585611,attentive,0,2
47.43333333333333,True,1.3131493967712622,-4.279874761044379,3.3707865168539324,0.04014981273408231,0.08050364113977303,attentive,0,2
47.46666666666667,True,1.978103559543818,-2.216764135824374,3.3684210526315788,0.04014035087719289,0.08045677382241165,attentive,0,2
47.5,True,-3.1914258818208348,0.3644543002317201,3.3660589060308554,0.04013090229079,0.0803898377864385,attentive,0,2
47.53333333333333,True,4.326094435069548,5.030095931487744,3.363700070077085,0.040121466946974924,0.08033914350306975,attentive,0,2
47.56666666666666,True,4.023059737955281,3.0000144535698476,3.361344537815126,0.04011204481792709,0.08029073623641236,attentive,0,2
47.6,True,-1.5080095383836416,-2.902727551124122,3.358992302309307,0.040102635875903805,0.0802343733986361,attentive,0,2
47.63333333333333,True,3.0939387828245284,-1.5211573577354607,3.3566433566433567,0.04009324009324,0.08019024529746127,attentive,0,2
47.666666666666664,True,0.7957529008531932,0.3172038831183843,3.3542976939203357,0.04008385744234792,0.08013618627352265,attentive,0,2
47.7,True,-3.145566625425039,-0.18176035932904544,3.35195530726257,0.040074487895716854,0.0800707445343628,attentive,0,2
47.733333333333334,True,4.368376490110982,-0.44432908337347543,3.3496161898115844,0.04006513142591292,0.08002910577654801,attentive,0,2
47.766666666666666,True,3.4369271363411693,-0.37822343855257845,3.3472803347280333,0.04005578800557871,0.07998453577827092,attentive,0,2
47.8,True,-2.7433235901116286,0.2896984437196383,3.3449477351916377,0.040046457607433125,0.07991985225256568,attentive,0,2
47.833333333333336,True,1.980705846533371,3.8302251123177125,3.3426183844011144,0.040037140204271036,0.07986440077170384,attentive,0,2
47.86666666666667,True,0.9258800745936894,-0.0830958776082249,3.3402922755741122,0.04002783576896303,0.0798118157190162,attentive,0,2
47.9,True,5.4021272603020725,0.4149672038319333,3.3379694019471486,0.04001854427445517,0.07977236891055262,attentive,0,2
47.93333333333333,True,0.9931007292581642,-1.8794329203170301,3.3356497567755383,0.04000926569376873,0.07972290256566664,attentive,0,2
47.96666666666667,True,-6.511040264041465,-2.781370715924896,3.3333333333333335,0.03999999999999991,0.07965173587435999,attentive,0,2
48.0,False,-4.775086388713482,1.7507491932556514,3.4004163775156147,0.04026833217672904,0.07957903296262564,attentive,0,2
48.03333333333333,False,-2.0329441654399827,3.883741727180607,3.467406380027739,0.04275851440899964,0.0795115954608669,attentive,0,2
48.06666666666666,False,1.8880652014327974,1.8165323967215936,3.5343035343035343,0.04524832524832491,0.07945951165405818,attentive,0,2
48.1,False,0.9816741554959219,0.1377986982203247,3.6011080332409975,0.047737765466297336,0.07940729369371413,attentive,0,2
48.13333333333333,True,1.0417430399412293,-0.2973239731873882,3.598615916955018,0.04106113033448665,0.07935600192576472,attentive,0,2
48.166666666666664,True,-0.6017099601007614,-0.05516711839798122,3.5961272475795294,0.0410511756569847,0.07929935761399526,attentive,0,2
48.2,True,-1.0203587010859538,-1.7423548386235654,3.59364201796821,0.04104123473853942,0.07924409680851288,attentive,0,2
48.233333333333334,True,0.8479700998419459,-1.8172178090085551,3.591160220994475,0.04103130755064448,0.07919476180919562,attentive,0,2
48.266666666666666,True,2.41561147709107,-4.780104725311381,3.5886818495514143,0.041021394064872235,0.07915484720888175,attentive,0,2
48.3,True,-1.298077054358722,-2.1953233577052105,3.5862068965517238,0.041011494252873475,0.07909964335908097,attentive,0,2
48.333333333333336,True,0.17447065957306862,1.3312948765570851,3.5837353549276365,0.04100160808637712,0.07904362499156586,attentive,0,2
48.36666666666667,True,-1.8142641000231152,0.9869112447280213,3.581267217630854,0.040991735537189995,0.07898212350596595,attentive,0,2
48.4,True,3.244878281278522,0.8429103459407611,3.5788024776324847,0.04098187657719651,0.07893640184295292,attentive,0,2
48.43333333333333,True,4.5212905384315505,2.544793439268114,3.576341127922971,0.04097203117835846,0.07889204360790518,attentive,0,2
48.46666666666667,True,-2.9198567252370755,0.7797685040017923,3.5738831615120272,0.04096219931271469,0.07882771233401739,attentive,0,2
48.5,True,-1.3250779590276622,3.8991115540373738,3.571428571428571,0.040952380952380865,0.07876357659222497,attentive,0,2
48.53333333333333,True,-7.112217727908558,-1.2518524387836343,3.568977350720659,0.040942576069549215,0.07868973202197631,attentive,0,2
48.56666666666666,True,-0.1613680386051795,-0.7894171895484265,3.5665294924554183,0.04093278463648825,0.07863647230806448,attentive,0,2
48.6,True,-1.1905281215266066,-0.34046245500071276,3.564084989718986,0.04092300662554252,0.07857946673906488,attentive,0,2
48.63333333333333,True,5.394612153894936,-2.809398831484003,3.5616438356164384,0.040913242009132336,0.07854634324303245,attentive,0,2
48.666666666666664,True,-4.207646352890125,-1.3441105391867259,3.5592060232717317,0.04090349075975351,0.07848182573352458,attentive,0,2
48.7,True,2.4366515039190872,-1.9595452475426554,3.556771545827633,0.04089375284997711,0.07843853044043336,attentive,0,2
48.733333333333334,True,5.198317272927287,1.0235720404693085,3.55434039644566,0.04088402825244922,0.07839915278995442,attentive,0,2
48.766666666666666,True,-5.219932350286032,2.8044088050833964,3.551912568306011,0.04087431693989062,0.07832549782295209,attentive,0,2
48.8,True,-4.9222630691120655,-1.974672340451845,3.549488054607509,0.04086461888509661,0.07826009573297393,attentive,0,2
48.833333333333336,True,-1.0732228292405657,-0.7104507214448357,3.547066848567531,0.0408549340609367,0.07820453557226925,attentive,0,2
48.86666666666667,True,-0.2108625039267137,-1.8636860670733157,3.54464894342195,0.04084526244035438,0.07815341070678672,attentive,0,2
48.9,True,0.896815920508956,-0.48963536910916977,3.5422343324250685,0.04083560399636685,0.07810362904222734,attentive,0,2
48.93333333333333,True,4.28444617326229,2.1343145049622683,3.5398230088495577,0.040825958702064805,0.07806019502781475,attentive,0,2
48.96666666666667,True,-0.7643777402029577,0.5504440739425089,3.537414965986395,0.04081632653061216,0.07800394969551414,attentive,0,2
49.0,True,2.7349492474988217,1.1945770486524767,3.5350101971447994,0.040806707455245776,0.07795738053482731,attentive,0,2
49.03333333333333,True,0.5999069528852353,-1.7995013815838243,3.532608695652174,0.04079710144927527,0.07790894830965622,attentive,0,2
49.06666666666666,True,0.6005571347609253,-1.707664455868669,3.5302104548540396,0.04078750848608274,0.07786044525766264,attentive,0,2
49.1,True,-2.8104291531751606,-0.19429962045432167,3.5278154681139755,0.04077792853912248,0.077799441550363,attentive,0,2
49.13333333333333,True,-3.8691131688199043,-2.438593134869092,3.5254237288135593,0.04076836158192082,0.07773871178478797,attentive,0,2
49.166666666666664,True,0.7559521074344824,-1.643593710611017,3.523035230352303,0.04075880758807579,0.07769079410580923,attentive,0,2
49.2,True,-1.393048844809531,1.7489655508073811,3.5206499661475967,0.04074926653125696,0.07763137046842408,attentive,0,2
49.233333333333334,True,-6.023333134013914,-1.1467118002238443,3.5182679296346415,0.04073973838520514,0.07756245741598296,attentive,0,2
49.266666666666666,True,1.3646708346764065,-2.3415225591451545,3.515889114266396,0.04073022312373216,0.0775176339743051,attentive,0,2
49.3,True,-2.2514619618195892,-3.0143084450690827,3.5135135135135136,0.04072072072072064,0.0774630220362165,attentive,0,2
49.333333333333336,True,0.6762549747676893,2.613018645563526,3.5111411208642807,0.040711231150123706,0.07740882611962513,attentive,0,2
49.36666666666667,True,-5.863599096157696,0.5073374426431493,3.508771929824561,0.04070175438596482,0.07733824806086251,attentive,0,2
49.4,True,-4.02590374060165,0.5116484896533322,3.5064059339177343,0.040692290402337516,0.07727326616590746,attentive,0,2
49.43333333333333,True,2.770005035591127,-0.9505507123699505,3.5040431266846364,0.04068283917340512,0.07723091455016758,attentive,0,2
49.46666666666667,True,-6.765634962793799,-0.3480982030811512,3.5016835016835017,0.040673400673400584,0.07715917929648994,attentive,0,2
49.5,True,3.4586474743597426,-0.20643017083789342,3.4993270524899054,0.0406639748766262,0.07711790831463877,attentive,0,2
49.53333333333333,True,1.6146335449214853,3.790805078207951,3.496973772696705,0.0406545617574534,0.07706520772922451,attentive,0,2
49.56666666666666,True,-0.9271573292803644,-1.3535692431873059,3.494623655913978,0.04064516129032249,0.07701266876731663,attentive,0,2
49.6,True,-3.8900169297897826,-1.784604468895384,3.4922766957689726,0.040635773449742466,0.07695199996597944,attentive,0,2
49.63333333333333,True,-3.110695654491381,-3.815621322011164,3.48993288590604,0.04062639821029074,0.07689676630457504,attentive,0,2
49.666666666666664,True,0.29906200486172296,0.4741950174536958,3.4875922199865865,0.040617035546612924,0.07684537705672528,attentive,0,2
49.7,True,3.5338323727415215,-2.940089804801868,3.485254691689008,0.04060768543342261,0.07680877791295816,attentive,0,2
49.733333333333334,True,-1.0862221816398043,1.9630604293401657,3.4829202947086406,0.04059834784550114,0.0767511765810337,attentive,0,2
49.766666666666666,True,-3.0387947442701724,-1.72072191823155,3.4805890227576977,0.040589022757697366,0.07669332309742255,attentive,0,2
49.8,True,-0.5252223062609193,-3.189468748904544,3.4782608695652173,0.04057971014492745,0.07664520273880872,attentive,0,2
49.833333333333336,True,-0.5163494256432277,1.2797220983624287,3.4759358288770055,0.0405704099821746,0.07659053434578715,attentive,0,2
49.86666666666667,True,-1.9511041035850223,-2.6717268537695085,3.473613894455578,0.04056112224448889,0.07653754507567805,attentive,0,2
49.9,True,0.07436692306213297,1.7562099309850827,3.4712950600801067,0.040551846906987,0.07648406729586953,attentive,0,2
49.93333333333333,True,-5.167026611185437,1.3989633308066582,3.468979319546364,0.04054258394485204,0.07641565005943589,attentive,0,2
49.96666666666667,True,-3.4072341474744334,0.7226513934504405,3.4666666666666663,0.04053333333333324,0.07635354018948752,attentive,0,2
50.0,True,40.20860967160513,-10.276969497293269,3.46435709526982,0.04052409504774586,0.07670343299540244,attentive,0,2
50.03333333333333,True,37.87097656074174,-8.649520506267873,3.462050599201065,0.040514869063470835,0.07704353497613899,attentive,0,2
50.06666666666666,True,45.762629993597926,-1.8000600643389522,3.4597471723220226,0.04050565535595467,0.07739639330291101,attentive,0,2
50.1,True,36.97018485200253,-7.952586371966598,3.4574468085106385,0.040496453900709134,0.07773189061244067,attentive,0,2
50.13333333333333,True,37.82809671596956,-13.748433433516247,3.4551495016611296,0.040487264673311096,0.07807803350810674,attentive,0,2
50.166666666666664,True,44.8670245517569,-8.651621494619866,3.4528552456839305,0.040478087649402306,0.07843696895966272,attentive,0,2
50.2,True,40.19291147782626,-4.494065143552271,3.4505640345056405,0.04046892280468914,0.07877551242654668,attentive,0,2
50.233333333333334,True,36.75483282904354,-9.42313371727156,3.4482758620689653,0.04045977011494244,0.07911073762369288,attentive,0,2
50.266666666666666,True,27.96035674952619,-9.634990447964789,3.445990722332671,0.040450629555997264,0.07941992821645683,attentive,0,2
50.3,True,41.295526263778356,-16.688535061887844,3.443708609271523,0.04044150110375267,0.07977833972476005,attentive,0,2
50.333333333333336,True,36.90074164344926,-12.140617539260358,3.441429516876241,0.040432384734171545,0.08011666143657711,attentive,0,2
50.36666666666667,True,50.11655535271053,-16.075010853867663,3.439153439153439,0.04042328042328033,0.08049916529300397,attentive,0,2
50.4,True,43.30353039219025,-14.395360014794484,3.4368803701255786,0.04041418814716889,0.08085868324323872,attentive,0,2
50.43333333333333,True,42.17625343465795,-12.99621518922289,3.4346103038309117,0.040405107881990227,0.08121236343492973,attentive,0,2
50.46666666666667,True,35.06240134225433,-12.756581812802992,3.4323432343234326,0.04039603960396031,0.08154435583823239,attentive,0,2
50.5,True,44.72719917387672,-14.131588039497743,3.430079155672823,0.04038698328935787,0.0819062600104107,attentive,0,2
50.53333333333333,True,37.038356744552694,-10.76557280401975,3.4278180619644036,0.040377938914524195,0.08224022978890398,attentive,0,2
50.56666666666666,True,42.77877617340914,-8.736592237726196,3.4255599472990776,0.040368906455862885,0.0825875962669885,attentive,0,2
50.6,True,43.162169644573986,-8.787231465966341,3.423304805793285,0.040359885889839714,0.08293570123726861,attentive,0,2
50.63333333333333,True,33.222784059837466,-12.830276059104204,3.421052631578948,0.04035087719298237,0.08326019652765167,attentive,0,2
50.666666666666664,True,28.833316736234238,-13.70937200647371,3.418803418803419,0.04034188034188026,0.08357272325282006,attentive,0,2
50.7,True,45.509769065338965,-7.846441018190694,3.416557161629435,0.04033289531318432,0.08392497650684998,attentive,0,2
50.733333333333334,True,36.67610691933483,-9.394779033864781,3.4143138542350626,0.04032392208360683,0.08425324783309854,attentive,0,2
50.766666666666666,True,44.47848608206265,-8.280156804017208,3.4120734908136483,0.04031496062992117,0.08460221716445353,attentive,0,2
50.8,True,47.05056863849912,-14.648970375112068,3.4098360655737707,0.04030601092896166,0.08496750548493164,attentive,0,2
50.833333333333336,True,37.31734545803838,-10.335752151132475,3.4076015727391877,0.04029707295762333,0.08529768615421807,attentive,0,2
50.86666666666667,True,47.76955448474169,-12.604146270012379,3.4053700065487886,0.04028814669286174,0.08566115744355825,attentive,0,2
50.9,True,43.58950737315798,-6.2294044461036595,3.4031413612565444,0.04027923211169276,0.08600272361334127,attentive,0,2
50.93333333333333,True,40.72943688708986,-8.527351434033422,3.4009156311314586,0.04027032919119242,0.08633886924168545,attentive,0,2
50.96666666666667,True,38.10982251553399,-15.679624502483204,3.3986928104575163,0.04026143790849664,0.08667735403235327,attentive,0,2
51.0,True,39.91936732733494,-12.304711552841532,3.3964728935336383,0.04025255824080114,0.08701575106681578,attentive,0,2
51.03333333333333,True,37.949437377712286,-3.5593811361629992,3.3942558746736298,0.0402436901653611,0.08733530599561115,attentive,0,2
51.06666666666666,True,39.75647095010778,-5.860602463236414,3.3920417482061316,0.040234833659491105,0.08766301876891755,attentive,0,2
51.1,True,47.96650446575776,-10.745303187932025,3.389830508474576,0.04022598870056489,0.08802116733283677,attentive,0,2
51.13333333333333,True,42.69871652304005,-11.377102269547304,3.3876221498371337,0.04021715526601512,0.08836451153843339,attentive,0,2
51.166666666666664,True,34.52421113487924,-4.075677167929776,3.3854166666666665,0.04020833333333325,0.08867319219417033,attentive,0,2
51.2,True,47.12114427215611,-13.580829092645907,3.383214053350683,0.04019952288006931,0.08903163964757825,attentive,0,2
51.233333333333334,True,34.97241307206915,-13.008851880729932,3.3810143042912877,0.04019072388383173,0.08935368767558499,attentive,0,2
51.266666666666666,True,25.181304342073112,-11.441509305049214,3.378817413905133,0.040181936322287115,0.08964477851167652,attentive,0,2
51.3,True,50.62256981670139,-11.516066665893698,3.3766233766233764,0.04017316017316008,0.09000902245968377,attentive,0,2
51.333333333333336,True,36.26527682141752,-10.129838513275052,3.3744321868916285,0.0401643954142331,0.09032938633890975,attentive,0,2
51.36666666666667,True,28.431147436853394,-7.775054634161993,3.372243839169909,0.04015564202334622,0.09062336115611015,attentive,0,2
51.4,True,33.876853414736665,-8.589828628299811,3.3700583279325986,0.040146899978396974,0.09093381413074475,attentive,0,2
51.43333333333333,True,53.051908751356294,-5.270159045363673,3.3678756476683938,0.04013816925734015,0.09129428298536368,attentive,0,2
51.46666666666667,True,46.44341641366784,-12.765806968992845,3.3656957928802593,0.040129449838187614,0.0916460560345588,attentive,0,2
51.5,True,35.35443238871536,-6.253771238963368,3.363518758085381,0.0401207416990081,0.09195613496340865,attentive,0,2
51.53333333333333,True,43.92195388363512,-9.977082488593648,3.361344537815126,0.04011204481792709,0.09229577545686889,attentive,0,2
51.56666666666666,True,40.33063085797392,-11.595029735903852,3.359173126614987,0.04010335917312653,0.09262698876794592,attentive,0,2
51.6,True,33.72311020852043,-8.025201768668065,3.357004519044545,0.04009468474284476,0.0929336945670136,attentive,0,2
51.63333333333333,True,40.13195215331618,-6.941949868413902,3.354838709677419,0.040086021505376254,0.0932568281750708,attentive,0,2
51.666666666666664,True,44.85371456021055,-6.981442953094524,3.352675693101225,0.040077369439071475,0.09359313206416706,attentive,0,2
51.699999999999996,True,52.45050539327953,-8.5455918084048,3.350515463917526,0.040068728522336686,0.09395299703147245,attentive,0,2
51.733333333333334,True,44.477079551028964,-12.457561838880435,3.34835801674179,0.04006009873363374,0.09429517757418801,attentive,0,2
51.766666666666666,True,37.21030969471649,-15.75071160271486,3.346203346203346,0.04005148005147996,0.09462084395640419,attentive,0,2
51.8,True,38.35088309714562,-7.601496169684934,3.3440514469453375,0.04004287245444793,0.09493770552494094,attentive,0,2
51.833333333333336,True,42.3059711648794,-10.435131095416185,3.3419023136246784,0.04003427592116529,0.09526950373393686,attentive,0,2
51.86666666666667,True,43.59486550974252,-15.305421320308895,3.339755940912011,0.04002569043031462,0.09561150598279082,attentive,0,2
51.9,True,39.83904602764806,-11.920917533913205,3.3376123234916557,0.040017115960633204,0.0959375277085032,attentive,0,2
51.93333333333333,True,39.010051611155156,-10.3006460751405,3.3354714560615775,0.04000855249091289,0.09625845830764601,attentive,0,2
51.96666666666667,True,38.09613083643503,-2.189251243709406,3.3333333333333335,0.03999999999999991,0.0965648190009197,attentive,0,2
52.0,False,40.10682302382849,-11.266580538980383,3.3952594490711085,0.04024770446295101,0.09688943435864797,attentive,0,2
52.03333333333333,False,45.13463163961291,-6.4969253355862575,3.4571062740076828,0.0427173139849194,0.09722115429484575,attentive,0,2
52.06666666666666,False,39.79792720108559,-10.639751504957012,3.5188739603326935,0.045186606952441546,0.09754316479669325,attentive,0,2
52.1,False,36.05143516100537,-10.554891386189388,3.580562659846547,0.04765558397271953,0.09785399647834955,attentive,0,2
52.13333333333333,True,41.193307515980095,-9.45489323772674,3.578274760383387,0.040979765708200125,0.09817747139472074,attentive,0,2
52.166666666666664,True,37.720982812336814,-10.367259368929613,3.5759897828863343,0.04097062579821192,0.09849197311583041,attentive,0,2
52.199999999999996,True,37.965684096943455,-9.263217229927749,3.5737077217613273,0.04096149755371189,0.0988052017870659,attentive,0,2
52.233333333333334,True,39.26469813102506,-3.644343064215475,3.571428571428571,0.040952380952380865,0.09911374968746568,attentive,0,2
52.266666666666666,True,35.58174433303695,-11.98803871678502,3.5691523263224987,0.04094327597195657,0.09942328915354243,attentive,0,2
52.3,True,39.95959678582805,-7.398869012151744,3.56687898089172,0.04093418259023346,0.09973833173311032,attentive,0,2
52.333333333333336,True,37.91506557627034,-6.724644615176243,3.564608529598982,0.04092510078506251,0.10004623544127614,attentive,0,2
52.36666666666667,True,34.814141591372554,-13.699315036654,3.5623409669211195,0.040916030534351056,0.10035483989741245,attentive,0,2
52.4,True,35.848915030528474,-14.723444404795735,3.560076287349015,0.040906971816062634,0.10066742250179475,attentive,0,2
52.43333333333333,True,34.97615904044454,-8.47184161454108,3.5578144853875475,0.04089792460821677,0.10096831734800346,attentive,0,2
52.46666666666667,True,47.55370168939594,-3.72971984987794,3.5555555555555554,0.0408888888888888,0.10129763146500106,attentive,0,2
52.5,True,41.60073218006501,-9.474466411423403,3.5532994923857872,0.040879864636209726,0.1016178401460675,attentive,0,2
52.53333333333333,True,39.957380620816735,-10.870593432211486,3.551046290424857,0.04087085182836601,0.10193497863209317,attentive,0,2
52.56666666666666,True,45.76596122872974,-9.176903663540381,3.5487959442332064,0.040861850443599405,0.10226568992027307,attentive,0,2
52.6,True,43.57912618119454,-6.37175450532004,3.546548448385054,0.040852860460206794,0.10258587913483025,attentive,0,2
52.63333333333333,True,48.82541197055845,-12.570309639596863,3.5443037974683547,0.04084388185654,0.10292913861158134,attentive,0,2
52.666666666666664,True,32.9987085348731,-13.093723608144348,3.542061986084757,0.04083491461100561,0.10322820815730162,attentive,0,2
52.699999999999996,True,32.26798767904331,-11.152292085044252,3.5398230088495577,0.040825958702064805,0.10352211962488461,attentive,0,2
52.733333333333334,True,43.90067200333177,-9.987370433595004,3.5375868603916616,0.04081701410823323,0.10384668446044165,attentive,0,2
52.766666666666666,True,44.77451254973217,-10.842492704171768,3.535353535353535,0.040808080808080724,0.10417449101178344,attentive,0,2
52.8,True,41.348844634492956,-4.6077057039858,3.533123028391167,0.04079915878023124,0.10448353675173114,attentive,0,2
52.833333333333336,True,51.19819328726933,-3.6545279791167715,3.5308953341740232,0.04079024800336267,0.10481845803940855,attentive,0,2
52.86666666666667,True,41.79401355475947,-8.5611888835687,3.5286704473850032,0.040781348456206595,0.10513349116952876,attentive,0,2
52.9,True,38.06716246870002,-10.341057563114598,3.5264483627204033,0.04077246011754819,0.10544018765913726,attentive,0,2
52.93333333333333,True,35.222288507874126,-13.61760454749477,3.524229074889868,0.04076358296622605,0.10574312325401401,attentive,0,2
52.96666666666667,True,38.961420559327195,-8.577452640846378,3.5220125786163523,0.04075471698113199,0.10604908536204366,attentive,0,2
53.0,True,-2.033918048850987,2.818012642419571,3.519798868636078,0.04074586214121089,0.10597281196703974,attentive,0,2
53.03333333333333,True,3.681900970605588,-0.10830145679284434,3.5175879396984926,0.04073701842546055,0.10591667620212186,attentive,0,2
53.06666666666666,True,0.5353635522441873,-0.33023742776646003,3.515379786566227,0.040728185812931486,0.10585214172523172,attentive,0,2
53.1,True,1.5308706786389081,-0.5415897148454238,3.5131744040150563,0.04071936428272681,0.10579075857633413,attentive,0,2
53.13333333333333,True,2.0391355106340163,-0.2732478844677728,3.510971786833856,0.040710553814002,0.10573049480419397,attentive,0,2
53.166666666666664,True,-0.16695604341862336,2.6114537747404793,3.508771929824561,0.04070175438596482,0.10566014658848322,attentive,0,2
53.199999999999996,True,-0.1588069346666843,2.023981979444628,3.5065748278021287,0.0406929659778751,0.10559072661796405,attentive,0,2
53.233333333333334,True,-1.9234011716341524,2.079931209030309,3.504380475594493,0.04068418856904455,0.10551640794110355,attentive,0,2
53.266666666666666,True,-2.923645910153752,0.33343135356214837,3.5021888680425266,0.04067542213883668,0.10544182923670864,attentive,0,2
53.3,True,-0.8122591171007991,-0.8291896522220371,3.5000000000000004,0.04066666666666658,0.10537482347040517,attentive,0,2
53.333333333333336,True,0.8588044120802623,-0.7467157491285815,3.497813866333541,0.04065792213200074,0.10531242587725034,attentive,0,2
53.36666666666667,True,2.0976222906223265,-1.3103547968461653,3.495630461922597,0.04064918851435696,0.10525432490309766,attentive,0,2
53.4,True,0.5934403675572144,-1.0746913561200886,3.4934497816593884,0.04064046579330413,0.10519179925796676,attentive,0,2
53.43333333333333,True,-1.6096751617868894,1.7212834402272952,3.4912718204488775,0.04063175394846209,0.10511937345659537,attentive,0,2
53.46666666666667,True,3.844465991012373,-2.959426621132989,3.4890965732087227,0.04062305295950147,0.10506862183395457,attentive,0,2
53.5,True,0.915896803947043,-0.47547269736588205,3.4869240348692405,0.04061436280614354,0.10500639184430463,attentive,0,2
53.53333333333333,True,-1.1089474769107193,2.9395200569202435,3.484754200373367,0.04060568346816004,0.10493391685109342,attentive,0,2
53.56666666666666,True,-2.4928320861472537,-0.47166769744837117,3.482587064676617,0.04059701492537304,0.10486242119180952,attentive,0,2
53.6,True,2.11978862142334,-4.0600682087253235,3.480422622747048,0.04058835715765477,0.10480871158047779,attentive,0,2
53.63333333333333,True,-1.8099598836177986,-0.07249299590278636,3.4782608695652173,0.04057971014492745,0.10473871662259987,attentive,0,2
53.666666666666664,True,-2.173562723792631,-1.2886671421943954,3.4761018001241464,0.04057107386716316,0.10466948304678697,attentive,0,2
53.699999999999996,True,3.4771823607828276,-2.080548757308643,3.4739454094292808,0.0405624483043837,0.10461700668354988,attentive,0,2
53.733333333333334,True,-0.10709603701394342,2.8468756223820963,3.47179169249845,0.04055383343666038,0.10454793081290993,attentive,0,2
53.766666666666666,True,0.13832089963875902,-1.7295648743688385,3.469640644361834,0.04054522924411391,0.1044859173719184,attentive,0,2
53.8,True,0.04069380578499963,-1.1089335962507667,3.4674922600619196,0.04053663570691426,0.104422858078338,attentive,0,2
53.833333333333336,True,-1.3702610322405526,0.18914077876910987,3.4653465346534658,0.04052805280528044,0.1043542112838131,attentive,0,2
53.86666666666667,True,-2.598923375836407,0.25786659902880427,3.463203463203463,0.04051948051948043,0.1042821778770538,attentive,0,2
53.9,True,-1.4813877160454374,-2.3382776087783657,3.4610630407911,0.040510918829830975,0.10421686888396492,attentive,0,2
53.93333333333333,True,-3.1021678687351697,-1.0851911446686378,3.4589252625077207,0.04050236771669746,0.10414547126459689,attentive,0,2
53.96666666666667,True,-1.4609502831168284,1.7289222803443012,3.45679012345679,0.04049382716049374,0.10407480420709944,attentive,0,2
54.0,True,-0.018193591651138628,-0.6154837089982366,3.454657618753856,0.040485297141682,0.10401139401398476,attentive,0,2
54.03333333333333,True,0.40187495889016617,-1.133206651087649,3.45252774352651,0.04047677764077262,0.10394992234562278,attentive,0,2
54.06666666666666,True,-0.8804345729096106,1.417140369747831,3.4504004929143557,0.040468268638324006,0.10388152298289108,attentive,0,2
54.1,True,1.2740754307950557,2.071472955936983,3.4482758620689653,0.04045977011494244,0.10381820879646983,attentive,0,2
54.13333333333333,True,-0.5509162296751524,1.4057798652238127,3.446153846153846,0.04045128205128196,0.10375089145454439,attentive,0,2
54.166666666666664,True,3.8950436220314377,-0.03521011578924403,3.4440344403444034,0.040442804428044196,0.10369777869823074,attentive,0,2
54.199999999999996,True,-5.217215999483804,-4.225863163376378,3.4419176398279046,0.040434337225978195,0.10362556321062602,attentive,0,2
54.233333333333334,True,-0.16960036432189451,-0.1883292599754211,3.43980343980344,0.04042588042588034,0.10356170520501115,attentive,0,2
54.266666666666666,True,-1.1032532766920649,-0.1826039432716128,3.437691835481891,0.04041743400859414,0.10349537048029608,attentive,0,2
54.3,True,2.305150365278015,2.3379493896302193,3.4355828220858897,0.04040899795501014,0.10343497434481523,attentive,0,2
54.333333333333336,True,0.7217288110769196,-1.0915292213586005,3.4334763948497855,0.04040057224606572,0.10337501010799849,attentive,0,2
54.36666666666667,True,-5.758775764703179,2.5499332885427966,3.431372549019608,0.04039215686274501,0.10329251250537519,attentive,0,2
54.4,True,-2.440141977799506,-0.05548124360498523,3.4292712798530314,0.040383751786078705,0.10322269358540592,attentive,0,2
54.43333333333333,True,-0.13902724977537204,0.2594270978992509,3.4271725826193387,0.04037535699714394,0.10315879083318114,attentive,0,2
54.46666666666667,True,-4.13592582688481,-0.4110278376242147,3.4250764525993884,0.04036697247706413,0.10308501267525919,attentive,0,2
54.5,True,1.4159023737988121,-1.0846827820369522,3.4229828850855744,0.04035859820700888,0.10302732214527519,attentive,0,2
54.53333333333333,True,-0.29448311157233653,3.4830433266285485,3.4208918753817956,0.04035023416819376,0.10295885773949884,attentive,0,2
54.56666666666666,True,3.7783300761478227,-0.3019904062651612,3.418803418803419,0.04034188034188026,0.10290666287391177,attentive,0,2
54.6,True,-2.7805957081016945,1.5722867012540738,3.4167175106772425,0.04033353670937555,0.1028342047674638,attentive,0,2
54.63333333333333,True,2.748761219243101,4.710677800510258,3.414634146341464,0.040325203252032434,0.10277256716921532,attentive,0,2
54.666666666666664,True,-1.621511946104756,1.1519133044983074,3.412553321145643,0.04031687995124915,0.10270398758708671,attentive,0,2
54.699999999999996,True,-0.9626828327518819,-0.6629803225142861,3.41047503045067,0.04030856678846926,0.10263973101683746,attentive,0,2
54.733333333333334,True,-0.7044317452733142,0.06668422054471285,3.408399269628728,0.04030026374518149,0.10257526435467655,attentive,0,2
54.766666666666666,True,0.5884253357801013,-3.690800975289239,3.40632603406326,0.040291970802919616,0.10251945032748981,attentive,0,2
54.8,True,3.8622473108677324,-2.0814125258121963,3.404255319148936,0.04028368794326233,0.10247037522380886,attentive,0,2
54.833333333333336,True,-2.6386580231937797,-2.6498031839285194,3.402187120291616,0.040275415147833046,0.10240457370941278,attentive,0,2
54.86666666666667,True,4.135838397315256,-0.036771511601945396,3.400121432908318,0.04026715239829985,0.10235360749493122,attentive,0,2
54.9,True,-1.8213384267990715,-0.20896362619607764,3.3980582524271843,0.04025889967637532,0.10228686958150066,attentive,0,2
54.93333333333333,True,2.1160666121185927,0.38519563486829433,3.395997574287447,0.04025065696381637,0.10223002414827873,attentive,0,2
54.96666666666667,True,4.770647506576395,-2.8884814143977295,3.3939393939393945,0.040242424242424156,0.10218480699751892,attentive,0,2
55.0,True,-1.496931338306919,4.057869208703692,3.391883706844337,0.04023420149404393,0.10211342279261387,attentive,0,2
55.03333333333333,True,-2.995080599516513,2.519541432912384,3.389830508474576,0.04022598870056489,0.10204016378953529,attentive,0,2
55.06666666666666,True,0.5237851317309553,2.0919051832759927,3.38777979431337,0.04021778584392006,0.10197702954388749,attentive,0,2
55.1,True,-6.630777669618638,0.5040110300330756,3.3857315598548974,0.04020959290608617,0.10189688010190978,attentive,0,2
55.13333333333333,True,3.5531716886783506,0.7391218517317374,3.3836858006042294,0.04020140986908349,0.10184386046509175,attentive,0,2
55.166666666666664,True,-1.7743787275609475,0.20449866691727114,3.3816425120772946,0.04019323671497575,0.10177732397377218,attentive,0,2
55.199999999999996,True,-1.0724175192457308,0.5361672162317375,3.379601689800845,0.04018507342586996,0.10171230580433221,attentive,0,2
55.233333333333334,True,5.43704272508692,-1.3512373745348676,3.3775633293124248,0.04017691998391627,0.10166734505538802,attentive,0,2
55.266666666666666,True,-4.654953556329751,1.0620935113920853,3.375527426160337,0.04016877637130793,0.10159216950666528,attentive,0,2
55.3,True,1.8030559911907318,-1.3405124680744238,3.3734939759036147,0.04016064257028104,0.10153759139176896,attentive,0,2
55.333333333333336,True,3.7024361714851883,-0.4957731971016817,3.3714629741119806,0.0401525185631145,0.10148703112608402,attentive,0,2
55.36666666666667,True,-2.169197417990084,-1.6555179561583675,3.369434416365824,0.040144404332129874,0.10142238071709009,attentive,0,2
55.4,True,4.632870436342476,-1.222905711979099,3.367408298256164,0.040136299859691235,0.10137540881258278,attentive,0,2
55.43333333333333,True,0.11469967919549061,1.1171650635072596,3.3653846153846154,0.040128205128205044,0.10131330050639853,attentive,0,2
55.46666666666667,True,-0.9944438044274433,-0.6985143550993352,3.3633633633633635,0.040120120120120034,0.10125072945737398,attentive,0,2
55.5,True,2.517989117559889,-1.1643853269777389,3.361344537815126,0.04011204481792709,0.10119822516940052,attentive,0,2
55.53333333333333,True,4.456403094924667,2.2448790283150424,3.3593281343731256,0.040103979204159076,0.10114640716744797,attentive,0,2
55.56666666666666,True,-1.428223972634617,1.99539376842373,3.357314148681055,0.0400959232613908,0.10107930388348974,attentive,0,2
55.6,True,0.19632112110609262,0.02681057783404743,3.3553025763930497,0.04008787697223878,0.10101922818269328,attentive,0,2
55.63333333333333,True,1.1886770104801825,-1.5308025840255113,3.3532934131736525,0.04007984031936119,0.1009639381014195,attentive,0,2
55.666666666666664,True,-2.673939647575241,-2.186881064875552,3.3512866546977853,0.040071813285457725,0.10089931309925726,attentive,0,2
55.699999999999996,True,-4.020481417920926,-3.1486625122835847,3.349282296650718,0.040063795853269454,0.1008324643602644,attentive,0,2
55.733333333333334,True,-2.9086226747049557,0.664195737456459,3.3472803347280333,0.04005578800557871,0.10076358470289709,attentive,0,2
55.766666666666666,True,4.254040757072438,0.4583128862106549,3.345280764635603,0.04004778972520899,0.1007140774090057,attentive,0,2
55.8,True,1.010230874781039,-0.8017165985408141,3.343283582089552,0.040039800995024785,0.10065769378514375,attentive,0,2
55.833333333333336,True,0.6725135028343318,0.8033371134724686,3.341288782816229,0.040031821797931494,0.10059835372639127,attentive,0,2
55.86666666666667,True,-1.2377714885553315,0.7909967176810905,3.3392963625521763,0.040023852116875286,0.10053403808487316,attentive,0,2
55.9,True,-0.300946297637301,-3.846396872226565,3.3373063170441,0.04001589193484298,0.1004784218580671,attentive,0,2
55.93333333333333,True,-2.78927141731181,-1.7841713264326227,3.3353186420488385,0.040007941234861934,0.10041355565285986,attentive,0,2
55.96666666666667,True,1.7119583277087354,-2.5348053229033045,3.3333333333333335,0.03999999999999991,0.1003616675866357,attentive,0,2
56.0,False,-2.4169449630688433,0.7545094773602476,3.390838786436645,0.040230021812413155,0.10029457637133068,attentive,0,2
56.03333333333333,False,-1.4701201580395877,-0.42901578795837636,3.4482758620689653,0.042681992337164534,0.10023163042880825,attentive,0,2
56.06666666666666,False,0.20452858212073566,-0.8310066197699008,3.5056446821152707,0.04513368983957186,0.10017371246497522,attentive,0,2
56.1,False,-3.090338412852543,1.8641525694651766,3.5629453681710213,0.04758511480601743,0.10010361085504593,attentive,0,2
56.13333333333333,True,-0.9332326256874278,-0.8254012708884632,3.5608308605341246,0.04090999010880308,0.10004282920141552,attentive,0,2
56.166666666666664,True,0.08959136689051703,2.7821921463064436,3.558718861209965,0.04090154211150644,0.09998006093655042,attentive,0,2
56.199999999999996,True,1.9415799661204947,0.8148815922724032,3.5566093657379962,0.040893104129618565,0.09992483766172794,attentive,0,2
56.233333333333334,True,-0.8490769397106793,0.13179711094405935,3.5545023696682465,0.04088467614533957,0.09986323138482148,attentive,0,2
56.266666666666666,True,-3.6685925806609703,2.4605738707261064,3.5523978685612785,0.0408762581409117,0.09979121478965641,attentive,0,2
56.3,True,7.617322584295396,2.0124082139583415,3.5502958579881656,0.04086785009861924,0.09974955297545429,attentive,0,2
56.333333333333336,True,4.808987867642225,0.07651128759367143,3.548196333530455,0.0408594520007884,0.0997031033606422,attentive,0,2
56.36666666666667,True,-3.6070871454891362,2.2218122994960257,3.546099290780142,0.04085106382978715,0.09963178423389836,attentive,0,2
56.4,True,2.9301169064730472,-4.0315112599586405,3.5440047253396343,0.04084268556802512,0.09958591883016751,attentive,0,2
56.43333333333333,True,-0.16805710941092605,4.050877135249325,3.541912632821724,0.040834317197953475,0.09952137645206485,attentive,0,2
56.46666666666667,True,-3.900035815481616,1.1109651826098774,3.5398230088495577,0.040825958702064805,0.09945097900045292,attentive,0,2
56.5,True,-1.3044307935017685,0.13336027399482145,3.5377358490566038,0.040817610062892994,0.09938874739352001,attentive,0,2
56.53333333333333,True,0.3351984049113746,0.3728196864236501,3.5356511490866236,0.04080927126301308,0.09933056974773505,attentive,0,2
56.56666666666666,True,-2.3775458148737716,0.8312540654560407,3.53356890459364,0.040800942285041136,0.09926476016511275,attentive,0,2
56.6,True,-3.8302741280198394,-2.953621866232638,3.531489111241907,0.0407926231116342,0.09920017829543243,attentive,0,2
56.63333333333333,True,1.475661478520409,1.0982861277535383,3.5294117647058822,0.04078431372549011,0.09914424751974137,attentive,0,2
56.666666666666664,True,-1.0070338717542624,1.9400870565517834,3.527336860670194,0.04077601410934735,0.09908079586883803,attentive,0,2
56.699999999999996,True,2.703249549187043,-0.26497763939032515,3.525264394829612,0.04076772424598503,0.09902998651852703,attentive,0,2
56.733333333333334,True,0.11575985603144702,-1.4286835003951257,3.523194362889019,0.04075944411822266,0.09897400258074288,attentive,0,2
56.766666666666666,True,-2.2977059404559266,-1.4211165076439036,3.5211267605633805,0.040751173708920105,0.09891177958056735,attentive,0,2
56.8,True,3.979635783367633,1.1434379655301201,3.519061583577713,0.04074291300097743,0.09886265026520721,attentive,0,2
56.833333333333336,True,-1.0396244731823816,-3.2755071472441166,3.5169988276670576,0.04073466197733481,0.09880625853091196,attentive,0,2
56.86666666666667,True,-2.6528452009954853,-3.7823559666623074,3.5149384885764503,0.040726420620972384,0.09874639242302388,attentive,0,2
56.9,True,2.045636649962577,1.2421546943506343,3.51288056206089,0.040718188914910136,0.098692285269778,attentive,0,2
56.93333333333333,True,-3.5009518330301734,-0.9326536016543493,3.510825043885313,0.04070996684220783,0.09862664483230864,attentive,0,2
56.96666666666667,True,-3.0978516607013464,2.3898950036127617,3.508771929824561,0.04070175438596482,0.09855781105907985,attentive,0,2
57.0,True,-3.738297598916979,0.8187399684309952,3.5067212156633545,0.04069355152932,0.09848943473575646,attentive,0,2
57.03333333333333,True,4.012737924877142,0.0723445619989433,3.5046728971962615,0.04068535825545162,0.0984422292394645,attentive,0,2
57.06666666666666,True,4.937513980213886,2.8048351886482474,3.502626970227671,0.04067717454757726,0.09839393344860248,attentive,0,2
57.1,True,-0.18024008019326093,1.836442974934168,3.5005834305717616,0.04066900038895363,0.09833367908170607,attentive,0,2
57.13333333333333,True,-1.5275105371692272,0.8368278748948399,3.498542274052478,0.04066083576287649,0.09827129877132577,attentive,0,2
57.166666666666664,True,2.6334631901722654,-3.548935248645043,3.4965034965034967,0.040652680652680566,0.09822544766692522,attentive,0,2
57.199999999999996,True,0.22973397947305985,-1.2542159680564187,3.4944670937682005,0.040644535041739385,0.09817045799822255,attentive,0,2
57.233333333333334,True,1.191593538773811,-1.3250734784541895,3.4924330616996504,0.04063639891346518,0.09811811231778897,attentive,0,2
57.266666666666666,True,-3.6791655518700654,0.4147134500422093,3.4904013961605584,0.040628272251308814,0.09805098518302485,attentive,0,2
57.3,True,-3.390536660834573,0.33417364084996637,3.488372093023256,0.0406201550387596,0.09798478597075756,attentive,0,2
57.333333333333336,True,0.11465357382952229,-1.6842140038671793,3.4863451481696686,0.04061204725934525,0.09793032198659421,attentive,0,2
57.36666666666667,True,-2.411029389389033,-0.7619433053214658,3.484320557491289,0.040603948896631735,0.0978682123461665,attentive,0,2
57.4,True,4.593533538001138,-0.5274209087749068,3.4822983168891466,0.04059585993422317,0.09782394045918513,attentive,0,2
57.43333333333333,True,1.8126503275377228,-5.936822066823555,3.480278422273782,0.0405877803557617,0.09777952353409525,attentive,0,2
57.46666666666667,True,-4.073807661269351,-0.7595193749323899,3.4782608695652173,0.04057971014492745,0.09771332207639741,attentive,0,2
57.5,True,-0.6540342811826789,1.1921457898830992,3.476245654692932,0.040571649285438306,0.09765349046923039,attentive,0,2
57.53333333333333,True,3.0566489898459057,2.637920669190423,3.474232773595831,0.040563597761049904,0.0976014172614833,attentive,0,2
57.56666666666666,True,-0.4234489874065677,-0.4824024087897296,3.4722222222222223,0.04055555555555547,0.09754446621552948,attentive,0,2
57.6,True,0.6001816338034504,-1.4558911114870925,3.470213996529786,0.040547522652785724,0.09749146350951073,attentive,0,2
57.63333333333333,True,-3.0099179057832828,-1.3476702375689589,3.4682080924855487,0.04053949903660878,0.09742910856519052,attentive,0,2
57.666666666666664,True,1.5233844751960106,-1.2722828245206135,3.466204506065858,0.040531484690930014,0.0973783684058999,attentive,0,2
57.699999999999996,True,0.29271921601112905,-0.04770511505350176,3.4642032332563506,0.04052347959969198,0.09732295767683194,attentive,0,2
57.733333333333334,True,1.6342813604440412,-2.8176013412503775,3.4622042700519327,0.04051548374687431,0.09727460329215226,attentive,0,2
57.766666666666666,True,-1.9613975531011942,1.1853529690917222,3.4602076124567476,0.04050749711649357,0.09721195851507068,attentive,0,2
57.8,True,-3.28229182696919,0.6330993771708934,3.45821325648415,0.04049951969260318,0.09714670963340191,attentive,0,2
57.833333333333336,True,0.8497545731257854,-1.7454383179508761,3.4562211981566824,0.04049155145929331,0.09709515936218989,attentive,0,2
57.86666666666667,True,-2.2004956139729903,-2.918705763464736,3.454231433506045,0.04048359240069076,0.09703736481581049,attentive,0,2
57.9,True,2.6580688599675826,2.936834002326932,3.452243958573072,0.040475642500958864,0.09698457423858314,attentive,0,2
57.93333333333333,True,1.8049745003921287,-0.3546915440977508,3.4502587694077054,0.040467701744297396,0.09693387023518082,attentive,0,2
57.96666666666667,True,-0.8788617019056337,2.386413856876148,3.4482758620689653,0.04045977011494244,0.09687286847417634,attentive,0,2
58.0,True,3.8254566794881026,3.1154520814541193,3.4462952326249283,0.04045184759716629,0.09682301547840652,attentive,0,2
58.03333333333333,True,4.410217446498328,1.295249487606228,3.4443168771526977,0.04044393417527737,0.09677703362924223,attentive,0,2
58.06666666666666,True,4.124946095891064,-2.706451854429567,3.4423407917383817,0.0404360298336201,0.09673547906675488,attentive,0,2
58.1,True,-4.025820793142139,-2.6857827392447686,3.4403669724770642,0.04042813455657483,0.09667317424460009,attentive,0,2
58.13333333333333,True,5.284887825047459,0.02554964586641961,3.4383954154727796,0.0404202483285577,0.09663120200339559,attentive,0,2
58.166666666666664,True,1.3753520199490683,-0.6998844494325591,3.436426116838488,0.04041237113402053,0.09658024941027836,attentive,0,2
58.199999999999996,True,1.3171512684806634,3.508879235523242,3.434459072696051,0.04040450295745078,0.09652385344394473,attentive,0,2
58.233333333333334,True,-3.8944462884188527,-4.7508624357329605,3.4324942791762014,0.040396643783371385,0.09646477161812363,attentive,0,2
58.266666666666666,True,4.928639351395871,0.9067723219442504,3.430531732418525,0.04038879359634068,0.09642098959557446,attentive,0,2
58.3,True,-2.394476886666049,0.660211414156292,3.428571428571429,0.040380952380952295,0.09635897231239289,attentive,0,2
58.333333333333336,True,-5.284015518408495,0.4728271586390493,3.4266133637921183,0.040373120121835054,0.09628992935822571,attentive,0,2
58.36666666666667,True,-2.493924220874158,-3.6172434637044506,3.4246575342465753,0.040365296803652875,0.09623323088893443,attentive,0,2
58.4,True,0.8242300863025123,-4.15746512376503,3.4227039361095266,0.040357482411104685,0.09618569456567444,attentive,0,2
58.43333333333333,True,-1.5636082172076962,2.9339067845418896,3.4207525655644244,0.04034967692892427,0.09612317754328306,attentive,0,2
58.46666666666667,True,1.4581413831222765,1.017316287160962,3.418803418803419,0.04034188034188026,0.09607081101790745,attentive,0,2
58.5,True,-3.498020200201884,1.1958328503430449,3.416856492027335,0.040334092634775914,0.09600573415355815,attentive,0,2
58.53333333333333,True,-2.439587986675877,-0.5007090675837658,3.414911781445646,0.040326313792449164,0.09594555449470168,attentive,0,2
58.56666666666666,True,-1.8368027828366205,2.120325419345462,3.4129692832764507,0.040318543799772386,0.09588365406427868,attentive,0,2
58.6,True,-0.6893553798746543,-2.572205464163761,3.411028993746447,0.040310782641652367,0.09583065153806491,attentive,0,2
58.63333333333333,True,0.8476567317410302,0.1106273672185447,3.4090909090909087,0.040303030303030216,0.09577820317051963,attentive,0,2
58.666666666666664,True,1.0733628929031158,1.5274007821606574,3.4071550255536627,0.04029528676888123,0.09572459617143693,attentive,0,2
58.699999999999996,True,-2.5929923623154774,1.356647444944442,3.40522133938706,0.040287552024214815,0.09566201740936513,attentive,0,2
58.733333333333334,True,-1.4145020280714107,1.976857516200255,3.403289846851957,0.0402798260540744,0.09560169879915961,attentive,0,2
58.766666666666666,True,1.778867167465748,-0.7688196687618326,3.4013605442176873,0.040272108843537324,0.09555295325814686,attentive,0,2
58.8,True,-1.781267107920685,-1.2142719738354495,3.39943342776204,0.04026440037771474,0.09549585902936727,attentive,0,2
58.833333333333336,True,2.860804915021362,0.484542122094533,3.397508493771234,0.04025670064175152,0.09544837435734607,attentive,0,2
58.86666666666667,True,0.7336173113968593,-1.6248862843688616,3.395585738539898,0.04024900962082617,0.09539824589409554,attentive,0,2
58.9,True,-2.5107178230460354,1.0653075733377948,3.3936651583710407,0.040241327300150745,0.09533663710340703,attentive,0,2
58.93333333333333,True,-0.31137769696551815,-0.12472968984798932,3.3917467495760314,0.040233653664970705,0.09528211852743743,attentive,0,2
58.96666666666667,True,-1.6075246238803746,2.067944709484593,3.389830508474576,0.04022598870056489,0.09522165406127975,attentive,0,2
59.0,True,1.3743001385521318,0.898779527003629,3.387916431394692,0.04021833239224534,0.09517020801877084,attentive,0,2
59.03333333333333,True,5.231644846904712,-0.84452961342626,3.3860045146726865,0.040210684725357326,0.09513068108837053,attentive,0,2
59.06666666666666,True,2.1094767845557447,-2.3361046138884567,3.3840947546531304,0.040203045685279104,0.09508524178485889,attentive,0,2
59.1,True,2.420767258829149,2.5661486578165604,3.3821871476888385,0.04019541525742193,0.0950344927269316,attentive,0,2
59.13333333333333,True,0.9561682226126711,-1.2775501508772826,3.3802816901408446,0.04018779342722996,0.0949849457658912,attentive,0,2
59.166666666666664,True,-1.1907635267286591,-1.4384478322246472,3.3783783783783785,0.04018018018018009,0.09493028322232777,attentive,0,2
59.199999999999996,True,-4.688679509721901,0.13185161390099975,3.376477208778841,0.04017257550178194,0.0948649698501232,attentive,0,2
59.233333333333334,True,-1.6650806929981352,0.9122561045463895,3.374578177727784,0.040164979377577716,0.09480631261487374,attentive,0,2
59.266666666666666,True,-1.019189230607557,-1.9527940250230045,3.372681281618887,0.04015739179314212,0.09475291379517117,attentive,0,2
59.3,True,-3.4697411816751407,-2.010837902965956,3.3707865168539324,0.04014981273408231,0.0946935287069462,attentive,0,2
59.333333333333336,True,1.6485930060770955,3.333165040356859,3.3688938798427848,0.04014224218603772,0.09464031507297485,attentive,0,2
59.36666666666667,True,1.2633033203341886,0.06881513976280322,3.3670033670033668,0.04013468013468005,0.09459027098981992,attentive,0,2
59.4,True,5.62126631521747,3.6948259164172113,3.365114974761638,0.04012712656571313,0.09454662680058655,attentive,0,2
59.43333333333333,True,-0.15964567281926506,-4.140850254956989,3.3632286995515694,0.04011958146487286,0.09449839010009957,attentive,0,2
59.46666666666667,True,-4.328172154337201,2.63314306850753,3.361344537815126,0.04011204481792709,0.09443139506378184,attentive,0,2
59.5,True,-4.379556622819052,3.604767105230736,3.3594624860022395,0.04010451661067554,0.09436313824142327,attentive,0,2
59.53333333333333,True,-4.622703663894439,-3.230495275931985,3.357582540570789,0.04009699682894974,0.09430285306544803,attentive,0,2
59.56666666666666,True,-3.38694757964217,-0.4770578112329909,3.3557046979865772,0.04008948545861289,0.09424228493068851,attentive,0,2
59.6,True,0.13988623107170894,-0.6122134065088216,3.3538289547233093,0.04008198248555982,0.09419071416818911,attentive,0,2
59.63333333333333,True,0.13811214856011547,0.40088992270129126,3.35195530726257,0.040074487895716854,0.09413793888947865,attentive,0,2
59.666666666666664,True,-0.8574808269420275,2.878735421048387,3.350083752093802,0.04006700167504179,0.09407967749661904,attentive,0,2
59.699999999999996,True,-0.2841430664740783,1.3745796903788703,3.3482142857142856,0.040059523809523725,0.09402476836877081,attentive,0,2
59.733333333333334,True,0.4691717200944178,1.9696418421519746,3.3463469046291134,0.040052054285183034,0.09397105027474106,attentive,0,2
59.766666666666666,True,0.24510511668913293,-2.8933585896959717,3.3444816053511706,0.04004459308807126,0.09392286074940903,attentive,0,2
59.8,True,-1.3021756258432773,-0.2059282104248794,3.3426183844011144,0.040037140204271036,0.09386756677184356,attentive,0,2
59.833333333333336,True,-5.742446192970396,-1.752633222885273,3.34075723830735,0.04002969561989598,0.0938032600851195,attentive,0,2
59.86666666666667,True,0.16760868896388825,-1.8896595209207359,3.33889816360601,0.04002225932109062,0.09375381151016192,attentive,0,2
59.9,True,3.5738225188079946,2.2911107514644797,3.337041156840934,0.040014831294030315,0.09370767051288911,attentive,0,2
59.93333333333333,True,4.9224466984689474,-0.664662569132294,3.3351862145636466,0.04000741152492117,0.09366856373039917,attentive,0,2
59.96666666666667,True,1.5988762211171386,2.946599770511376,3.3333333333333335,0.03999999999999991,0.09361683570446466,attentive,0,2
60.0,False,1.839254310779988,-2.0129945474857935,3.3333333333333335,0.03999999999999991,0.09363365111738095,attentive,0,2
60.03333333333333,False,-5.453209073393186,3.0232240175683343,3.3333333333333335,0.04222222222222201,0.0936161256488138,attentive,0,2
60.06666666666666,False,0.14301406553569382,-4.971116225110585,3.3333333333333335,0.044444444444444106,0.09362178816515385,attentive,0,2
60.1,False,-1.2221290406385374,4.744885647479957,3.3333333333333335,0.046666666666666676,0.09360902531721935,attentive,0,2
60.13333333333333,True,-10.703019034643761,0.1425868993550924,3.3333333333333335,0.03999999999999991,0.09359090128240696,attentive,0,2
60.166666666666664,True,-0.20408486696229028,4.299479126508503,3.3333333333333335,0.03999999999999991,0.09358667986414902,attentive,0,2
60.199999999999996,True,-0.19350503892226917,-0.6001778370999676,3.3333333333333335,0.03999999999999991,0.09358924454465742,attentive,0,2
60.233333333333334,True,4.192053939528122,1.5104179825161044,3.3333333333333335,0.03999999999999991,0.09359732345316892,attentive,0,2
60.266666666666666,True,-6.3459634500943665,0.9154659713882811,3.3333333333333335,0.03999999999999991,0.09357390422125722,attentive,0,2
60.3,True,1.6485074901547794,0.5494200707630932,3.3333333333333335,0.03999999999999991,0.09357762010506031,attentive,0,2
60.333333333333336,True,7.361322540963293,4.23880016702848,3.3333333333333335,0.03999999999999991,0.09359009371370675,attentive,0,2
60.36666666666667,True,-7.140551206112118,-1.700448909618229,3.3333333333333335,0.03999999999999991,0.09357570480467638,attentive,0,2
60.4,True,-3.159875363174522,-4.4690300215701555,3.3333333333333335,0.03999999999999991,0.0935715423529084,attentive,0,2
60.43333333333333,True,-4.215001093776563,-1.8928295592891804,3.3333333333333335,0.03999999999999991,0.09356578830639095,attentive,0,2
60.46666666666667,True,2.6563336898156136,-2.0312033050915077,3.3333333333333335,0.03999999999999991,0.0935732077403355,attentive,0,2
60.5,True,0.7551934945332883,-1.5442078471348792,3.3333333333333335,0.03999999999999991,0.09357592640329185,attentive,0,2
60.53333333333333,True,-5.228242374419981,-1.683176915150299,3.3333333333333335,0.03999999999999991,0.0935712092221328,attentive,0,2
60.56666666666666,True,0.616697413403207,-2.915701844020327,3.3333333333333335,0.03999999999999991,0.09357274259588451,attentive,0,2
60.6,True,-5.545333088267493,1.028588905442299,3.3333333333333335,0.03999999999999991,0.09355213766234541,attentive,0,2
60.63333333333333,True,6.525451662366024,6.464519897753504,3.3333333333333335,0.03999999999999991,0.09355487324044759,attentive,0,2
60.666666666666664,True,-2.6813261919855207,0.5926616518762752,3.3333333333333335,0.03999999999999991,0.09354888768159281,attentive,0,2
60.699999999999996,True,-3.0421168135412167,3.9853880248624978,3.3333333333333335,0.03999999999999991,0.09353852736085232,attentive,0,2
60.733333333333334,True,4.181139815351928,1.4756708621438264,3.3333333333333335,0.03999999999999991,0.09353771233704766,attentive,0,2
60.766666666666666,True,3.372108278630463,2.594787849815332,3.3333333333333335,0.03999999999999991,0.09353510927698228,attentive,0,2
60.8,True,-4.144850810551758,-2.7292830645740254,3.3333333333333335,0.03999999999999991,0.09352335032787128,attentive,0,2
60.833333333333336,True,-5.1998686344318,2.9010728170973383,3.3333333333333335,0.03999999999999991,0.09350863854892978,attentive,0,2
60.86666666666667,True,0.5157930809682494,-2.45276728637816,3.3333333333333335,0.03999999999999991,0.09351885048121013,attentive,0,2
60.9,True,-4.096183287707126,0.45764345852010696,3.3333333333333335,0.03999999999999991,0.09350246308021283,attentive,0,2
60.93333333333333,True,-3.2642831882903387,-2.637843624011981,3.3333333333333335,0.03999999999999991,0.09349762886443774,attentive,0,2
60.96666666666667,True,0.9418305748520364,2.3114012548091156,3.3333333333333335,0.03999999999999991,0.09350632757950325,attentive,0,2
61.0,True,-8.76867455618707,5.358474605844939,3.3333333333333335,0.03999999999999991,0.09349004549956483,attentive,0,2
61.03333333333333,True,-0.6591400780541776,-4.543344497250876,3.3333333333333335,0.03999999999999991,0.09349388856483712,attentive,0,2
61.06666666666666,True,-3.4439538642517413,3.488136478601858,3.3333333333333335,0.03999999999999991,0.09348137938389633,attentive,0,2
61.1,True,-2.8627940008436314,0.34569386089373483,3.3333333333333335,0.03999999999999991,0.0934613106629825,attentive,0,2
61.13333333333333,True,-5.96104628142248,-2.6403849212774664,3.3333333333333335,0.03999999999999991,0.09345326225201053,attentive,0,2
61.166666666666664,True,1.1273380932526702,-6.017722652752612,3.3333333333333335,0.03999999999999991,0.09345877415515096,attentive,0,2
61.199999999999996,True,-3.490740877363205,-5.797452135212591,3.3333333333333335,0.03999999999999991,0.09345413923833644,attentive,0,2
61.233333333333334,True,1.5855775526156792,-1.2048913015455192,3.3333333333333335,0.03999999999999991,0.09345292433760458,attentive,0,2
61.266666666666666,True,-1.7369610594925189,-4.034395635469727,3.3333333333333335,0.03999999999999991,0.09344493501367077,attentive,0,2
61.3,True,3.374242121208506,2.8822971654559244,3.3333333333333335,0.03999999999999991,0.09344913893158677,attentive,0,2
61.333333333333336,True,9.360340217144143,-2.139694124698492,3.3333333333333335,0.03999999999999991,0.09347313776275726,attentive,0,2
61.36666666666667,True,5.2947322139415025,2.63395303940414,3.3333333333333335,0.03999999999999991,0.09348406678354404,attentive,0,2
61.4,True,5.355196650507018,-5.586748423757054,3.3333333333333335,0.03999999999999991,0.09349831199119574,attentive,0,2
61.43333333333333,True,-3.9813141739302846,-1.4447723821984495,3.3333333333333335,0.03999999999999991,0.09349010009393918,attentive,0,2
61.46666666666667,True,-0.10868842582860501,-4.224880772232296,3.3333333333333335,0.03999999999999991,0.0934950448442243,attentive,0,2
61.5,True,0.9603434876948035,0.11413870334687554,3.3333333333333335,0.03999999999999991,0.0934961181045966,attentive,0,2
61.53333333333333,True,7.033363721258277,-5.495276203454399,3.3333333333333335,0.03999999999999991,0.09351617957268143,attentive,0,2
61.56666666666666,True,-0.4193019025372191,-11.704094143368984,3.3333333333333335,0.03999999999999991,0.09352354870007756,attentive,0,2
61.6,True,-3.850132115947899,-1.795249670991063,3.3333333333333335,0.03999999999999991,0.09351821868364821,attentive,0,2
61.63333333333333,True,-3.53299503062902,2.0742906912756864,3.3333333333333335,0.03999999999999991,0.09351079747556929,attentive,0,2
61.666666666666664,True,-3.028886950135552,7.094265578216371,3.3333333333333335,0.03999999999999991,0.0934947924451632,attentive,0,2
61.699999999999996,True,-7.126937718543527,-0.11042816241942391,3.3333333333333335,0.03999999999999991,0.09347728672333502,attentive,0,2
61.733333333333334,True,8.947479441558377,0.9535379367149199,3.3333333333333335,0.03999999999999991,0.09349130855941573,attentive,0,2
61.766666666666666,True,-1.9492671409813747,-1.1847100047354155,3.3333333333333335,0.03999999999999991,0.09348643760693442,attentive,0,2
61.8,True,2.8933720273671426,1.6322095918820083,3.3333333333333335,0.03999999999999991,0.09348482283731736,attentive,0,2
61.833333333333336,True,-2.665669239258302,-5.464091484328591,3.3333333333333335,0.03999999999999991,0.09348394121971626,attentive,0,2
61.86666666666667,True,-1.1648576854211927,-0.9847819262446069,3.3333333333333335,0.03999999999999991,0.09348623550263735,attentive,0,2
61.9,True,-7.024996203953742,0.9474614752501651,3.3333333333333335,0.03999999999999991,0.09346207171748691,attentive,0,2
61.93333333333333,True,5.736357163434534,1.2192434103603995,3.3333333333333335,0.03999999999999991,0.09346841783507961,attentive,0,2
61.96666666666667,True,0.08490703612304708,1.9247522471390943,3.3333333333333335,0.03999999999999991,0.09346105799560861,attentive,0,2
62.0,True,2.4376019814534744,3.8844253906214234,3.3333333333333335,0.03999999999999991,0.09345784365193238,attentive,0,2
62.03333333333333,True,-3.43200442122395,4.961604898871651,3.3333333333333335,0.03999999999999991,0.09344143005116774,attentive,0,2
62.06666666666666,True,-9.486849392329564,-0.40302158731577464,3.3333333333333335,0.03999999999999991,0.09340856045650517,attentive,0,2
62.1,True,-9.969398709563503,1.7661646386930676,3.3333333333333335,0.03999999999999991,0.09337890618279107,attentive,0,2
62.13333333333333,True,-0.9796537070977661,-3.105065844241894,3.3333333333333335,0.03999999999999991,0.09338162246783102,attentive,0,2
62.166666666666664,True,-4.379744628315221,1.038144072454252,3.3333333333333335,0.03999999999999991,0.09337424077547027,attentive,0,2
62.199999999999996,True,-1.57813964146807,-0.7246551010737209,3.3333333333333335,0.03999999999999991,0.09336697277044662,attentive,0,2
62.233333333333334,True,7.532591150464635,1.9622900636098346,3.3333333333333335,0.03999999999999991,0.09339601557249569,attentive,0,2
62.266666666666666,True,-2.690830490396304,2.730914407238485,3.3333333333333335,0.03999999999999991,0.09339224684575612,attentive,0,2
62.3,True,1.2675151607499193,0.44638444742967204,3.3333333333333335,0.03999999999999991,0.09338992922441826,attentive,0,2
62.333333333333336,True,1.220888489335797,2.8996766095919333,3.3333333333333335,0.03999999999999991,0.09338168195978083,attentive,0,2
62.36666666666667,True,0.09940988443777866,-0.8446385586207847,3.3333333333333335,0.03999999999999991,0.09337022269730785,attentive,0,2
62.4,True,8.719795878097049,2.8079999728665133,3.3333333333333335,0.03999999999999991,0.09338507536862356,attentive,0,2
62.43333333333333,True,-8.99634109950121,4.499305189962374,3.3333333333333335,0.03999999999999991,0.09334704328377749,attentive,0,2
62.46666666666667,True,4.465660945662711,-0.8912947055991957,3.3333333333333335,0.03999999999999991,0.09335775621513305,attentive,0,2
62.5,True,-0.09539901674443121,-1.9237193997130224,3.3333333333333335,0.03999999999999991,0.09335380558063719,attentive,0,2
62.53333333333333,True,3.6972276308074408,-0.2776805518446568,3.3333333333333335,0.03999999999999991,0.09335879617460541,attentive,0,2
62.56666666666666,True,9.2847567894508,0.16097359429597125,3.3333333333333335,0.03999999999999991,0.09337944786147495,attentive,0,2
62.6,True,2.968366636864948,-1.291496568250185,3.3333333333333335,0.03999999999999991,0.09339569774901973,attentive,0,2
62.63333333333333,True,4.093826772254704,0.7793689524064893,3.3333333333333335,0.03999999999999991,0.09341020986818305,attentive,0,2
62.666666666666664,True,-3.80854849249598,3.1683842237966084,3.3333333333333335,0.03999999999999991,0.09339874777238544,attentive,0,2
62.699999999999996,True,-4.356711494099941,-1.8389093973718165,3.3333333333333335,0.03999999999999991,0.09338920692394402,attentive,0,2
62.733333333333334,True,-1.9228226743426224,0.11181721662812794,3.3333333333333335,0.03999999999999991,0.09337970832954955,attentive,0,2
62.766666666666666,True,-5.787105083247274,2.2429669374720613,3.3333333333333335,0.03999999999999991,0.09335706197545242,attentive,0,2
62.8,True,-7.164402100860928,-0.7505734066289358,3.3333333333333335,0.03999999999999991,0.09333596976283204,attentive,0,2
62.833333333333336,True,-6.072639292197506,-4.451964780691688,3.3333333333333335,0.03999999999999991,0.09332645127288014,attentive,0,2
62.86666666666667,True,-2.8583399183180265,2.4533081531966725,3.3333333333333335,0.03999999999999991,0.09330758362426722,attentive,0,2
62.9,True,-0.8571814857382641,-0.501751653173797,3.3333333333333335,0.03999999999999991,0.09330311449893088,attentive,0,2
62.93333333333333,True,1.091778063720096,-1.2167530460771903,3.3333333333333335,0.03999999999999991,0.09330946685903924,attentive,0,2
62.96666666666667,True,-3.0477408705284548,-3.4940951098825987,3.3333333333333335,0.03999999999999991,0.09330919233177537,attentive,0,2
63.0,True,-46.09361662137188,-19.356869905639044,3.3333333333333335,0.03999999999999991,0.09344763389150619,attentive,0,2
63.03333333333333,True,-47.42137907137209,-15.57779134369314,3.3333333333333335,0.03999999999999991,0.09357292496045194,attentive,0,2
63.06666666666666,True,-55.303736339446566,-15.532708441802669,3.3333333333333335,0.03999999999999991,0.093668919245845,attentive,0,2
63.1,True,-42.12414906642169,-15.997936342696033,3.3333333333333335,0.03999999999999991,0.09380284523485283,attentive,0,2
63.13333333333333,True,-51.340986310808546,-14.98641351942544,3.3333333333333335,0.03999999999999991,0.0939113735333745,attentive,0,2
63.166666666666664,True,-47.63737322790212,-13.847073099403207,3.3333333333333335,0.03999999999999991,0.09403032173147143,attentive,0,2
63.199999999999996,True,-51.5530587930094,-14.726616581687688,3.3333333333333335,0.03999999999999991,0.09413193290696419,attentive,0,2
63.233333333333334,True,-39.07309080959317,-15.383363007769548,3.3333333333333335,0.03999999999999991,0.09426914853368872,attentive,0,2
63.266666666666666,True,-58.46124742145366,-17.48335206812318,3.3333333333333335,0.03999999999999991,0.09437806924480106,attentive,0,2
63.3,True,-51.56420323554944,-17.980504655553737,3.3333333333333335,0.03999999999999991,0.09449547548159148,attentive,0,2
63.333333333333336,True,-54.82721980665073,-16.78492999281799,3.3333333333333335,0.03999999999999991,0.09460058230191525,attentive,0,2
63.36666666666667,True,-48.95147380924508,-16.31998174297087,3.3333333333333335,0.03999999999999991,0.09472330713432722,attentive,0,2
63.4,True,-63.54613550209226,-12.711211999037122,3.3333333333333335,0.03999999999999991,0.09480305215828762,attentive,0,2
63.43333333333333,True,-60.71985288110694,-15.44478705083271,3.3333333333333335,0.03999999999999991,0.09488932312503895,attentive,0,2
63.46666666666667,True,-52.732238104389495,-19.487811219039397,3.3333333333333335,0.03999999999999991,0.09500863440838615,attentive,0,2
63.5,True,-53.959546940420665,-14.21816248287566,3.3333333333333335,0.03999999999999991,0.09511446562742584,attentive,0,2
63.53333333333333,True,-57.13725903263635,-20.704917312781443,3.3333333333333335,0.03999999999999991,0.09522080367556078,attentive,0,2
63.56666666666666,True,-41.37400291184006,-16.382398199135054,3.3333333333333335,0.03999999999999991,0.09536742598870919,attentive,0,2
63.6,True,-50.68677654934079,-15.888426335804207,3.3333333333333335,0.03999999999999991,0.0954913371873174,attentive,0,2
63.63333333333333,True,-44.808180767667935,-16.59378174348845,3.3333333333333335,0.03999999999999991,0.09561671115029699,attentive,0,2
63.666666666666664,True,-53.39893608746925,-14.457987474746078,3.3333333333333335,0.03999999999999991,0.09572146178745446,attentive,0,2
63.699999999999996,True,-45.40292529932308,-10.301503452231833,3.3333333333333335,0.03999999999999991,0.09584143323535214,attentive,0,2
63.733333333333334,True,-47.87889610475622,-15.144830139974884,3.3333333333333335,0.03999999999999991,0.09595753557933269,attentive,0,2
63.766666666666666,True,-48.25972895673299,-17.638788064920547,3.3333333333333335,0.03999999999999991,0.09608772317677908,attentive,0,2
63.8,True,-57.80797115918834,-14.727174288024605,3.3333333333333335,0.03999999999999991,0.09618728788889415,attentive,0,2
63.833333333333336,True,-43.020851546771176,-14.430755499734666,3.3333333333333335,0.03999999999999991,0.09631396638368256,attentive,0,2
63.86666666666667,True,-43.30979676624713,-14.045368880133333,3.3333333333333335,0.03999999999999991,0.09644010756778068,attentive,0,2
63.9,True,-50.25798437451472,-14.162535307202038,3.3333333333333335,0.03999999999999991,0.09654686315600944,attentive,0,2
63.93333333333333,True,-46.70636559018322,-17.775739555363245,3.3333333333333335,0.03999999999999991,0.09667542444357632,attentive,0,2
63.96666666666667,True,-52.35344080310292,-16.35954327068233,3.3333333333333335,0.03999999999999991,0.09678299106665791,attentive,0,2
64.0,False,-44.443550881218236,-14.949520620341065,3.3333333333333335,0.03999999999999991,0.09690901290014639,attentive,0,2
64.03333333333333,False,-56.02758822200251,-10.46520375998752,3.3333333333333335,0.04222222222222201,0.09699938402565864,attentive,0,2
64.06666666666666,False,-47.937328145100935,-17.27801734987885,3.3333333333333335,0.044444444444444106,0.09711545975732737,attentive,0,2
64.1,False,-49.22030466117595,-17.848959528765686,3.3333333333333335,0.0466666666666662,0.09722906612254197,attentive,0,2
64.13333333333333,True,-49.79886226030226,-18.143686179588006,3.3333333333333335,0.03999999999999982,0.09735028944747678,attentive,0,2
64.16666666666667,True,-38.62762450059583,-14.149703640733508,3.3333333333333335,0.039999999999999813,0.09749919707586754,attentive,0,2
64.2,True,-49.461231748121904,-21.21456625188573,3.3333333333333335,0.039999999999999813,0.09762031658697197,attentive,0,2
64.23333333333333,True,-51.03073459949809,-20.15878167100879,3.3333333333333335,0.039999999999999813,0.09774377767971525,attentive,0,2
64.26666666666667,True,-50.48738572318578,-16.11286724835595,3.3333333333333335,0.039999999999999813,0.0978646917126331,attentive,0,2
64.3,True,-52.13343443339758,-18.213543303798858,3.3333333333333335,0.039999999999999813,0.09797760041782555,attentive,0,2
64.33333333333333,True,-46.29834521879366,-12.298374709833082,3.3333333333333335,0.039999999999999813,0.0981027221061591,attentive,0,2
64.36666666666666,True,-44.461521999277,-16.955102740991055,3.3333333333333335,0.039999999999999813,0.09823940468596576,attentive,0,2
64.4,True,-45.74374412849961,-18.1403878034044,3.3333333333333335,0.039999999999999813,0.09837264528804497,attentive,0,2
64.43333333333334,True,-47.074000280389974,-12.364077385558616,3.3333333333333335,0.039999999999999813,0.09849435419076219,attentive,0,2
64.46666666666667,True,-53.80809107852717,-18.065252354685562,3.3333333333333335,0.039999999999999813,0.09860038624142325,attentive,0,2
64.5,True,-44.064455135687595,-13.202230352310643,3.3333333333333335,0.039999999999999813,0.09873377705406439,attentive,0,2
64.53333333333333,True,-52.94051089813492,-11.72352983012409,3.3333333333333335,0.039999999999999813,0.09883641828957687,attentive,0,2
64.56666666666666,True,-49.6034937807314,-18.469109906196373,3.3333333333333335,0.039999999999999813,0.09895400326037111,attentive,0,2
64.6,True,-45.00056827301,-12.760162295973693,3.3333333333333335,0.039999999999999813,0.09908031590951542,attentive,0,2
64.63333333333333,True,-46.12584266190484,-13.009713881602517,3.3333333333333335,0.039999999999999813,0.09920025042793149,attentive,0,2
64.66666666666667,True,-58.23627858992607,-17.61906045468209,3.3333333333333335,0.039999999999999813,0.09928913565686025,attentive,0,2
64.7,True,-56.38870410078808,-19.21978934899477,3.3333333333333335,0.039999999999999813,0.09939025876203142,attentive,0,2
64.73333333333333,True,-54.122434427386246,-17.054028054110034,3.3333333333333335,0.039999999999999813,0.09949877907450713,attentive,0,2
64.76666666666667,True,-50.55296112250295,-15.203959416015016,3.3333333333333335,0.039999999999999813,0.09960175565165211,attentive,0,2
64.8,True,-38.75516876319233,-19.53322648313092,3.3333333333333335,0.039999999999999813,0.09975286194951469,attentive,0,2
64.83333333333333,True,-46.27533674227796,-19.289880333448764,3.3333333333333335,0.039999999999999813,0.09988609612123711,attentive,0,2
64.86666666666666,True,-52.58773180732206,-16.040174061362457,3.3333333333333335,0.039999999999999813,0.09998870490691164,attentive,0,2
64.9,True,-45.88645691100882,-18.897517428803177,3.3333333333333335,0.039999999999999813,0.1001152560686411,attentive,0,2
64.93333333333334,True,-55.62767068879414,-10.55245398924309,3.3333333333333335,0.039999999999999813,0.10020743853550014,attentive,0,2
64.96666666666667,True,-45.944586517030544,-16.841157687885975,3.3333333333333335,0.039999999999999813,0.10034069613839418,attentive,0,2
65.0,True,-62.98524132051185,-16.060940071473908,3.3333333333333335,0.039999999999999813,0.10043056751034529,attentive,0,2
65.03333333333333,True,-48.40578154213509,-11.728566699260156,3.3333333333333335,0.039999999999999813,0.10053997562762733,attentive,0,2
65.06666666666666,True,-56.118330744074186,-17.395895228252655,3.3333333333333335,0.039999999999999813,0.10064592973507308,attentive,0,2
65.1,True,-48.31012860731928,-17.25425382732198,3.3333333333333335,0.039999999999999813,0.10077562197702965,attentive,0,2
65.13333333333333,True,-48.609663934684086,-20.22379905865844,3.3333333333333335,0.039999999999999813,0.10089918419744273,attentive,0,2
65.16666666666667,True,-43.03559213107458,-14.957789016610306,3.3333333333333335,0.039999999999999813,0.10103528698988651,attentive,0,2
65.2,True,-49.338223537278644,-13.846329388003344,3.3333333333333335,0.039999999999999813,0.10114898801033431,attentive,0,2
65.23333333333333,True,-48.579522813542034,-15.536263367264786,3.3333333333333335,0.039999999999999813,0.10126399547390884,attentive,0,2
65.26666666666667,True,-48.827680513624,-12.521550016709083,3.3333333333333335,0.039999999999999813,0.1013741367965883,attentive,0,2
65.3,True,-54.22044163992124,-11.298524823723803,3.3333333333333335,0.039999999999999813,0.10146935267750205,attentive,0,2
65.33333333333333,True,-54.067558445870844,-13.67698922831866,3.3333333333333335,0.039999999999999813,0.10156835950291314,attentive,0,2
65.36666666666666,True,-47.80260653822351,-9.623252272520597,3.3333333333333335,0.039999999999999813,0.10168538101332027,attentive,0,2
65.4,True,-53.52540238447033,-11.305654896402222,3.3333333333333335,0.039999999999999813,0.10178372905910528,attentive,0,2
65.43333333333334,True,-52.052781414422356,-14.049642821864179,3.3333333333333335,0.039999999999999813,0.101903235593037,attentive,0,2
65.46666666666667,True,-52.82525077206294,-13.014175203179615,3.3333333333333335,0.039999999999999813,0.10202172049825597,attentive,0,2
65.5,True,-48.303779309699806,-11.95341094497166,3.3333333333333335,0.039999999999999813,0.10213669336608922,attentive,0,2
65.53333333333333,True,-56.898573654976985,-18.0651964069559,3.3333333333333335,0.039999999999999813,0.10223388301654263,attentive,0,2
65.56666666666666,True,-60.372158797888304,-13.542288205428417,3.3333333333333335,0.039999999999999813,0.10232218490404314,attentive,0,2
65.6,True,-44.79599838249325,-14.914786014155117,3.3333333333333335,0.039999999999999813,0.10245802189431134,attentive,0,2
65.63333333333333,True,-50.91236241608562,-16.41379361065394,3.3333333333333335,0.039999999999999813,0.10257368076539419,attentive,0,2
65.66666666666667,True,-52.05788297427718,-16.31578289850176,3.3333333333333335,0.039999999999999813,0.10268286815682517,attentive,0,2
65.7,True,-50.91019548498704,-17.122587101217487,3.3333333333333335,0.039999999999999813,0.10279956243022918,attentive,0,2
65.73333333333333,True,-53.86907293483818,-13.222990540090882,3.3333333333333335,0.039999999999999813,0.10290061410900533,attentive,0,2
65.76666666666667,True,-49.18107891297106,-12.989653605079507,3.3333333333333335,0.039999999999999813,0.10302395851416885,attentive,0,2
65.8,True,-48.986849103343744,-13.021466667860032,3.3333333333333335,0.039999999999999813,0.10314829185030909,attentive,0,2
65.83333333333333,True,-49.73371696979358,-11.809790195112884,3.3333333333333335,0.039999999999999813,0.10327040582620567,attentive,0,2
65.86666666666666,True,-53.782883536127365,-11.364514663196527,3.3333333333333335,0.039999999999999813,0.10337251696217843,attentive,0,2
65.9,True,-46.17558015678663,-19.330682344852846,3.3333333333333335,0.039999999999999813,0.10349682635217165,attentive,0,2
65.93333333333334,True,-51.92191090685254,-14.77943776597099,3.3333333333333335,0.039999999999999813,0.10360775878287679,attentive,0,2
65.96666666666667,True,-48.503388265870434,-18.383348877316642,3.3333333333333335,0.039999999999999813,0.10372854374492271,attentive,0,2
66.0,True,-51.25727416382765,-9.544337029429844,3.3333333333333335,0.039999999999999813,0.10383564991762645,attentive,0,2
66.03333333333333,True,-44.341081175617305,-11.897868382712051,3.3333333333333335,0.039999999999999813,0.10397024803269965,attentive,0,2
66.06666666666666,True,-52.24854394190885,-13.180826395887937,3.3333333333333335,0.039999999999999813,0.1040777292868405,attentive,0,2
66.1,True,-45.348905053210174,-14.861571840463329,3.3333333333333335,0.039999999999999813,0.10420336636077991,attentive,0,2
66.13333333333333,True,-48.30037102135386,-13.119607771351122,3.3333333333333335,0.039999999999999813,0.10432540205166085,attentive,0,2
66.16666666666667,True,-52.25470104299138,-15.72723530976458,3.3333333333333335,0.039999999999999813,0.10444275934786675,attentive,0,2
66.2,True,-52.04606703223651,-14.754625368940674,3.3333333333333335,0.039999999999999813,0.10455286082847351,attentive,0,2
66.23333333333333,True,-49.00767802852049,-13.136019423284017,3.3333333333333335,0.039999999999999813,0.10466646824380581,attentive,0,2
66.26666666666667,True,-55.00043016839049,-19.050946002889717,3.3333333333333335,0.039999999999999813,0.1047745638180548,attentive,0,2
66.3,True,-47.78485246681701,-15.430436075963186,3.3333333333333335,0.039999999999999813,0.1049054153791382,attentive,0,2
66.33333333333333,True,-48.83800453994683,-17.20233705677319,3.3333333333333335,0.039999999999999813,0.10503173634423324,attentive,0,2
66.36666666666666,True,-48.12139152950229,-23.173246740490146,3.3333333333333335,0.039999999999999813,0.10516192916601394,attentive,0,2
66.4,True,-57.070779157832376,-17.91978757194216,3.3333333333333335,0.039999999999999813,0.1052638720360312,attentive,0,2
66.43333333333334,True,-41.339259841230074,-12.631898365310724,3.3333333333333335,0.039999999999999813,0.10539268492579076,attentive,0,2
66.46666666666667,True,-50.90361105305586,-10.773282313327561,3.3333333333333335,0.039999999999999813,0.10549861611527273,attentive,0,2
66.5,True,-60.63871211246328,-14.767671681271707,3.3333333333333335,0.039999999999999813,0.10558747155913878,attentive,0,2
66.53333333333333,True,-40.785429216293366,-11.311921357881698,3.3333333333333335,0.039999999999999813,0.10573101986745259,attentive,0,2
66.56666666666666,True,-50.991681347702,-13.52380796850525,3.3333333333333335,0.039999999999999813,0.10584849340927874,attentive,0,2
66.6,True,-45.68484232083426,-19.693022652374246,3.3333333333333335,0.039999999999999813,0.10598042857446127,attentive,0,2
66.63333333333333,True,-58.576035169886254,-16.763443197506025,3.3333333333333335,0.039999999999999813,0.10608222805877582,attentive,0,2
66.66666666666667,True,-51.77298182219792,-10.070538038835736,3.3333333333333335,0.039999999999999813,0.10618907288111518,attentive,0,2
66.7,True,-41.530887468864364,-15.381842607365204,3.3333333333333335,0.039999999999999813,0.10632702552668395,attentive,0,2
66.73333333333333,True,-48.257392433171205,-9.124222671931218,3.3333333333333335,0.039999999999999813,0.10643943723353469,attentive,0,2
66.76666666666667,True,-52.769994200027384,-16.54973368675941,3.3333333333333335,0.039999999999999813,0.10654812704000724,attentive,0,2
66.8,True,-55.7593313490611,-15.569439613710111,3.3333333333333335,0.039999999999999813,0.10664592191238512,attentive,0,2
66.83333333333333,True,-52.13522425724225,-18.473804081795738,3.3333333333333335,0.039999999999999813,0.10676007805315468,attentive,0,2
66.86666666666666,True,-45.28610514030591,-13.670295861861558,3.3333333333333335,0.039999999999999813,0.10688568214747796,attentive,0,2
66.9,True,-53.75006767307923,-13.298071972383232,3.3333333333333335,0.039999999999999813,0.10698733045282345,attentive,0,2
66.93333333333334,True,-50.03507183594712,-19.07705489910916,3.3333333333333335,0.039999999999999813,0.10710627388862089,attentive,0,2
66.96666666666667,True,-39.42105258908148,-14.719053623197732,3.3333333333333335,0.039999999999999813,0.1072408638693234,attentive,0,2
67.0,True,0.6962051524282221,3.099459514289763,3.3333333333333335,0.039999999999999813,0.10723565477580126,attentive,0,2
67.03333333333333,True,1.3881605216806707,-2.999321643180465,3.3333333333333335,0.039999999999999813,0.10725032989958914,attentive,0,2
67.06666666666666,True,-8.48891256704819,4.195926448506645,3.3333333333333335,0.039999999999999813,0.10722197418881055,attentive,0,2
67.1,True,-9.816394726086822,-2.1027608092843826,3.3333333333333335,0.039999999999999813,0.10719309073650093,attentive,0,2
67.13333333333333,True,-0.10735819492831511,-0.5909024744777469,3.3333333333333335,0.039999999999999813,0.10719499220081585,attentive,0,2
67.16666666666667,True,1.8327957987638988,-2.712176938338696,3.3333333333333335,0.039999999999999813,0.10719476243125546,attentive,0,2
67.2,True,-3.6631126562260805,1.47573289973912,3.3333333333333335,0.039999999999999813,0.10717822673491383,attentive,0,2
67.23333333333333,True,-3.287237321393597,1.8036348457448794,3.3333333333333335,0.039999999999999813,0.10716898099915612,attentive,0,2
67.26666666666667,True,-4.734056446728332,-0.3007010514021695,3.3333333333333335,0.039999999999999813,0.10715681245022957,attentive,0,2
67.3,True,3.2060358451853816,0.6291148384548673,3.3333333333333335,0.039999999999999813,0.10715640338158164,attentive,0,2
67.33333333333333,True,4.500145509903061,-7.205030504126949,3.3333333333333335,0.039999999999999813,0.10717466470957612,attentive,0,2
67.36666666666666,True,-6.174983219074091,-6.06518264809876,3.3333333333333335,0.039999999999999813,0.10717212937074927,attentive,0,2
67.4,True,-7.1209464696834655,0.13485779666441355,3.3333333333333335,0.039999999999999813,0.10714531276375425,attentive,0,2
67.43333333333334,True,1.991435943258142,0.9039978918703299,3.3333333333333335,0.039999999999999813,0.10714104844124009,attentive,0,2
67.46666666666667,True,2.9415682454290115,-1.206829436639466,3.3333333333333335,0.039999999999999813,0.10714122812448756,attentive,0,2
67.5,True,-1.5713828695447407,0.1366988604457764,3.3333333333333335,0.039999999999999813,0.10714333658824074,attentive,0,2
67.53333333333333,True,-2.1072698698255716,2.993712453310065,3.3333333333333335,0.039999999999999813,0.10712830367025743,attentive,0,2
67.56666666666666,True,1.1461864781768742,4.580335206887635,3.3333333333333335,0.039999999999999813,0.10712374792659657,attentive,0,2
67.6,True,-1.1914024080076147,2.6391134525952036,3.3333333333333335,0.039999999999999813,0.10712171432196531,attentive,0,2
67.63333333333333,True,-1.262672154769502,-3.6713402463007068,3.3333333333333335,0.039999999999999813,0.10711777131844001,attentive,0,2
67.66666666666667,True,-1.1240190202940277,1.7438008032127783,3.3333333333333335,0.039999999999999813,0.10710751595551989,attentive,0,2
67.7,True,0.13823087289993918,0.9388387262894201,3.3333333333333335,0.039999999999999813,0.10710958071309144,attentive,0,2
67.73333333333333,True,-1.0967070448725957,0.3346375918253406,3.3333333333333335,0.039999999999999813,0.10710602546087564,attentive,0,2
67.76666666666667,True,-2.0190262439537303,-5.110391873968726,3.3333333333333335,0.039999999999999813,0.10710070716042372,attentive,0,2
67.8,True,-9.421261453783913,-1.8102582537480956,3.3333333333333335,0.039999999999999813,0.1070832452336328,attentive,0,2
67.83333333333333,True,0.19618998481179056,2.7940990224836475,3.3333333333333335,0.039999999999999813,0.10707390387523902,attentive,0,2
67.86666666666666,True,-2.769882772554257,-1.7541669609921757,3.3333333333333335,0.039999999999999813,0.10707152287020781,attentive,0,2
67.9,True,-2.4765683683359088,-4.096507552890308,3.3333333333333335,0.039999999999999813,0.10707237886054936,attentive,0,2
67.93333333333334,True,-0.5733774595225606,-0.738673778297957,3.3333333333333335,0.039999999999999813,0.10707660234918899,attentive,0,2
67.96666666666667,True,-0.8735353925970722,2.6543402712719657,3.3333333333333335,0.039999999999999813,0.10707201940021657,attentive,0,2
68.0,False,-2.9068227908288047,-1.8160664516287972,3.3333333333333335,0.039999999999999813,0.10706698203632287,attentive,0,2
68.03333333333333,False,-3.9099692563494486,-3.113179735310926,3.3333333333333335,0.04222222222222191,0.10705882407918785,attentive,0,2
68.06666666666666,False,-13.129307740492402,-4.538639070732078,3.3333333333333335,0.04444444444444401,0.107027176187231,attentive,0,2
68.1,False,6.659341673437435,-1.2951742984339507,3.3333333333333335,0.0466666666666661,0.10704423029051094,attentive,0,2
68.13333333333333,True,7.856829745596282,-0.24886063166512773,3.3333333333333335,0.03999999999999973,0.1070599858498819,attentive,0,2
68.16666666666667,True,-12.18195438063627,-1.2098898219330492,3.3333333333333335,0.039999999999999716,0.10703660827105373,attentive,0,2
68.2,True,2.5386584346896566,0.5517764400013898,3.3333333333333335,0.039999999999999716,0.1070430726881988,attentive,0,2
68.23333333333333,True,1.3738923364444955,1.5720316377527437,3.3333333333333335,0.039999999999999716,0.1070351149828132,attentive,0,2
68.26666666666667,True,2.5491567346309196,-3.5733476934814417,3.3333333333333335,0.039999999999999716,0.10704428392833423,attentive,0,2
68.3,True,-5.731929068559559,-0.49275133228345747,3.3333333333333335,0.039999999999999716,0.10703092193873971,attentive,0,2
68.33333333333333,True,1.3014666085879123,3.998888432163457,3.3333333333333335,0.039999999999999716,0.1070307624789157,attentive,0,2
68.36666666666666,True,7.038679330990391,4.991419205506828,3.3333333333333335,0.039999999999999716,0.10703234672677645,attentive,0,2
68.4,True,-5.062107809904962,1.5834612344294212,3.3333333333333335,0.039999999999999716,0.10700877760803856,attentive,0,2
68.43333333333334,True,5.492555716369115,-3.4639101950798765,3.3333333333333335,0.039999999999999716,0.10702581003682679,attentive,0,2
68.46666666666667,True,-10.489605621036118,-5.553104909335972,3.3333333333333335,0.039999999999999716,0.10699975708889072,attentive,0,2
68.5,True,-1.5015164167523631,0.28888840596991977,3.3333333333333335,0.039999999999999716,0.10699307475962397,attentive,0,2
68.53333333333333,True,-3.8220140004011807,1.298606250745678,3.3333333333333335,0.039999999999999716,0.1069814107146268,attentive,0,2
68.56666666666666,True,6.487256609797303,-1.235492257825619,3.3333333333333335,0.039999999999999716,0.10699053910527079,attentive,0,2
68.6,True,0.6892464324345513,-0.9577081176760007,3.3333333333333335,0.039999999999999716,0.1069929058196365,attentive,0,2
68.63333333333333,True,-1.4183955707387037,-5.977422348796807,3.3333333333333335,0.039999999999999716,0.10698552513484912,attentive,0,2
68.66666666666667,True,-2.854763830706277,1.0646731055006875,3.3333333333333335,0.039999999999999716,0.10697916347077646,attentive,0,2
68.7,True,4.098685432976074,-5.124293048184747,3.3333333333333335,0.039999999999999716,0.10698287372632131,attentive,0,2
68.73333333333333,True,-5.824725387537625,-0.6369580743699651,3.3333333333333335,0.039999999999999716,0.10697323080064186,attentive,0,2
68.76666666666667,True,3.937692352322123,-2.386945438087272,3.3333333333333335,0.039999999999999716,0.10699121897418158,attentive,0,2
68.8,True,0.5536837866427057,-3.4769407278307902,3.3333333333333335,0.039999999999999716,0.1070005471138051,attentive,0,2
68.83333333333333,True,-4.203792482103507,0.9730854127885142,3.3333333333333335,0.039999999999999716,0.10699519994090687,attentive,0,2
68.86666666666666,True,4.883821476778042,-6.25730045412832,3.3333333333333335,0.039999999999999716,0.10701823680984349,attentive,0,2
68.9,True,1.5140838691342438,2.2174599839990066,3.3333333333333335,0.039999999999999716,0.10701393817338452,attentive,0,2
68.93333333333334,True,8.66243474007532,-1.0102694787293214,3.3333333333333335,0.039999999999999716,0.10703030538943087,attentive,0,2
68.96666666666667,True,4.629908711144856,-0.4587865538462341,3.3333333333333335,0.039999999999999716,0.10702962429976107,attentive,0,2
69.0,True,2.9898363650126027,-4.7762861518168425,3.3333333333333335,0.039999999999999716,0.1070431451385459,attentive,0,2
69.03333333333333,True,-4.141131389628106,0.567551911438483,3.3333333333333335,0.039999999999999716,0.10703455302751241,attentive,0,2
69.06666666666666,True,9.082826924379608,0.18278123478567457,3.3333333333333335,0.039999999999999716,0.10705031546533537,attentive,0,2
69.1,True,0.8696122267611159,0.6356179253432698,3.3333333333333335,0.039999999999999716,0.10704758980323617,attentive,0,2
69.13333333333333,True,-1.2577796899826574,2.29499064823806,3.3333333333333335,0.039999999999999716,0.10703309759186072,attentive,0,2
69.16666666666667,True,1.2174530415287874,-3.8140872719591448,3.3333333333333335,0.039999999999999716,0.10703851397654486,attentive,0,2
69.2,True,5.262438498858049,1.246855392308439,3.3333333333333335,0.039999999999999716,0.10705168151699784,attentive,0,2
69.23333333333333,True,-1.649653109416596,-2.683353667088958,3.3333333333333335,0.039999999999999716,0.10704293149815983,attentive,0,2
69.26666666666667,True,-2.1548344710470864,1.4210839998123441,3.3333333333333335,0.039999999999999716,0.10703117556487737,attentive,0,2
69.3,True,-0.86631826784793,-1.1540526571166088,3.3333333333333335,0.039999999999999716,0.10702001713938109,attentive,0,2
69.33333333333333,True,-7.718131084437955,1.4534833649343248,3.3333333333333335,0.039999999999999716,0.10699726748679445,attentive,0,2
69.36666666666666,True,4.0519126440614075,-0.5494130108315347,3.3333333333333335,0.039999999999999716,0.10700548652728685,attentive,0,2
69.4,True,-0.6968915787079235,4.731991928276907,3.3333333333333335,0.039999999999999716,0.10699579679684126,attentive,0,2
69.43333333333334,True,2.4944187545506673,7.027668510104458,3.3333333333333335,0.039999999999999716,0.1069927360042289,attentive,0,2
69.46666666666667,True,1.5808582534571916,3.689795362055473,3.3333333333333335,0.039999999999999716,0.10697809895441081,attentive,0,2
69.5,True,-9.85408465166214,-2.858055814262725,3.3333333333333335,0.039999999999999716,0.1069546701313295,attentive,0,2
69.53333333333333,True,-10.693712700398219,-0.34958154636299904,3.3333333333333335,0.039999999999999716,0.10692711683961423,attentive,0,2
69.56666666666666,True,8.519741858589958,0.10100497771126449,3.3333333333333335,0.039999999999999716,0.10694790367690106,attentive,0,2
69.6,True,2.928896620063881,1.4574770873778453,3.3333333333333335,0.039999999999999716,0.10694808508164123,attentive,0,2
69.63333333333333,True,5.855265071406449,-2.0598614876781802,3.3333333333333335,0.039999999999999716,0.10696381124421138,attentive,0,2
69.66666666666667,True,-2.181869953220516,1.1649606248268913,3.3333333333333335,0.039999999999999716,0.10695119934508243,attentive,0,2
69.7,True,-0.21870671628533456,1.9581093070297282,3.3333333333333335,0.039999999999999716,0.10694996484301825,attentive,0,2
69.73333333333333,True,-7.257969749382994,-0.8089065292655081,3.3333333333333335,0.039999999999999716,0.10693015820026533,attentive,0,2
69.76666666666667,True,-9.681061787544161,0.7125801896861792,3.3333333333333335,0.039999999999999716,0.10690205245964923,attentive,0,2
69.8,True,1.1000475469513424,2.255574008477038,3.3333333333333335,0.039999999999999716,0.10690065303653018,attentive,0,2
69.83333333333333,True,-2.57010963997988,-1.95624970631909,3.3333333333333335,0.039999999999999716,0.10689806921475867,attentive,0,2
69.86666666666666,True,-3.2405196803458476,2.750425133566043,3.3333333333333335,0.039999999999999716,0.10687189605718167,attentive,0,2
69.9,True,-1.945788285706053,-4.085271439536964,3.3333333333333335,0.039999999999999716,0.10687031976755783,attentive,0,2
69.93333333333334,True,-4.854244315244184,2.1727030374454515,3.3333333333333335,0.039999999999999716,0.10684482538674739,attentive,0,2
69.96666666666667,True,-0.7752290839917082,-2.6449236597856887,3.3333333333333335,0.039999999999999716,0.10684532906992393,attentive,0,2
70.0,True,46.517588149263545,-16.718653585246614,3.3333333333333335,0.039999999999999716,0.10719468892147602,attentive,0,2
70.03333333333333,True,47.9642836164983,-12.833967544011442,3.3333333333333335,0.039999999999999716,0.10755040565545332,attentive,0,2
70.06666666666666,True,51.21072814616586,-9.01335393627529,3.3333333333333335,0.039999999999999716,0.1079132988273542,attentive,0,2
70.1,True,44.8245551473534,-17.062445275401238,3.3333333333333335,0.039999999999999716,0.10826545394686178,attentive,0,2
70.13333333333333,True,43.31077956488487,-13.875662693013439,3.3333333333333335,0.039999999999999716,0.1086170996681836,attentive,0,2
70.16666666666667,True,51.10376354606266,-13.11861581309627,3.3333333333333335,0.039999999999999716,0.1089807757230025,attentive,0,2
70.2,True,51.33306025797971,-22.800890856231646,3.3333333333333335,0.039999999999999716,0.10935897174411754,attentive,0,2
70.23333333333333,True,41.569975899347575,-15.11250670981586,3.3333333333333335,0.039999999999999716,0.10970475145511178,attentive,0,2
70.26666666666667,True,49.071249239424155,-14.472533741753407,3.3333333333333335,0.039999999999999716,0.11007195820658074,attentive,0,2
70.3,True,47.94460473818528,-18.50021451943793,3.3333333333333335,0.039999999999999716,0.11043799015160369,attentive,0,2
70.33333333333333,True,56.56655788362769,-15.631081906675625,3.3333333333333335,0.039999999999999716,0.11081371610408733,attentive,0,2
70.36666666666666,True,48.07770278137472,-14.569716225766417,3.3333333333333335,0.039999999999999716,0.11116574681302775,attentive,0,2
70.4,True,47.14127403474208,-16.628981935082535,3.3333333333333335,0.039999999999999716,0.11153235532982678,attentive,0,2
70.43333333333334,True,51.40908008026155,-14.748621861404844,3.3333333333333335,0.039999999999999716,0.11189065550075634,attentive,0,2
70.46666666666667,True,56.36518473163202,-16.689734367272944,3.3333333333333335,0.039999999999999716,0.11226152021758995,attentive,0,2
70.5,True,44.16157137064102,-14.989882135088195,3.3333333333333335,0.039999999999999716,0.11260655491862664,attentive,0,2
70.53333333333333,True,49.378929269962846,-15.033996222915007,3.3333333333333335,0.039999999999999716,0.11296467302883506,attentive,0,2
70.56666666666666,True,39.74780874183362,-11.892856316030462,3.3333333333333335,0.039999999999999716,0.11329395475442533,attentive,0,2
70.6,True,49.257287276419,-18.416769653965332,3.3333333333333335,0.039999999999999716,0.11364436805160502,attentive,0,2
70.63333333333333,True,52.30154807478807,-9.728529570849073,3.3333333333333335,0.039999999999999716,0.11399992167772009,attentive,0,2
70.66666666666667,True,45.50556355822959,-16.54272953327304,3.3333333333333335,0.039999999999999716,0.11434718010780302,attentive,0,2
70.7,True,53.98271469381321,-10.370626554633077,3.3333333333333335,0.039999999999999716,0.11471378831357448,attentive,0,2
70.73333333333333,True,46.80676576121403,-15.384891721582143,3.3333333333333335,0.039999999999999716,0.1150686038070414,attentive,0,2
70.76666666666667,True,50.20956463805866,-9.914944509013251,3.3333333333333335,0.039999999999999716,0.1154241796523198,attentive,0,2
70.8,True,46.87285515607708,-13.36777991158556,3.3333333333333335,0.039999999999999716,0.11576967992767496,attentive,0,2
70.83333333333333,True,51.36585511212904,-11.050019600227422,3.3333333333333335,0.039999999999999716,0.11612119589431688,attentive,0,2
70.86666666666666,True,47.78867498381549,-13.63977503962086,3.3333333333333335,0.039999999999999716,0.11647763217909968,attentive,0,2
70.9,True,49.7355596385865,-12.242359050765057,3.3333333333333335,0.039999999999999716,0.11683725803957659,attentive,0,2
70.93333333333334,True,58.30809285469167,-15.22571294546455,3.3333333333333335,0.039999999999999716,0.11722011028693585,attentive,0,2
70.96666666666667,True,55.660729725539326,-15.518242021307803,3.3333333333333335,0.039999999999999716,0.11760526758789729,attentive,0,2
71.0,True,51.99359599114448,-15.933350896589879,3.3333333333333335,0.039999999999999716,0.11797946482343535,attentive,0,2
71.03333333333333,True,44.68304835560598,-13.353094305591354,3.3333333333333335,0.039999999999999716,0.11833128347987779,attentive,0,2
71.06666666666666,True,51.73376943620792,-14.10693038503524,3.3333333333333335,0.039999999999999716,0.11869567101999087,attentive,0,2
71.1,True,52.52600716871011,-11.513608202852181,3.3333333333333335,0.039999999999999716,0.11905858243262012,attentive,0,2
71.13333333333333,True,50.721955177878066,-18.09303238755208,3.3333333333333335,0.039999999999999716,0.1194199678133652,attentive,0,2
71.16666666666667,True,44.91621503855396,-15.83369470388859,3.3333333333333335,0.039999999999999716,0.11976310721732153,attentive,0,2
71.2,True,56.66896029131343,-14.459480088778273,3.3333333333333335,0.039999999999999716,0.12013164774854845,attentive,0,2
71.23333333333333,True,59.33486183073479,-12.832884486257583,3.3333333333333335,0.039999999999999716,0.12051419031025218,attentive,0,2
71.26666666666667,True,48.50133848955261,-19.160064583821608,3.3333333333333335,0.039999999999999716,0.12087869094317807,attentive,0,2
71.3,True,53.82478955276275,-15.337834269397069,3.3333333333333335,0.039999999999999716,0.12125567911225536,attentive,0,2
71.33333333333333,True,49.701198362714635,-10.40271397453218,3.3333333333333335,0.039999999999999716,0.12160794393246906,attentive,0,2
71.36666666666666,True,49.23398784866085,-9.77816685476986,3.3333333333333335,0.039999999999999716,0.12195510387274566,attentive,0,2
71.4,True,51.84397308953325,-16.38577566452995,3.3333333333333335,0.039999999999999716,0.12232675834352724,attentive,0,2
71.43333333333334,True,46.09914588434937,-18.137740721473957,3.3333333333333335,0.039999999999999716,0.12268522771292198,attentive,0,2
71.46666666666667,True,48.203800690399966,-14.045445162902482,3.3333333333333335,0.039999999999999716,0.1230380248965592,attentive,0,2
71.5,True,57.04085060803343,-15.611533493759293,3.3333333333333335,0.039999999999999716,0.12340993213327066,attentive,0,2
71.53333333333333,True,48.94310078954601,-14.01964214251001,3.3333333333333335,0.039999999999999716,0.1237748186665438,attentive,0,2
71.56666666666666,True,54.229531972596625,-13.782546072083749,3.3333333333333335,0.039999999999999716,0.12414628008479153,attentive,0,2
71.6,True,53.36076767635467,-18.157309859893264,3.3333333333333335,0.039999999999999716,0.1245183230608275,attentive,0,2
71.63333333333333,True,44.196184109820244,-18.21294650056709,3.3333333333333335,0.039999999999999716,0.124874456961018,attentive,0,2
71.66666666666667,True,52.7983456702326,-10.74598284078176,3.3333333333333335,0.039999999999999716,0.12524181951963778,attentive,0,2
71.7,True,46.46161786961001,-12.547400361599578,3.3333333333333335,0.039999999999999716,0.12559153549034915,attentive,0,2
71.73333333333333,True,48.6072495945908,-17.624903269504227,3.3333333333333335,0.039999999999999716,0.12594484950496115,attentive,0,2
71.76666666666667,True,55.03374680263996,-19.833297320190585,3.3333333333333335,0.039999999999999716,0.1263274378148896,attentive,0,2
71.8,True,56.1023697228389,-16.609706211521132,3.3333333333333335,0.039999999999999716,0.12670917363128256,attentive,0,2
71.83333333333333,True,57.899978528217034,-11.400026653488572,3.3333333333333335,0.039999999999999716,0.12708737265856232,attentive,0,2
71.86666666666666,True,49.98863427335431,-23.80892252996995,3.3333333333333335,0.039999999999999716,0.12745482494623359,attentive,0,2
71.9,True,51.54075624083809,-14.941203269003825,3.3333333333333335,0.039999999999999716,0.12781959107900248,attentive,0,2
71.93333333333334,True,48.49634000710366,-15.488557179354252,3.3333333333333335,0.039999999999999716,0.1281818837660807,attentive,0,2
71.96666666666667,True,51.23611163952388,-14.871372261521925,3.3333333333333335,0.039999999999999716,0.12854678952884685,attentive,0,2
72.0,False,51.58451626269516,-17.880842691872992,3.3333333333333335,0.039999999999999716,0.12891216016709467,attentive,0,2
72.03333333333333,False,48.393774402364784,-10.817295336017835,3.3333333333333335,0.042222222222221814,0.12926121814203745,attentive,0,2
72.06666666666666,False,55.353744335967384,-16.535826679577163,3.3333333333333335,0.04444444444444391,0.12962823237361512,attentive,0,2
72.1,False,46.11540536048151,-13.862869007122194,3.3333333333333335,0.046666666666666,0.12998190328478304,attentive,0,2
72.13333333333333,True,52.483676414295466,-11.206921373317698,3.3333333333333335,0.03999999999999964,0.13034135271612807,attentive,0,2
72.16666666666667,True,60.91949639460947,-11.594437940016174,3.3333333333333335,0.039999999999999626,0.13071332131203148,attentive,0,2
72.2,True,45.144303875186054,-11.402368555844053,3.3333333333333335,0.039999999999999626,0.13105579428573874,attentive,0,2
72.23333333333333,True,48.427300979815804,-9.583698219452756,3.3333333333333335,0.039999999999999626,0.13140829751374639,attentive,0,2
72.26666666666667,True,52.39862176409607,-20.95864163334897,3.3333333333333335,0.039999999999999626,0.13178180867840178,attentive,0,2
72.3,True,52.25385153955731,-14.323615658442929,3.3333333333333335,0.039999999999999626,0.13214638132314216,attentive,0,2
72.33333333333333,True,53.95179562073137,-15.49456143125432,3.3333333333333335,0.039999999999999626,0.13251508276461943,attentive,0,2
72.36666666666666,True,46.98799333922899,-18.06150847479923,3.3333333333333335,0.039999999999999626,0.13287282690111693,attentive,0,2
72.4,True,52.862516583171704,-13.439564173831565,3.3333333333333335,0.039999999999999626,0.13324085936695756,attentive,0,2
72.43333333333334,True,42.0479598842884,-13.387562324911649,3.3333333333333335,0.039999999999999626,0.13358669929627992,attentive,0,2
72.46666666666667,True,42.4932791144655,-12.457946755433152,3.3333333333333335,0.039999999999999626,0.13391912759993752,attentive,0,2
72.5,True,51.69546964871537,-13.536195060089568,3.3333333333333335,0.039999999999999626,0.13427612704839553,attentive,0,2
72.53333333333333,True,43.587050136117035,-20.498055748245047,3.3333333333333335,0.039999999999999626,0.13462320616447565,attentive,0,2
72.56666666666666,True,52.97626144213306,-15.626623611007728,3.3333333333333335,0.039999999999999626,0.13499009298055653,attentive,0,2
72.6,True,51.02934627676836,-12.252975302628952,3.3333333333333335,0.039999999999999626,0.1353493175782767,attentive,0,2
72.63333333333333,True,54.11097956733098,-9.92683099730047,3.3333333333333335,0.039999999999999626,0.13571584548252408,attentive,0,2
72.66666666666667,True,47.12273201231255,-13.442421622460014,3.3333333333333335,0.039999999999999626,0.1360747064920662,attentive,0,2
72.7,True,51.48052969512174,-15.705121302060492,3.3333333333333335,0.039999999999999626,0.13643948494012662,attentive,0,2
72.73333333333333,True,53.64172180000959,-18.24502315487306,3.3333333333333335,0.039999999999999626,0.13681428687993646,attentive,0,2
72.76666666666667,True,55.28129216484299,-15.276835532304538,3.3333333333333335,0.039999999999999626,0.13718392772427246,attentive,0,2
72.8,True,47.79406555422097,-15.063131103004785,3.3333333333333335,0.039999999999999626,0.1375441598815127,attentive,0,2
72.83333333333333,True,44.92645359292844,-17.16763597780587,3.3333333333333335,0.039999999999999626,0.13788945656347512,attentive,0,2
72.86666666666666,True,55.423871010103205,-12.584820575156769,3.3333333333333335,0.039999999999999626,0.13825359731809891,attentive,0,2
72.9,True,55.64191589965647,-15.347314741851733,3.3333333333333335,0.039999999999999626,0.13862746144370028,attentive,0,2
72.93333333333334,True,40.6618285981215,-18.41087097927385,3.3333333333333335,0.039999999999999626,0.13897258379594307,attentive,0,2
72.96666666666667,True,58.037458110592965,-16.099916945985537,3.3333333333333335,0.039999999999999626,0.13933683613430342,attentive,0,2
73.0,True,41.42345030444139,-14.306332356165779,3.3333333333333335,0.039999999999999626,0.13966868792460146,attentive,0,2
73.03333333333333,True,59.22043169471815,-14.139449801259303,3.3333333333333335,0.039999999999999626,0.14004798318464717,attentive,0,2
73.06666666666666,True,49.96293014823867,-9.622486323846058,3.3333333333333335,0.039999999999999626,0.14040249956269565,attentive,0,2
73.1,True,49.02748478340276,-17.83042521798842,3.3333333333333335,0.039999999999999626,0.14076686047634035,attentive,0,2
73.13333333333333,True,49.51860984608374,-17.163505102284077,3.3333333333333335,0.039999999999999626,0.141124038600753,attentive,0,2
73.16666666666667,True,44.17456674816651,-14.40752489927719,3.3333333333333335,0.039999999999999626,0.14146931149666392,attentive,0,2
73.2,True,45.89465923245669,-16.402532358002084,3.3333333333333335,0.039999999999999626,0.1418280512361858,attentive,0,2
73.23333333333333,True,55.80422971139594,-14.822254195936177,3.3333333333333335,0.039999999999999626,0.14219939361194217,attentive,0,2
73.26666666666667,True,48.93527296714355,-16.981052326708667,3.3333333333333335,0.039999999999999626,0.14255906396798423,attentive,0,2
73.3,True,49.36387851776411,-13.296524190967231,3.3333333333333335,0.039999999999999626,0.14292693103442072,attentive,0,2
73.33333333333333,True,60.532922048363496,-16.603533431422974,3.3333333333333335,0.039999999999999626,0.14330696098516493,attentive,0,2
73.36666666666666,True,57.0941585382409,-19.809888452740157,3.3333333333333335,0.039999999999999626,0.14368872584838693,attentive,0,2
73.4,True,50.24005593560094,-8.940399293985614,3.3333333333333335,0.039999999999999626,0.14404645772902883,attentive,0,2
73.43333333333334,True,48.658902995351596,-11.08957392999552,3.3333333333333335,0.039999999999999626,0.14439593489885838,attentive,0,2
73.46666666666667,True,51.46930026861045,-7.978258686591518,3.3333333333333335,0.039999999999999626,0.1447562652947541,attentive,0,2
73.5,True,51.361186089376126,-12.891256795233662,3.3333333333333335,0.039999999999999626,0.14511796307259178,attentive,0,2
73.53333333333333,True,57.31060068908434,-18.877490080846364,3.3333333333333335,0.039999999999999626,0.1455026240568676,attentive,0,2
73.56666666666666,True,46.404256727350614,-16.486739410360205,3.3333333333333335,0.039999999999999626,0.14585499533510277,attentive,0,2
73.6,True,44.91839818056029,-15.181981053858054,3.3333333333333335,0.039999999999999626,0.14619707860521117,attentive,0,2
73.63333333333333,True,54.795878080022455,-14.061374997577643,3.3333333333333335,0.039999999999999626,0.1465594036395848,attentive,0,2
73.66666666666667,True,55.97327939603323,-15.676460061132692,3.3333333333333335,0.039999999999999626,0.14693578595681106,attentive,0,2
73.7,True,58.000034611127916,-16.29669799272657,3.3333333333333335,0.039999999999999626,0.14731519049590003,attentive,0,2
73.73333333333333,True,46.33535391674199,-11.89108642964348,3.3333333333333335,0.039999999999999626,0.1476548188335615,attentive,0,2
73.76666666666667,True,53.59229517848292,-15.709461956547822,3.3333333333333335,0.039999999999999626,0.14801792656987628,attentive,0,2
73.8,True,53.60244819520114,-13.540763623133941,3.3333333333333335,0.039999999999999626,0.148374684705287,attentive,0,2
73.83333333333333,True,65.40959693315568,-10.82875990477819,3.3333333333333335,0.039999999999999626,0.14876115785374958,attentive,0,2
73.86666666666666,True,44.70987975208187,-16.182092600625225,3.3333333333333335,0.039999999999999626,0.14910853363542187,attentive,0,2
73.9,True,45.32849301798723,-13.63068537631768,3.3333333333333335,0.039999999999999626,0.14945019665445425,attentive,0,2
73.93333333333334,True,42.424308715000635,-14.99447306786156,3.3333333333333335,0.039999999999999626,0.14979603335545605,attentive,0,2
73.96666666666667,True,53.7113126472306,-19.681038099920336,3.3333333333333335,0.039999999999999626,0.15017028758082773,attentive,0,2
74.0,True,4.032924783725313,-3.3478813959803784,3.3333333333333335,0.039999999999999626,0.15017643798766794,attentive,0,2
74.03333333333333,True,-5.980781399815945,-1.0717857405726479,3.3333333333333335,0.039999999999999626,0.15015494591447986,attentive,0,2
74.06666666666666,True,-1.183214671457205,2.0524832261688943,3.3333333333333335,0.039999999999999626,0.15013835403813935,attentive,0,2
74.1,True,-8.704268438725263,0.029518763557543265,3.3333333333333335,0.039999999999999626,0.15011445229698014,attentive,0,2
74.13333333333333,True,-2.235270165726582,-1.7158165401832135,3.3333333333333335,0.039999999999999626,0.1500988324959497,attentive,0,2
74.16666666666667,True,-5.789108598459446,-0.29724504804215207,3.3333333333333335,0.039999999999999626,0.15009236689407734,attentive,0,2
74.2,True,0.6174429517552531,2.8076498200189617,3.3333333333333335,0.039999999999999626,0.15008369841795133,attentive,0,2
74.23333333333333,True,6.980222893931549,-1.2934508751124005,3.3333333333333335,0.039999999999999626,0.15009730627180617,attentive,0,2
74.26666666666667,True,5.912610164416395,-2.0232027891054605,3.3333333333333335,0.039999999999999626,0.15011522802400667,attentive,0,2
74.3,True,4.534794073382554,1.8923929298812756,3.3333333333333335,0.039999999999999626,0.150122624098397,attentive,0,2
74.33333333333333,True,3.866029611365435,-1.7914085351862599,3.3333333333333335,0.039999999999999626,0.15012882831147745,attentive,0,2
74.36666666666666,True,-3.1576053268570066,1.9876195080046588,3.3333333333333335,0.039999999999999626,0.15011183433442987,attentive,0,2
74.4,True,3.332515143375322,-0.8501259760327433,3.3333333333333335,0.039999999999999626,0.1501226511877462,attentive,0,2
74.43333333333334,True,-4.016545517726818,6.127739814239593,3.3333333333333335,0.039999999999999626,0.15010309421040713,attentive,0,2
74.46666666666667,True,1.9143998580884278,-0.329881608498506,3.3333333333333335,0.039999999999999626,0.15010490595006695,attentive,0,2
74.5,True,-3.9246978747007395,2.504455647813309,3.3333333333333335,0.039999999999999626,0.15007579087152945,attentive,0,2
74.53333333333333,True,0.8038193781740373,-2.2887571732181606,3.3333333333333335,0.039999999999999626,0.15007328334975356,attentive,0,2
74.56666666666666,True,-3.066669850209464,-6.732828168868563,3.3333333333333335,0.039999999999999626,0.15007119555618292,attentive,0,2
74.6,True,1.609501962734213,-1.5378552425610408,3.3333333333333335,0.039999999999999626,0.15007344073644752,attentive,0,2
74.63333333333333,True,-8.296017782759506,0.6346696206050906,3.3333333333333335,0.039999999999999626,0.15003332760924804,attentive,0,2
74.66666666666667,True,-3.8471457877565807,-0.530057908205241,3.3333333333333335,0.039999999999999626,0.15002178042529607,attentive,0,2
74.7,True,4.017848729784871,3.2862007914182993,3.3333333333333335,0.039999999999999626,0.1500210844017643,attentive,0,2
74.73333333333333,True,3.3076116744418043,-2.747536728404192,3.3333333333333335,0.039999999999999626,0.15003289651478036,attentive,0,2
74.76666666666667,True,-7.7352844153525915,2.527714283506124,3.3333333333333335,0.039999999999999626,0.1500151573767729,attentive,0,2
74.8,True,3.0138231133060174,-0.721963124833527,3.3333333333333335,0.039999999999999626,0.1500208732629441,attentive,0,2
74.83333333333333,True,1.5004097419411409,-2.2343882508703485,3.3333333333333335,0.039999999999999626,0.15002690599886478,attentive,0,2
74.86666666666666,True,-3.917663139672996,-1.5987179232709807,3.3333333333333335,0.039999999999999626,0.15001558343629254,attentive,0,2
74.9,True,2.3229178599567715,0.3713896544198877,3.3333333333333335,0.039999999999999626,0.15001171655937132,attentive,0,2
74.93333333333334,True,5.226887731258053,4.800974694094047,3.3333333333333335,0.039999999999999626,0.15001415333661755,attentive,0,2
74.96666666666667,True,-2.4026161825238215,-5.915731231020011,3.3333333333333335,0.039999999999999626,0.1500186068781924,attentive,0,2
75.0,True,7.437783507819646,-0.1069250929773744,3.3333333333333335,0.039999999999999626,0.1500417687591406,attentive,0,2
75.03333333333333,True,-2.870792060853062,3.5248073338610486,3.3333333333333335,0.039999999999999626,0.15002358487987322,attentive,0,2
75.06666666666666,True,7.66136451440477,2.4960440774328903,3.3333333333333335,0.039999999999999626,0.15003559084417686,attentive,0,2
75.1,True,0.41004045417226415,-5.14082981819875,3.3333333333333335,0.039999999999999626,0.15003996865181934,attentive,0,2
75.13333333333333,True,-19.077668779075143,-3.514973724317768,3.3333333333333335,0.039999999999999626,0.15000056309023038,attentive,0,2
75.16666666666667,True,6.420954521353082,5.086043614234297,3.3333333333333335,0.039999999999999626,0.15000478298554842,attentive,0,2
75.2,True,1.169253613011856,6.460847705701978,3.3333333333333335,0.039999999999999626,0.14998459886552473,attentive,0,2
75.23333333333333,True,0.49410076867440633,2.333750545299478,3.3333333333333335,0.039999999999999626,0.14998112680820702,attentive,0,2
75.26666666666667,True,-4.475083322579797,1.3953527289512029,3.3333333333333335,0.039999999999999626,0.1499674371673239,attentive,0,2
75.3,True,-2.8618847643268355,2.8440565261826505,3.3333333333333335,0.039999999999999626,0.14996494948237393,attentive,0,2
75.33333333333333,True,2.1248289336971227,-2.6463634895873334,3.3333333333333335,0.039999999999999626,0.14997296614748287,attentive,0,2
75.36666666666666,True,8.915256458803327,1.4911467291563554,3.3333333333333335,0.039999999999999626,0.14998903351545556,attentive,0,2
75.4,True,0.8631911965526301,-3.6946758779784745,3.3333333333333335,0.039999999999999626,0.14999287034666756,attentive,0,2
75.43333333333334,True,-1.4587332991866888,-0.6086948570687278,3.3333333333333335,0.039999999999999626,0.14998960056737692,attentive,0,2
75.46666666666667,True,15.44504431822628,1.60433145611835,3.3333333333333335,0.039999999999999626,0.15001548448433277,attentive,0,2
75.5,True,5.047406260319622,0.9974702712634272,3.3333333333333335,0.039999999999999626,0.15002203845011997,attentive,0,2
75.53333333333333,True,3.5363573847306573,1.004283691969886,3.3333333333333335,0.039999999999999626,0.15002464684412228,attentive,0,2
75.56666666666666,True,3.9272910083288126,-3.164519460417953,3.3333333333333335,0.039999999999999626,0.15003543787055096,attentive,0,2
75.6,True,2.120738957139829,1.0374395859576113,3.3333333333333335,0.039999999999999626,0.15002674957746814,attentive,0,2
75.63333333333333,True,6.295594803934854,-1.5174787498308882,3.3333333333333335,0.039999999999999626,0.150037060656722,attentive,0,2
75.66666666666667,True,-4.065719912450066,-1.6906028341947938,3.3333333333333335,0.039999999999999626,0.1500218072803647,attentive,0,2
75.7,True,-3.7807531633808233,-6.24910587478564,3.3333333333333335,0.039999999999999626,0.15001959258452024,attentive,0,2
75.73333333333333,True,5.008955030640292,-0.1437539749329137,3.3333333333333335,0.039999999999999626,0.15002676886402028,attentive,0,2
75.76666666666667,True,1.468441926296008,-0.8550463525661587,3.3333333333333335,0.039999999999999626,0.15002608703220066,attentive,0,2
75.8,True,0.1556907137651858,0.6754727920444055,3.3333333333333335,0.039999999999999626,0.15001147327544317,attentive,0,2
75.83333333333333,True,4.942246786233521,2.388286564338789,3.3333333333333335,0.039999999999999626,0.15001984848125718,attentive,0,2
75.86666666666666,True,-4.627273500945612,-0.14153214379497542,3.3333333333333335,0.039999999999999626,0.14999720655778692,attentive,0,2
75.9,True,3.5261732768228846,-2.6470198802663725,3.3333333333333335,0.039999999999999626,0.150005328863763,attentive,0,2
75.93333333333334,True,8.273338453468407,-2.909080586714071,3.3333333333333335,0.039999999999999626,0.15001533492343067,attentive,0,2
75.96666666666667,True,-4.824903756201315,2.6135946366484464,3.3333333333333335,0.039999999999999626,0.1499918795713029,attentive,0,2
76.0,False,-1.5372230684418164,2.322079462653651,3.3333333333333335,0.039999999999999626,0.14998044835231836,attentive,0,2
76.03333333333333,False,-6.617228971806065,1.1551562044321593,3.3333333333333335,0.042222222222221724,0.14995967783928285,attentive,0,2
76.06666666666666,False,-0.15278206923689966,8.678338374868577,3.3333333333333335,0.044444444444443815,0.14994695962722368,attentive,0,2
76.1,False,4.80039789530211,0.6660282130343783,3.3333333333333335,0.04666666666666591,0.14996109919123538,attentive,0,2
76.13333333333333,True,-0.9521584911267837,-1.911504937845719,3.3333333333333335,0.03999999999999955,0.14994560824423978,attentive,0,2
76.16666666666667,True,-0.25896366433192924,-2.4149510717206883,3.3333333333333335,0.03999999999999953,0.1499521320025609,attentive,0,2
76.2,True,0.9522960120895549,-3.22035117688201,3.3333333333333335,0.03999999999999953,0.14995417656169358,attentive,0,2
76.23333333333333,True,1.5211660843978883,1.64227143584697,3.3333333333333335,0.03999999999999953,0.1499569989674168,attentive,0,2
76.26666666666667,True,-0.1433314110389141,-4.006986847048451,3.3333333333333335,0.03999999999999953,0.14995340223646203,attentive,0,2
76.3,True,-2.766816414265448,1.3136779014681004,3.3333333333333335,0.03999999999999953,0.1499396020017808,attentive,0,2
76.33333333333333,True,-1.3992049895757592,-4.084678890855067,3.3333333333333335,0.03999999999999953,0.14994139561679065,attentive,0,2
76.36666666666666,True,-7.269276103514723,4.714969262801751,3.3333333333333335,0.03999999999999953,0.14990646378680428,attentive,0,2
76.4,True,4.956587276406604,2.0393247254537363,3.3333333333333335,0.03999999999999953,0.14991765196907272,attentive,0,2
76.43333333333334,True,5.842330565660381,-5.273035997944863,3.3333333333333335,0.03999999999999953,0.14993873118855808,attentive,0,2
76.46666666666667,True,-5.255475816980653,-4.142270715028678,3.3333333333333335,0.03999999999999953,0.14992490204302772,attentive,0,2
76.5,True,-6.058118134545412,0.05154061390776919,3.3333333333333335,0.03999999999999953,0.1499037593609599,attentive,0,2
76.53333333333333,True,10.892019193671159,2.340258922136599,3.3333333333333335,0.03999999999999953,0.14991971716505142,attentive,0,2
76.56666666666666,True,-5.777215432859368,4.496216665325769,3.3333333333333335,0.03999999999999953,0.14990043805513514,attentive,0,2
76.6,True,-4.14459406957577,1.4198370301144243,3.3333333333333335,0.03999999999999953,0.14987573624518358,attentive,0,2
76.63333333333333,True,1.7649626535792078,3.4543234698040832,3.3333333333333335,0.03999999999999953,0.14986886444032882,attentive,0,2
76.66666666666667,True,-4.520464930057322,1.029261174757692,3.3333333333333335,0.03999999999999953,0.149859453011789,attentive,0,2
76.7,True,2.775418825222386,2.323387989836531,3.3333333333333335,0.03999999999999953,0.149861445490863,attentive,0,2
76.73333333333333,True,-2.0359419854710947,1.3182829874273505,3.3333333333333335,0.03999999999999953,0.149850159045786,attentive,0,2
76.76666666666667,True,-2.66131964044721,1.6313809184702968,3.3333333333333335,0.03999999999999953,0.14983644197862814,attentive,0,2
76.8,True,-1.3468771986501562,-0.837365793680146,3.3333333333333335,0.03999999999999953,0.14983562448046348,attentive,0,2
76.83333333333333,True,8.320449555988237,4.072242371974849,3.3333333333333335,0.03999999999999953,0.14984641041905405,attentive,0,2
76.86666666666666,True,-6.288220807513799,8.329125259705604,3.3333333333333335,0.03999999999999953,0.14981638492172306,attentive,0,2
76.9,True,-7.750447292930293,-1.2840823767129215,3.3333333333333335,0.03999999999999953,0.14980536011031664,attentive,0,2
76.93333333333334,True,5.918291337767281,4.0177358884793835,3.3333333333333335,0.03999999999999953,0.14980616929646168,attentive,0,2
76.96666666666667,True,7.055900049778357,1.9069347021296732,3.3333333333333335,0.03999999999999953,0.14981301638121708,attentive,0,2
77.0,True,-40.308784712362595,-16.869290411218063,3.3333333333333335,0.03999999999999953,0.14995022219071052,attentive,0,2
77.03333333333333,True,-47.80610775230908,-14.091685640756344,3.3333333333333335,0.03999999999999953,0.1500613966957095,attentive,0,2
77.06666666666666,True,-50.22510577807128,-12.630749045475786,3.3333333333333335,0.03999999999999953,0.15016394300321934,attentive,0,2
77.1,True,-48.02131853149893,-15.452800488701117,3.3333333333333335,0.03999999999999953,0.1502785366690144,attentive,0,2
77.13333333333333,True,-55.56565063188812,-14.6183545652615,3.3333333333333335,0.03999999999999953,0.15037848351707933,attentive,0,2
77.16666666666667,True,-56.83127961512101,-8.87730772760659,3.3333333333333335,0.03999999999999953,0.15046677213402934,attentive,0,2
77.2,True,-46.64454739098873,-15.248636764325166,3.3333333333333335,0.03999999999999953,0.15058821431233615,attentive,0,2
77.23333333333333,True,-59.26900968053205,-18.431725977289783,3.3333333333333335,0.03999999999999953,0.1506902482807839,attentive,0,2
77.26666666666667,True,-49.85278957673956,-18.835869785760362,3.3333333333333335,0.03999999999999953,0.15080694097892272,attentive,0,2
77.3,True,-54.57378986734182,-17.881950191206702,3.3333333333333335,0.03999999999999953,0.15090887306430423,attentive,0,2
77.33333333333333,True,-55.72331004600847,-12.983818932361007,3.3333333333333335,0.03999999999999953,0.15099917055936163,attentive,0,2
77.36666666666666,True,-47.76970669083904,-11.46397308765366,3.3333333333333335,0.03999999999999953,0.1511121190647371,attentive,0,2
77.4,True,-46.87101564534997,-17.708219796184988,3.3333333333333335,0.03999999999999953,0.15122545968141632,attentive,0,2
77.43333333333334,True,-50.03481718219495,-15.364781464664276,3.3333333333333335,0.03999999999999953,0.1513417501292179,attentive,0,2
77.46666666666667,True,-47.29771730293113,-16.603762204939624,3.3333333333333335,0.03999999999999953,0.15146362446085873,attentive,0,2
77.5,True,-52.82883981918513,-12.666025533791771,3.3333333333333335,0.03999999999999953,0.15156710837026144,attentive,0,2
77.53333333333333,True,-56.78587399455903,-13.106756684420446,3.3333333333333335,0.03999999999999953,0.15165871736866482,attentive,0,2
77.56666666666666,True,-56.69499155891919,-14.318777258399628,3.3333333333333335,0.03999999999999953,0.1517492659215733,attentive,0,2
77.6,True,-52.281809403224514,-10.984378615804516,3.3333333333333335,0.03999999999999953,0.15184986802391726,attentive,0,2
77.63333333333333,True,-45.75114855904025,-17.931615965555263,3.3333333333333335,0.03999999999999953,0.1519757015169033,attentive,0,2
77.66666666666667,True,-46.842510222856355,-17.07786959311642,3.3333333333333335,0.03999999999999953,0.1520968000728089,attentive,0,2
77.7,True,-58.186231241067055,-14.796739272075717,3.3333333333333335,0.03999999999999953,0.1521884013814939,attentive,0,2
77.73333333333333,True,-47.942467999651974,-16.190814468686778,3.3333333333333335,0.03999999999999953,0.1522993069129832,attentive,0,2
77.76666666666667,True,-50.64273784148731,-10.469738346455275,3.3333333333333335,0.03999999999999953,0.15240125018751788,attentive,0,2
77.8,True,-52.87724559052638,-17.749500364150887,3.3333333333333335,0.03999999999999953,0.15250307364440557,attentive,0,2
77.83333333333333,True,-48.71370985523773,-14.156015668794891,3.3333333333333335,0.03999999999999953,0.15260393520601018,attentive,0,2
77.86666666666666,True,-43.24206862004867,-16.70511930514564,3.3333333333333335,0.03999999999999953,0.15273163835217973,attentive,0,2
77.9,True,-47.51218314834714,-16.569150816182788,3.3333333333333335,0.03999999999999953,0.15284976519879961,attentive,0,2
77.93333333333334,True,-46.85926400658506,-9.169603491597707,3.3333333333333335,0.03999999999999953,0.15295514890929718,attentive,0,2
77.96666666666667,True,-49.281927619782564,-15.528964408848818,3.3333333333333335,0.03999999999999953,0.1530608212367393,attentive,0,2
78.0,True,-55.44804387731312,-20.91862341451391,3.3333333333333335,0.03999999999999953,0.15316460624702344,attentive,0,2
78.03333333333333,True,-49.23829222491686,-19.73603144516436,3.3333333333333335,0.03999999999999953,0.15328052119258184,attentive,0,2
78.06666666666666,True,-57.15935982779922,-9.447139086509186,3.3333333333333335,0.03999999999999953,0.15336655386610445,attentive,0,2
78.1,True,-46.553184300653314,-16.219793776569496,3.3333333333333335,0.03999999999999953,0.15348829711522904,attentive,0,2
78.13333333333333,True,-51.09829569191133,-15.80833600769403,3.3333333333333335,0.03999999999999953,0.15360504398361938,attentive,0,2
78.16666666666667,True,-48.23168411900793,-20.984902920742506,3.3333333333333335,0.03999999999999953,0.15372659931189359,attentive,0,2
78.2,True,-57.049250085424745,-18.547074210142657,3.3333333333333335,0.03999999999999953,0.15383396567020075,attentive,0,2
78.23333333333333,True,-40.983673543064,-14.956825414960617,3.3333333333333335,0.03999999999999953,0.153968906050918,attentive,0,2
78.26666666666667,True,-50.402523214106424,-14.35165941256446,3.3333333333333335,0.03999999999999953,0.15407801243195277,attentive,0,2
78.3,True,-47.111653568936916,-12.847081367169144,3.3333333333333335,0.03999999999999953,0.15418650134598394,attentive,0,2
78.33333333333333,True,-49.0468267226578,-13.922568246807336,3.3333333333333335,0.03999999999999953,0.1543065841779381,attentive,0,2
78.36666666666666,True,-49.86918087363738,-16.26949221701861,3.3333333333333335,0.03999999999999953,0.15442230447812497,attentive,0,2
78.4,True,-55.54849322975749,-8.444779611564694,3.3333333333333335,0.03999999999999953,0.15451352803772442,attentive,0,2
78.43333333333334,True,-55.091797221258446,-14.401774043105465,3.3333333333333335,0.03999999999999953,0.15460872164984318,attentive,0,2
78.46666666666667,True,-52.51544994331684,-15.462423556210116,3.3333333333333335,0.03999999999999953,0.15471288842466807,attentive,0,2
78.5,True,-43.29551844300311,-17.094191445571244,3.3333333333333335,0.03999999999999953,0.1548399892082565,attentive,0,2
78.53333333333333,True,-50.083154095968595,-15.206481947986084,3.3333333333333335,0.03999999999999953,0.15494811247610318,attentive,0,2
78.56666666666666,True,-54.50307282649024,-15.723515999203354,3.3333333333333335,0.03999999999999953,0.1550510940249589,attentive,0,2
78.6,True,-55.416589174199224,-15.445019242877043,3.3333333333333335,0.03999999999999953,0.1551486045045161,attentive,0,2
78.63333333333333,True,-53.25780165702912,-22.718909116067408,3.3333333333333335,0.03999999999999953,0.15526648721691713,attentive,0,2
78.66666666666667,True,-52.24951952463718,-12.082262610844452,3.3333333333333335,0.03999999999999953,0.15536066475661342,attentive,0,2
78.7,True,-48.26061721683894,-15.262997432986088,3.3333333333333335,0.03999999999999953,0.15547862280645172,attentive,0,2
78.73333333333333,True,-46.85909989055697,-13.201064989048737,3.3333333333333335,0.03999999999999953,0.15559819277471817,attentive,0,2
78.76666666666667,True,-51.78634767859864,-9.166135476847021,3.3333333333333335,0.03999999999999953,0.15569580767911467,attentive,0,2
78.8,True,-49.828355413512504,-14.505295557942466,3.3333333333333335,0.03999999999999953,0.15579985328351068,attentive,0,2
78.83333333333333,True,-55.471176248300786,-17.1900880625876,3.3333333333333335,0.03999999999999953,0.15589967690977266,attentive,0,2
78.86666666666666,True,-47.08473266960389,-12.671660962397585,3.3333333333333335,0.03999999999999953,0.15601626455985085,attentive,0,2
78.9,True,-57.36930544628385,-13.011657518486615,3.3333333333333335,0.03999999999999953,0.15610713112533858,attentive,0,2
78.93333333333334,True,-54.39496896262842,-15.359003429624762,3.3333333333333335,0.03999999999999953,0.15620647908057184,attentive,0,2
78.96666666666667,True,-51.692797988787476,-16.29291131852542,3.3333333333333335,0.03999999999999953,0.15632071043025025,attentive,0,2
79.0,True,-47.88036298674712,-13.331174970773455,3.3333333333333335,0.03999999999999953,0.1564330788628592,attentive,0,2
79.03333333333333,True,-51.56041728234382,-6.903575507681465,3.3333333333333335,0.03999999999999953,0.1565311756854806,attentive,0,2
79.06666666666666,True,-46.403369779490745,-15.789097116647028,3.3333333333333335,0.03999999999999953,0.1566557906430222,attentive,0,2
79.1,True,-48.96286561174881,-10.136731079677869,3.3333333333333335,0.03999999999999953,0.1567674401835702,attentive,0,2
79.13333333333333,True,-48.30170657697245,-19.055723852458833,3.3333333333333335,0.03999999999999953,0.15689312540048445,attentive,0,2
79.16666666666667,True,-47.913401881107355,-15.517451708179554,3.3333333333333335,0.03999999999999953,0.15700947727625733,attentive,0,2
79.2,True,-48.06118649359372,-13.886645404074702,3.3333333333333335,0.03999999999999953,0.15713187968399092,attentive,0,2
79.23333333333333,True,-43.94889407641767,-16.299132522045337,3.3333333333333335,0.03999999999999953,0.15725952511016555,attentive,0,2
79.26666666666667,True,-54.83515251496201,-14.49223036720123,3.3333333333333335,0.03999999999999953,0.1573622344143646,attentive,0,2
79.3,True,-55.476007133081914,-12.299550152298234,3.3333333333333335,0.03999999999999953,0.15745231908205853,attentive,0,2
79.33333333333333,True,-54.890971513694915,-16.611731251447065,3.3333333333333335,0.03999999999999953,0.15756091314199797,attentive,0,2
79.36666666666666,True,-51.41493386636492,-10.47788806772649,3.3333333333333335,0.03999999999999953,0.15767206426917135,attentive,0,2
79.4,True,-53.409756813088215,-19.848652128055157,3.3333333333333335,0.03999999999999953,0.15777902187915577,attentive,0,2
79.43333333333334,True,-49.98558006746341,-13.625753182801363,3.3333333333333335,0.03999999999999953,0.1578830981863878,attentive,0,2
79.46666666666667,True,-52.907529168886256,-17.946825419691315,3.3333333333333335,0.03999999999999953,0.15799199135643646,attentive,0,2
79.5,True,-48.573354522871895,-13.692170638428589,3.3333333333333335,0.03999999999999953,0.15810467943861115,attentive,0,2
79.53333333333333,True,-49.12326210729551,-17.474063375567916,3.3333333333333335,0.03999999999999953,0.15821680836762475,attentive,0,2
79.56666666666666,True,-46.85424555610213,-14.622896901085928,3.3333333333333335,0.03999999999999953,0.15832737739893377,attentive,0,2
79.6,True,-46.89894394463686,-17.1307353171686,3.3333333333333335,0.03999999999999953,0.15846061240300632,attentive,0,2
79.63333333333333,True,-48.08462760300919,-16.360661947726474,3.3333333333333335,0.03999999999999953,0.15857937490974638,attentive,0,2
79.66666666666667,True,-53.45094775963009,-18.528958403255146,3.3333333333333335,0.03999999999999953,0.1586764885512435,attentive,0,2
79.7,True,-51.98486898595481,-15.002166660390534,3.3333333333333335,0.03999999999999953,0.1587762381410029,attentive,0,2
79.73333333333333,True,-49.7397194002607,-17.523294923108153,3.3333333333333335,0.03999999999999953,0.15889269840689038,attentive,0,2
79.76666666666667,True,-59.88798681634564,-15.919594251580376,3.3333333333333335,0.03999999999999953,0.1589767529136945,attentive,0,2
79.8,True,-42.738133613333915,-14.453011905547898,3.3333333333333335,0.03999999999999953,0.15909937059265125,attentive,0,2
79.83333333333333,True,-56.7914313945331,-11.814342158845324,3.3333333333333335,0.03999999999999953,0.15918756140765175,attentive,0,2
79.86666666666666,True,-50.99762910544441,-10.914394500137647,3.3333333333333335,0.03999999999999953,0.15929943579880418,attentive,0,2
79.9,True,-52.32987124468048,-15.072761150917605,3.3333333333333335,0.03999999999999953,0.15940747345311154,attentive,0,2
79.93333333333334,True,-52.853686804988676,-13.726466975024561,3.3333333333333335,0.03999999999999953,0.1595213840347905,attentive,0,2
79.96666666666667,True,-55.945994700475886,-9.955255040829073,3.3333333333333335,0.03999999999999953,0.15960885792735643,attentive,0,2
80.0,False,-42.85999030997195,-16.80448143280093,3.3333333333333335,0.03999999999999953,0.15973507205605542,attentive,0,2
80.03333333333333,False,-46.084699681325844,-13.903678771094471,3.3333333333333335,0.04222222222222163,0.159845550527914,attentive,0,2
80.06666666666666,False,-45.714691781739056,-17.63314274637348,3.3333333333333335,0.04444444444444372,0.1599742753524149,attentive,0,2
80.1,False,-45.56489153693333,-17.67541871907216,3.3333333333333335,0.046666666666665815,0.160104000565706,attentive,0,2
80.13333333333333,True,-47.83675858173874,-14.083326188778138,3.3333333333333335,0.03999999999999947,0.16021653807947964,attentive,0,2
80.16666666666667,True,-49.025695339483825,-15.614101020174402,3.3333333333333335,0.03999999999999944,0.16034126047787947,attentive,0,2
80.2,True,-47.63252025409351,-18.583617418002095,3.3333333333333335,0.03999999999999944,0.16045569324290035,attentive,0,2
80.23333333333333,True,-48.44341025263299,-16.746010493186713,3.3333333333333335,0.03999999999999944,0.16057093358198482,attentive,0,2
80.26666666666667,True,-49.207807214151636,-18.975388756358992,3.3333333333333335,0.03999999999999944,0.1606935360109007,attentive,0,2
80.3,True,-48.90678468316971,-18.597219481433513,3.3333333333333335,0.03999999999999944,0.1608056737876381,attentive,0,2
80.33333333333333,True,-44.79315245602468,-9.892685954685952,3.3333333333333335,0.03999999999999944,0.16092453009419797,attentive,0,2
80.36666666666666,True,-51.39493934071221,-14.724716257467653,3.3333333333333335,0.03999999999999944,0.1610412544958288,attentive,0,2
80.4,True,-51.76343578586307,-17.537264941591275,3.3333333333333335,0.03999999999999944,0.16114328196547759,attentive,0,2
80.43333333333334,True,-55.431553710776896,-14.594106058391702,3.3333333333333335,0.03999999999999944,0.16123846437821435,attentive,0,2
80.46666666666667,True,-58.06351056245447,-15.797599671581267,3.3333333333333335,0.03999999999999944,0.16133328853344467,attentive,0,2
80.5,True,-53.99667173968624,-11.50202586874742,3.3333333333333335,0.03999999999999944,0.16143275846471986,attentive,0,2
80.53333333333333,True,-49.33876135371789,-14.409013490576472,3.3333333333333335,0.03999999999999944,0.16155011061411678,attentive,0,2
80.56666666666666,True,-54.074751473836905,-19.20091969695305,3.3333333333333335,0.03999999999999944,0.1616544615519397,attentive,0,2
80.6,True,-44.12767828572045,-16.579155375868694,3.3333333333333335,0.03999999999999944,0.16178843010411736,attentive,0,2
80.63333333333333,True,-52.61702518654334,-18.748941728667425,3.3333333333333335,0.03999999999999944,0.1618927428866359,attentive,0,2
80.66666666666667,True,-48.69233953251049,-20.40792195613353,3.3333333333333335,0.03999999999999944,0.162011857242941,attentive,0,2
80.7,True,-50.56110673617471,-12.260347686246591,3.3333333333333335,0.03999999999999944,0.16212253606735916,attentive,0,2
80.73333333333333,True,-46.066533220344816,-14.441892599440655,3.3333333333333335,0.03999999999999944,0.16224208614578484,attentive,0,2
80.76666666666667,True,-49.34884931850841,-14.728533648471178,3.3333333333333335,0.03999999999999944,0.162359568531912,attentive,0,2
80.8,True,-45.066023532079846,-13.744840205847304,3.3333333333333335,0.03999999999999944,0.1624829207603604,attentive,0,2
80.83333333333333,True,-48.4023408397625,-11.959109430272466,3.3333333333333335,0.03999999999999944,0.16259413020097685,attentive,0,2
80.86666666666666,True,-46.99871281325972,-14.989303666315694,3.3333333333333335,0.03999999999999944,0.16270959224454812,attentive,0,2
80.9,True,-50.91926945659387,-18.198193416397018,3.3333333333333335,0.03999999999999944,0.1628232648230017,attentive,0,2
80.93333333333334,True,-48.78848693465266,-14.585669534240859,3.3333333333333335,0.03999999999999944,0.16293721730313354,attentive,0,2
80.96666666666667,True,-50.147763834856605,-10.893833826642208,3.3333333333333335,0.03999999999999944,0.16304218489987143,attentive,0,2
81.0,True,-2.7826855864712745,-1.7008437996421164,3.3333333333333335,0.03999999999999944,0.16303007278188447,attentive,0,2
81.03333333333333,True,-0.7315358628880909,5.083686527851755,3.3333333333333335,0.03999999999999944,0.1630231951264398,attentive,0,2
81.06666666666666,True,1.6317944406681977,3.1079227194045425,3.3333333333333335,0.03999999999999944,0.16301805078339945,attentive,0,2
81.1,True,-12.70634317793213,2.283367758636888,3.3333333333333335,0.03999999999999944,0.1629746374763001,attentive,0,2
81.13333333333333,True,2.4691383827075204,1.3816357804296686,3.3333333333333335,0.03999999999999944,0.16296727268056138,attentive,0,2
81.16666666666667,True,-1.3572502065679384,4.2303888157226615,3.3333333333333335,0.03999999999999944,0.1629560898981221,attentive,0,2
81.2,True,0.8366575969909171,4.418823833668103,3.3333333333333335,0.03999999999999944,0.16293571793994902,attentive,0,2
81.23333333333333,True,-0.23151158670080196,1.5581772091245714,3.3333333333333335,0.03999999999999944,0.16292446283368128,attentive,0,2
81.26666666666667,True,0.8785816116753178,-3.6107390095836767,3.3333333333333335,0.03999999999999944,0.16293223698451648,attentive,0,2
81.3,True,0.450817578776869,-1.6552354537756695,3.3333333333333335,0.03999999999999944,0.16293605141621786,attentive,0,2
81.33333333333333,True,6.662227233691969,-3.6574352870706504,3.3333333333333335,0.03999999999999944,0.16293677817856075,attentive,0,2
81.36666666666666,True,1.364667397190891,-0.7207938922505615,3.3333333333333335,0.03999999999999944,0.16293939273024796,attentive,0,2
81.4,True,1.438252568920468,2.337790324374268,3.3333333333333335,0.03999999999999944,0.16293646447915225,attentive,0,2
81.43333333333334,True,-0.37067621576638143,-2.375027559731982,3.3333333333333335,0.03999999999999944,0.16293321576955797,attentive,0,2
81.46666666666667,True,-2.8197334340851663,-3.4148606697417545,3.3333333333333335,0.03999999999999944,0.16292482678185108,attentive,0,2
81.5,True,-2.7616994834423685,2.7831250298243306,3.3333333333333335,0.03999999999999944,0.16290871883980368,attentive,0,2
81.53333333333333,True,2.1519795421604493,0.4577704461659633,3.3333333333333335,0.03999999999999944,0.16290556138761736,attentive,0,2
81.56666666666666,True,-6.220431760043353,1.3162378224213878,3.3333333333333335,0.03999999999999944,0.16287710351513307,attentive,0,2
81.6,True,-0.040218594634446644,2.0176257474806603,3.3333333333333335,0.03999999999999944,0.16287162321559928,attentive,0,2
81.63333333333333,True,-0.6282647347433268,-2.3790097450679095,3.3333333333333335,0.03999999999999944,0.16287561650716492,attentive,0,2
81.66666666666667,True,0.640874853197688,0.8820510474164164,3.3333333333333335,0.03999999999999944,0.16286256844201993,attentive,0,2
81.7,True,-9.427424224926703,4.85395388455619,3.3333333333333335,0.03999999999999944,0.1628285718952066,attentive,0,2
81.73333333333333,True,6.363771734990694,-2.5570176411506447,3.3333333333333335,0.03999999999999944,0.16284413524122213,attentive,0,2
81.76666666666667,True,-8.165725490483476,5.531388670339272,3.3333333333333335,0.03999999999999944,0.16280530652189099,attentive,0,2
81.8,True,-0.5083518733450638,-0.7486285231426021,3.3333333333333335,0.03999999999999944,0.1628000962084071,attentive,0,2
81.83333333333333,True,-3.349058730731021,-1.413401350385206,3.3333333333333335,0.03999999999999944,0.16278211707281348,attentive,0,2
81.86666666666666,True,2.5050036020474806,-2.808829372917471,3.3333333333333335,0.03999999999999944,0.16279573833890637,attentive,0,2
81.9,True,1.3593764928790453,1.5011334195233648,3.3333333333333335,0.03999999999999944,0.16279204271788741,attentive,0,2
81.93333333333334,True,0.7728958804238766,-0.2870218141640043,3.3333333333333335,0.03999999999999944,0.1627846164617478,attentive,0,2
81.96666666666667,True,-3.127683284964541,-1.4001910261979562,3.3333333333333335,0.03999999999999944,0.1627708261512501,attentive,0,2
82.0,True,2.1251057507663966,2.599881833809379,3.3333333333333335,0.03999999999999944,0.16277908955332973,attentive,0,2
82.03333333333333,True,4.446389761679999,1.6275323578501215,3.3333333333333335,0.03999999999999944,0.16278097320433785,attentive,0,2
82.06666666666666,True,-0.07023430621822592,1.4729164989483812,3.3333333333333335,0.03999999999999944,0.16277310132550582,attentive,0,2
82.1,True,-0.09583913288319407,2.1960313359484553,3.3333333333333335,0.03999999999999944,0.16275864158473072,attentive,0,2
82.13333333333333,True,-1.3205834486046446,-2.268997246669066,3.3333333333333335,0.03999999999999944,0.16274707543885764,attentive,0,2
82.16666666666667,True,-2.8299536025615697,1.0374422555605864,3.3333333333333335,0.03999999999999944,0.1627429303210703,attentive,0,2
82.2,True,7.457650738219286,-0.5129687834679298,3.3333333333333335,0.03999999999999944,0.16275837413434197,attentive,0,2
82.23333333333333,True,-6.42144041009416,-0.8722552258719523,3.3333333333333335,0.03999999999999944,0.1627357918308567,attentive,0,2
82.26666666666667,True,-4.979749055319004,0.491177275279492,3.3333333333333335,0.03999999999999944,0.16271997391758572,attentive,0,2
82.3,True,1.9466739177359706,-0.10866451132212998,3.3333333333333335,0.03999999999999944,0.1627233301557505,attentive,0,2
82.33333333333333,True,1.7819799818931608,1.4417434777865186,3.3333333333333335,0.03999999999999944,0.162723041785302,attentive,0,2
82.36666666666666,True,-2.1804819709901633,-0.11930640242162249,3.3333333333333335,0.03999999999999944,0.1627186550515545,attentive,0,2
82.4,True,8.023645797257831,-1.1795993734177712,3.3333333333333335,0.03999999999999944,0.16272876187053334,attentive,0,2
82.43333333333334,True,0.2444602735417004,0.9414666723350298,3.3333333333333335,0.03999999999999944,0.16272195007000584,attentive,0,2
82.46666666666667,True,0.5582196017220957,-1.6077348990575495,3.3333333333333335,0.03999999999999944,0.16272106735140204,attentive,0,2
82.5,True,-0.7854431587815329,3.5879019052650474,3.3333333333333335,0.03999999999999944,0.16270808098094225,attentive,0,2
82.53333333333333,True,1.5162448368969592,4.088057428119236,3.3333333333333335,0.03999999999999944,0.1627009645235639,attentive,0,2
82.56666666666666,True,-5.425525072070535,-0.6888188189474288,3.3333333333333335,0.03999999999999944,0.16269285265666497,attentive,0,2
82.6,True,1.9186899328705695,-3.479077796285904,3.3333333333333335,0.03999999999999944,0.1627007249650518,attentive,0,2
82.63333333333333,True,-4.300478146791216,0.041398334147965614,3.3333333333333335,0.03999999999999944,0.16267767195428065,attentive,0,2
82.66666666666667,True,-10.187698658493876,3.466332567622259,3.3333333333333335,0.03999999999999944,0.16263902576426267,attentive,0,2
82.7,True,2.8178658466009194,-1.9098612145574378,3.3333333333333335,0.03999999999999944,0.16263822621892815,attentive,0,2
82.73333333333333,True,-0.7939854890065097,0.23589464638213922,3.3333333333333335,0.03999999999999944,0.16263692428083257,attentive,0,2
82.76666666666667,True,-5.612845728415699,-1.6815385631780988,3.3333333333333335,0.03999999999999944,0.16261298434031496,attentive,0,2
82.8,True,-0.45508273224978685,-2.891992540546916,3.3333333333333335,0.03999999999999944,0.16260520884420554,attentive,0,2
82.83333333333333,True,4.801529374332466,-4.926402371611356,3.3333333333333335,0.03999999999999944,0.16261844713960918,attentive,0,2
82.86666666666666,True,3.7679751029980917,-2.7832115673765454,3.3333333333333335,0.03999999999999944,0.162623680504296,attentive,0,2
82.9,True,-12.745937731687324,-5.999815000319868,3.3333333333333335,0.03999999999999944,0.1626001153530166,attentive,0,2
82.93333333333334,True,-5.127509616655667,-2.981700651754183,3.3333333333333335,0.03999999999999944,0.1625818902615419,attentive,0,2
82.96666666666667,True,3.9996372907706466,-2.9153622848748095,3.3333333333333335,0.03999999999999944,0.16257776099683457,attentive,0,2
83.0,True,3.412524889093786,-0.7698666123550582,3.3333333333333335,0.03999999999999944,0.16258023435933946,attentive,0,2
83.03333333333333,True,5.199370162634206,-0.6961231456433384,3.3333333333333335,0.03999999999999944,0.16259175499210754,attentive,0,2
83.06666666666666,True,-0.8487896269045663,0.9818066723628007,3.3333333333333335,0.03999999999999944,0.16258432531213282,attentive,0,2
83.1,True,0.18402072754353183,-0.19982356664048317,3.3333333333333335,0.03999999999999944,0.16257611146980058,attentive,0,2
83.13333333333333,True,1.4753596389310608,-2.9994254589819658,3.3333333333333335,0.03999999999999944,0.16257831118116514,attentive,0,2
83.16666666666667,True,-0.4292658828258989,0.4627487245712698,3.3333333333333335,0.03999999999999944,0.16257571468036008,attentive,0,2
83.2,True,-4.235558754576988,3.8054128262283617,3.3333333333333335,0.03999999999999944,0.16255987832194208,attentive,0,2
83.23333333333333,True,4.240220683811979,0.6553739184841535,3.3333333333333335,0.03999999999999944,0.16257655613784042,attentive,0,2
83.26666666666667,True,3.740284550926298,5.900970016941819,3.3333333333333335,0.03999999999999944,0.16257313710164423,attentive,0,2
83.3,True,0.04357325806597895,0.9900159048087247,3.3333333333333335,0.03999999999999944,0.16256804490975965,attentive,0,2
83.33333333333333,True,-3.4540764783775115,5.4604473465179,3.3333333333333335,0.03999999999999944,0.1625471186350326,attentive,0,2
83.36666666666666,True,6.2629883700161235,-1.0495450897300977,3.3333333333333335,0.03999999999999944,0.16255988554373252,attentive,0,2
83.4,True,-8.214023253025065,-0.7141909603414398,3.3333333333333335,0.03999999999999944,0.16253235518132111,attentive,0,2
83.43333333333334,True,0.12539869349858648,-6.630947043850269,3.3333333333333335,0.03999999999999944,0.16253425861293394,attentive,0,2
83.46666666666667,True,1.2084502808632487,-0.21484551547773162,3.3333333333333335,0.03999999999999944,0.162524995187169,attentive,0,2
83.5,True,-4.333904532453262,0.5655930247522116,3.3333333333333335,0.03999999999999944,0.16250263270856666,attentive,0,2
83.53333333333333,True,8.098200510827501,0.21586786101892583,3.3333333333333335,0.03999999999999944,0.16252452438489084,attentive,0,2
83.56666666666666,True,6.9192357685545955,-3.0163749706966376,3.3333333333333335,0.03999999999999944,0.16254474539734942,attentive,0,2
83.6,True,3.4840873003812076,1.678119048318048,3.3333333333333335,0.03999999999999944,0.16254537016516535,attentive,0,2
83.63333333333333,True,4.64134313226009,-2.50346507859918,3.3333333333333335,0.03999999999999944,0.16255613532619465,attentive,0,2
83.66666666666667,True,-2.9841116776597505,0.8160203143505395,3.3333333333333335,0.03999999999999944,0.1625364751542829,attentive,0,2
83.7,True,-7.951105647564293,-1.6746341469830113,3.3333333333333335,0.03999999999999944,0.16253179208966917,attentive,0,2
83.73333333333333,True,0.3130220175616988,-0.39205688080896356,3.3333333333333335,0.03999999999999944,0.1625242597897505,attentive,0,2
83.76666666666667,True,-1.9396538862902166,2.323516166357118,3.3333333333333335,0.03999999999999944,0.16250469228351402,attentive,0,2
83.8,True,-9.648534927894195,-2.5935017671246836,3.3333333333333335,0.03999999999999944,0.1624787225227271,attentive,0,2
83.83333333333333,True,-4.6347950785868335,1.4146853681331633,3.3333333333333335,0.03999999999999944,0.16245781898721776,attentive,0,2
83.86666666666666,True,-0.3467190114995008,0.5154682368957548,3.3333333333333335,0.03999999999999944,0.16244605804978512,attentive,0,2
83.9,True,-0.9943729077087087,-1.6751108543968027,3.3333333333333335,0.03999999999999944,0.16244371149300812,attentive,0,2
83.93333333333334,True,2.3311585845968383,-0.28823641849559334,3.3333333333333335,0.03999999999999944,0.16244466262690815,attentive,0,2
83.96666666666667,True,-2.687304118769199,-1.6210447853575938,3.3333333333333335,0.03999999999999944,0.1624347025627096,attentive,0,2
84.0,False,52.106816853373076,-16.2748278073464,3.3333333333333335,0.03999999999999944,0.1627955280665232,attentive,0,2
84.03333333333333,False,44.335396220020826,-16.321641077362365,3.3333333333333335,0.04222222222222154,0.16314120691343204,attentive,0,2
84.06666666666666,False,48.31681876556994,-13.90082725057677,3.3333333333333335,0.044444444444443634,0.16349475245507444,attentive,0,2
84.1,False,52.63840911505122,-20.37242361383585,3.3333333333333335,0.046666666666665725,0.16387231296314014,attentive,0,2
84.13333333333333,True,58.22444134570025,-13.264943461116511,3.3333333333333335,0.039999999999999376,0.16424512072064645,attentive,0,2
84.16666666666667,True,50.900045145696815,-13.077750884624791,3.3333333333333335,0.03999999999999934,0.16460815215418592,attentive,0,2
84.2,True,48.09537462830541,-15.710232662190938,3.3333333333333335,0.03999999999999934,0.16495261638768588,attentive,0,2
84.23333333333333,True,51.965042284060885,-20.460011270928067,3.3333333333333335,0.03999999999999934,0.16533081058207444,attentive,0,2
84.26666666666667,True,41.3378486173621,-7.785042859901042,3.3333333333333335,0.03999999999999934,0.16564780145080898,attentive,0,2
84.3,True,49.31463985033314,-13.301126554209478,3.3333333333333335,0.03999999999999934,0.16600498019207258,attentive,0,2
84.33333333333333,True,50.89491349410642,-14.38712747004208,3.3333333333333335,0.03999999999999934,0.16636103424734294,attentive,0,2
84.36666666666666,True,53.19069120698279,-14.60541510288402,3.3333333333333335,0.03999999999999934,0.1667290899332377,attentive,0,2
84.4,True,52.99421829838343,-22.191691234446427,3.3333333333333335,0.03999999999999934,0.16709671985308408,attentive,0,2
84.43333333333334,True,51.899537704451454,-12.544402825331606,3.3333333333333335,0.03999999999999934,0.167451362108683,attentive,0,2
84.46666666666667,True,53.49042583141758,-16.08097827127644,3.3333333333333335,0.03999999999999934,0.16781858626930218,attentive,0,2
84.5,True,50.62394996489603,-14.133494846069663,3.3333333333333335,0.03999999999999934,0.16817603343800644,attentive,0,2
84.53333333333333,True,42.95978790751919,-19.66518227808238,3.3333333333333335,0.03999999999999934,0.16852308770256083,attentive,0,2
84.56666666666666,True,50.379007058474066,-15.15287217399606,3.3333333333333335,0.03999999999999934,0.16888004494023573,attentive,0,2
84.6,True,48.86082129905471,-9.54508899031243,3.3333333333333335,0.03999999999999934,0.16922933360599662,attentive,0,2
84.63333333333333,True,45.87886205501337,-15.805396194812252,3.3333333333333335,0.03999999999999934,0.16957331759635072,attentive,0,2
84.66666666666667,True,50.42549998393327,-17.863486939029134,3.3333333333333335,0.03999999999999934,0.1699277179294461,attentive,0,2
84.7,True,51.34602924030389,-15.333220679699066,3.3333333333333335,0.03999999999999934,0.1702922799566108,attentive,0,2
84.73333333333333,True,50.24113507601431,-16.127710417472855,3.3333333333333335,0.03999999999999934,0.17065501830477836,attentive,0,2
84.76666666666667,True,56.21949375102472,-11.139719381574636,3.3333333333333335,0.03999999999999934,0.17102610170943125,attentive,0,2
84.8,True,44.16990436162024,-16.99568467126194,3.3333333333333335,0.03999999999999934,0.17137557931276187,attentive,0,2
84.83333333333333,True,54.278061491575556,-13.392987556708439,3.3333333333333335,0.03999999999999934,0.17174128813674192,attentive,0,2
84.86666666666666,True,49.701147794356324,-15.012539968076178,3.3333333333333335,0.03999999999999934,0.1721017287925551,attentive,0,2
84.9,True,44.761006099910475,-13.764963778828804,3.3333333333333335,0.03999999999999934,0.17244624642461942,attentive,0,2
84.93333333333334,True,55.32048920832343,-12.29713058697845,3.3333333333333335,0.03999999999999934,0.17282241946111446,attentive,0,2
84.96666666666667,True,52.08708609897268,-16.72135857924095,3.3333333333333335,0.03999999999999934,0.17319215052172177,attentive,0,2
85.0,True,48.10908638145389,-19.67570472946473,3.3333333333333335,0.03999999999999934,0.1735511389200477,attentive,0,2
85.03333333333333,True,44.81642509462768,-15.162486762718222,3.3333333333333335,0.03999999999999934,0.173897704890458,attentive,0,2
85.06666666666666,True,44.536297566807804,-15.314555234506546,3.3333333333333335,0.03999999999999934,0.17424831685688572,attentive,0,2
85.1,True,48.90785643345194,-18.653388904317403,3.3333333333333335,0.03999999999999934,0.17461103445318993,attentive,0,2
85.13333333333333,True,51.05438592336845,-14.542932685586834,3.3333333333333335,0.03999999999999934,0.17497859313311676,attentive,0,2
85.16666666666667,True,52.83346409431511,-14.062368628268402,3.3333333333333335,0.03999999999999934,0.1753449405955057,attentive,0,2
85.2,True,59.017322379606206,-17.17873295730881,3.3333333333333335,0.03999999999999934,0.17572503885127055,attentive,0,2
85.23333333333333,True,52.52445081226815,-11.161442694562055,3.3333333333333335,0.03999999999999934,0.1760970556646628,attentive,0,2
85.26666666666667,True,49.64411800743301,-22.087140617172125,3.3333333333333335,0.03999999999999934,0.17647082029167435,attentive,0,2
85.3,True,47.1586056975448,-16.12973772153393,3.3333333333333335,0.03999999999999934,0.1768243541675771,attentive,0,2
85.33333333333333,True,44.2627297265501,-10.862344383679556,3.3333333333333335,0.03999999999999934,0.17716042738134524,attentive,0,2
85.36666666666666,True,49.36406918812897,-13.539156780014475,3.3333333333333335,0.03999999999999934,0.17751602989200094,attentive,0,2
85.4,True,45.85651261438677,-16.078064160509317,3.3333333333333335,0.03999999999999934,0.17786754942161817,attentive,0,2
85.43333333333334,True,53.898548385550406,-13.564841897144612,3.3333333333333335,0.03999999999999934,0.17824548140784058,attentive,0,2
85.46666666666667,True,56.07156646484564,-12.49212061052142,3.3333333333333335,0.03999999999999934,0.1786155073421017,attentive,0,2
85.5,True,56.264346493435355,-15.99696253428078,3.3333333333333335,0.03999999999999934,0.17899003952694992,attentive,0,2
85.53333333333333,True,37.36993213952682,-12.787532187586676,3.3333333333333335,0.03999999999999934,0.1793138204639056,attentive,0,2
85.56666666666666,True,47.581184122933124,-15.244180546910448,3.3333333333333335,0.03999999999999934,0.17966918198480908,attentive,0,2
85.6,True,50.03602183731582,-11.34544442028066,3.3333333333333335,0.03999999999999934,0.18002657785448428,attentive,0,2
85.63333333333333,True,44.421283658400554,-13.654275315020755,3.3333333333333335,0.03999999999999934,0.180360638456963,attentive,0,2
85.66666666666667,True,40.449762098222806,-15.878777776718781,3.3333333333333335,0.03999999999999934,0.18070155318182618,attentive,0,2
85.7,True,41.765640419752174,-19.017787928302816,3.3333333333333335,0.03999999999999934,0.18105518201741294,attentive,0,2
85.73333333333333,True,61.34070734093176,-12.085599070152611,3.3333333333333335,0.03999999999999934,0.18143900621662512,attentive,0,2
85.76666666666667,True,46.600350982909966,-15.329619792275306,3.3333333333333335,0.03999999999999934,0.18178377118729364,attentive,0,2
85.8,True,56.369988924571814,-13.779868964164395,3.3333333333333335,0.03999999999999934,0.1821535134584138,attentive,0,2
85.83333333333333,True,54.86793980972101,-16.494718851357977,3.3333333333333335,0.03999999999999934,0.18251502054023705,attentive,0,2
85.86666666666666,True,47.60211718149212,-12.531144705130803,3.3333333333333335,0.03999999999999934,0.18286169634687707,attentive,0,2
85.9,True,42.94348405673802,-16.490004283646204,3.3333333333333335,0.03999999999999934,0.18320575086115565,attentive,0,2
85.93333333333334,True,58.49755735940583,-10.363192962091397,3.3333333333333335,0.03999999999999934,0.18357788699007294,attentive,0,2
85.96666666666667,True,54.95675995426624,-14.110022771548621,3.3333333333333335,0.03999999999999934,0.183947994555955,attentive,0,2
86.0,True,50.685479442164514,-20.366779511548685,3.3333333333333335,0.03999999999999934,0.1843079578897881,attentive,0,2
86.03333333333333,True,47.204464017811816,-12.725360253228093,3.3333333333333335,0.03999999999999934,0.18464511662520533,attentive,0,2
86.06666666666666,True,51.078204952328115,-14.410488634992108,3.3333333333333335,0.03999999999999934,0.18500295878039566,attentive,0,2
86.1,True,58.5873493320025,-14.839857731523564,3.3333333333333335,0.03999999999999934,0.18538860177360372,attentive,0,2
86.13333333333333,True,55.98910123433768,-16.5303283890231,3.3333333333333335,0.03999999999999934,0.18575926199750895,attentive,0,2
86.16666666666667,True,54.65215309977238,-18.25376748396016,3.3333333333333335,0.03999999999999934,0.18613322308563168,attentive,0,2
86.2,True,52.021888597951495,-13.957035443454552,3.3333333333333335,0.03999999999999934,0.18649050229815217,attentive,0,2
86.23333333333333,True,51.505097346178836,-18.166726440855253,3.3333333333333335,0.03999999999999934,0.1868484556073301,attentive,0,2
86.26666666666667,True,51.65153692851499,-18.17295742938648,3.3333333333333335,0.03999999999999934,0.18721334615123564,attentive,0,2
86.3,True,53.32528831247447,-18.418894852287128,3.3333333333333335,0.03999999999999934,0.18758544119421022,attentive,0,2
86.33333333333333,True,44.18575292621098,-13.625917972380897,3.3333333333333335,0.03999999999999934,0.18792640149451995,attentive,0,2
86.36666666666666,True,45.118720051503836,-15.5347424504715,3.3333333333333335,0.03999999999999934,0.18828627730473738,attentive,0,2
86.4,True,51.47437393396332,-17.992207286555075,3.3333333333333335,0.03999999999999934,0.18865183728606474,attentive,0,2
86.43333333333334,True,52.273616652366016,-10.363410682399095,3.3333333333333335,0.03999999999999934,0.1890183251655777,attentive,0,2
86.46666666666667,True,47.20066862063495,-11.268871462968775,3.3333333333333335,0.03999999999999934,0.18936772278977443,attentive,0,2
86.5,True,48.202882751805426,-13.588617441107875,3.3333333333333335,0.03999999999999934,0.18971605347528414,attentive,0,2
86.53333333333333,True,36.681437013791225,-8.219612614071718,3.3333333333333335,0.03999999999999934,0.19003324108800068,attentive,0,2
86.56666666666666,True,48.594448956102276,-9.559860695080674,3.3333333333333335,0.03999999999999934,0.190380995562772,attentive,0,2
86.6,True,42.943607238459876,-13.0338268476499,3.3333333333333335,0.03999999999999934,0.1907234950359597,attentive,0,2
86.63333333333333,True,49.05878567756004,-17.7724261896523,3.3333333333333335,0.03999999999999934,0.19108137904937084,attentive,0,2
86.66666666666667,True,50.48007675065589,-18.130077676906886,3.3333333333333335,0.03999999999999934,0.1914448176101124,attentive,0,2
86.7,True,55.204477097728464,-7.97437855413342,3.3333333333333335,0.03999999999999934,0.1918108044152566,attentive,0,2
86.73333333333333,True,47.03368583786147,-11.262185712677997,3.3333333333333335,0.03999999999999934,0.1921663874612181,attentive,0,2
86.76666666666667,True,55.250900425048975,-15.525404822822216,3.3333333333333335,0.03999999999999934,0.19255067437266976,attentive,0,2
86.8,True,49.03706509078972,-9.501166199861721,3.3333333333333335,0.03999999999999934,0.19290047167307361,attentive,0,2
86.83333333333333,True,52.3740423359323,-15.356615502108236,3.3333333333333335,0.03999999999999934,0.1932628945252996,attentive,0,2
86.86666666666666,True,48.18639021583867,-15.916488777075426,3.3333333333333335,0.03999999999999934,0.19361723487811355,attentive,0,2
86.9,True,50.370179364303,-15.401020973673013,3.3333333333333335,0.03999999999999934,0.1939773791110877,attentive,0,2
86.93333333333334,True,53.12105066946976,-19.235377096433297,3.3333333333333335,0.03999999999999934,0.19435204371888712,attentive,0,2
86.96666666666667,True,48.753366844989,-13.158174387884795,3.3333333333333335,0.03999999999999934,0.19470871167188636,attentive,0,2
87.0,True,49.64393453788201,-16.49389936356908,3.3333333333333335,0.03999999999999934,0.19506563100909813,attentive,0,2
87.03333333333333,True,55.08870324218821,-15.568074746197501,3.3333333333333335,0.03999999999999934,0.19543770966999474,attentive,0,2
87.06666666666666,True,51.19430353517981,-11.953594684772344,3.3333333333333335,0.03999999999999934,0.19579565110911148,attentive,0,2
87.1,True,46.357425125653094,-13.42308129476644,3.3333333333333335,0.03999999999999934,0.19614428258888944,attentive,0,2
87.13333333333333,True,50.59127845316351,-20.507867713775468,3.3333333333333335,0.03999999999999934,0.1965200406065479,attentive,0,2
87.16666666666667,True,49.307657174497926,-13.526919185115208,3.3333333333333335,0.03999999999999934,0.1968761036239681,attentive,0,2
87.2,True,47.15439684888897,-17.511001953013302,3.3333333333333335,0.03999999999999934,0.1972281402639083,attentive,0,2
87.23333333333333,True,55.433839338312254,-12.299813804984868,3.3333333333333335,0.03999999999999934,0.19760064063922037,attentive,0,2
87.26666666666667,True,51.94021148071011,-16.972787015158314,3.3333333333333335,0.03999999999999934,0.19796962582230676,attentive,0,2
87.3,True,46.105638793527056,-8.32600896638834,3.3333333333333335,0.03999999999999934,0.1983042036290909,attentive,0,2
87.33333333333333,True,49.73353254790735,-12.40844077865734,3.3333333333333335,0.03999999999999934,0.19864703084297466,attentive,0,2
87.36666666666666,True,49.66769304087778,-16.758592835324414,3.3333333333333335,0.03999999999999934,0.1990054835035929,attentive,0,2
87.4,True,47.48536338475715,-13.471223794028505,3.3333333333333335,0.03999999999999934,0.19935142097975989,attentive,0,2
87.43333333333334,True,45.85424953231734,-8.90299091121769,3.3333333333333335,0.03999999999999934,0.19969366323357063,attentive,0,2
87.46666666666667,True,46.04922170173845,-17.9097479426713,3.3333333333333335,0.03999999999999934,0.20003847660160023,attentive,0,2
87.5,True,48.235589657451214,-18.38553773520184,3.3333333333333335,0.03999999999999934,0.20039838386688125,attentive,0,2
87.53333333333333,True,49.89257903677248,-12.73679661734037,3.3333333333333335,0.03999999999999934,0.20075641264110394,attentive,0,2
87.56666666666666,True,44.414489588039864,-15.10017194203501,3.3333333333333335,0.03999999999999934,0.20110355906876098,attentive,0,2
87.6,True,58.139265515545446,-15.40425681579913,3.3333333333333335,0.03999999999999934,0.20148721610393616,attentive,0,2
87.63333333333333,True,44.99129508451364,-15.666630424172268,3.3333333333333335,0.03999999999999934,0.2018299041367271,attentive,0,2
87.66666666666667,True,54.08006321047634,-13.560451363028502,3.3333333333333335,0.03999999999999934,0.20219355729061356,attentive,0,2
87.7,True,52.81427965031637,-11.951235275139506,3.3333333333333335,0.03999999999999934,0.2025560880266293,attentive,0,2
87.73333333333333,True,53.91782219059474,-22.203459882417405,3.3333333333333335,0.03999999999999934,0.2029300244848859,attentive,0,2
87.76666666666667,True,43.37818482241842,-16.370911579266757,3.3333333333333335,0.03999999999999934,0.20327343100755005,attentive,0,2
87.8,True,48.25574340601526,-19.009626247593687,3.3333333333333335,0.03999999999999934,0.20363353973511691,attentive,0,2
87.83333333333333,True,46.70199098680997,-17.18736646713544,3.3333333333333335,0.03999999999999934,0.20398904142071916,attentive,0,2
87.86666666666666,True,48.05670650726349,-18.248505522803654,3.3333333333333335,0.03999999999999934,0.20435028395671134,attentive,0,2
87.9,True,43.727765600666714,-14.039180089265287,3.3333333333333335,0.03999999999999934,0.20468759686440435,attentive,0,2
87.93333333333334,True,54.56369753416306,-15.364604964068942,3.3333333333333335,0.03999999999999934,0.20506873751057647,attentive,0,2
87.96666666666667,True,47.22774644340374,-15.817659018225044,3.3333333333333335,0.03999999999999934,0.2054267927473315,attentive,0,2
88.0,False,-1.2845596584841237,0.016764071890584868,3.3333333333333335,0.03999999999999934,0.20541734566948322,attentive,0,2
88.03333333333333,False,9.662220228036999,-2.534495736845499,3.3333333333333335,0.04222222222222144,0.20545036792811636,attentive,0,2
88.06666666666666,False,1.130919111303203,3.3528979393578995,3.3333333333333335,0.04444444444444354,0.2054421312743736,attentive,0,2
88.1,False,4.391834540074911,-5.478082029118496,3.3333333333333335,0.04666666666666563,0.20544768046206635,attentive,0,2
88.13333333333333,True,2.3785160911404866,-4.445160287362096,3.3333333333333335,0.039999999999999286,0.20545549069334634,attentive,0,2
88.16666666666667,True,2.393091395565861,0.002799733687964299,3.3333333333333335,0.039999999999999244,0.2054568656956141,attentive,0,2
88.2,True,4.523781076148964,2.3447337022954122,3.3333333333333335,0.039999999999999244,0.2054699902452372,attentive,0,2
88.23333333333333,True,7.309077140969973,2.572740156831053,3.3333333333333335,0.039999999999999244,0.2054815129877547,attentive,0,2
88.26666666666667,True,1.7923754376651655,-3.256546723877637,3.3333333333333335,0.039999999999999244,0.20547964149525383,attentive,0,2
88.3,True,-4.1272960884032575,0.3899614777663992,3.3333333333333335,0.039999999999999244,0.20546946476542005,attentive,0,2
88.33333333333333,True,-0.36656307834509677,0.1388453589568601,3.3333333333333335,0.039999999999999244,0.20546476882802361,attentive,0,2
88.36666666666666,True,2.243946732839622,4.278113572616306,3.3333333333333335,0.039999999999999244,0.2054561718734292,attentive,0,2
88.4,True,-6.848223797848921,-2.3262280149415693,3.3333333333333335,0.039999999999999244,0.2054394078878212,attentive,0,2
88.43333333333334,True,6.785057082403886,0.2994274663716717,3.3333333333333335,0.039999999999999244,0.20545366817395788,attentive,0,2
88.46666666666667,True,-1.8293895610927522,-8.327194424782242,3.3333333333333335,0.039999999999999244,0.20545806586429813,attentive,0,2
88.5,True,5.295697934119472,0.6840252180744665,3.3333333333333335,0.039999999999999244,0.205459030776922,attentive,0,2
88.53333333333333,True,-3.90228346084349,-5.014269199437544,3.3333333333333335,0.039999999999999244,0.2054478381317082,attentive,0,2
88.56666666666666,True,-3.3769126213425285,0.15040984751835676,3.3333333333333335,0.039999999999999244,0.2054361704963337,attentive,0,2
88.6,True,-1.77050173598224,-0.6942399508974445,3.3333333333333335,0.039999999999999244,0.20543389527543887,attentive,0,2
88.63333333333333,True,7.814142233699687,0.9179022276605187,3.3333333333333335,0.039999999999999244,0.20544320164620583,attentive,0,2
88.66666666666667,True,0.7028863832377275,-4.828478536991452,3.3333333333333335,0.039999999999999244,0.20543964611775897,attentive,0,2
88.7,True,-0.3952015434255823,2.1384507865455964,3.3333333333333335,0.039999999999999244,0.2054297321650005,attentive,0,2
88.73333333333333,True,1.2582500138837314,2.8326439995367387,3.3333333333333335,0.039999999999999244,0.2054282541105762,attentive,0,2
88.76666666666667,True,-2.454616648087956,0.9582433372587937,3.3333333333333335,0.039999999999999244,0.2054124428018467,attentive,0,2
88.8,True,3.4308424113474834,-2.042288916480152,3.3333333333333335,0.039999999999999244,0.20542632898758323,attentive,0,2
88.83333333333333,True,-6.9531055657802,1.4056280827399246,3.3333333333333335,0.039999999999999244,0.2053966860288598,attentive,0,2
88.86666666666666,True,-5.377938885084621,0.6324704578452615,3.3333333333333335,0.039999999999999244,0.2053779902012368,attentive,0,2
88.9,True,3.3948807770097984,3.7990157242980835,3.3333333333333335,0.039999999999999244,0.2053783422717947,attentive,0,2
88.93333333333334,True,-1.7644834628163135,1.5030157999012066,3.3333333333333335,0.039999999999999244,0.20538010097554618,attentive,0,2
88.96666666666667,True,-2.676392143434494,1.838038201217894,3.3333333333333335,0.039999999999999244,0.2053697387425213,attentive,0,2
89.0,True,5.830919460485146,-2.778289103029741,3.3333333333333335,0.039999999999999244,0.20538304389634887,attentive,0,2
89.03333333333333,True,-2.044876733473855,0.6166177696173687,3.3333333333333335,0.039999999999999244,0.20537388873547874,attentive,0,2
89.06666666666666,True,0.07376793899069986,-2.3520409469049905,3.3333333333333335,0.039999999999999244,0.20537611294760152,attentive,0,2
89.1,True,7.178024039837192,-4.036499670757831,3.3333333333333335,0.039999999999999244,0.20540031557192717,attentive,0,2
89.13333333333333,True,1.6319023373841357,0.9422346750190739,3.3333333333333335,0.039999999999999244,0.20539478991371707,attentive,0,2
89.16666666666667,True,-3.1194051433831143,3.856596450882141,3.3333333333333335,0.039999999999999244,0.20537759848960263,attentive,0,2
89.2,True,0.33606489318076005,-0.41201834855665154,3.3333333333333335,0.039999999999999244,0.20537243842647743,attentive,0,2
89.23333333333333,True,-5.06091802986769,1.6519297795214936,3.3333333333333335,0.039999999999999244,0.2053487730684238,attentive,0,2
89.26666666666667,True,0.19329845383371452,0.09431804511948216,3.3333333333333335,0.039999999999999244,0.20534270588771242,attentive,0,2
89.3,True,0.0976559438263522,0.7586266476705352,3.3333333333333335,0.039999999999999244,0.20533277007536327,attentive,0,2
89.33333333333333,True,-2.2812382691301907,-1.6139818978426663,3.3333333333333335,0.039999999999999244,0.20533185618857094,attentive,0,2
89.36666666666666,True,-3.963488454641219,-3.2567578603714393,3.3333333333333335,0.039999999999999244,0.20532292236856556,attentive,0,2
89.4,True,6.324880611821671,1.8285833226651165,3.3333333333333335,0.039999999999999244,0.20532877819570694,attentive,0,2
89.43333333333334,True,-1.1542333582415867,-4.216942675117523,3.3333333333333335,0.039999999999999244,0.20532108948998137,attentive,0,2
89.46666666666667,True,6.418025846340295,-2.12330872097676,3.3333333333333335,0.039999999999999244,0.2053373745339138,attentive,0,2
89.5,True,-5.547815705125883,0.8873907002081323,3.3333333333333335,0.039999999999999244,0.20532130197381065,attentive,0,2
89.53333333333333,True,-2.779855051479988,2.3064745532345703,3.3333333333333335,0.039999999999999244,0.20530831764281388,attentive,0,2
89.56666666666666,True,-1.5376943778415362,0.44795896743313046,3.3333333333333335,0.039999999999999244,0.2052932185983855,attentive,0,2
89.6,True,-5.233354507020877,-3.3354021200371777,3.3333333333333335,0.039999999999999244,0.2052803337395836,attentive,0,2
89.63333333333333,True,0.8548340078206441,-0.535136614669262,3.3333333333333335,0.039999999999999244,0.20528051250361926,attentive,0,2
89.66666666666667,True,-2.254916657485227,-2.027006528354553,3.3333333333333335,0.039999999999999244,0.2052698816372,attentive,0,2
89.7,True,2.4780269082613664,4.785904834334309,3.3333333333333335,0.039999999999999244,0.20526671011696285,attentive,0,2
89.73333333333333,True,4.4284152993522055,-0.5179467863964906,3.3333333333333335,0.039999999999999244,0.205284926498851,attentive,0,2
89.76666666666667,True,0.15498826974857505,-0.14067666468618006,3.3333333333333335,0.039999999999999244,0.20527333574340872,attentive,0,2
89.8,True,-0.2832426439960064,-1.862443959328151,3.3333333333333335,0.039999999999999244,0.20526418107922229,attentive,0,2
89.83333333333333,True,-1.5817480476769865,1.1424993113585489,3.3333333333333335,0.039999999999999244,0.2052539053430928,attentive,0,2
89.86666666666666,True,0.22134293948891626,1.624576886591353,3.3333333333333335,0.039999999999999244,0.2052465576208263,attentive,0,2
89.9,True,9.709499822906437,-5.750726196264356,3.3333333333333335,0.039999999999999244,0.20527314421316642,attentive,0,2
89.93333333333334,True,-2.9208001136991255,-3.5374453759313216,3.3333333333333335,0.039999999999999244,0.2052698692210589,attentive,0,2
89.96666666666667,True,10.228284324579358,4.831358625859046,3.3333333333333335,0.039999999999999244,0.205298581317189,attentive,0,2
90.0,True,27.371248056729478,-27.034452904601764,3.3333333333333335,0.039999999999999244,0.20528938598981836,attentive,0,2
90.03333333333333,True,34.16258147991508,-21.01744081195541,3.3333333333333335,0.039999999999999244,0.20528407850003513,attentive,0,2
90.06666666666666,True,26.162503547424464,-25.299090457216252,3.3333333333333335,0.039999999999999244,0.20528885778290074,attentive,0,2
90.1,True,37.73188182362128,-21.560220716967365,3.3333333333333335,0.039999999999999244,0.20531066969799952,attentive,0,2
90.13333333333333,True,20.40590390445182,-33.56911876903974,3.3333333333333335,0.039999999999999244,0.20529972039320277,attentive,0,2
90.16666666666667,True,31.034890745433913,-34.239845871631445,3.3333333333333335,0.039999999999999244,0.20532017928765137,attentive,0,2
90.2,True,29.483886932851817,-19.37602087348365,3.3333333333333335,0.039999999999999244,0.20530888115103363,attentive,0,2
90.23333333333333,True,25.723213060190833,-28.499161662017542,3.3333333333333335,0.039999999999999244,0.2053002829670756,attentive,0,2
90.26666666666667,True,30.173299976381962,-26.169584821350377,3.3333333333333335,0.039999999999999244,0.2052870272516986,attentive,0,2
90.3,True,34.62432562385267,-28.400720295179138,3.3333333333333335,0.039999999999999244,0.20527755945300485,attentive,0,2
90.33333333333333,True,25.70713052812174,-18.701445347582464,3.3333333333333335,0.039999999999999244,0.20526150686446554,attentive,0,2
90.36666666666666,True,43.36592469532801,-19.73340563786639,3.3333333333333335,0.039999999999999244,0.20531136877374423,attentive,0,2
90.4,True,14.10585086483512,-19.632311587167962,3.3333333333333335,0.039999999999999244,0.20526809507320778,attentive,0,2
90.43333333333334,True,31.06341466827014,-37.481296247211205,3.3333333333333335,0.039999999999999244,0.2052933031800033,attentive,0,2
90.46666666666667,True,1.5194779266326428,-27.595423370303912,3.3333333333333335,0.039999999999999244,0.20520636601537828,attentive,0,2
90.5,True,32.97540581976433,-31.39774978875577,3.3333333333333335,0.039999999999999244,0.20523032043725536,attentive,0,2
90.53333333333333,True,37.78602146699192,-22.495370043312114,3.3333333333333335,0.039999999999999244,0.20523217522844275,attentive,0,2
90.56666666666666,True,29.523976518493406,-23.338570307647117,3.3333333333333335,0.039999999999999244,0.20520562974009704,attentive,0,2
90.6,True,19.84256716499895,-24.10879257453242,3.3333333333333335,0.039999999999999244,0.20518979590711525,attentive,0,2
90.63333333333333,True,17.63731310155007,-26.09012989236095,3.3333333333333335,0.039999999999999244,0.20514911821203283,attentive,0,2
90.66666666666667,True,30.3899794894758,-18.214630197856703,3.3333333333333335,0.039999999999999244,0.20514294289069368,attentive,0,2
90.7,True,27.91526734577951,-22.205731529060646,3.3333333333333335,0.039999999999999244,0.20512642873610504,attentive,0,2
90.73333333333333,True,26.47187516492192,-24.403795935595692,3.3333333333333335,0.039999999999999244,0.2050988432982528,attentive,0,2
90.76666666666667,True,30.273162444813583,-31.0288188794958,3.3333333333333335,0.039999999999999244,0.20509993969774323,attentive,0,2
90.8,True,22.690165845128455,-32.60396603908519,3.3333333333333335,0.039999999999999244,0.2050708200018379,attentive,0,2
90.83333333333333,True,25.964377511531,-14.414019174133452,3.3333333333333335,0.039999999999999244,0.20504766260628784,attentive,0,2
90.86666666666666,True,18.495890743093536,-21.078369580204587,3.3333333333333335,0.039999999999999244,0.20500908031422077,attentive,0,2
90.9,True,32.83433713413701,-24.335124757321033,3.3333333333333335,0.039999999999999244,0.205020340427159,attentive,0,2
90.93333333333334,True,26.71921143005858,-20.175348923481344,3.3333333333333335,0.039999999999999244,0.20498514609764396,attentive,0,2
90.96666666666667,True,29.884983053246657,-27.183558095123036,3.3333333333333335,0.039999999999999244,0.20495565664902643,attentive,0,2
91.0,True,27.477138938570874,-26.650523271471478,3.3333333333333335,0.039999999999999244,0.20493993090386017,attentive,0,2
91.03333333333333,True,22.360208005766253,-29.258554162477814,3.3333333333333335,0.039999999999999244,0.20490198530330236,attentive,0,2
91.06666666666666,True,26.486509040097527,-19.50131853493473,3.3333333333333335,0.039999999999999244,0.20488516729559034,attentive,0,2
91.1,True,24.76847977250161,-24.92602751863591,3.3333333333333335,0.039999999999999244,0.20486929809482243,attentive,0,2
91.13333333333333,True,13.534974588991018,-30.595034840408324,3.3333333333333335,0.039999999999999244,0.20483510019711262,attentive,0,2
91.16666666666667,True,15.995492238743111,-28.697312851205393,3.3333333333333335,0.039999999999999244,0.20478635330368897,attentive,0,2
91.2,True,23.873783138983562,-26.748454988790424,3.3333333333333335,0.039999999999999244,0.20479138437285072,attentive,0,2
91.23333333333333,True,23.500178655553466,-15.81674597548558,3.3333333333333335,0.039999999999999244,0.20474274539971737,attentive,0,2
91.26666666666667,True,36.77827673061114,-28.488741507887326,3.3333333333333335,0.039999999999999244,0.20476775290707516,attentive,0,2
91.3,True,17.986804405244424,-29.113059799052863,3.3333333333333335,0.039999999999999244,0.20473816016462568,attentive,0,2
91.33333333333333,True,23.065829541605645,-22.87578553850452,3.3333333333333335,0.039999999999999244,0.20472324623271165,attentive,0,2
91.36666666666666,True,19.22485428468651,-33.272050262405045,3.3333333333333335,0.039999999999999244,0.20472752803114713,attentive,0,2
91.4,True,23.8510876999259,-25.980108678144298,3.3333333333333335,0.039999999999999244,0.2047081543574048,attentive,0,2
91.43333333333334,True,17.514699922614522,-30.002617661082823,3.3333333333333335,0.039999999999999244,0.20467828000487948,attentive,0,2
91.46666666666667,True,25.982936374436836,-28.06653122869149,3.3333333333333335,0.039999999999999244,0.2046660202649133,attentive,0,2
91.5,True,31.73503964823557,-29.375642454942614,3.3333333333333335,0.039999999999999244,0.2046453638180972,attentive,0,2
91.53333333333333,True,26.442120180107914,-29.98167034146103,3.3333333333333335,0.039999999999999244,0.2046315162839009,attentive,0,2
91.56666666666666,True,8.3879804501113,-23.51195639953311,3.3333333333333335,0.039999999999999244,0.20455162502497115,attentive,0,2
91.6,True,23.298434749868175,-24.076388289428508,3.3333333333333335,0.039999999999999244,0.20451038294146134,attentive,0,2
91.63333333333333,True,10.560368551898337,-18.980665031342554,3.3333333333333335,0.039999999999999244,0.20443731880834637,attentive,0,2
91.66666666666667,True,17.777973361840935,-23.96042156512525,3.3333333333333335,0.039999999999999244,0.20440032614608278,attentive,0,2
91.7,True,30.13948190807367,-18.961654708033333,3.3333333333333335,0.039999999999999244,0.20436972475295379,attentive,0,2
91.73333333333333,True,39.797166010039575,-25.079583946623963,3.3333333333333335,0.039999999999999244,0.2043870574774905,attentive,0,2
91.76666666666667,True,29.14589292081498,-21.199681792210857,3.3333333333333335,0.039999999999999244,0.20438150925597062,attentive,0,2
91.8,True,33.24447817113334,-23.6273855435672,3.3333333333333335,0.039999999999999244,0.20436457195915972,attentive,0,2
91.83333333333333,True,27.326371191008185,-23.477979583949438,3.3333333333333335,0.039999999999999244,0.20434754043252917,attentive,0,2
91.86666666666666,True,11.595176291265815,-22.961486254133934,3.3333333333333335,0.039999999999999244,0.20431419254310534,attentive,0,2
91.9,True,39.258831787977684,-20.660192413560395,3.3333333333333335,0.039999999999999244,0.2043362341637607,attentive,0,2
91.93333333333334,True,18.24441244313467,-25.04223271508084,3.3333333333333335,0.039999999999999244,0.204290123197051,attentive,0,2
91.96666666666667,True,28.100574652904573,-23.251306980214512,3.3333333333333335,0.039999999999999244,0.2042523397908353,attentive,0,2
92.0,False,20.456796534081516,-23.725032024215643,3.3333333333333335,0.039999999999999244,0.20422430006742093,attentive,0,2
92.03333333333333,False,18.309524008696595,-24.557691533531738,3.3333333333333335,0.04222222222222134,0.20418393334580676,attentive,0,2
92.06666666666666,False,23.868981753133795,-24.604957999138893,3.3333333333333335,0.04444444444444344,0.2041706512968904,attentive,0,2
92.1,False,30.56555702405628,-25.40615107556832,3.3333333333333335,0.04666666666666553,0.20415779100662013,attentive,0,2
92.13333333333333,True,23.24636391814811,-25.88776885853604,3.3333333333333335,0.039999999999999196,0.20413982133227654,attentive,0,2
92.16666666666667,True,16.284383989222185,-32.4023110313764,3.3333333333333335,0.03999999999999915,0.20411246989415152,attentive,0,2
92.2,True,21.730444588836153,-23.095071048409924,3.3333333333333335,0.03999999999999915,0.20409084612547074,attentive,0,2
92.23333333333333,True,24.410739273496574,-25.036542183069525,3.3333333333333335,0.03999999999999915,0.2040570989042251,attentive,0,2
92.26666666666667,True,15.34656970041174,-23.412859760275097,3.3333333333333335,0.03999999999999915,0.20403253345280536,attentive,0,2
92.3,True,18.28331063653382,-22.400913885491146,3.3333333333333335,0.03999999999999915,0.20397391315201624,attentive,0,2
92.33333333333333,True,10.89018879643033,-35.055028327837704,3.3333333333333335,0.03999999999999915,0.20393769586929572,attentive,0,2
92.36666666666666,True,24.03723286299632,-28.63721536762235,3.3333333333333335,0.03999999999999915,0.2039238630164398,attentive,0,2
92.4,True,14.977712709614433,-31.635026758945084,3.3333333333333335,0.03999999999999915,0.2039006979784565,attentive,0,2
92.43333333333334,True,6.624518431820471,-16.43481585787762,3.3333333333333335,0.03999999999999915,0.2038194442281754,attentive,0,2
92.46666666666667,True,9.843866772545365,-32.446863007437585,3.3333333333333335,0.03999999999999915,0.203767678491836,attentive,0,2
92.5,True,3.504075888762472,-28.493047290800696,3.3333333333333335,0.03999999999999915,0.2037017287360962,attentive,0,2
92.53333333333333,True,34.618976407415836,-24.314039682348312,3.3333333333333335,0.03999999999999915,0.20370510564441557,attentive,0,2
92.56666666666666,True,20.68432597991321,-27.850005224177888,3.3333333333333335,0.03999999999999915,0.20368852580305424,attentive,0,2
92.6,True,19.32531127420602,-26.489549779592352,3.3333333333333335,0.03999999999999915,0.2036360295818342,attentive,0,2
92.63333333333333,True,0.016142382073763173,-24.999436799048983,3.3333333333333335,0.03999999999999915,0.20357430576984342,attentive,0,2
92.66666666666667,True,12.29552458396741,-26.855398866863418,3.3333333333333335,0.03999999999999915,0.20353938673517125,attentive,0,2
92.7,True,4.551122195633694,-28.772001072155124,3.3333333333333335,0.03999999999999915,0.20348904762995265,attentive,0,2
92.73333333333333,True,1.0632268826841607,-18.101645079586007,3.3333333333333335,0.03999999999999915,0.2034142018309825,attentive,0,2
92.76666666666667,True,16.078537022179002,-26.02044756440786,3.3333333333333335,0.03999999999999915,0.20337927392680288,attentive,0,2
92.8,True,5.392741210918206,-19.87425274208333,3.3333333333333335,0.03999999999999915,0.20331660335535268,attentive,0,2
92.83333333333333,True,5.669660011324637,-23.217382545793008,3.3333333333333335,0.03999999999999915,0.2032371271513923,attentive,0,2
92.86666666666666,True,1.4365599762123846,-25.865780410466186,3.3333333333333335,0.03999999999999915,0.20317548537517022,attentive,0,2
92.9,True,10.803482112238358,-17.97469952078495,3.3333333333333335,0.03999999999999915,0.20313015850664284,attentive,0,2
92.93333333333334,True,-4.6100803344681225,-27.21001569576013,3.3333333333333335,0.03999999999999915,0.2030437572126807,attentive,0,2
92.96666666666667,True,14.629782881948458,-21.78975150963735,3.3333333333333335,0.03999999999999915,0.20296869256100064,attentive,0,2
93.0,True,-9.085263431408995,-27.290600357775737,3.3333333333333335,0.03999999999999915,0.2032040714268552,attentive,0,2
93.03333333333333,True,5.189751690132059,-23.509363312024693,3.3333333333333335,0.03999999999999915,0.20347157928775672,attentive,0,2
93.06666666666666,True,15.605463977185007,-28.725951806423396,3.3333333333333335,0.03999999999999915,0.203776905524246,attentive,0,2
93.1,True,3.7864264655916395,-30.254342936065008,3.3333333333333335,0.03999999999999915,0.20404288004694734,attentive,0,2
93.13333333333333,True,3.545598244365441,-23.499023127082268,3.3333333333333335,0.03999999999999915,0.20430057853902145,attentive,0,2
93.16666666666667,True,-3.705993936779345,-33.72240228247669,3.3333333333333335,0.03999999999999915,0.20455213353833296,attentive,0,2
93.2,True,20.40075043174889,-30.86430487177896,3.3333333333333335,0.03999999999999915,0.20487424808070026,attentive,0,2
93.23333333333333,True,1.2946436352508117,-26.52810839047139,3.3333333333333335,0.03999999999999915,0.20511205499896096,attentive,0,2
93.26666666666667,True,14.693323396141817,-26.102031279163306,3.3333333333333335,0.03999999999999915,0.2054094092317747,attentive,0,2
93.3,True,-0.3686293846791546,-30.39439008656346,3.3333333333333335,0.03999999999999915,0.20568088949058694,attentive,0,2
93.33333333333333,True,10.206776689002439,-22.27820216792726,3.3333333333333335,0.03999999999999915,0.20595855985778055,attentive,0,2
93.36666666666666,True,6.2088781887608135,-27.023027673379634,3.3333333333333335,0.03999999999999915,0.2062249709541469,attentive,0,2
93.4,True,-7.3518213994642325,-30.264238666311197,3.3333333333333335,0.03999999999999915,0.2064604797445913,attentive,0,2
93.43333333333334,True,-3.717302422920918,-21.883781721950342,3.3333333333333335,0.03999999999999915,0.20669344042465515,attentive,0,2
93.46666666666667,True,-7.427480589129841,-33.70715808214305,3.3333333333333335,0.03999999999999915,0.2069289686236864,attentive,0,2
93.5,True,9.149507767385149,-15.253033991767518,3.3333333333333335,0.03999999999999915,0.20719526813038552,attentive,0,2
93.53333333333333,True,9.900937325941483,-24.024180228349636,3.3333333333333335,0.03999999999999915,0.20746485205512563,attentive,0,2
93.56666666666666,True,6.492828381805107,-19.862829154845684,3.3333333333333335,0.03999999999999915,0.2077260473501768,attentive,0,2
93.6,True,4.896443204076285,-26.70008686723758,3.3333333333333335,0.03999999999999915,0.20799469109319393,attentive,0,2
93.63333333333333,True,3.373985828732034,-23.231255953374582,3.3333333333333335,0.03999999999999915,0.2082525359546767,attentive,0,2
93.66666666666667,True,5.717933268390814,-33.56559215701721,3.3333333333333335,0.03999999999999915,0.20852457113910808,attentive,0,2
93.7,True,7.428149551679507,-27.53806326757222,3.3333333333333335,0.03999999999999915,0.20880031908514696,attentive,0,2
93.73333333333333,True,-4.505801862735093,-20.72346990536854,3.3333333333333335,0.03999999999999915,0.2090363405696402,attentive,0,2
93.76666666666667,True,12.441069139211162,-19.677038796112484,3.3333333333333335,0.03999999999999915,0.2093058084145012,attentive,0,2
93.8,True,16.40859989445597,-22.831647746204744,3.3333333333333335,0.03999999999999915,0.20959089971858905,attentive,0,2
93.83333333333333,True,-0.003714331786519587,-23.74925342689556,3.3333333333333335,0.03999999999999915,0.20984317666992902,attentive,0,2
93.86666666666666,True,-1.1035367192275607,-28.08943878458963,3.3333333333333335,0.03999999999999915,0.21010939374643928,attentive,0,2
93.9,True,-0.8865813848937751,-25.950881500161366,3.3333333333333335,0.03999999999999915,0.21036391326418802,attentive,0,2
93.93333333333334,True,17.17244899223287,-21.064968631219145,3.3333333333333335,0.03999999999999915,0.2106616402618622,attentive,0,2
93.96666666666667,True,-9.653739418122381,-24.664857441353924,3.3333333333333335,0.03999999999999915,0.21089619083725994,attentive,0,2
94.0,True,9.067825104626124,-23.2086686291969,3.3333333333333335,0.03999999999999915,0.2111560124738305,attentive,0,2
94.03333333333333,True,6.389048889095122,-20.493294819783927,3.3333333333333335,0.03999999999999915,0.21142085923634257,attentive,0,2
94.06666666666666,True,-11.438406695826776,-27.306597989090978,3.3333333333333335,0.03999999999999915,0.21165618231946465,attentive,0,2
94.1,True,27.353674203833023,-34.13075986718438,3.3333333333333335,0.03999999999999915,0.21198610266693227,attentive,0,2
94.13333333333333,True,7.801141827696021,-26.567475425914154,3.3333333333333335,0.03999999999999915,0.21225811239728515,attentive,0,2
94.16666666666667,True,-3.1773761747167626,-25.108439843540744,3.3333333333333335,0.03999999999999915,0.21251396877194922,attentive,0,2
94.2,True,-4.731966199295159,-19.657161498443546,3.3333333333333335,0.03999999999999915,0.21275649182068399,attentive,0,2
94.23333333333333,True,-16.597804556356767,-29.05938409479358,3.3333333333333335,0.03999999999999915,0.2129768457943407,attentive,0,2
94.26666666666667,True,2.6312454036313513,-27.604881036248457,3.3333333333333335,0.03999999999999915,0.21324712397187096,attentive,0,2
94.3,True,-4.286316031926531,-18.469489994902908,3.3333333333333335,0.03999999999999915,0.21349520805462355,attentive,0,2
94.33333333333333,True,-8.588294055922796,-27.445866425561377,3.3333333333333335,0.03999999999999915,0.2137364348810333,attentive,0,2
94.36666666666666,True,-3.579499454888979,-24.84461961674805,3.3333333333333335,0.03999999999999915,0.2139712866166822,attentive,0,2
94.4,True,7.484712474871884,-27.35348178103682,3.3333333333333335,0.03999999999999915,0.21424781068760712,attentive,0,2
94.43333333333334,True,3.687921941763454,-23.723277906663064,3.3333333333333335,0.03999999999999915,0.21450342169072217,attentive,0,2
94.46666666666667,True,5.326770295431742,-19.190217991959862,3.3333333333333335,0.03999999999999915,0.21475616425399705,attentive,0,2
94.5,True,6.716270584803669,-15.022251245259787,3.3333333333333335,0.03999999999999915,0.21500535251843694,attentive,0,2
94.53333333333333,True,-11.452859268312205,-31.601360135766647,3.3333333333333335,0.03999999999999915,0.21523041697283346,attentive,0,2
94.56666666666666,True,-4.449216959655261,-26.902350901333854,3.3333333333333335,0.03999999999999915,0.21545145832004642,attentive,0,2
94.6,True,-4.7153602999764805,-27.188525510203014,3.3333333333333335,0.03999999999999915,0.21569842607475007,attentive,0,2
94.63333333333333,True,-7.479740329831677,-21.945457987493725,3.3333333333333335,0.03999999999999915,0.21591648737119734,attentive,0,2
94.66666666666667,True,-2.8519595296742377,-19.11135329147293,3.3333333333333335,0.03999999999999915,0.21615539918310567,attentive,0,2
94.7,True,-3.393660027475359,-20.30824194305818,3.3333333333333335,0.03999999999999915,0.21640508638870815,attentive,0,2
94.73333333333333,True,-1.8404673168875685,-29.38768625260225,3.3333333333333335,0.03999999999999915,0.21665487233204223,attentive,0,2
94.76666666666667,True,-5.650644880462476,-20.694195115928427,3.3333333333333335,0.03999999999999915,0.21688932614702966,attentive,0,2
94.8,True,-2.622847996601462,-16.732495909994654,3.3333333333333335,0.03999999999999915,0.21712742201489926,attentive,0,2
94.83333333333333,True,-9.7497417114906,-26.70945625562921,3.3333333333333335,0.03999999999999915,0.21736799043347382,attentive,0,2
94.86666666666666,True,3.7152304774552727,-21.153065510479042,3.3333333333333335,0.03999999999999915,0.21762180373911605,attentive,0,2
94.9,True,3.4566601351878745,-31.445364077649753,3.3333333333333335,0.03999999999999915,0.21789318386844855,attentive,0,2
94.93333333333334,True,4.674819859291484,-24.458827150574372,3.3333333333333335,0.03999999999999915,0.2181694509992976,attentive,0,2
94.96666666666667,True,-6.962886775778643,-28.83932017641794,3.3333333333333335,0.03999999999999915,0.21841615508141837,attentive,0,2
95.0,True,8.412286763121621,-29.537204732676074,3.3333333333333335,0.03999999999999915,0.218685938727758,attentive,0,2
95.03333333333333,True,0.6864879053241024,-20.97931020682159,3.3333333333333335,0.03999999999999915,0.2189272447188616,attentive,0,2
95.06666666666666,True,10.768226945705596,-37.67667464624655,3.3333333333333335,0.03999999999999915,0.21921781412356173,attentive,0,2
95.1,True,-4.427132279777194,-33.44883723395638,3.3333333333333335,0.03999999999999915,0.21946512040338734,attentive,0,2
95.13333333333333,True,-6.081108006179967,-27.92802232810441,3.3333333333333335,0.03999999999999915,0.2197082319058159,attentive,0,2
95.16666666666667,True,-26.523015062770078,-25.044103466563726,3.3333333333333335,0.03999999999999915,0.21990147452880066,attentive,0,2
95.2,True,-0.870348851313838,-21.01890991808153,3.3333333333333335,0.03999999999999915,0.22014100395753866,attentive,0,2
95.23333333333333,True,-4.443716406392224,-25.579582088598656,3.3333333333333335,0.03999999999999915,0.2203878645052368,attentive,0,2
95.26666666666667,True,-11.024489388249151,-24.628040823012913,3.3333333333333335,0.03999999999999915,0.22059619905809494,attentive,0,2
95.3,True,4.578555838077083,-26.926942521610027,3.3333333333333335,0.03999999999999915,0.2208715797141246,attentive,0,2
95.33333333333333,True,-19.196719710336524,-24.730997615530832,3.3333333333333335,0.03999999999999915,0.22107549421506634,attentive,0,2
95.36666666666666,True,-9.595038896197071,-21.795175696099015,3.3333333333333335,0.03999999999999915,0.22128465953342616,attentive,0,2
95.4,True,-2.2646063600831194,-21.280250608331688,3.3333333333333335,0.03999999999999915,0.22152130871970543,attentive,0,2
95.43333333333334,True,-8.459103041757004,-22.77072212890436,3.3333333333333335,0.03999999999999915,0.22174519765956885,attentive,0,2
95.46666666666667,True,-8.506421139976194,-24.34060435496177,3.3333333333333335,0.03999999999999915,0.22198825031439756,attentive,0,2
95.5,True,-3.6664807686855294,-24.916144152445476,3.3333333333333335,0.03999999999999915,0.22223902319569708,attentive,0,2
95.53333333333333,True,-14.467726043115404,-28.018505642474246,3.3333333333333335,0.03999999999999915,0.22245595933843632,attentive,0,2
95.56666666666666,True,-10.714730760276666,-30.312442216542326,3.3333333333333335,0.03999999999999915,0.22268138474475538,attentive,0,2
95.6,True,-19.78157593318776,-28.87811166128134,3.3333333333333335,0.03999999999999915,0.2228857641664535,attentive,0,2
95.63333333333333,True,-20.26284908012204,-25.82176689996141,3.3333333333333335,0.03999999999999915,0.22307808069846924,attentive,0,2
95.66666666666667,True,-5.943397975608144,-25.89234226740268,3.3333333333333335,0.03999999999999915,0.2233255184399505,attentive,0,2
95.7,True,4.128815733055781,-18.550376733873968,3.3333333333333335,0.03999999999999915,0.22360105590727736,attentive,0,2
95.73333333333333,True,-15.606861185593967,-23.49916844266093,3.3333333333333335,0.03999999999999915,0.2238158668805061,attentive,0,2
95.76666666666667,True,-22.46026643952699,-22.404701773148552,3.3333333333333335,0.03999999999999915,0.22400835736010963,attentive,0,2
95.8,True,-15.396206601677957,-26.40739659622423,3.3333333333333335,0.03999999999999915,0.22422184170257195,attentive,0,2
95.83333333333333,True,-13.89323532608946,-25.243764091775454,3.3333333333333335,0.03999999999999915,0.22444233363914162,attentive,0,2
95.86666666666666,True,-16.478717723942466,-25.61237832458894,3.3333333333333335,0.03999999999999915,0.22465865250510147,attentive,0,2
95.9,True,5.744496004577128,-24.653048955594887,3.3333333333333335,0.03999999999999915,0.22493143527396342,attentive,0,2
95.93333333333334,True,-6.361582934136656,-22.539845668666505,3.3333333333333335,0.03999999999999915,0.22516041112738264,attentive,0,2
95.96666666666667,True,-20.55528243622438,-27.763702487212516,3.3333333333333335,0.03999999999999915,0.2253663408288615,attentive,0,2
96.0,False,-21.137461599430523,-22.622532369444567,3.3333333333333335,0.03999999999999915,0.22557164669475555,attentive,0,2
96.03333333333333,False,-2.1040757038310876,-26.71155418394781,3.3333333333333335,0.042222222222221245,0.22583376702199048,attentive,0,2
96.06666666666666,False,-21.90864696839234,-32.281252557743755,3.3333333333333335,0.04444444444444334,0.22605523591087845,attentive,0,2
96.1,False,-17.559929982651365,-23.648337922029608,3.3333333333333335,0.046666666666665434,0.22625897743938028,attentive,0,2
96.13333333333333,True,-9.899032007269575,-18.843907039628498,3.3333333333333335,0.039999999999999106,0.22648018466188455,attentive,0,2
96.16666666666667,True,-13.050145075345638,-30.46112953324858,3.3333333333333335,0.03999999999999905,0.22671617650653897,attentive,0,2
96.2,True,-1.3673507010945727,-29.882142504723625,3.3333333333333335,0.03999999999999905,0.22697170692676444,attentive,0,2
96.23333333333333,True,-16.120362463620424,-28.01629203114783,3.3333333333333335,0.03999999999999905,0.22718464102671365,attentive,0,2
96.26666666666667,True,-9.12142050953623,-24.77697214722899,3.3333333333333335,0.03999999999999905,0.2274229450800213,attentive,0,2
96.3,True,-11.341834472853323,-22.88117791130916,3.3333333333333335,0.03999999999999905,0.22763673987245425,attentive,0,2
96.33333333333333,True,-16.638058707638155,-19.788096383258292,3.3333333333333335,0.03999999999999905,0.22784686616542787,attentive,0,2
96.36666666666666,True,-9.923885910855253,-23.82146323653297,3.3333333333333335,0.03999999999999905,0.22807232598497568,attentive,0,2
96.4,True,-17.164558047548958,-26.847680207902382,3.3333333333333335,0.03999999999999905,0.22829642897185665,attentive,0,2
96.43333333333334,True,-18.55069888060364,-17.937023132753183,3.3333333333333335,0.03999999999999905,0.2284935016403029,attentive,0,2
96.46666666666667,True,-13.530481133456835,-19.25834433452797,3.3333333333333335,0.03999999999999905,0.22869237863123182,attentive,0,2
96.5,True,-23.153531662981166,-24.487075365680745,3.3333333333333335,0.03999999999999905,0.22889419865619492,attentive,0,2
96.53333333333333,True,-24.503302408758216,-30.684172637844792,3.3333333333333335,0.03999999999999905,0.22912280004958657,attentive,0,2
96.56666666666666,True,-17.51235618771454,-30.71344372480474,3.3333333333333335,0.03999999999999905,0.22933674311117755,attentive,0,2
96.6,True,-13.957330916300897,-25.761448071569486,3.3333333333333335,0.03999999999999905,0.22953964149100378,attentive,0,2
96.63333333333333,True,-28.30593623567662,-28.542242190313267,3.3333333333333335,0.03999999999999905,0.22970772498095443,attentive,0,2
96.66666666666667,True,-40.654576784928054,-22.674470459807853,3.3333333333333335,0.03999999999999905,0.2298507423443413,attentive,0,2
96.7,True,-16.36872210893085,-25.552590482780236,3.3333333333333335,0.03999999999999905,0.23007097310600066,attentive,0,2
96.73333333333333,True,-31.36422833414266,-32.093692045181605,3.3333333333333335,0.03999999999999905,0.23025193166224459,attentive,0,2
96.76666666666667,True,-19.201186994341196,-26.395288117542506,3.3333333333333335,0.03999999999999905,0.23045430552360086,attentive,0,2
96.8,True,-23.36376912214517,-30.69492780555819,3.3333333333333335,0.03999999999999905,0.2306565399403546,attentive,0,2
96.83333333333333,True,-27.49240737603354,-24.815483657186412,3.3333333333333335,0.03999999999999905,0.23084555143973673,attentive,0,2
96.86666666666666,True,-17.47188800479121,-31.653281350383303,3.3333333333333335,0.03999999999999905,0.23104835379157607,attentive,0,2
96.9,True,-22.518597313342937,-23.76136075457449,3.3333333333333335,0.03999999999999905,0.2312401198625118,attentive,0,2
96.93333333333334,True,-22.983256698594168,-22.581363951850566,3.3333333333333335,0.03999999999999905,0.23143837337552892,attentive,0,2
96.96666666666667,True,-26.974006153920886,-24.01973462823427,3.3333333333333335,0.03999999999999905,0.23162541071791606,attentive,0,2
97.0,True,-26.70243606638816,-21.05600988271073,3.3333333333333335,0.03999999999999905,0.23182278026934425,attentive,0,2
97.03333333333333,True,-40.378057112179036,-23.32742605832129,3.3333333333333335,0.03999999999999905,0.2319691007546234,attentive,0,2
97.06666666666666,True,-27.779055855466424,-28.115275812959155,3.3333333333333335,0.03999999999999905,0.2321664413035973,attentive,0,2
97.1,True,-20.26890215124021,-15.065835164968913,3.3333333333333335,0.03999999999999905,0.23234939550454947,attentive,0,2
97.13333333333333,True,-14.63537359780306,-32.37414314688274,3.3333333333333335,0.03999999999999905,0.2325690135226014,attentive,0,2
97.16666666666667,True,-21.089646649110442,-23.548506838558517,3.3333333333333335,0.03999999999999905,0.23278043095209175,attentive,0,2
97.2,True,-23.377709706014954,-32.78756393606642,3.3333333333333335,0.03999999999999905,0.2329877550900898,attentive,0,2
97.23333333333333,True,-24.06670169610106,-25.314904529328434,3.3333333333333335,0.03999999999999905,0.23317079364150645,attentive,0,2
97.26666666666667,True,-35.008356125130774,-31.136983921434158,3.3333333333333335,0.03999999999999905,0.23334424244823987,attentive,0,2
97.3,True,-17.129748768918876,-22.352696401370277,3.3333333333333335,0.03999999999999905,0.23354311298806857,attentive,0,2
97.33333333333333,True,-23.827089121019082,-31.331516465523492,3.3333333333333335,0.03999999999999905,0.23374567509237879,attentive,0,2
97.36666666666666,True,-26.42799269661816,-23.46116121312866,3.3333333333333335,0.03999999999999905,0.2339327776045032,attentive,0,2
97.4,True,-14.760163492295309,-33.282543447954694,3.3333333333333335,0.03999999999999905,0.2341550660283525,attentive,0,2
97.43333333333334,True,-49.91862204185211,-25.638378458235564,3.3333333333333335,0.03999999999999905,0.23427142087438646,attentive,0,2
97.46666666666667,True,-7.9780404820257225,-31.39773687249896,3.3333333333333335,0.03999999999999905,0.23450979614174247,attentive,0,2
97.5,True,-34.10557626861295,-29.651741633629886,3.3333333333333335,0.03999999999999905,0.23467649034027474,attentive,0,2
97.53333333333333,True,-36.23174237313185,-32.924230985236136,3.3333333333333335,0.03999999999999905,0.23484548617664275,attentive,0,2
97.56666666666666,True,-12.573083106317261,-25.477355350420588,3.3333333333333335,0.03999999999999905,0.23507950561804997,attentive,0,2
97.6,True,-40.45325204691334,-21.63825218601459,3.3333333333333335,0.03999999999999905,0.23522655082200436,attentive,0,2
97.63333333333333,True,-34.78944758933073,-27.58724997861051,3.3333333333333335,0.03999999999999905,0.23539794596091584,attentive,0,2
97.66666666666667,True,-26.802316996661297,-28.594602064171976,3.3333333333333335,0.03999999999999905,0.23560116052313668,attentive,0,2
97.7,True,-22.689188650047168,-23.928419500734243,3.3333333333333335,0.03999999999999905,0.23580191370520082,attentive,0,2
97.73333333333333,True,-25.86620060566618,-27.446856191091765,3.3333333333333335,0.03999999999999905,0.235993917325919,attentive,0,2
97.76666666666667,True,-14.745640910423399,-23.530083511825136,3.3333333333333335,0.03999999999999905,0.23619372099884592,attentive,0,2
97.8,True,-48.04057102333754,-35.24887280609781,3.3333333333333335,0.03999999999999905,0.23634540265751908,attentive,0,2
97.83333333333333,True,-20.320675713261796,-24.488699222327075,3.3333333333333335,0.03999999999999905,0.23653380352121778,attentive,0,2
97.86666666666666,True,-23.656273221710492,-19.7738781695433,3.3333333333333335,0.03999999999999905,0.23672954956798,attentive,0,2
97.9,True,-10.048751055002324,-26.292364063927934,3.3333333333333335,0.03999999999999905,0.23696061937970275,attentive,0,2
97.93333333333334,True,-21.72092999359179,-23.910802347797663,3.3333333333333335,0.03999999999999905,0.2371574781452993,attentive,0,2
97.96666666666667,True,-35.695681238268115,-25.84809926183654,3.3333333333333335,0.03999999999999905,0.2373344723197773,attentive,0,2
98.0,True,-33.927808301396944,-20.974792078977803,3.3333333333333335,0.03999999999999905,0.23749157983068134,attentive,0,2
98.03333333333333,True,-23.986167358668276,-29.631706337491085,3.3333333333333335,0.03999999999999905,0.23768604727875248,attentive,0,2
98.06666666666666,True,-40.01848657160429,-30.665026313281583,3.3333333333333335,0.03999999999999905,0.23785151599024407,attentive,0,2
98.1,True,-42.901412841005914,-22.319306815131846,3.3333333333333335,0.03999999999999905,0.2379925593714103,attentive,0,2
98.13333333333333,True,-9.881202288315432,-24.244355401801876,3.3333333333333335,0.03999999999999905,0.23822828159717474,attentive,0,2
98.16666666666667,True,-25.05353147909384,-20.016170208297655,3.3333333333333335,0.03999999999999905,0.23841120704456,attentive,0,2
98.2,True,-32.80655262002808,-29.19714994225977,3.3333333333333335,0.03999999999999905,0.23858469681377886,attentive,0,2
98.23333333333333,True,-27.572481776545438,-23.80265346998056,3.3333333333333335,0.03999999999999905,0.23876278596523584,attentive,0,2
98.26666666666667,True,-30.757414967723378,-23.866017702443898,3.3333333333333335,0.03999999999999905,0.23894213433734524,attentive,0,2
98.3,True,-35.89189600139729,-26.067607279913805,3.3333333333333335,0.03999999999999905,0.23910964843988092,attentive,0,2
98.33333333333333,True,-22.58634659914224,-18.427464680044984,3.3333333333333335,0.03999999999999905,0.23929422792729726,attentive,0,2
98.36666666666666,True,-25.626694456564156,-24.068125922230585,3.3333333333333335,0.03999999999999905,0.23948842399279752,attentive,0,2
98.4,True,-14.442189377725308,-30.966733633085628,3.3333333333333335,0.03999999999999905,0.2397108398611984,attentive,0,2
98.43333333333334,True,-37.69684613346698,-24.297119293006364,3.3333333333333335,0.03999999999999905,0.23986365947466262,attentive,0,2
98.46666666666667,True,-36.64317162021472,-33.67988448569506,3.3333333333333335,0.03999999999999905,0.24003508226209844,attentive,0,2
98.5,True,-35.84072765240857,-22.733416127260742,3.3333333333333335,0.03999999999999905,0.240191367948101,attentive,0,2
98.53333333333333,True,-25.61075805856481,-18.351906946127304,3.3333333333333335,0.03999999999999905,0.24037973829284082,attentive,0,2
98.56666666666666,True,-29.359420863550607,-20.77402891694467,3.3333333333333335,0.03999999999999905,0.24056066606685783,attentive,0,2
98.6,True,-27.30157603353134,-24.53307946099136,3.3333333333333335,0.03999999999999905,0.24074131484429193,attentive,0,2
98.63333333333333,True,-35.61676971751959,-21.582547537227168,3.3333333333333335,0.03999999999999905,0.24090477380947148,attentive,0,2
98.66666666666667,True,-24.47587915441401,-18.724715586093332,3.3333333333333335,0.03999999999999905,0.24108041508961328,attentive,0,2
98.7,True,-31.145635367765852,-25.473239714408862,3.3333333333333335,0.03999999999999905,0.24127093713474312,attentive,0,2
98.73333333333333,True,-43.09636473099775,-18.64638409174729,3.3333333333333335,0.03999999999999905,0.2414010836738792,attentive,0,2
98.76666666666667,True,-28.290806164283516,-27.510123704539097,3.3333333333333335,0.03999999999999905,0.24159473240655277,attentive,0,2
98.8,True,-15.99794863116446,-26.521908560098144,3.3333333333333335,0.03999999999999905,0.24180691315501954,attentive,0,2
98.83333333333333,True,-25.653631670139347,-22.290376202383467,3.3333333333333335,0.03999999999999905,0.24199628349751898,attentive,0,2
98.86666666666666,True,-34.90890349674606,-24.969898446975275,3.3333333333333335,0.03999999999999905,0.24216518649786045,attentive,0,2
98.9,True,-22.07734955098555,-31.065547174497908,3.3333333333333335,0.03999999999999905,0.24237765836255376,attentive,0,2
98.93333333333334,True,-30.367423453507637,-27.99382183559764,3.3333333333333335,0.03999999999999905,0.24256175917898692,attentive,0,2
98.96666666666667,True,-32.926064179069265,-24.87500129456426,3.3333333333333335,0.03999999999999905,0.24274251699655755,attentive,0,2
99.0,True,-32.47108339247874,-27.064571652036904,3.3333333333333335,0.03999999999999905,0.2429142559837975,attentive,0,2
99.03333333333333,True,-24.18259743928177,-19.779681253974765,3.3333333333333335,0.03999999999999905,0.24309491711481887,attentive,0,2
99.06666666666666,True,-25.18467000879903,-25.873666225309602,3.3333333333333335,0.03999999999999905,0.24328929753309236,attentive,0,2
99.1,True,-24.19334292546984,-29.981969190567167,3.3333333333333335,0.03999999999999905,0.24347950415393207,attentive,0,2
99.13333333333333,True,-43.83521144251761,-22.654836389265334,3.3333333333333335,0.03999999999999905,0.24362376510295647,attentive,0,2
99.16666666666667,True,-15.914188739817059,-24.975206805184257,3.3333333333333335,0.03999999999999905,0.24383250809959278,attentive,0,2
99.2,True,-33.02918866826167,-27.58359414419009,3.3333333333333335,0.03999999999999905,0.24401002063186586,attentive,0,2
99.23333333333333,True,-44.240650450388756,-26.304336043638322,3.3333333333333335,0.03999999999999905,0.24415329637935437,attentive,0,2
99.26666666666667,True,-21.75682397062316,-19.88796171546011,3.3333333333333335,0.03999999999999905,0.24433279698113536,attentive,0,2
99.3,True,-22.46438772630677,-28.582003570970045,3.3333333333333335,0.03999999999999905,0.24452828562185414,attentive,0,2
99.33333333333333,True,-15.663873915861416,-30.110643873443955,3.3333333333333335,0.03999999999999905,0.24474087807663789,attentive,0,2
99.36666666666666,True,-30.000874310488573,-26.277099650717897,3.3333333333333335,0.03999999999999905,0.2449252716793991,attentive,0,2
99.4,True,-19.13181724647273,-20.014377336734235,3.3333333333333335,0.03999999999999905,0.24514534746049058,attentive,0,2
99.43333333333334,True,-27.17010295308786,-34.86509869058247,3.3333333333333335,0.03999999999999905,0.24535256375444808,attentive,0,2
99.46666666666667,True,-36.25392034247166,-27.785049789639757,3.3333333333333335,0.03999999999999905,0.24551694801564924,attentive,0,2
99.5,True,-27.434165274433308,-19.784195187090724,3.3333333333333335,0.03999999999999905,0.24568793760091834,attentive,0,2
99.53333333333333,True,-23.81494892611137,-28.349662931853,3.3333333333333335,0.03999999999999905,0.2458865347815487,attentive,0,2
99.56666666666666,True,-21.686560082644164,-23.781733863056925,3.3333333333333335,0.03999999999999905,0.24608469127961852,attentive,0,2
99.6,True,-47.84566043277846,-24.167683472747516,3.3333333333333335,0.03999999999999905,0.24623498042609684,attentive,0,2
99.63333333333333,True,-36.64173618107217,-15.589423797020368,3.3333333333333335,0.03999999999999905,0.24638535233569067,attentive,0,2
99.66666666666667,True,-17.622713406782346,-22.067563408929686,3.3333333333333335,0.03999999999999905,0.24658976175043373,attentive,0,2
99.7,True,-40.98008840185548,-26.556499229334566,3.3333333333333335,0.03999999999999905,0.2467397533979966,attentive,0,2
99.73333333333333,True,-28.16230982283328,-29.56053439429468,3.3333333333333335,0.03999999999999905,0.24693142200302096,attentive,0,2
99.76666666666667,True,-26.199341722145228,-29.35814550230281,3.3333333333333335,0.03999999999999905,0.2471344721931872,attentive,0,2
99.8,True,-51.99451395713735,-22.782541817728532,3.3333333333333335,0.03999999999999905,0.2472467325478267,attentive,0,2
99.83333333333333,True,-19.20389759525653,-27.6863300850851,3.3333333333333335,0.03999999999999905,0.24746242139548658,attentive,0,2
99.86666666666666,True,-16.838174781955214,-25.89626184934349,3.3333333333333335,0.03999999999999905,0.24765814049555276,attentive,0,2
99.9,True,-11.690187099033071,-18.20675704298133,3.3333333333333335,0.03999999999999905,0.24786863544934212,attentive,0,2
99.93333333333334,True,-25.539234901931877,-30.135790065224,3.3333333333333335,0.03999999999999905,0.24805457065434747,attentive,0,2
99.96666666666667,True,-26.23327051405218,-23.051141334356217,3.3333333333333335,0.03999999999999905,0.24824373233236618,attentive,0,2
100.0,False,-28.130315538144842,-22.89756049424389,3.3333333333333335,0.03999999999999905,0.24809618424176313,attentive,0,2
100.03333333333333,False,-22.18466898236871,-24.542136329602062,3.3333333333333335,0.04222222222222115,0.24794909659501094,attentive,0,2
100.06666666666666,False,-28.80338459124594,-35.30681094445455,3.3333333333333335,0.044444444444443246,0.24778569169292397,attentive,0,2
100.1,False,-31.57272603054998,-25.310148896907847,3.3333333333333335,0.046666666666665337,0.24762144891756177,attentive,0,2
100.13333333333333,True,-39.98562993356461,-30.74366972113876,3.3333333333333335,0.03999999999999902,0.24743266223923388,attentive,0,2
100.16666666666667,True,-31.335416866588204,-23.15554363328184,3.3333333333333335,0.03999999999999896,0.24727814430211537,attentive,0,2
100.2,True,-36.93087699452222,-29.59495105388696,3.3333333333333335,0.03999999999999896,0.2471061952805364,attentive,0,2
100.23333333333333,True,-24.24099738186933,-24.259803887710433,3.3333333333333335,0.03999999999999896,0.24698638467466344,attentive,0,2
100.26666666666667,True,-14.869969290638224,-34.814293764841544,3.3333333333333335,0.03999999999999896,0.24687134248314818,attentive,0,2
100.3,True,-19.639799193376504,-22.634259057718168,3.3333333333333335,0.03999999999999896,0.24672259163587978,attentive,0,2
100.33333333333333,True,-29.053395718794683,-19.18144018572345,3.3333333333333335,0.03999999999999896,0.24656066191148573,attentive,0,2
100.36666666666666,True,-27.939907578573962,-27.903469591626056,3.3333333333333335,0.03999999999999896,0.24641937568138494,attentive,0,2
100.4,True,-24.074493180353546,-23.53923367537665,3.3333333333333335,0.03999999999999896,0.24627589979418013,attentive,0,2
100.43333333333334,True,-28.09927126323039,-19.84833489966372,3.3333333333333335,0.03999999999999896,0.2461038932090469,attentive,0,2
100.46666666666667,True,-22.706282069726743,-28.349173880401032,3.3333333333333335,0.03999999999999896,0.24595985296994377,attentive,0,2
100.5,True,-28.12963702226413,-19.01945529559149,3.3333333333333335,0.03999999999999896,0.24580572054881625,attentive,0,2
100.53333333333333,True,-29.727838075973786,-24.40324241548427,3.3333333333333335,0.03999999999999896,0.24565020468638407,attentive,0,2
100.56666666666666,True,-26.23088648495719,-27.557843267759136,3.3333333333333335,0.03999999999999896,0.245511055959764,attentive,0,2
100.6,True,-26.480801807250298,-23.758202814422454,3.3333333333333335,0.03999999999999896,0.2453534479761782,attentive,0,2
100.63333333333333,True,-31.176034278381486,-22.500962956132504,3.3333333333333335,0.03999999999999896,0.2451851190863587,attentive,0,2
100.66666666666667,True,-23.831452245603504,-27.790505878319703,3.3333333333333335,0.03999999999999896,0.24503233279730027,attentive,0,2
100.7,True,-28.944237766092915,-21.92403398711743,3.3333333333333335,0.03999999999999896,0.24487585856678004,attentive,0,2
100.73333333333333,True,-26.29459824231737,-26.65055630511555,3.3333333333333335,0.03999999999999896,0.24474142796948162,attentive,0,2
100.76666666666667,True,-24.65260935931234,-24.521286042595197,3.3333333333333335,0.03999999999999896,0.24459317875181996,attentive,0,2
100.8,True,-38.74913146604498,-24.290866517634274,3.3333333333333335,0.03999999999999896,0.24440048324663705,attentive,0,2
100.83333333333333,True,-15.313479680805125,-27.196375669746004,3.3333333333333335,0.03999999999999896,0.24428019330612014,attentive,0,2
100.86666666666666,True,-37.229233959742274,-23.83437462246194,3.3333333333333335,0.03999999999999896,0.24410541900751037,attentive,0,2
100.9,True,-19.919047848520282,-26.939881850114944,3.3333333333333335,0.03999999999999896,0.24398138046171847,attentive,0,2
100.93333333333334,True,-35.00997445339902,-28.469427032727936,3.3333333333333335,0.03999999999999896,0.24381893057734344,attentive,0,2
100.96666666666667,True,-20.37136121735489,-31.63847156750028,3.3333333333333335,0.03999999999999896,0.2437218673432152,attentive,0,2
101.0,True,-26.029784386985384,-26.942462154978553,3.3333333333333335,0.03999999999999896,0.24357390335789159,attentive,0,2
101.03333333333333,True,-25.492889463640044,-31.030536782780153,3.3333333333333335,0.03999999999999896,0.24343204362172854,attentive,0,2
101.06666666666666,True,-28.97324273390908,-23.84685270821369,3.3333333333333335,0.03999999999999896,0.2432692199181773,attentive,0,2
101.1,True,-13.154938773523103,-19.061167747235153,3.3333333333333335,0.03999999999999896,0.24317167189076666,attentive,0,2
101.13333333333333,True,-35.45604700255272,-32.225385315758786,3.3333333333333335,0.03999999999999896,0.24300734199073798,attentive,0,2
101.16666666666667,True,-16.60791460889814,-33.1569201997927,3.3333333333333335,0.03999999999999896,0.24289188101539355,attentive,0,2
101.2,True,-21.35617298314032,-23.709885552865984,3.3333333333333335,0.03999999999999896,0.24276291751151288,attentive,0,2
101.23333333333333,True,-29.886978275014883,-27.035982283758912,3.3333333333333335,0.03999999999999896,0.24260306180417607,attentive,0,2
101.26666666666667,True,-8.751787321356414,-36.28830921054622,3.3333333333333335,0.03999999999999896,0.2425252218389734,attentive,0,2
101.3,True,-34.10527173603207,-31.766737722303596,3.3333333333333335,0.03999999999999896,0.24236754233958996,attentive,0,2
101.33333333333333,True,-17.55768666774439,-22.08729930727469,3.3333333333333335,0.03999999999999896,0.24223924500560834,attentive,0,2
101.36666666666666,True,-33.0817404430634,-21.056067589495033,3.3333333333333335,0.03999999999999896,0.24206120025700673,attentive,0,2
101.4,True,-25.591650063957236,-22.4711037404731,3.3333333333333335,0.03999999999999896,0.2419243542153224,attentive,0,2
101.43333333333334,True,-31.91602662719501,-20.889120533015102,3.3333333333333335,0.03999999999999896,0.24175212524008372,attentive,0,2
101.46666666666667,True,-13.777153070228387,-22.214031414378304,3.3333333333333335,0.03999999999999896,0.24162232964268893,attentive,0,2
101.5,True,-25.512193258042817,-22.529482898519046,3.3333333333333335,0.03999999999999896,0.2414648162288931,attentive,0,2
101.53333333333333,True,-24.36385383460795,-28.77182451466858,3.3333333333333335,0.03999999999999896,0.2413227082605948,attentive,0,2
101.56666666666666,True,-29.901460534834328,-20.997546952226067,3.3333333333333335,0.03999999999999896,0.24117143606484975,attentive,0,2
101.6,True,-33.98890160123359,-30.303038145833533,3.3333333333333335,0.03999999999999896,0.24100109012991977,attentive,0,2
101.63333333333333,True,-28.522593253006175,-24.863341097763563,3.3333333333333335,0.03999999999999896,0.24085483839051677,attentive,0,2
101.66666666666667,True,-36.352830796625426,-27.569845527050603,3.3333333333333335,0.03999999999999896,0.24071253847132112,attentive,0,2
101.7,True,-22.746153210654352,-27.82664125411181,3.3333333333333335,0.03999999999999896,0.24059307375842953,attentive,0,2
101.73333333333333,True,-15.49249827553409,-21.958105234704448,3.3333333333333335,0.03999999999999896,0.2404699285438831,attentive,0,2
101.76666666666667,True,-26.98477225415081,-24.68998592279433,3.3333333333333335,0.03999999999999896,0.24032055350138257,attentive,0,2
101.8,True,-20.021181146396682,-19.20550875711023,3.3333333333333335,0.03999999999999896,0.24018138282132256,attentive,0,2
101.83333333333333,True,-30.633366541476125,-28.44054547762517,3.3333333333333335,0.03999999999999896,0.240054138355152,attentive,0,2
101.86666666666666,True,-28.252753089992986,-23.796558503672003,3.3333333333333335,0.03999999999999896,0.23991217212420085,attentive,0,2
101.9,True,-27.998312143724405,-27.03244424510232,3.3333333333333335,0.03999999999999896,0.23975176906211046,attentive,0,2
101.93333333333334,True,-23.79127498754019,-19.76514809651148,3.3333333333333335,0.03999999999999896,0.239596100432761,attentive,0,2
101.96666666666667,True,-24.349323863013762,-22.935493774929995,3.3333333333333335,0.03999999999999896,0.2394512882998477,attentive,0,2
102.0,True,-21.626701324374668,-20.88111960990358,3.3333333333333335,0.03999999999999896,0.23930003551288537,attentive,0,2
102.03333333333333,True,-33.11350667073795,-27.543184542530504,3.3333333333333335,0.03999999999999896,0.23913402317505134,attentive,0,2
102.06666666666666,True,-14.365739199967038,-19.205770409689908,3.3333333333333335,0.03999999999999896,0.23900480761483306,attentive,0,2
102.1,True,-15.603485045268734,-26.161322344602798,3.3333333333333335,0.03999999999999896,0.23888064797751443,attentive,0,2
102.13333333333333,True,-22.583585991618694,-30.93221778999958,3.3333333333333335,0.03999999999999896,0.23872349730447062,attentive,0,2
102.16666666666667,True,-15.179449503126882,-23.71269247633277,3.3333333333333335,0.03999999999999896,0.2386193381514197,attentive,0,2
102.2,True,-15.792368736304182,-24.541140108534535,3.3333333333333335,0.03999999999999896,0.23850017057325001,attentive,0,2
102.23333333333333,True,-21.807193283488168,-19.317985871112935,3.3333333333333335,0.03999999999999896,0.2383533140652595,attentive,0,2
102.26666666666667,True,-15.715116548875399,-23.371045025793958,3.3333333333333335,0.03999999999999896,0.23823538800615324,attentive,0,2
102.3,True,-22.666956372655488,-20.87738523635471,3.3333333333333335,0.03999999999999896,0.23810092500612695,attentive,0,2
102.33333333333333,True,-12.79262443557914,-22.569647977927154,3.3333333333333335,0.03999999999999896,0.23797726491325105,attentive,0,2
102.36666666666666,True,-34.76999430645955,-29.073224629699947,3.3333333333333335,0.03999999999999896,0.23781647975022424,attentive,0,2
102.4,True,-13.615560644849825,-26.56655704153966,3.3333333333333335,0.03999999999999896,0.23771626994127978,attentive,0,2
102.43333333333334,True,-35.371391380715494,-26.578781538560857,3.3333333333333335,0.03999999999999896,0.2375415158892649,attentive,0,2
102.46666666666667,True,-9.07207831510026,-18.34324270850073,3.3333333333333335,0.03999999999999896,0.23743064974487962,attentive,0,2
102.5,True,-31.47316227333729,-18.068257883938507,3.3333333333333335,0.03999999999999896,0.2372650271430529,attentive,0,2
102.53333333333333,True,-29.58894445974976,-31.012922697553652,3.3333333333333335,0.03999999999999896,0.2371276311033294,attentive,0,2
102.56666666666666,True,-15.80594023470164,-20.841354704510103,3.3333333333333335,0.03999999999999896,0.2370009397879502,attentive,0,2
102.6,True,-17.284346704746522,-22.742769047872635,3.3333333333333335,0.03999999999999896,0.23687446669203352,attentive,0,2
102.63333333333333,True,-19.371991783470527,-36.280043007989605,3.3333333333333335,0.03999999999999896,0.2367616312431017,attentive,0,2
102.66666666666667,True,-1.8596887190308902,-26.97231114388061,3.3333333333333335,0.03999999999999896,0.23667358760356377,attentive,0,2
102.7,True,-26.001043908621572,-34.204839836088105,3.3333333333333335,0.03999999999999896,0.23654764077146256,attentive,0,2
102.73333333333333,True,-27.882261429943263,-31.049639916886974,3.3333333333333335,0.03999999999999896,0.23641224699636718,attentive,0,2
102.76666666666667,True,-8.47334122381977,-18.512024122087468,3.3333333333333335,0.03999999999999896,0.23631905164462394,attentive,0,2
102.8,True,-1.4499652242379746,-32.722625598093245,3.3333333333333335,0.03999999999999896,0.2362842958929847,attentive,0,2
102.83333333333333,True,-13.732308630650488,-27.695273250807347,3.3333333333333335,0.03999999999999896,0.23618737363756478,attentive,0,2
102.86666666666666,True,-2.380231911240074,-22.345431685786416,3.3333333333333335,0.03999999999999896,0.23610028950445086,attentive,0,2
102.89999999999999,True,-17.790096742129652,-30.75241767567342,3.3333333333333335,0.03999999999999896,0.23598322161835703,attentive,0,2
102.93333333333334,True,-29.556943776728183,-24.764467449086236,3.3333333333333335,0.03999999999999896,0.23585261967726745,attentive,0,2
102.96666666666667,True,-16.624622653999065,-20.885085672813535,3.3333333333333335,0.03999999999999896,0.23571693208377145,attentive,0,2
103.0,True,-19.424376577026315,-31.092294057811962,3.3333333333333335,0.03999999999999896,0.23593749514701443,attentive,0,2
103.03333333333333,True,-19.054994975874266,-21.89779377117557,3.3333333333333335,0.03999999999999896,0.23615278363792613,attentive,0,2
103.06666666666666,True,-15.265389992870935,-27.988510795160554,3.3333333333333335,0.03999999999999896,0.23642566851350233,attentive,0,2
103.1,True,-18.010621796901617,-24.535607365086562,3.3333333333333335,0.03999999999999896,0.23671958089697173,attentive,0,2
103.13333333333333,True,-1.6805901047969805,-26.87080462713758,3.3333333333333335,0.03999999999999896,0.23697350905615333,attentive,0,2
103.16666666666667,True,-16.22430454846605,-19.723107020467307,3.3333333333333335,0.03999999999999896,0.2372733387448619,attentive,0,2
103.2,True,-5.678764964928703,-26.261878187432238,3.3333333333333335,0.03999999999999896,0.23754232939125558,attentive,0,2
103.23333333333333,True,-0.434941013559925,-25.642816142310966,3.3333333333333335,0.03999999999999896,0.23779486491051205,attentive,0,2
103.26666666666667,True,-14.78285010493197,-21.100307356069465,3.3333333333333335,0.03999999999999896,0.23807661217536216,attentive,0,2
103.3,True,-10.977164419256003,-18.129416804021492,3.3333333333333335,0.03999999999999896,0.23834414354277358,attentive,0,2
103.33333333333333,True,-17.251457811707684,-23.891583877561924,3.3333333333333335,0.03999999999999896,0.23864563782051484,attentive,0,2
103.36666666666666,True,-10.485585959429788,-12.000939404524608,3.3333333333333335,0.03999999999999896,0.23869325425208102,attentive,0,2
103.39999999999999,True,-0.02885353675083735,-22.47759240827693,3.3333333333333335,0.03999999999999896,0.23894861280738977,attentive,0,2
103.43333333333334,True,-1.4578854804212718,-31.939601689056587,3.3333333333333335,0.03999999999999896,0.23921517126618003,attentive,0,2
103.46666666666667,True,-24.099567618359337,-27.15042517240051,3.3333333333333335,0.03999999999999896,0.2395259071927298,attentive,0,2
103.5,True,-13.883131922629516,-18.200128691445265,3.3333333333333335,0.03999999999999896,0.23979547084074893,attentive,0,2
103.53333333333333,True,-5.677839312981483,-28.57898130496237,3.3333333333333335,0.03999999999999896,0.2400663409713316,attentive,0,2
103.56666666666666,True,-17.591335310861343,-13.695783350469524,3.3333333333333335,0.03999999999999896,0.24011609758022673,attentive,0,2
103.6,True,-25.335557125752914,-22.664371790846534,3.3333333333333335,0.03999999999999896,0.24041594018298473,attentive,0,2
103.63333333333333,True,-6.62625959471785,-26.916404093475474,3.3333333333333335,0.03999999999999896,0.24067782749618163,attentive,0,2
103.66666666666667,True,-2.935889763487258,-25.62755087625229,3.3333333333333335,0.03999999999999896,0.24093295742532586,attentive,0,2
103.7,True,-23.938757726597338,-22.70432489932912,3.3333333333333335,0.03999999999999896,0.24123950149803178,attentive,0,2
103.73333333333333,True,-8.254910474394828,-27.11212388426838,3.3333333333333335,0.03999999999999896,0.24151070587133416,attentive,0,2
103.76666666666667,True,-10.838616205187718,-24.926924576095995,3.3333333333333335,0.03999999999999896,0.24179301154446778,attentive,0,2
103.8,True,-5.1436484975322685,-19.479826917985527,3.3333333333333335,0.03999999999999896,0.24205025334990926,attentive,0,2
103.83333333333333,True,-7.224381852934472,-21.042178242121338,3.3333333333333335,0.03999999999999896,0.24231843508772738,attentive,0,2
103.86666666666666,True,-13.747996451319338,-25.54669475876848,3.3333333333333335,0.03999999999999896,0.2426072647079063,attentive,0,2
103.89999999999999,True,-11.03111540475684,-23.800830081411913,3.3333333333333335,0.03999999999999896,0.2428855541288804,attentive,0,2
103.93333333333334,True,-9.719236428394446,-32.8302680678035,3.3333333333333335,0.03999999999999896,0.24315808078506854,attentive,0,2
103.96666666666667,True,-10.68619970397897,-26.941324611916883,3.3333333333333335,0.03999999999999896,0.24344120437996083,attentive,0,2
104.0,False,-11.323197146137774,-21.54487319151074,3.3333333333333335,0.03999999999999896,0.24370791219790075,attentive,0,2
104.03333333333333,False,-3.958854927048456,-28.886439513927566,3.3333333333333335,0.04222222222222106,0.24398179595083852,attentive,0,2
104.06666666666666,False,-10.661941479530395,-23.510041315215663,3.3333333333333335,0.04444444444444315,0.24426168460748213,attentive,0,2
104.1,False,-2.175203913753854,-29.509840298933295,3.3333333333333335,0.046666666666665246,0.24453244728853002,attentive,0,2
104.13333333333333,True,1.5690976338555451,-37.462474159687346,3.3333333333333335,0.03999999999999893,0.24478041365752404,attentive,0,2
104.16666666666667,True,-4.856547469418272,-20.614864212836302,3.3333333333333335,0.03999999999999886,0.24505040068975675,attentive,0,2
104.2,True,-7.143394960670067,-24.57753948195169,3.3333333333333335,0.03999999999999886,0.24530177198873765,attentive,0,2
104.23333333333333,True,-10.409067856147399,-21.096289668873037,3.3333333333333335,0.03999999999999886,0.24556491084960116,attentive,0,2
104.26666666666667,True,-4.026859889248816,-25.97728711450678,3.3333333333333335,0.03999999999999886,0.24583044576717933,attentive,0,2
104.3,True,-0.4298451103887717,-23.695719536731218,3.3333333333333335,0.03999999999999886,0.24608253208812692,attentive,0,2
104.33333333333333,True,-2.9139928813689373,-21.996070297375645,3.3333333333333335,0.03999999999999886,0.24634838357694006,attentive,0,2
104.36666666666666,True,-7.017530647444234,-28.67094982946252,3.3333333333333335,0.03999999999999886,0.24663723327372797,attentive,0,2
104.39999999999999,True,-1.129169195054312,-22.83816633434072,3.3333333333333335,0.03999999999999886,0.24688976837277926,attentive,0,2
104.43333333333334,True,3.940342282349203,-28.161399939181912,3.3333333333333335,0.03999999999999886,0.24715091669640568,attentive,0,2
104.46666666666667,True,-3.78658085129529,-24.47958746731042,3.3333333333333335,0.03999999999999886,0.2474189412259252,attentive,0,2
104.5,True,13.978227371228906,-27.465907321282625,3.3333333333333335,0.03999999999999886,0.24763756660667466,attentive,0,2
104.53333333333333,True,-1.06450047238781,-25.901599797242188,3.3333333333333335,0.03999999999999886,0.24788181769917159,attentive,0,2
104.56666666666666,True,5.385259323034893,-29.75091262615046,3.3333333333333335,0.03999999999999886,0.2481333028131368,attentive,0,2
104.6,True,-0.24449097278750376,-26.59691642067903,3.3333333333333335,0.03999999999999886,0.24838788914328963,attentive,0,2
104.63333333333333,True,2.513248720443209,-25.05148028740667,3.3333333333333335,0.03999999999999886,0.24863996855430232,attentive,0,2
104.66666666666667,True,-1.5307468889730842,-27.020176353381746,3.3333333333333335,0.03999999999999886,0.2489085463738664,attentive,0,2
104.7,True,3.5512316380905,-37.03116164458638,3.3333333333333335,0.03999999999999886,0.24916826351115562,attentive,0,2
104.73333333333333,True,-12.68293696123742,-28.249614488219745,3.3333333333333335,0.03999999999999886,0.24945467184535877,attentive,0,2
104.76666666666667,True,-8.735724253829515,-27.62961217415036,3.3333333333333335,0.03999999999999886,0.24971944746323482,attentive,0,2
104.8,True,-3.4398721370271503,-30.504146781022996,3.3333333333333335,0.03999999999999886,0.2499983693441538,attentive,0,2
104.83333333333333,True,-0.21192444101039065,-17.201216983356602,3.3333333333333335,0.03999999999999886,0.25024478527983923,attentive,0,2
104.86666666666666,True,-12.936198873187326,-23.58350609624331,3.3333333333333335,0.03999999999999886,0.250520217440084,attentive,0,2
104.89999999999999,True,-6.786631597732235,-20.1489832804834,3.3333333333333335,0.03999999999999886,0.2507803505183448,attentive,0,2
104.93333333333334,True,-2.066382330575383,-18.33538077555451,3.3333333333333335,0.03999999999999886,0.2510245754774648,attentive,0,2
104.96666666666667,True,-11.333670514155653,-22.868750870518195,3.3333333333333335,0.03999999999999886,0.2512969666088338,attentive,0,2
105.0,True,7.1849847271109475,-24.895030034097243,3.3333333333333335,0.03999999999999886,0.2515286103571349,attentive,0,2
105.03333333333333,True,-3.9468891057046473,-35.208847838649994,3.3333333333333335,0.03999999999999886,0.2518090375467073,attentive,0,2
105.06666666666666,True,-6.772297678103711,-24.81336445283096,3.3333333333333335,0.03999999999999886,0.25207703991110597,attentive,0,2
105.1,True,14.54276259774012,-28.4815664572683,3.3333333333333335,0.03999999999999886,0.2522923142934615,attentive,0,2
105.13333333333333,True,15.600433825039385,-28.396843942806502,3.3333333333333335,0.03999999999999886,0.2525060844677145,attentive,0,2
105.16666666666667,True,-3.4835529925595363,-23.289970503793683,3.3333333333333335,0.03999999999999886,0.25276282793739835,attentive,0,2
105.2,True,7.926366691350207,-29.78041467459383,3.3333333333333335,0.03999999999999886,0.2530049576139544,attentive,0,2
105.23333333333333,True,1.4172398534964619,-19.45585571529561,3.3333333333333335,0.03999999999999886,0.25324952632684267,attentive,0,2
105.26666666666667,True,9.40433634122385,-18.080455230286944,3.3333333333333335,0.03999999999999886,0.25347253324276464,attentive,0,2
105.3,True,7.585638870694683,-19.673180036200588,3.3333333333333335,0.03999999999999886,0.2537172359800495,attentive,0,2
105.33333333333333,True,7.236523554377811,-24.736476358105243,3.3333333333333335,0.03999999999999886,0.2539517658173719,attentive,0,2
105.36666666666666,True,19.85149535652848,-26.443772761250802,3.3333333333333335,0.03999999999999886,0.25414582795644974,attentive,0,2
105.39999999999999,True,10.193300288725531,-22.787623900447564,3.3333333333333335,0.03999999999999886,0.2543713647239093,attentive,0,2
105.43333333333334,True,3.0129254881255236,-27.84674518301435,3.3333333333333335,0.03999999999999886,0.25462364877110183,attentive,0,2
105.46666666666667,True,-4.674175119088176,-23.92439989086868,3.3333333333333335,0.03999999999999886,0.2548879227587529,attentive,0,2
105.5,True,3.6154722390756127,-27.5311085689696,3.3333333333333335,0.03999999999999886,0.2551388747970034,attentive,0,2
105.53333333333333,True,16.706936861340868,-28.519362650326,3.3333333333333335,0.03999999999999886,0.2553383215539313,attentive,0,2
105.56666666666666,True,4.479363268635757,-24.0442535146542,3.3333333333333335,0.03999999999999886,0.25558088107901933,attentive,0,2
105.6,True,11.446721040201796,-31.193247424724774,3.3333333333333335,0.03999999999999886,0.25582230569724307,attentive,0,2
105.63333333333333,True,-22.221612678684608,-25.392303128924365,3.3333333333333335,0.03999999999999886,0.25612570501802256,attentive,0,2
105.66666666666667,True,2.8732843539481285,-20.349824927389346,3.3333333333333335,0.03999999999999886,0.2563610670646114,attentive,0,2
105.7,True,18.752664338251243,-37.31781451577469,3.3333333333333335,0.03999999999999886,0.25657719375193294,attentive,0,2
105.73333333333333,True,13.317217621120882,-31.975811431644466,3.3333333333333335,0.03999999999999886,0.25680671920704984,attentive,0,2
105.76666666666667,True,8.98824030453553,-22.1737497328131,3.3333333333333335,0.03999999999999886,0.2570256891195085,attentive,0,2
105.8,True,11.024925855725082,-17.29373958528638,3.3333333333333335,0.03999999999999886,0.25725634866396724,attentive,0,2
105.83333333333333,True,15.712756535855151,-25.05293493764578,3.3333333333333335,0.03999999999999886,0.25748026610677893,attentive,0,2
105.86666666666666,True,15.884972094067455,-21.66536786915037,3.3333333333333335,0.03999999999999886,0.2576838489134706,attentive,0,2
105.89999999999999,True,18.834025181132112,-22.242550966683833,3.3333333333333335,0.03999999999999886,0.2578845373344571,attentive,0,2
105.93333333333334,True,11.167818936515518,-21.13715003752383,3.3333333333333335,0.03999999999999886,0.2581054829956791,attentive,0,2
105.96666666666667,True,-3.839754170456347,-27.10176281863294,3.3333333333333335,0.03999999999999886,0.25836661533540306,attentive,0,2
106.0,True,33.078628508384384,-17.340497036255357,3.3333333333333335,0.03999999999999886,0.25853391466805115,attentive,0,2
106.03333333333333,True,6.695165785728559,-22.15367067627243,3.3333333333333335,0.03999999999999886,0.25876204920420326,attentive,0,2
106.06666666666666,True,7.596725214454062,-28.202320103387937,3.3333333333333335,0.03999999999999886,0.25900417243445906,attentive,0,2
106.1,True,11.234490204392891,-16.87730015991365,3.3333333333333335,0.03999999999999886,0.2592124115850333,attentive,0,2
106.13333333333333,True,12.453784477905414,-20.42898653783947,3.3333333333333335,0.03999999999999886,0.2594361403205175,attentive,0,2
106.16666666666667,True,16.891548869234107,-28.509172925988825,3.3333333333333335,0.03999999999999886,0.25966302207747444,attentive,0,2
106.2,True,6.47940734752779,-24.87895219231735,3.3333333333333335,0.03999999999999886,0.25990851516731606,attentive,0,2
106.23333333333333,True,30.01110675656871,-24.581877491423803,3.3333333333333335,0.03999999999999886,0.26007703408702,attentive,0,2
106.26666666666667,True,7.632585928500052,-29.793127685544555,3.3333333333333335,0.03999999999999886,0.26030886345616344,attentive,0,2
106.3,True,16.466697635975077,-29.575808874927947,3.3333333333333335,0.03999999999999886,0.2605349989130584,attentive,0,2
106.33333333333333,True,14.8205827524663,-25.79702855223944,3.3333333333333335,0.03999999999999886,0.26076247276521275,attentive,0,2
106.36666666666666,True,22.673667278307548,-28.803582583446673,3.3333333333333335,0.03999999999999886,0.2610576247611783,attentive,0,2
106.39999999999999,True,21.8562108855023,-16.146395833303004,3.3333333333333335,0.03999999999999886,0.26133858859275694,attentive,0,2
106.43333333333334,True,12.122197301795685,-21.059271655052893,3.3333333333333335,0.03999999999999886,0.26161016708018464,attentive,0,2
106.46666666666667,True,16.936607411395926,-25.878299325072184,3.3333333333333335,0.03999999999999886,0.26190546508000173,attentive,0,2
106.5,True,20.395802215032788,-24.657324076931157,3.3333333333333335,0.03999999999999886,0.262210024936331,attentive,0,2
106.53333333333333,True,15.670791226182697,-28.31868014311633,3.3333333333333335,0.03999999999999886,0.26250138600087536,attentive,0,2
106.56666666666666,True,16.05519093441964,-32.83477134177047,3.3333333333333335,0.03999999999999886,0.2628018610877768,attentive,0,2
106.6,True,10.950557562060636,-30.98454454956434,3.3333333333333335,0.03999999999999886,0.2630867031604987,attentive,0,2
106.63333333333333,True,31.106370726008834,-25.393172930654625,3.3333333333333335,0.03999999999999886,0.2634144191990324,attentive,0,2
106.66666666666667,True,13.508240254117878,-26.118826676411782,3.3333333333333335,0.03999999999999886,0.263699550326719,attentive,0,2
106.7,True,4.851627541295269,-29.473341159080277,3.3333333333333335,0.03999999999999886,0.2639740215045382,attentive,0,2
106.73333333333333,True,29.65471858101241,-23.902455106524506,3.3333333333333335,0.03999999999999886,0.26430091952451884,attentive,0,2
106.76666666666667,True,17.76945464103357,-14.81261726538284,3.3333333333333335,0.03999999999999886,0.26436098803931857,attentive,0,2
106.8,True,22.52426770442649,-28.807097747985676,3.3333333333333335,0.03999999999999886,0.26466576279581744,attentive,0,2
106.83333333333333,True,36.66060148266133,-18.173577984127856,3.3333333333333335,0.03999999999999886,0.26499605065209864,attentive,0,2
106.86666666666666,True,24.71168279644558,-24.356694516677415,3.3333333333333335,0.03999999999999886,0.2653316690758607,attentive,0,2
106.89999999999999,True,16.710912703503777,-19.455915548619252,3.3333333333333335,0.03999999999999886,0.26561306787360783,attentive,0,2
106.93333333333334,True,22.817218964988655,-32.23224133002252,3.3333333333333335,0.03999999999999886,0.2659277084381607,attentive,0,2
106.96666666666667,True,12.492195301949614,-24.947840280187044,3.3333333333333335,0.03999999999999886,0.2662116593555904,attentive,0,2
107.0,True,24.31691441252974,-25.568832676381064,3.3333333333333335,0.03999999999999886,0.2665241062322527,attentive,0,2
107.03333333333333,True,12.528210434902341,-21.47233180752901,3.3333333333333335,0.03999999999999886,0.2668050767995778,attentive,0,2
107.06666666666666,True,4.835314194976483,-39.57337190643915,3.3333333333333335,0.03999999999999886,0.2670918019932006,attentive,0,2
107.1,True,0.39838990863376367,-26.087885928019656,3.3333333333333335,0.03999999999999886,0.2673563254400359,attentive,0,2
107.13333333333333,True,14.781341217452702,-25.46246734765603,3.3333333333333335,0.03999999999999886,0.2676350324081726,attentive,0,2
107.16666666666667,True,28.340569524692732,-35.180539649747274,3.3333333333333335,0.03999999999999886,0.2679607369856095,attentive,0,2
107.2,True,16.05371175895914,-31.500655754995556,3.3333333333333335,0.03999999999999886,0.2682568972457857,attentive,0,2
107.23333333333333,True,30.568699904797537,-20.484067736996735,3.3333333333333335,0.03999999999999886,0.2685701790143392,attentive,0,2
107.26666666666667,True,36.73855617147525,-28.307979024853108,3.3333333333333335,0.03999999999999886,0.26891706375114915,attentive,0,2
107.3,True,9.12738105272242,-33.457970468322806,3.3333333333333335,0.03999999999999886,0.269191888993884,attentive,0,2
107.33333333333333,True,14.855447796458389,-31.218912998948536,3.3333333333333335,0.03999999999999886,0.2694877156570772,attentive,0,2
107.36666666666666,True,26.029194479913052,-24.172406832627765,3.3333333333333335,0.03999999999999886,0.26978992039603766,attentive,0,2
107.39999999999999,True,21.463686443089944,-22.46382857496188,3.3333333333333335,0.03999999999999886,0.27008865952770844,attentive,0,2
107.43333333333334,True,25.554858156063453,-26.3911932754676,3.3333333333333335,0.03999999999999886,0.2703980357450332,attentive,0,2
107.46666666666667,True,21.265923808207585,-29.40713966345293,3.3333333333333335,0.03999999999999886,0.2707014505796319,attentive,0,2
107.5,True,27.84071778741259,-23.076001377458358,3.3333333333333335,0.03999999999999886,0.2710292342129852,attentive,0,2
107.53333333333333,True,19.406636914023295,-26.69059027595493,3.3333333333333335,0.03999999999999886,0.27132785368355966,attentive,0,2
107.56666666666666,True,25.21749474758434,-22.023077640712934,3.3333333333333335,0.03999999999999886,0.2716333005503665,attentive,0,2
107.6,True,23.732151483331442,-27.3049591157919,3.3333333333333335,0.03999999999999886,0.2719479703696358,attentive,0,2
107.63333333333333,True,34.908992475974124,-27.226142362919816,3.3333333333333335,0.03999999999999886,0.27228048282937833,attentive,0,2
107.66666666666667,True,22.32114853537287,-13.738625673914562,3.3333333333333335,0.03999999999999886,0.2725732070526204,attentive,0,2
107.7,True,29.46480381194757,-20.06575131768307,3.3333333333333335,0.03999999999999886,0.27290049684500695,attentive,0,2
107.73333333333333,True,25.301031462779545,-18.42534870733195,3.3333333333333335,0.03999999999999886,0.27319660342472213,attentive,0,2
107.76666666666667,True,37.14378697547272,-24.88735872687028,3.3333333333333335,0.03999999999999886,0.2735323106530759,attentive,0,2
107.8,True,16.991039121952877,-26.051476228141677,3.3333333333333335,0.03999999999999886,0.2738357796655401,attentive,0,2
107.83333333333333,True,25.15225246054679,-24.27890107543196,3.3333333333333335,0.03999999999999886,0.2741499182080287,attentive,0,2
107.86666666666666,True,6.109893683440692,-23.585842622932596,3.3333333333333335,0.03999999999999886,0.2744139562005756,attentive,0,2
107.89999999999999,True,29.468741704037047,-29.583455472273382,3.3333333333333335,0.03999999999999886,0.27473263725188873,attentive,0,2
107.93333333333334,True,20.691799345347697,-32.418069585625155,3.3333333333333335,0.03999999999999886,0.2750412002567004,attentive,0,2
107.96666666666667,True,30.354793006871184,-33.494759801505154,3.3333333333333335,0.03999999999999886,0.2753923669920429,attentive,0,2
108.0,False,38.01649116887951,-29.163188244053693,3.3333333333333335,0.03999999999999886,0.2757584127853176,attentive,0,2
108.03333333333333,False,22.366630832632143,-21.466479008605745,3.3333333333333335,0.04222222222222096,0.2760721774405422,attentive,0,2
108.06666666666666,False,36.351951331517824,-28.719447995195328,3.3333333333333335,0.04444444444444305,0.27641719441912505,attentive,0,2
108.1,False,25.859652752807147,-24.751486464114613,3.3333333333333335,0.04666666666666515,0.276731571261541,attentive,0,2
108.13333333333333,True,22.698983113014005,-24.476704922394557,3.3333333333333335,0.03999999999999884,0.27703711923820196,attentive,0,2
108.16666666666667,True,23.370096224122616,-25.15733270819209,3.3333333333333335,0.03999999999999877,0.2773495214332121,attentive,0,2
108.2,True,5.265608040329457,-26.997557359506803,3.3333333333333335,0.03999999999999877,0.27761844382334017,attentive,0,2
108.23333333333333,True,23.394837643491936,-20.701465937246944,3.3333333333333335,0.03999999999999877,0.27791965121002604,attentive,0,2
108.26666666666667,True,26.475489039274983,-19.87849495306384,3.3333333333333335,0.03999999999999877,0.27821992052527555,attentive,0,2
108.3,True,31.446241074266588,-30.215008255213025,3.3333333333333335,0.03999999999999877,0.27855758511929374,attentive,0,2
108.33333333333333,True,26.263037492702328,-30.65472938512298,3.3333333333333335,0.03999999999999877,0.27888371247476035,attentive,0,2
108.36666666666666,True,24.213599129638446,-21.89444244228317,3.3333333333333335,0.03999999999999877,0.2791984496107435,attentive,0,2
108.39999999999999,True,36.68776029893168,-28.05790674360798,3.3333333333333335,0.03999999999999877,0.2795389268713915,attentive,0,2
108.43333333333334,True,41.716455436557766,-25.529576817924585,3.3333333333333335,0.03999999999999877,0.2798876487233093,attentive,0,2
108.46666666666667,True,14.132284458431608,-21.37066914129896,3.3333333333333335,0.03999999999999877,0.28017932121715206,attentive,0,2
108.5,True,19.657997986520378,-25.76659600807912,3.3333333333333335,0.03999999999999877,0.28048997783376095,attentive,0,2
108.53333333333333,True,23.16884502789628,-28.906394314278923,3.3333333333333335,0.03999999999999877,0.2808211095218932,attentive,0,2
108.56666666666666,True,32.03621479071319,-24.215530869396616,3.3333333333333335,0.03999999999999877,0.28115175307663204,attentive,0,2
108.6,True,33.33606588172734,-30.211700076911644,3.3333333333333335,0.03999999999999877,0.2814961042193832,attentive,0,2
108.63333333333333,True,28.979779266919348,-23.127177183078928,3.3333333333333335,0.03999999999999877,0.28180164509910866,attentive,0,2
108.66666666666667,True,23.151712460201438,-18.36764533160605,3.3333333333333335,0.03999999999999877,0.2821124380033292,attentive,0,2
108.7,True,11.7848995630154,-22.26292638525514,3.3333333333333335,0.03999999999999877,0.2823828082221636,attentive,0,2
108.73333333333333,True,20.7622304441445,-31.654344689811587,3.3333333333333335,0.03999999999999877,0.2826838029666978,attentive,0,2
108.76666666666667,True,26.75754669539148,-35.24894726416017,3.3333333333333335,0.03999999999999877,0.2830319613792418,attentive,0,2
108.8,True,30.940090049093968,-27.870187206201063,3.3333333333333335,0.03999999999999877,0.2833747023929482,attentive,0,2
108.83333333333333,True,24.058831366765336,-26.05455573428791,3.3333333333333335,0.03999999999999877,0.2836902680885097,attentive,0,2
108.86666666666666,True,33.27811357420627,-31.208798366569628,3.3333333333333335,0.03999999999999877,0.28403140767425755,attentive,0,2
108.89999999999999,True,26.664776095184884,-30.665471308667875,3.3333333333333335,0.03999999999999877,0.2843545086079476,attentive,0,2
108.93333333333334,True,31.739929672782385,-37.61773840581377,3.3333333333333335,0.03999999999999877,0.2846935987559843,attentive,0,2
108.96666666666667,True,18.335824921638945,-21.872330977925248,3.3333333333333335,0.03999999999999877,0.28499066441076903,attentive,0,2
109.0,True,32.72154897197311,-23.53914537967603,3.3333333333333335,0.03999999999999877,0.2853174630797533,attentive,0,2
109.03333333333333,True,32.19042380864719,-21.205848481192657,3.3333333333333335,0.03999999999999877,0.285641645031372,attentive,0,2
109.06666666666666,True,33.70074087123153,-24.38268770930434,3.3333333333333335,0.03999999999999877,0.2859735899581947,attentive,0,2
109.1,True,23.831921492558422,-26.876759895747718,3.3333333333333335,0.03999999999999877,0.28629453707124003,attentive,0,2
109.13333333333333,True,27.130089590264628,-26.89614879798571,3.3333333333333335,0.03999999999999877,0.2866234950480071,attentive,0,2
109.16666666666667,True,25.76704856316267,-22.82689913796131,3.3333333333333335,0.03999999999999877,0.2869336252928698,attentive,0,2
109.2,True,15.756694227628806,-24.999215619431375,3.3333333333333335,0.03999999999999877,0.28723121500560456,attentive,0,2
109.23333333333333,True,40.99171988643182,-28.96061747723833,3.3333333333333335,0.03999999999999877,0.2876038619336513,attentive,0,2
109.26666666666667,True,32.0825869964939,-29.26707555778474,3.3333333333333335,0.03999999999999877,0.28793517228590104,attentive,0,2
109.3,True,31.123364964853817,-26.369977097201897,3.3333333333333335,0.03999999999999877,0.2882686356470189,attentive,0,2
109.33333333333333,True,26.276065736162426,-26.93035529685325,3.3333333333333335,0.03999999999999877,0.288590540579692,attentive,0,2
109.36666666666666,True,34.71262570015612,-25.14512574288731,3.3333333333333335,0.03999999999999877,0.2889446207189243,attentive,0,2
109.39999999999999,True,24.767447535949884,-24.56833390590293,3.3333333333333335,0.03999999999999877,0.2892689005768856,attentive,0,2
109.43333333333334,True,40.321737060802846,-16.159921099438684,3.3333333333333335,0.03999999999999877,0.2896026201255739,attentive,0,2
109.46666666666667,True,18.34070301305058,-24.69429524885307,3.3333333333333335,0.03999999999999877,0.28991689033915097,attentive,0,2
109.5,True,26.768726299492446,-22.325996333964962,3.3333333333333335,0.03999999999999877,0.29022397641793296,attentive,0,2
109.53333333333333,True,34.75683636377596,-25.514586753982798,3.3333333333333335,0.03999999999999877,0.2905642107357971,attentive,0,2
109.56666666666666,True,36.03731925551962,-29.672196076419727,3.3333333333333335,0.03999999999999877,0.2909126645382697,attentive,0,2
109.6,True,29.0479578455407,-31.000378660256057,3.3333333333333335,0.03999999999999877,0.29125228395029684,attentive,0,2
109.63333333333333,True,31.339077834973473,-26.950930499775115,3.3333333333333335,0.03999999999999877,0.2915881294517248,attentive,0,2
109.66666666666667,True,34.82132301297535,-18.968230441669427,3.3333333333333335,0.03999999999999877,0.2919195948189784,attentive,0,2
109.7,True,35.37219499894408,-21.922741438678003,3.3333333333333335,0.03999999999999877,0.29224386565464044,attentive,0,2
109.73333333333333,True,33.630064461249454,-23.17671303649034,3.3333333333333335,0.03999999999999877,0.29258284386050665,attentive,0,2
109.76666666666667,True,23.776166557031786,-20.929046865118455,3.3333333333333335,0.03999999999999877,0.2928949898451356,attentive,0,2
109.8,True,32.753232973936385,-29.37048011371609,3.3333333333333335,0.03999999999999877,0.29323170332899395,attentive,0,2
109.83333333333333,True,35.311425874927735,-19.671375536601285,3.3333333333333335,0.03999999999999877,0.2935682547465694,attentive,0,2
109.86666666666666,True,36.21300210923484,-22.790145773823195,3.3333333333333335,0.03999999999999877,0.29390954688403315,attentive,0,2
109.89999999999999,True,28.218520520802297,-31.37801980496183,3.3333333333333335,0.03999999999999877,0.2942421672999979,attentive,0,2
109.93333333333334,True,32.57461693240745,-16.88757662015342,3.3333333333333335,0.03999999999999877,0.2945801547407857,attentive,0,2
109.96666666666667,True,32.124960345202325,-26.362642713911296,3.3333333333333335,0.03999999999999877,0.2949235494112706,attentive,0,2
110.0,True,31.54971790819182,-25.28313680714552,3.3333333333333335,0.03999999999999877,0.2949206955640891,attentive,0,2
110.03333333333333,True,18.263345162858975,-23.9454519970971,3.3333333333333335,0.03999999999999877,0.2948911655254411,attentive,0,2
110.06666666666666,True,46.05649656692452,-19.03811784712446,3.3333333333333335,0.03999999999999877,0.29491317267473666,attentive,0,2
110.1,True,34.44908705564603,-26.329355045804267,3.3333333333333335,0.03999999999999877,0.2949296351106393,attentive,0,2
110.13333333333333,True,40.176200301704405,-22.34625673390682,3.3333333333333335,0.03999999999999877,0.2949460474939379,attentive,0,2
110.16666666666667,True,30.72166751012534,-20.200281405124255,3.3333333333333335,0.03999999999999877,0.2949253782912555,attentive,0,2
110.2,True,13.022441393601433,-30.95447184410601,3.3333333333333335,0.03999999999999877,0.2948909578795667,attentive,0,2
110.23333333333333,True,28.45655629472232,-24.107717896483734,3.3333333333333335,0.03999999999999877,0.29488859742414764,attentive,0,2
110.26666666666667,True,33.308288442078066,-15.249667672684158,3.3333333333333335,0.03999999999999877,0.2949087338940363,attentive,0,2
110.3,True,24.669168774428243,-14.405791636751133,3.3333333333333335,0.03999999999999877,0.2948648629577353,attentive,0,2
110.33333333333333,True,29.547934105121843,-24.221598963032108,3.3333333333333335,0.03999999999999877,0.29486162266927496,attentive,0,2
110.36666666666666,True,24.983924566815325,-28.478091322296876,3.3333333333333335,0.03999999999999877,0.294814879235814,attentive,0,2
110.39999999999999,True,33.39495709377174,-21.544414179805166,3.3333333333333335,0.03999999999999877,0.2947992396155278,attentive,0,2
110.43333333333334,True,26.820566802656547,-20.157423699887495,3.3333333333333335,0.03999999999999877,0.29477016533805456,attentive,0,2
110.46666666666667,True,40.35741479341404,-22.16333142218733,3.3333333333333335,0.03999999999999877,0.29479485271646405,attentive,0,2
110.5,True,36.39469330952716,-26.866669459659203,3.3333333333333335,0.03999999999999877,0.29479000095065105,attentive,0,2
110.53333333333333,True,24.98998729679807,-18.132677954212518,3.3333333333333335,0.03999999999999877,0.29476934708182967,attentive,0,2
110.56666666666666,True,19.595429810719185,-27.121992219208806,3.3333333333333335,0.03999999999999877,0.294734802275973,attentive,0,2
110.6,True,30.80723545180984,-20.688945652376304,3.3333333333333335,0.03999999999999877,0.2947189897399247,attentive,0,2
110.63333333333333,True,28.910090419102644,-20.73270825572987,3.3333333333333335,0.03999999999999877,0.2947180972027829,attentive,0,2
110.66666666666667,True,44.3784154358545,-20.44212209290613,3.3333333333333335,0.03999999999999877,0.2947647921996788,attentive,0,2
110.7,True,41.67030042045122,-19.916482744414168,3.3333333333333335,0.03999999999999877,0.294770213316267,attentive,0,2
110.73333333333333,True,33.819261296565294,-26.571288624955837,3.3333333333333335,0.03999999999999877,0.2947843649438541,attentive,0,2
110.76666666666667,True,29.682649303031774,-21.640274363717275,3.3333333333333335,0.03999999999999877,0.29476432598583147,attentive,0,2
110.8,True,17.00465496560014,-18.85326410376944,3.3333333333333335,0.03999999999999877,0.2946953290307486,attentive,0,2
110.83333333333333,True,30.94468180078983,-32.32723566634393,3.3333333333333335,0.03999999999999877,0.2947067440384038,attentive,0,2
110.86666666666666,True,15.185716259802303,-28.784004318738457,3.3333333333333335,0.03999999999999877,0.29464626525025417,attentive,0,2
110.89999999999999,True,32.660188464525646,-19.49838924318424,3.3333333333333335,0.03999999999999877,0.29463566074035275,attentive,0,2
110.93333333333334,True,31.059644848016013,-26.68565037635393,3.3333333333333335,0.03999999999999877,0.29463420236364185,attentive,0,2
110.96666666666667,True,19.282347163521898,-30.47442027442134,3.3333333333333335,0.03999999999999877,0.2946059799501454,attentive,0,2
111.0,True,36.444128884217676,-32.23346519647531,3.3333333333333335,0.03999999999999877,0.29462200251404347,attentive,0,2
111.03333333333333,True,24.56401218709229,-24.84368490940252,3.3333333333333335,0.03999999999999877,0.2946152289997126,attentive,0,2
111.06666666666666,True,20.528128993511096,-28.794397501653304,3.3333333333333335,0.03999999999999877,0.29459606493937335,attentive,0,2
111.1,True,32.368418239738034,-28.716637960012644,3.3333333333333335,0.03999999999999877,0.29457973797927467,attentive,0,2
111.13333333333333,True,26.545245888003777,-20.0978531133972,3.3333333333333335,0.03999999999999877,0.294550619225662,attentive,0,2
111.16666666666667,True,29.50591757610745,-29.633053032716823,3.3333333333333335,0.03999999999999877,0.29456978069325124,attentive,0,2
111.2,True,17.622213829711757,-30.173220561397113,3.3333333333333335,0.03999999999999877,0.29451742826187327,attentive,0,2
111.23333333333333,True,44.53331084322825,-20.998470050943418,3.3333333333333335,0.03999999999999877,0.29455089914299987,attentive,0,2
111.26666666666667,True,27.580153140917577,-24.224393501974106,3.3333333333333335,0.03999999999999877,0.2945726035649685,attentive,0,2
111.3,True,34.11023945558045,-24.555699320673348,3.3333333333333335,0.03999999999999877,0.29454793069081114,attentive,0,2
111.33333333333333,True,33.67322885405215,-23.379056406248274,3.3333333333333335,0.03999999999999877,0.29455788763150037,attentive,0,2
111.36666666666666,True,21.79814637937075,-17.450198977230684,3.3333333333333335,0.03999999999999877,0.29455345447375725,attentive,0,2
111.39999999999999,True,18.675286950102226,-24.111912895270283,3.3333333333333335,0.03999999999999877,0.2945350828087421,attentive,0,2
111.43333333333334,True,21.925715347567394,-31.835182476769024,3.3333333333333335,0.03999999999999877,0.29449102433543817,attentive,0,2
111.46666666666667,True,24.08551728843478,-24.23003387814672,3.3333333333333335,0.03999999999999877,0.2944499730127946,attentive,0,2
111.5,True,25.122546850038233,-18.678841588594565,3.3333333333333335,0.03999999999999877,0.2944400486909085,attentive,0,2
111.53333333333333,True,28.125861933132807,-25.88219043206095,3.3333333333333335,0.03999999999999877,0.2944206819304671,attentive,0,2
111.56666666666666,True,32.08965945011771,-22.118217823051847,3.3333333333333335,0.03999999999999877,0.29441332544314786,attentive,0,2
111.6,True,21.252926332473958,-33.046223120899406,3.3333333333333335,0.03999999999999877,0.2944134250154937,attentive,0,2
111.63333333333333,True,29.59838046192451,-25.11414705310205,3.3333333333333335,0.03999999999999877,0.2944098510078417,attentive,0,2
111.66666666666667,True,26.68863506645947,-29.508159172959623,3.3333333333333335,0.03999999999999877,0.2943928097204743,attentive,0,2
111.7,True,32.372623402638624,-31.54256994955074,3.3333333333333335,0.03999999999999877,0.29437162603425193,attentive,0,2
111.73333333333333,True,31.337053881698186,-14.616091546796197,3.3333333333333335,0.03999999999999877,0.29434184637791766,attentive,0,2
111.76666666666667,True,23.738789816028774,-23.515181508099168,3.3333333333333335,0.03999999999999877,0.2943181691311868,attentive,0,2
111.8,True,25.669335406697478,-27.46307104517883,3.3333333333333335,0.03999999999999877,0.2943113771305629,attentive,0,2
111.83333333333333,True,23.41486587547906,-23.7236608412853,3.3333333333333335,0.03999999999999877,0.2942811380184234,attentive,0,2
111.86666666666666,True,30.299975928734384,-25.234441537426992,3.3333333333333335,0.03999999999999877,0.29426056918021987,attentive,0,2
111.89999999999999,True,12.731410774892856,-31.81127420119425,3.3333333333333335,0.03999999999999877,0.2942181927433825,attentive,0,2
111.93333333333334,True,27.6883899748072,-26.011109975145224,3.3333333333333335,0.03999999999999877,0.2942096336577372,attentive,0,2
111.96666666666667,True,19.85982320170616,-25.58887015828352,3.3333333333333335,0.03999999999999877,0.29419349415606455,attentive,0,2
112.0,False,21.1351294073687,-24.493962791380554,3.3333333333333335,0.03999999999999877,0.29416298056966883,attentive,0,2
112.03333333333333,False,22.16794434423827,-26.839224414926242,3.3333333333333335,0.04222222222222087,0.2941313866492844,attentive,0,2
112.06666666666666,False,14.121628193495038,-19.748902565639266,3.3333333333333335,0.04444444444444297,0.29407923424563687,attentive,0,2
112.1,False,19.712582003520335,-19.39717999151987,3.3333333333333335,0.04666666666666506,0.29404980780402,attentive,0,2
112.13333333333333,True,18.066732353462484,-23.04777973880787,3.3333333333333335,0.03999999999999875,0.2940094864906571,attentive,0,2
112.16666666666667,True,28.51473040374512,-16.665276299759192,3.3333333333333335,0.039999999999998676,0.29399453033277273,attentive,0,2
112.2,True,29.665538808292798,-19.260167363696173,3.3333333333333335,0.039999999999998676,0.2939863780606202,attentive,0,2
112.23333333333333,True,21.91695561446831,-23.07909926596789,3.3333333333333335,0.039999999999998676,0.29396753765465555,attentive,0,2
112.26666666666667,True,23.08007795743911,-37.56426978511323,3.3333333333333335,0.039999999999998676,0.29396824493652857,attentive,0,2
112.3,True,27.968316714277634,-21.686532385287578,3.3333333333333335,0.039999999999998676,0.2939562759281706,attentive,0,2
112.33333333333333,True,20.12962739244046,-25.712251172677185,3.3333333333333335,0.039999999999998676,0.29393580275556547,attentive,0,2
112.36666666666666,True,9.760662417780463,-20.506376353488704,3.3333333333333335,0.039999999999998676,0.293882346092565,attentive,0,2
112.39999999999999,True,18.78057337156141,-29.012323775718492,3.3333333333333335,0.039999999999998676,0.29385784263090203,attentive,0,2
112.43333333333334,True,19.972808784422124,-29.885753363551512,3.3333333333333335,0.039999999999998676,0.2938472342497131,attentive,0,2
112.46666666666667,True,20.800896996172067,-20.129651545512285,3.3333333333333335,0.039999999999998676,0.29380142477108245,attentive,0,2
112.5,True,32.66186583363172,-27.083703257025018,3.3333333333333335,0.039999999999998676,0.2938010932947278,attentive,0,2
112.53333333333333,True,9.181721495498676,-19.996418100873374,3.3333333333333335,0.039999999999998676,0.29373637046314516,attentive,0,2
112.56666666666666,True,33.96891149209587,-31.04403331298797,3.3333333333333335,0.039999999999998676,0.29373423840163426,attentive,0,2
112.6,True,5.5456022099636755,-19.86059875616874,3.3333333333333335,0.039999999999998676,0.29365698136003965,attentive,0,2
112.63333333333333,True,19.752651670464918,-28.066233154298036,3.3333333333333335,0.039999999999998676,0.29360432753647736,attentive,0,2
112.66666666666667,True,25.49356320851942,-29.773168893526623,3.3333333333333335,0.039999999999998676,0.29360638822120905,attentive,0,2
112.7,True,8.14338696983747,-27.343685990938766,3.3333333333333335,0.039999999999998676,0.29356681068107016,attentive,0,2
112.73333333333333,True,31.253982836305997,-26.45645650176441,3.3333333333333335,0.039999999999998676,0.29355591649308754,attentive,0,2
112.76666666666667,True,5.203612674284228,-22.143441006089702,3.3333333333333335,0.039999999999998676,0.2934721623554962,attentive,0,2
112.8,True,13.093761012442382,-24.805124590399686,3.3333333333333335,0.039999999999998676,0.2934273318019682,attentive,0,2
112.83333333333333,True,24.834815704699256,-27.030019849128358,3.3333333333333335,0.039999999999998676,0.2933910956744434,attentive,0,2
112.86666666666666,True,21.09407847642825,-16.359127558304337,3.3333333333333335,0.039999999999998676,0.2933496118084163,attentive,0,2
112.89999999999999,True,12.846693479665037,-20.749614738939275,3.3333333333333335,0.039999999999998676,0.2933001891160678,attentive,0,2
112.93333333333334,True,18.145913874412894,-21.1021456703974,3.3333333333333335,0.039999999999998676,0.2932672654023098,attentive,0,2
112.96666666666667,True,34.200362524430574,-33.45964263128165,3.3333333333333335,0.039999999999998676,0.2932862284565328,attentive,0,2
113.0,True,31.75130032417949,-28.902935779773184,3.3333333333333335,0.039999999999998676,0.29363103263575285,attentive,0,2
113.03333333333333,True,11.287576074804619,-24.098060095616294,3.3333333333333335,0.039999999999998676,0.29390165128865064,attentive,0,2
113.06666666666666,True,22.226589515422276,-20.550567193084238,3.3333333333333335,0.039999999999998676,0.2942023954635786,attentive,0,2
113.1,True,3.4361185492630923,-30.073532822163013,3.3333333333333335,0.039999999999998676,0.2944657811905522,attentive,0,2
113.13333333333333,True,10.602790431841138,-33.17538037009444,3.3333333333333335,0.039999999999998676,0.2947497681563893,attentive,0,2
113.16666666666667,True,17.322157114371443,-30.874480530391786,3.3333333333333335,0.039999999999998676,0.2950565140336988,attentive,0,2
113.2,True,16.04165110361473,-22.743008244370532,3.3333333333333335,0.039999999999998676,0.2953493139180203,attentive,0,2
113.23333333333333,True,12.825027947609684,-37.062521959059666,3.3333333333333335,0.039999999999998676,0.29565627603086797,attentive,0,2
113.26666666666667,True,15.534569156818193,-17.375587066368578,3.3333333333333335,0.039999999999998676,0.2959459370784653,attentive,0,2
113.3,True,9.922578114826583,-24.631048824522676,3.3333333333333335,0.039999999999998676,0.2962240500829543,attentive,0,2
113.33333333333333,True,12.136689465914005,-25.11272891991248,3.3333333333333335,0.039999999999998676,0.29650420043268083,attentive,0,2
113.36666666666666,True,15.262230509345748,-18.39147515909959,3.3333333333333335,0.039999999999998676,0.2967800156632977,attentive,0,2
113.39999999999999,True,27.067213690810078,-28.729650768401505,3.3333333333333335,0.039999999999998676,0.29710174715225923,attentive,0,2
113.43333333333334,True,7.166877977644348,-30.2825448377464,3.3333333333333335,0.039999999999998676,0.29738515077516886,attentive,0,2
113.46666666666667,True,15.199049701119332,-32.88083356893961,3.3333333333333335,0.039999999999998676,0.2976723490151294,attentive,0,2
113.5,True,9.144943863468766,-25.430789323544168,3.3333333333333335,0.039999999999998676,0.2979456989049383,attentive,0,2
113.53333333333333,True,5.857108659717916,-32.09350245449024,3.3333333333333335,0.039999999999998676,0.2982283719108454,attentive,0,2
113.56666666666666,True,24.16107302636376,-24.46811772425445,3.3333333333333335,0.039999999999998676,0.29854603149140313,attentive,0,2
113.6,True,-0.7525441545106784,-23.443840987676506,3.3333333333333335,0.039999999999998676,0.2987850921176094,attentive,0,2
113.63333333333333,True,-1.9699104062249848,-16.267726367103798,3.3333333333333335,0.039999999999998676,0.2990269135155428,attentive,0,2
113.66666666666667,True,4.4521607767469575,-27.5002746621866,3.3333333333333335,0.039999999999998676,0.29929785555816135,attentive,0,2
113.7,True,16.133348075480562,-29.835057672000314,3.3333333333333335,0.039999999999998676,0.2995855923980923,attentive,0,2
113.73333333333333,True,17.921882361295214,-21.28339490366583,3.3333333333333335,0.039999999999998676,0.29988212107379925,attentive,0,2
113.76666666666667,True,8.19999820775971,-26.237060035750293,3.3333333333333335,0.039999999999998676,0.30015450483895684,attentive,0,2
113.8,True,-4.413668587967221,-18.323988511461,3.3333333333333335,0.039999999999998676,0.3003869817897318,attentive,0,2
113.83333333333333,True,25.003979408565755,-31.62753075574237,3.3333333333333335,0.039999999999998676,0.30071360543469006,attentive,0,2
113.86666666666666,True,20.541655430213552,-22.273761279130305,3.3333333333333335,0.039999999999998676,0.301020781713073,attentive,0,2
113.89999999999999,True,15.761047392713143,-29.207081595314033,3.3333333333333335,0.039999999999998676,0.30131874921209034,attentive,0,2
113.93333333333334,True,13.246192140033177,-28.615471754553695,3.3333333333333335,0.039999999999998676,0.3016153257560748,attentive,0,2
113.96666666666667,True,7.759090424187635,-19.58232158528485,3.3333333333333335,0.039999999999998676,0.3018866236885196,attentive,0,2
114.0,True,9.52084357437757,-24.73542893937497,3.3333333333333335,0.039999999999998676,0.3021621767990905,attentive,0,2
114.03333333333333,True,20.532283550417553,-14.690645038247736,3.3333333333333335,0.039999999999998676,0.3024508413121401,attentive,0,2
114.06666666666666,True,15.595146730669347,-25.031479419113047,3.3333333333333335,0.039999999999998676,0.30274639659904873,attentive,0,2
114.1,True,7.988976529704727,-23.740936255503204,3.3333333333333335,0.039999999999998676,0.3030170659958503,attentive,0,2
114.13333333333333,True,16.47885644192303,-20.831960624074522,3.3333333333333335,0.039999999999998676,0.303308791040088,attentive,0,2
114.16666666666667,True,16.115482995020137,-25.20844010045754,3.3333333333333335,0.039999999999998676,0.30359226524839744,attentive,0,2
114.2,True,3.3425109646183806,-22.715703213334038,3.3333333333333335,0.039999999999998676,0.3038584495619507,attentive,0,2
114.23333333333333,True,-3.74664348748955,-30.61501365632321,3.3333333333333335,0.039999999999998676,0.30410940338682724,attentive,0,2
114.26666666666667,True,-14.238380248329635,-27.5329600877634,3.3333333333333335,0.039999999999998676,0.3043329590685572,attentive,0,2
114.3,True,16.035777004324615,-14.156374076412497,3.3333333333333335,0.039999999999998676,0.30438722521268574,attentive,0,2
114.33333333333333,True,16.929618743343013,-29.21490840634918,3.3333333333333335,0.039999999999998676,0.3046841871374383,attentive,0,2
114.36666666666666,True,12.287192306088217,-31.32226950240459,3.3333333333333335,0.039999999999998676,0.30499278483982406,attentive,0,2
114.39999999999999,True,13.757983001408064,-31.97948176810653,3.3333333333333335,0.039999999999998676,0.3052944147786918,attentive,0,2
114.43333333333334,True,13.238523894095652,-29.19069308338912,3.3333333333333335,0.039999999999998676,0.30558602616445607,attentive,0,2
114.46666666666667,True,6.737155364874352,-22.600298224219017,3.3333333333333335,0.039999999999998676,0.30586248966170315,attentive,0,2
114.5,True,-1.907095276890682,-27.393778763907033,3.3333333333333335,0.039999999999998676,0.3061089873168643,attentive,0,2
114.53333333333333,True,13.502369539591278,-30.112976251641516,3.3333333333333335,0.039999999999998676,0.3064067524093094,attentive,0,2
114.56666666666666,True,6.852481181299163,-25.417421948286403,3.3333333333333335,0.039999999999998676,0.30666757183369503,attentive,0,2
114.6,True,-9.043942821741993,-36.46163971912722,3.3333333333333335,0.039999999999998676,0.3069212844660322,attentive,0,2
114.63333333333333,True,-6.471714356886255,-20.131728874546788,3.3333333333333335,0.039999999999998676,0.30715140971976407,attentive,0,2
114.66666666666667,True,-4.970521454719913,-25.302662443538335,3.3333333333333335,0.039999999999998676,0.307398022752765,attentive,0,2
114.7,True,9.200591098369909,-19.256997114520335,3.3333333333333335,0.039999999999998676,0.30766829505480725,attentive,0,2
114.73333333333333,True,7.046594774333707,-24.14439211599253,3.3333333333333335,0.039999999999998676,0.30793954583181443,attentive,0,2
114.76666666666667,True,6.76533912477374,-19.877580297970624,3.3333333333333335,0.039999999999998676,0.308197003371198,attentive,0,2
114.8,True,12.44714811664807,-22.836812004178697,3.3333333333333335,0.039999999999998676,0.30846604682933365,attentive,0,2
114.83333333333333,True,-2.733727977779018,-15.758049577433912,3.3333333333333335,0.039999999999998676,0.30870421733116615,attentive,0,2
114.86666666666666,True,19.3569696462105,-25.184437171837263,3.3333333333333335,0.039999999999998676,0.3089950690943242,attentive,0,2
114.89999999999999,True,-0.8219888613667754,-21.898484569873244,3.3333333333333335,0.039999999999998676,0.30924653603268787,attentive,0,2
114.93333333333334,True,-1.5564641400550383,-15.661115740154743,3.3333333333333335,0.039999999999998676,0.30947950053870105,attentive,0,2
114.96666666666667,True,-8.1915752364758,-17.181853886348684,3.3333333333333335,0.039999999999998676,0.30968736341152303,attentive,0,2
115.0,True,-26.31044993029441,-21.576844626383114,3.3333333333333335,0.039999999999998676,0.3098799654814627,attentive,0,2
115.03333333333333,True,-5.5695208774533045,-24.66733676805778,3.3333333333333335,0.039999999999998676,0.31012939510818505,attentive,0,2
115.06666666666666,True,6.690710942500839,-25.948967700461235,3.3333333333333335,0.039999999999998676,0.3104014626693027,attentive,0,2
115.1,True,2.398347185633556,-21.484774298375783,3.3333333333333335,0.039999999999998676,0.3106731256755235,attentive,0,2
115.13333333333333,True,-13.016991064153691,-29.653916635568088,3.3333333333333335,0.039999999999998676,0.3108919561853774,attentive,0,2
115.16666666666667,True,2.9106772071019056,-29.999201102565976,3.3333333333333335,0.039999999999998676,0.31116303496517844,attentive,0,2
115.2,True,8.05366584507913,-14.418052149648465,3.3333333333333335,0.039999999999998676,0.31120403050356676,attentive,0,2
115.23333333333333,True,-4.763724862582352,-22.483768805361837,3.3333333333333335,0.039999999999998676,0.31142715519030195,attentive,0,2
115.26666666666667,True,17.52871885478489,-29.605579156794544,3.3333333333333335,0.039999999999998676,0.3117420132365864,attentive,0,2
115.3,True,-3.2108308633597593,-35.34382723976163,3.3333333333333335,0.039999999999998676,0.3119938348922192,attentive,0,2
115.33333333333333,True,5.7832265437057515,-24.681786021359102,3.3333333333333335,0.039999999999998676,0.31225105414353865,attentive,0,2
115.36666666666666,True,-14.00166225080796,-18.857997429804733,3.3333333333333335,0.039999999999998676,0.3124652980321905,attentive,0,2
115.39999999999999,True,9.924973897665145,-30.573028180385805,3.3333333333333335,0.039999999999998676,0.31273682189563623,attentive,0,2
115.43333333333334,True,9.486851758156973,-33.810356913213184,3.3333333333333335,0.039999999999998676,0.31302530563160486,attentive,0,2
115.46666666666667,True,-2.102457155199694,-26.169615437228323,3.3333333333333335,0.039999999999998676,0.3132762378221982,attentive,0,2
115.5,True,8.770359324349528,-11.12431296855154,3.3333333333333335,0.039999999999998676,0.313303971980291,attentive,0,2
115.53333333333333,True,3.2970540460912448,-17.51620139114292,3.3333333333333335,0.039999999999998676,0.31354772800784875,attentive,0,2
115.56666666666666,True,-13.464683894889973,-36.24925461608545,3.3333333333333335,0.039999999999998676,0.31378744619123144,attentive,0,2
115.6,True,14.52678998535984,-29.55638564163221,3.3333333333333335,0.039999999999998676,0.3140815747516611,attentive,0,2
115.63333333333333,True,-10.987149007142483,-29.37130544493389,3.3333333333333335,0.039999999999998676,0.31430810419712485,attentive,0,2
115.66666666666667,True,4.636835354883034,-15.475312636905173,3.3333333333333335,0.039999999999998676,0.3145647831867261,attentive,0,2
115.7,True,-19.228242218705276,-21.940831656742088,3.3333333333333335,0.039999999999998676,0.31477265559109996,attentive,0,2
115.73333333333333,True,-15.888281352903679,-23.187385650163538,3.3333333333333335,0.039999999999998676,0.31499227567015087,attentive,0,2
115.76666666666667,True,-10.648141484583409,-21.044471147982403,3.3333333333333335,0.039999999999998676,0.3152042490276211,attentive,0,2
115.8,True,3.6571750056526833,-20.10885453093255,3.3333333333333335,0.039999999999998676,0.31545684288712,attentive,0,2
115.83333333333333,True,-5.679724566215279,-28.271927440421624,3.3333333333333335,0.039999999999998676,0.3156992759592383,attentive,0,2
115.86666666666666,True,-3.3951361460279075,-18.563316879464082,3.3333333333333335,0.039999999999998676,0.3159400655694632,attentive,0,2
115.89999999999999,True,-1.9947555320047865,-22.90558567731375,3.3333333333333335,0.039999999999998676,0.31618163540938465,attentive,0,2
115.93333333333334,True,-1.9851092637756986,-29.580772412295797,3.3333333333333335,0.039999999999998676,0.3164401600086352,attentive,0,2
115.96666666666667,True,-16.136695523217423,-26.25959009006997,3.3333333333333335,0.039999999999998676,0.31664760133834546,attentive,0,2
116.0,False,-28.229667337082585,-22.766228103374086,3.3333333333333335,0.039999999999998676,0.31683512639122535,attentive,0,2
116.03333333333333,False,-15.406775589661276,-20.773893136568862,3.3333333333333335,0.04222222222222077,0.31704805425108384,attentive,0,2
116.06666666666666,False,-2.336372891444868,-27.51969170084207,3.3333333333333335,0.04444444444444287,0.3172969516364344,attentive,0,2
116.1,False,-15.744304847806116,-27.55168205430836,3.3333333333333335,0.04666666666666496,0.3175242453423033,attentive,0,2
116.13333333333333,True,-14.542415036953333,-31.415419510052224,3.3333333333333335,0.03999999999999866,0.3177506300996078,attentive,0,2
116.16666666666667,True,11.288278993294737,-27.6989685697964,3.3333333333333335,0.03999999999999858,0.3180381344650015,attentive,0,2
116.2,True,-11.277664883508583,-29.394888046895282,3.3333333333333335,0.03999999999999858,0.31826501258838413,attentive,0,2
116.23333333333333,True,-4.979320214260202,-24.272043933383436,3.3333333333333335,0.03999999999999858,0.3185071648778844,attentive,0,2
116.26666666666667,True,-10.05948059642539,-33.413474573658725,3.3333333333333335,0.03999999999999858,0.3187578960783941,attentive,0,2
116.3,True,-20.022876686663885,-17.41254365220854,3.3333333333333335,0.03999999999999858,0.318935852317066,attentive,0,2
116.33333333333333,True,-3.3292433949582634,-30.451610210600805,3.3333333333333335,0.03999999999999858,0.3191756691799956,attentive,0,2
116.36666666666666,True,-13.931691130880061,-26.490050066705145,3.3333333333333335,0.03999999999999858,0.3194078452965332,attentive,0,2
116.39999999999999,True,-22.32375032560459,-21.065395709613327,3.3333333333333335,0.03999999999999858,0.3195887417779968,attentive,0,2
116.43333333333334,True,0.08344296947580787,-26.355165163701074,3.3333333333333335,0.03999999999999858,0.31984912331189397,attentive,0,2
116.46666666666667,True,-21.203132445116623,-30.981429637749322,3.3333333333333335,0.03999999999999858,0.3200682420792533,attentive,0,2
116.5,True,-18.396535317224092,-20.63549005359129,3.3333333333333335,0.03999999999999858,0.3202739021302165,attentive,0,2
116.53333333333333,True,-10.841601830679599,-31.06926913912583,3.3333333333333335,0.03999999999999858,0.32050734470843173,attentive,0,2
116.56666666666666,True,-17.7948223485987,-37.041960230472434,3.3333333333333335,0.03999999999999858,0.3207382566358743,attentive,0,2
116.6,True,-10.466586175728676,-26.253183483384777,3.3333333333333335,0.03999999999999858,0.32097285779330853,attentive,0,2
116.63333333333333,True,-10.89912186431474,-18.774830774965125,3.3333333333333335,0.03999999999999858,0.3211890597071567,attentive,0,2
116.66666666666667,True,-9.632030794745685,-27.35664435301005,3.3333333333333335,0.03999999999999858,0.3214261544448896,attentive,0,2
116.7,True,-21.794819711488994,-34.22046939599937,3.3333333333333335,0.03999999999999858,0.3216298079674022,attentive,0,2
116.73333333333333,True,-14.432904661538307,-24.17017171791295,3.3333333333333335,0.03999999999999858,0.32184418347256566,attentive,0,2
116.76666666666667,True,-12.838279456247086,-30.60312743271397,3.3333333333333335,0.03999999999999858,0.322076406761323,attentive,0,2
116.8,True,-11.823829103390164,-23.97168740461887,3.3333333333333335,0.03999999999999858,0.3222906144102078,attentive,0,2
116.83333333333333,True,-23.807807275543635,-24.83961969049073,3.3333333333333335,0.03999999999999858,0.32248324125828,attentive,0,2
116.86666666666666,True,-18.348337559026863,-22.598450140579764,3.3333333333333335,0.03999999999999858,0.3226899389242774,attentive,0,2
116.89999999999999,True,-12.582189897770785,-29.55013154259334,3.3333333333333335,0.03999999999999858,0.322914058224452,attentive,0,2
116.93333333333334,True,-30.45470154701956,-23.293037899163288,3.3333333333333335,0.03999999999999858,0.3230973333909576,attentive,0,2
116.96666666666667,True,-21.967811728334638,-32.23165343784199,3.3333333333333335,0.03999999999999858,0.3233157057715826,attentive,0,2
117.0,True,-23.896038489790545,-18.917923868129247,3.3333333333333335,0.03999999999999858,0.3235125220457243,attentive,0,2
117.03333333333333,True,-28.3304289466421,-23.768274037459015,3.3333333333333335,0.03999999999999858,0.3236843174591273,attentive,0,2
117.06666666666666,True,-25.8436852403837,-19.43231388956413,3.3333333333333335,0.03999999999999858,0.3238579899907779,attentive,0,2
117.1,True,-19.9778804594345,-20.537799608633872,3.3333333333333335,0.03999999999999858,0.3240589516720434,attentive,0,2
117.13333333333333,True,-11.24871057237607,-32.3825053369619,3.3333333333333335,0.03999999999999858,0.32429818245369957,attentive,0,2
117.16666666666667,True,-18.92713393409941,-23.05273712310406,3.3333333333333335,0.03999999999999858,0.3244912474013859,attentive,0,2
117.2,True,-28.801419255374594,-27.895726944358433,3.3333333333333335,0.03999999999999858,0.32467467851806064,attentive,0,2
117.23333333333333,True,-16.667019526551588,-24.309906889338457,3.3333333333333335,0.03999999999999858,0.32488118173692515,attentive,0,2
117.26666666666667,True,-15.86966969629256,-20.344719900245053,3.3333333333333335,0.03999999999999858,0.3250989328789764,attentive,0,2
117.3,True,-26.804068643909773,-28.361794255929357,3.3333333333333335,0.03999999999999858,0.32529877103197713,attentive,0,2
117.33333333333333,True,-12.357817006368338,-23.996824699699417,3.3333333333333335,0.03999999999999858,0.3255177434635024,attentive,0,2
117.36666666666666,True,-18.219967726765585,-31.327065334114597,3.3333333333333335,0.03999999999999858,0.32573866598863077,attentive,0,2
117.39999999999999,True,-12.550944042525758,-20.641209051465676,3.3333333333333335,0.03999999999999858,0.32594338800465755,attentive,0,2
117.43333333333334,True,-21.59740212244032,-22.964294158482815,3.3333333333333335,0.03999999999999858,0.3261288291987213,attentive,0,2
117.46666666666667,True,-21.39553716569872,-25.585221803912454,3.3333333333333335,0.03999999999999858,0.32633893073380793,attentive,0,2
117.5,True,-17.188660710848215,-23.50628214068743,3.3333333333333335,0.03999999999999858,0.3265508186042662,attentive,0,2
117.53333333333333,True,-39.857323592423846,-33.73567198646437,3.3333333333333335,0.03999999999999858,0.3267119860703046,attentive,0,2
117.56666666666666,True,-14.085942806433682,-25.24793942776435,3.3333333333333335,0.03999999999999858,0.3269310484769478,attentive,0,2
117.6,True,-12.094191764438746,-20.843032668246963,3.3333333333333335,0.03999999999999858,0.3271458613099851,attentive,0,2
117.63333333333333,True,-25.249773716171582,-15.901194532232038,3.3333333333333335,0.03999999999999858,0.3273311376219282,attentive,0,2
117.66666666666667,True,-27.92870613218473,-28.475438484239824,3.3333333333333335,0.03999999999999858,0.32751422277556397,attentive,0,2
117.7,True,-15.276097332963687,-33.093643991251405,3.3333333333333335,0.03999999999999858,0.3277388009308458,attentive,0,2
117.73333333333333,True,-7.697957161389757,-27.77662296555,3.3333333333333335,0.03999999999999858,0.3279687941957601,attentive,0,2
117.76666666666667,True,-29.05646600730327,-18.955350730363286,3.3333333333333335,0.03999999999999858,0.3281489800806874,attentive,0,2
117.8,True,-20.408895767116924,-22.84006769249841,3.3333333333333335,0.03999999999999858,0.3283578936105508,attentive,0,2
117.83333333333333,True,-39.36445422552313,-31.84996096248543,3.3333333333333335,0.03999999999999858,0.3285179875673992,attentive,0,2
117.86666666666666,True,-14.999283175748625,-20.4092599107268,3.3333333333333335,0.03999999999999858,0.3287302011217495,attentive,0,2
117.89999999999999,True,-21.058006680739165,-30.191210787523076,3.3333333333333335,0.03999999999999858,0.3289347639534882,attentive,0,2
117.93333333333334,True,-13.27551635870348,-31.083483228076766,3.3333333333333335,0.03999999999999858,0.3291576871756683,attentive,0,2
117.96666666666667,True,-10.352690370096152,-25.698765142233864,3.3333333333333335,0.03999999999999858,0.3293911902888321,attentive,0,2
118.0,True,-27.10905143606184,-32.97515241817747,3.3333333333333335,0.03999999999999858,0.3295815873113859,attentive,0,2
118.03333333333333,True,-24.637276759399047,-14.99217591606423,3.3333333333333335,0.03999999999999858,0.3297521952582894,attentive,0,2
118.06666666666666,True,-31.293763311296942,-27.411505800018517,3.3333333333333335,0.03999999999999858,0.3299174639436366,attentive,0,2
118.1,True,-29.393821872374602,-29.478663459082632,3.3333333333333335,0.03999999999999858,0.33011012675667534,attentive,0,2
118.13333333333333,True,-21.572743359174552,-22.24525019181876,3.3333333333333335,0.03999999999999858,0.33029352865478545,attentive,0,2
118.16666666666667,True,-31.673553592273553,-27.224561079726726,3.3333333333333335,0.03999999999999858,0.33046689515528654,attentive,0,2
118.2,True,-24.214047151063163,-19.48419944009417,3.3333333333333335,0.03999999999999858,0.33065446389829456,attentive,0,2
118.23333333333333,True,-26.99193439520573,-23.699644043358603,3.3333333333333335,0.03999999999999858,0.3308430488432256,attentive,0,2
118.26666666666667,True,-13.995109587054422,-19.86016892300668,3.3333333333333335,0.03999999999999858,0.3310441839584947,attentive,0,2
118.3,True,-17.828065808122336,-31.7164693773826,3.3333333333333335,0.03999999999999858,0.3312682697646041,attentive,0,2
118.33333333333333,True,-34.310533586175254,-32.365776575815666,3.3333333333333335,0.03999999999999858,0.33145936305793616,attentive,0,2
118.36666666666666,True,-22.613154429469702,-31.29044773366075,3.3333333333333335,0.03999999999999858,0.3316660726182482,attentive,0,2
118.39999999999999,True,-16.94408558841374,-29.24279692524524,3.3333333333333335,0.03999999999999858,0.3318753920015224,attentive,0,2
118.43333333333334,True,-22.324931849473028,-25.47116623235967,3.3333333333333335,0.03999999999999858,0.3320814196876364,attentive,0,2
118.46666666666667,True,-30.99501254432466,-19.092757927973707,3.3333333333333335,0.03999999999999858,0.33224833791771075,attentive,0,2
118.5,True,-27.962342734924963,-29.844601505121478,3.3333333333333335,0.03999999999999858,0.3324484759291749,attentive,0,2
118.53333333333333,True,-30.28922250988096,-16.89480492209368,3.3333333333333335,0.03999999999999858,0.332622173246222,attentive,0,2
118.56666666666666,True,-16.076939337229927,-20.148337681338116,3.3333333333333335,0.03999999999999858,0.3328367268141132,attentive,0,2
118.6,True,-33.43743958805525,-29.52017306647529,3.3333333333333335,0.03999999999999858,0.33301135866496007,attentive,0,2
118.63333333333333,True,-35.28644933813868,-29.12839041367718,3.3333333333333335,0.03999999999999858,0.3331804584250109,attentive,0,2
118.66666666666667,True,-15.156058120445552,-19.58921416777845,3.3333333333333335,0.03999999999999858,0.3333886778977556,attentive,0,2
118.7,True,-22.009943928979496,-20.47812181017455,3.3333333333333335,0.03999999999999858,0.33358991353494305,attentive,0,2
118.73333333333333,True,-18.460508638415426,-23.555563756850272,3.3333333333333335,0.03999999999999858,0.333801568359699,attentive,0,2
118.76666666666667,True,-33.39295987173866,-25.420085086363663,3.3333333333333335,0.03999999999999858,0.33396738022554984,attentive,0,2
118.8,True,-33.835423411931856,-29.30540873552293,3.3333333333333335,0.03999999999999858,0.33414513679857916,attentive,0,2
118.83333333333333,True,-26.412508114666853,-17.877457833164897,3.3333333333333335,0.03999999999999858,0.3343177483712901,attentive,0,2
118.86666666666666,True,-27.246168164865015,-25.418846149115172,3.3333333333333335,0.03999999999999858,0.3345002599625397,attentive,0,2
118.89999999999999,True,-36.988253602786926,-22.189066898933387,3.3333333333333335,0.03999999999999858,0.33466606157107404,attentive,0,2
118.93333333333334,True,-36.098449399690764,-39.01086177275745,3.3333333333333335,0.03999999999999858,0.3348479282237622,attentive,0,2
118.96666666666667,True,-31.238880372731845,-23.16803144088685,3.3333333333333335,0.03999999999999858,0.33502814213074084,attentive,0,2
119.0,True,-18.499349937789674,-29.033722061387543,3.3333333333333335,0.03999999999999858,0.3352382473176985,attentive,0,2
119.03333333333333,True,-20.526723929844106,-18.1601063487861,3.3333333333333335,0.03999999999999858,0.3354182458845897,attentive,0,2
119.06666666666666,True,-36.22541231039751,-23.457859260275193,3.3333333333333335,0.03999999999999858,0.33557189029996803,attentive,0,2
119.1,True,-27.950714729208816,-12.226147978416327,3.3333333333333335,0.03999999999999858,0.33577172358338975,attentive,0,2
119.13333333333333,True,-19.255551682466972,-28.277633673750557,3.3333333333333335,0.03999999999999858,0.336077184723307,attentive,0,2
119.16666666666667,True,-25.545325884317627,-22.108914688748985,3.3333333333333335,0.03999999999999858,0.33638506076228447,attentive,0,2
119.2,True,-19.786621403044485,-21.548232113052478,3.3333333333333335,0.03999999999999858,0.33667132738884437,attentive,0,2
119.23333333333333,True,-25.095053115139876,-25.5603420965463,3.3333333333333335,0.03999999999999858,0.3369840836148263,attentive,0,2
119.26666666666667,True,-36.50041035910719,-22.971958510592323,3.3333333333333335,0.03999999999999858,0.33731986337623693,attentive,0,2
119.3,True,-15.476573998812404,-28.193645253029807,3.3333333333333335,0.03999999999999858,0.3376040565527608,attentive,0,2
119.33333333333333,True,-31.005824464127166,-24.29639797955709,3.3333333333333335,0.03999999999999858,0.337941017537897,attentive,0,2
119.36666666666666,True,-27.37866613347748,-24.881714646435746,3.3333333333333335,0.03999999999999858,0.3382647637955437,attentive,0,2
119.39999999999999,True,-28.980307616453178,-20.36588219026075,3.3333333333333335,0.03999999999999858,0.33860212658069194,attentive,0,2
119.43333333333334,True,-15.23129267297955,-29.44781052314037,3.3333333333333335,0.03999999999999858,0.3388928059069493,attentive,0,2
119.46666666666667,True,-36.943026983964174,-27.879090015707312,3.3333333333333335,0.03999999999999858,0.3392332280584845,attentive,0,2
119.5,True,-40.85982890263344,-21.629879165759757,3.3333333333333335,0.03999999999999858,0.33957667891136173,attentive,0,2
119.53333333333333,True,-32.56436135185869,-27.08836688926947,3.3333333333333335,0.03999999999999858,0.3398973470434472,attentive,0,2
119.56666666666666,True,-32.38598418168706,-19.443413371933456,3.3333333333333335,0.03999999999999858,0.34021458707895935,attentive,0,2
119.6,True,-28.534254444350996,-29.732991002233472,3.3333333333333335,0.03999999999999858,0.340543561225807,attentive,0,2
119.63333333333333,True,-26.849563439459285,-31.872699771381672,3.3333333333333335,0.03999999999999858,0.3408722636219429,attentive,0,2
119.66666666666667,True,-35.972050649497916,-26.245095134067785,3.3333333333333335,0.03999999999999858,0.34121714383206664,attentive,0,2
119.7,True,-20.324388605740676,-24.010490049512903,3.3333333333333335,0.03999999999999858,0.34152018773431164,attentive,0,2
119.73333333333333,True,-23.434917763900124,-21.08203219525232,3.3333333333333335,0.03999999999999858,0.3418298912565405,attentive,0,2
119.76666666666667,True,-48.49131379316756,-24.14674350417643,3.3333333333333335,0.03999999999999858,0.3421986890623852,attentive,0,2
119.8,True,-35.40269610277365,-24.937843371772015,3.3333333333333335,0.03999999999999858,0.34253564332919406,attentive,0,2
119.83333333333333,True,-24.677634498616264,-22.90927889577311,3.3333333333333335,0.03999999999999858,0.34283073841843387,attentive,0,2
119.86666666666666,True,-25.845716335972217,-29.904241049218033,3.3333333333333335,0.03999999999999858,0.34315177697593774,attentive,0,2
119.89999999999999,True,-28.145130396256597,-28.567094958403047,3.3333333333333335,0.03999999999999858,0.3434904141506785,attentive,0,2
119.93333333333334,True,-41.01937246553431,-27.143148314989286,3.3333333333333335,0.03999999999999858,0.3438587624520042,attentive,0,2
119.96666666666667,True,-27.39158242657698,-29.06818850049711,3.3333333333333335,0.03999999999999858,0.3441920904835677,attentive,0,2
