time,eyes_open,yaw,pitch,perclos,fatigue_score,distraction_score,driver_state,alert_level,total_alerts
0.0,False,2.8360479770077074,3.7416299426562554,100.0,0.6000000000000001,0.020919390881492604,fatigued,3,1
0.03333333333333333,False,0.6633777593296284,0.4986471356778064,100.0,0.6022222222222223,0.012487920612231926,fatigued,3,1
0.06666666666666667,False,-1.8240334758548729,0.18514801155592125,100.0,0.6044444444444446,0.005760155267299933,fatigued,3,1
0.1,False,1.269668951849166,0.8563423792365836,100.0,0.6066666666666668,0.006206605496549902,fatigued,3,1
0.13333333333333333,False,-4.794298276322179,-1.277388329168105,100.0,0.6088888888888889,0.0034234903413064726,fatigued,3,1
0.16666666666666666,False,-0.4775967921397863,1.945487560631371,100.0,0.6111111111111112,0.003927234967722411,fatigued,3,1
0.2,True,-3.085856941566177,2.374331082597555,85.71428571428571,0.582857142857143,0.006079231548755688,fatigued,2,2
0.23333333333333334,True,-1.7814847795692037,2.2477191652485016,75.0,0.54,0.006933407806379812,fatigued,2,2
0.26666666666666666,True,-2.063221862267379,-0.4909911650410241,66.66666666666666,0.5066666666666666,0.007060671768508902,fatigued,2,2
0.3,True,1.817643789038824,-0.9064859492744146,60.0,0.48,0.005345321585579776,fatigued,2,2
0.3333333333333333,True,-3.037588031222439,-4.060575455371085,54.54545454545454,0.45818181818181825,0.005266373281249047,fatigued,2,2
0.36666666666666664,True,0.03929595074143839,1.5825004586818792,50.0,0.44000000000000006,0.005106010425811443,fatigued,2,2
0.4,True,0.9315038650654537,2.0491428145425865,46.15384615384615,0.4246153846153846,0.0047450583562040115,fatigued,2,2
0.43333333333333335,True,0.35590756933395346,-0.7223549711146671,42.857142857142854,0.4114285714285715,0.004178479567303316,fatigued,2,2
0.4666666666666667,True,3.2085397410644294,2.2439833486923306,40.0,0.4,0.0032816777986036097,attentive,2,2
0.5,True,-0.38769253615123644,3.416109375957032,37.5,0.39,0.0036587249428935934,attentive,2,2
0.5333333333333333,True,-0.165076829452343,-5.350832654106807,35.294117647058826,0.38117647058823534,0.0027872079207361764,attentive,2,2
0.5666666666666667,True,1.307003772326599,-0.16333718279189086,33.33333333333333,0.3733333333333333,0.0022894809711341557,attentive,2,2
0.6,True,0.2782822773516428,1.7927923257888325,31.57894736842105,0.36631578947368426,0.0023135700160552292,attentive,2,2
0.6333333333333333,True,-0.42329317924097776,3.377964464946775,30.0,0.36,0.002667286051188993,attentive,2,2
0.6666666666666666,True,2.2199658028697984,0.2186357975200957,28.57142857142857,0.3542857142857143,0.0020935744605800463,attentive,2,2
0.7,True,0.6276631552019089,0.5858978002449373,27.27272727272727,0.3490909090909091,0.0019307929436689453,attentive,0,2
0.7333333333333333,True,1.14346308871047,-3.410303634866654,26.08695652173913,0.3443478260869566,0.0012963884376845376,attentive,0,2
0.7666666666666666,True,0.2599704713113039,1.0381513195391758,25.0,0.3400000000000001,0.0012903546950881045,attentive,0,2
0.8,True,3.5083842929528877,-1.3857636499848462,24.0,0.3360000000000001,0.0013546312455587003,attentive,0,2
0.8333333333333334,True,2.9548600378680727,-1.243050363069593,23.076923076923077,0.3323076923076923,0.0017013907030087125,attentive,0,2
0.8666666666666667,True,-0.7317591349220404,-1.0810603302659987,22.22222222222222,0.3288888888888889,0.0014289458950692887,attentive,0,2
0.9,True,2.964643194673687,-1.78857757415042,21.428571428571427,0.32571428571428573,0.0017065397968483184,attentive,0,2
0.9333333333333333,True,1.449890994276884,-1.5041116543345399,20.689655172413794,0.3227586206896552,0.0017546415152879726,attentive,0,2
0.9666666666666667,True,1.8272833885187525,1.3998704342088253,20.0,0.32000000000000006,0.0020705562211669904,attentive,0,2
1.0,True,1.3665235206445883,0.19433799067861285,19.35483870967742,0.31741935483870976,0.0022136124743886852,attentive,0,2
1.0333333333333332,True,0.16723700251785406,-2.2237786186825055,18.75,0.3020967741935484,0.0020132353752830108,attentive,0,2
1.0666666666666667,True,-1.555398686769147,-4.172319924031881,18.181818181818183,0.2877272727272727,0.0014661247274211375,attentive,0,2
1.1,True,1.411087548520941,1.0874819444609256,17.647058823529413,0.27422459893048134,0.0016743221665364697,attentive,0,2
1.1333333333333333,True,-0.7589864712141904,-0.3377824680977422,17.142857142857142,0.2615126050420168,0.001508658649998849,attentive,0,2
1.1666666666666667,True,-1.0824887049786178,-1.7930945053730036,16.666666666666664,0.24952380952380948,0.0013552204923376531,attentive,0,2
1.2,True,1.0244192236412137,3.858853569836462,16.216216216216218,0.2381981981981982,0.0015442038341904217,attentive,0,2
1.2333333333333334,True,-0.0178952066864628,0.8151523408502217,15.789473684210526,0.22748221906116642,0.0015491436120905156,attentive,0,2
1.2666666666666666,True,2.162278094216509,-0.7764386054752856,15.384615384615385,0.2173279352226721,0.0017115939230601454,attentive,0,2
1.3,True,-3.0241417104095665,2.719853926454105,15.0,0.20769230769230765,0.0014838913252966954,attentive,0,2
1.3333333333333333,True,-1.3089385064020498,2.5572319403139554,14.634146341463413,0.19853658536585367,0.0014444118581490718,attentive,0,2
1.3666666666666667,True,1.266803589647825,-1.4821213371333113,14.285714285714285,0.1898257839721254,0.0014656552711646935,attentive,0,2
1.4,True,1.4468345448388897,-3.83315633920099,13.953488372093023,0.18152823920265784,0.0013830179522216796,attentive,0,2
1.4333333333333333,True,0.9473794420872221,-5.573162472114463,13.636363636363635,0.17361522198731505,0.0014475675704144668,attentive,0,2
1.4666666666666666,True,-0.7503724128759979,0.40648443462055095,13.333333333333334,0.1660606060606061,0.0013212152411769824,attentive,0,2
1.5,True,1.1943799136764648,-2.05415542812546,13.043478260869565,0.15884057971014492,0.0015071267579377914,attentive,0,2
1.5333333333333332,True,1.4259793882485006,0.8985301138312873,12.76595744680851,0.15193339500462535,0.001567420924443404,attentive,0,2
1.5666666666666667,True,1.146901056847431,-0.30193159269606523,12.5,0.14531914893617026,0.0016549391786281913,attentive,0,2
1.6,True,0.7755170927961959,-2.622287619990303,12.244897959183673,0.1389795918367347,0.0018104312047143593,attentive,0,2
1.6333333333333333,True,-4.669878180380803,-1.5613230928308917,12.0,0.1328979591836735,0.001428514435378707,attentive,0,2
1.6666666666666667,True,4.278609783001501,-1.2750791934490038,11.76470588235294,0.12705882352941178,0.001828926952308188,attentive,0,2
1.7,True,2.279749598410176,-4.146249582654289,11.538461538461538,0.121447963800905,0.00216579582627981,attentive,0,2
1.7333333333333334,True,3.666164345130923,-2.004991691074707,11.320754716981133,0.1160522496371553,0.0025164336568672587,attentive,0,2
1.7666666666666666,True,-0.9046993156200103,-1.5151596593548258,11.11111111111111,0.11085953878406711,0.0024577244339258814,attentive,0,2
1.8,True,1.794459200929351,1.364407208202273,10.909090909090908,0.10585858585858589,0.0025029177752749635,attentive,0,2
1.8333333333333333,True,1.5812844013900356,-0.6555904999839308,10.714285714285714,0.1010389610389611,0.0026097370730483868,attentive,0,2
1.8666666666666667,True,2.519777977295672,-3.9491374222725613,10.526315789473683,0.096390977443609,0.0029143886010792692,attentive,0,2
1.9,True,0.9105535108848705,-1.8834819286247706,10.344827586206897,0.09190562613430127,0.0030060787957117917,attentive,0,2
1.9333333333333333,True,-2.2097640180263673,3.0571132131971313,10.16949152542373,0.08757451782583286,0.0026735222342308064,attentive,0,2
1.9666666666666666,True,1.742401420328705,-0.35499993272011354,10.0,0.08338983050847457,0.0027711784478594605,attentive,0,2
2.0,True,0.8172606316754216,-0.9826645489925179,9.836065573770492,0.07934426229508199,0.0028210930384170775,attentive,0,2
2.033333333333333,True,-3.9723354656917946,3.903524493500451,9.67741935483871,0.07870967741935485,0.0023509250351134315,attentive,0,2
2.0666666666666664,True,-4.939826216385351,-1.9074319332326721,9.523809523809524,0.0780952380952381,0.002032401692420695,attentive,0,2
2.1,True,-0.34903867402729877,0.22246729931675502,9.375,0.07750000000000001,0.001968682060165116,attentive,0,2
2.1333333333333333,True,-0.22422168179211605,2.171194953084502,9.230769230769232,0.07692307692307693,0.0018488343595243289,attentive,0,2
2.1666666666666665,True,2.018052824565962,-2.8172740089864616,9.090909090909092,0.07636363636363638,0.002051575241555724,attentive,0,2
2.2,True,3.1582419687490457,-1.6663675685982926,8.955223880597014,0.07582089552238808,0.002285725909794408,attentive,0,2
2.2333333333333334,True,4.328685946337218,-1.9544682238494446,8.823529411764707,0.07529411764705884,0.002598904454144617,attentive,0,2
2.2666666666666666,True,1.3172857585976716,1.8400919885821554,8.695652173913043,0.07478260869565218,0.002586826274571287,attentive,0,2
2.3,True,1.990310114225474,-1.0237028741549672,8.571428571428571,0.07428571428571429,0.0027087390135887104,attentive,0,2
2.3333333333333335,True,1.235529759045009,-1.0238580673498545,8.450704225352112,0.07380281690140847,0.0027799748517522453,attentive,0,2
2.3666666666666667,True,-0.6464940923000378,0.7095265431779666,8.333333333333332,0.07333333333333333,0.0026795580798057474,attentive,0,2
2.4,True,-0.9794670277279353,1.548347408799346,8.21917808219178,0.07287671232876713,0.002536085245706271,attentive,0,2
2.433333333333333,True,2.1745803209041545,0.8974520534058593,8.108108108108109,0.07243243243243244,0.0026054687360316346,attentive,0,2
2.466666666666667,True,0.7767363933253536,-3.6132310669873227,8.0,0.07200000000000001,0.0027238166744738214,attentive,0,2
2.5,True,1.0997019503358592,1.7038705052946161,7.894736842105263,0.07157894736842106,0.0027024662619552207,attentive,0,2
2.533333333333333,True,2.4755618599366493,-1.0192131088232261,7.792207792207792,0.07116883116883117,0.002839673390694519,attentive,0,2
2.5666666666666664,True,0.17296067421035935,0.19292330429647986,7.6923076923076925,0.07076923076923078,0.0028076262402190687,attentive,0,2
2.6,True,1.3717313991329145,1.0294267062889322,7.59493670886076,0.07037974683544304,0.002820301466207207,attentive,0,2
2.6333333333333333,True,0.1310987122372146,0.5104411056878271,7.5,0.07,0.002778152040068134,attentive,0,2
2.6666666666666665,True,1.1975895296944845,-1.5002568425563925,7.4074074074074066,0.06962962962962964,0.002850724536197481,attentive,0,2
2.7,True,0.49842149693195537,-1.251140786670217,7.317073170731707,0.06926829268292684,0.002876880572491391,attentive,0,2
2.7333333333333334,True,-0.4985517614113607,-1.0308628295383393,7.228915662650602,0.06891566265060242,0.002843123224408245,attentive,0,2
2.7666666666666666,True,-1.3415785426636466,-0.6385006559468708,7.142857142857142,0.06857142857142857,0.0027551850794250666,attentive,0,2
2.8,True,1.826067103792223,0.7011967657617484,7.0588235294117645,0.06823529411764706,0.002799919828603665,attentive,0,2
2.8333333333333335,True,2.9242345761107904,1.795433732150038,6.976744186046512,0.06790697674418605,0.00287209221871219,attentive,0,2
2.8666666666666667,True,-0.18630548072276004,-1.0260580390817717,6.896551724137931,0.06758620689655173,0.0028557705221404343,attentive,0,2
2.9,True,1.156051085889513,0.27471945885085436,6.8181818181818175,0.06727272727272728,0.002874767642796116,attentive,0,2
2.933333333333333,True,1.9732612669998177,3.6085285410076278,6.741573033707865,0.06696629213483146,0.0028509061834636256,attentive,0,2
2.966666666666667,True,-2.7110535316240583,-1.0110492053653557,6.666666666666667,0.06666666666666668,0.0027103144392551957,attentive,0,2
3.0,False,6.405642817858102,1.8044831720714078,7.6923076923076925,0.07076923076923078,0.0029493171490471365,attentive,0,2
3.033333333333333,False,1.1683636418041519,2.441340739914147,8.695652173913043,0.07700483091787438,0.002914732458868946,attentive,0,2
3.0666666666666664,False,-1.0986120877734473,0.6041231745856213,9.67741935483871,0.08315412186379928,0.002816453439594788,attentive,0,2
3.1,False,-4.091440762690919,-2.20525657495146,10.638297872340425,0.08921985815602838,0.0026451761583123285,attentive,0,2
3.1333333333333333,False,-0.4152218273760805,0.04787685496940758,11.578947368421053,0.09520467836257311,0.0025967866897518115,attentive,0,2
3.1666666666666665,False,-2.362741496386896,-2.908923668932303,12.5,0.10111111111111111,0.002527686844052047,attentive,0,2
3.2,True,2.9968478839214083,-1.4043981240063366,12.371134020618557,0.13948453608247424,0.0026711149038922697,attentive,0,2
3.2333333333333334,True,0.037206346729224626,0.2788342942558343,12.244897959183673,0.1364022722491059,0.002639223218913837,attentive,0,2
3.2666666666666666,True,-0.43269912503966906,4.1429484743348945,12.121212121212121,0.133382807668522,0.002500143596625948,attentive,0,2
3.3,True,-0.11630406980000335,2.722361044025191,12.0,0.13042424242424247,0.0024094761788013507,attentive,0,2
3.3333333333333335,True,-2.6134779317318095,3.259409924086241,11.881188118811881,0.12752475247524755,0.002198901259813222,attentive,0,2
3.3666666666666667,True,2.1856204817376366,3.27998549594906,11.76470588235294,0.12468258590564939,0.0022011180332469965,attentive,0,2
3.4,True,-2.8765255247112096,-0.8141958073059161,11.650485436893204,0.12189605939463168,0.0020731922866002294,attentive,0,2
3.433333333333333,True,5.396617264350626,-0.7940976770143171,11.538461538461538,0.11916355489171031,0.0023008503138811157,attentive,0,2
3.466666666666667,True,1.5724997809713472,1.8270647399275786,11.428571428571429,0.1164835164835165,0.002306830254214843,attentive,0,2
3.5,True,-0.49079250627352594,-0.4296604555890703,11.320754716981133,0.11385444743935312,0.0022734969592178894,attentive,0,2
3.533333333333333,True,2.0459463402269984,-0.22539894082331913,11.214953271028037,0.11127490742373483,0.002341912701473949,attentive,0,2
3.5666666666666664,True,-2.695675445748341,-3.5765805158115818,11.11111111111111,0.10874350986500525,0.002282887370376246,attentive,0,2
3.6,True,2.1142489841271046,2.615341828328119,11.009174311926607,0.1062589194699287,0.0022948314442448855,attentive,0,2
3.6333333333333333,True,2.200670629851679,5.719112349786714,10.909090909090908,0.1038198498748958,0.002247347702022793,attentive,0,2
3.6666666666666665,True,-1.164099870154324,-0.3739594595653117,10.81081081081081,0.1014250614250615,0.0021879773967844835,attentive,0,2
3.6999999999999997,True,0.48280848698735146,-2.0146600594465807,10.714285714285714,0.09907335907335911,0.0022275743651350437,attentive,0,2
3.7333333333333334,True,1.0193601764762166,1.8019913114507666,10.619469026548673,0.09676359039190897,0.0022125167560335867,attentive,0,2
3.7666666666666666,True,2.3511432113768853,2.138346494341886,10.526315789473683,0.09449464368886823,0.002243088050150483,attentive,0,2
3.8,True,0.3028837570952411,-3.0206114110041966,10.434782608695652,0.09226544622425631,0.002293657891747139,attentive,0,2
3.8333333333333335,True,-0.27846742979287936,-1.2609560053944524,10.344827586206897,0.09007496251874066,0.0022873719740176845,attentive,0,2
3.8666666666666667,True,4.277891266539967,-3.0110819791572205,10.256410256410255,0.08792219274977899,0.0024875153192015255,attentive,0,2
3.9,True,3.733004072903262,0.535238057102588,10.16949152542373,0.0858061712299001,0.0025969576580916055,attentive,0,2
3.933333333333333,True,1.422170540597421,1.1321021410723593,10.084033613445378,0.0837259649622561,0.0026071090678765024,attentive,0,2
3.966666666666667,True,2.0616556990791737,-0.9354443796204498,10.0,0.08168067226890759,0.002679063821528991,attentive,0,2
4.0,True,3.6601670075814345,0.13753372060836347,9.917355371900827,0.07966942148760334,0.002788838322444812,attentive,0,2
4.033333333333333,True,0.7421297033160426,-1.6225386289156674,9.836065573770492,0.07934426229508199,0.002822569120085023,attentive,0,2
4.066666666666666,True,-1.3100969040305013,-1.065161639893638,9.75609756097561,0.07902439024390247,0.0027715268748780557,attentive,0,2
4.1,True,-1.0981871731296344,-1.7663224837407305,9.67741935483871,0.07870967741935486,0.0027414688290677757,attentive,0,2
4.133333333333333,True,-1.3594786349533698,-0.38376113546556506,9.6,0.07840000000000003,0.002678022480489612,attentive,0,2
4.166666666666667,True,1.4978863092041115,0.008003754322701756,9.523809523809524,0.07809523809523812,0.0027094626700463168,attentive,0,2
4.2,True,2.449174360891937,2.65625393583159,9.448818897637794,0.0777952755905512,0.002727360073098486,attentive,0,2
4.233333333333333,True,1.8876070767413393,-0.241350923666799,9.375,0.07750000000000003,0.0027757846051168055,attentive,0,2
4.266666666666667,True,-0.46057181944589565,-0.41937247633989727,9.30232558139535,0.07720930232558142,0.0027456231195895965,attentive,0,2
4.3,True,-0.1956463249033209,-1.937453026165372,9.230769230769232,0.07692307692307696,0.002750933033650168,attentive,0,2
4.333333333333333,True,2.0123797546182907,0.46793337503762006,9.16030534351145,0.07664122137404582,0.0027902698660345,attentive,0,2
4.366666666666666,True,1.7486879085660352,1.8396495292161035,9.090909090909092,0.07636363636363638,0.0027970393079233963,attentive,0,2
4.4,True,2.8608188289238567,-1.672514593065259,9.022556390977442,0.07609022556390979,0.0028995536698673808,attentive,0,2
4.433333333333334,True,-0.4333707894578007,0.6071474137953167,8.955223880597014,0.07582089552238808,0.002853472606116945,attentive,0,2
4.466666666666667,True,0.5151625016710178,1.6537910251125012,8.88888888888889,0.07555555555555557,0.002822072956824384,attentive,0,2
4.5,True,-1.6916909258454402,-0.3794136710707965,8.823529411764707,0.07529411764705884,0.0027522379729813923,attentive,0,2
4.533333333333333,True,0.18023731758910666,1.385956050712064,8.75912408759124,0.075036496350365,0.0027155147206963082,attentive,0,2
4.566666666666666,True,-3.069173923819219,3.0982184262859667,8.695652173913043,0.0747826086956522,0.0025471001007568916,attentive,0,2
4.6,True,0.7779552059608141,2.8725801847881236,8.633093525179856,0.07453237410071945,0.0025077257631356755,attentive,0,2
4.633333333333333,True,0.7799050496260462,-0.5332602444493759,8.571428571428571,0.07428571428571432,0.002523036775045047,attentive,0,2
4.666666666666667,True,2.264942370629628,0.7575273914526215,8.51063829787234,0.07404255319148939,0.0025645969137532633,attentive,0,2
4.7,True,0.6956730871229182,-0.7987735872287935,8.450704225352112,0.07380281690140847,0.0025808105467780783,attentive,0,2
4.733333333333333,True,0.0015868286730905679,-1.5044542613054954,8.391608391608392,0.07356643356643358,0.0025861914818612417,attentive,0,2
4.766666666666667,True,1.6090121498410273,-0.5823820363032209,8.333333333333332,0.07333333333333335,0.0026268800647184596,attentive,0,2
4.8,True,-0.034048668843433716,-0.6571040329347537,8.275862068965518,0.0731034482758621,0.0026177905730115567,attentive,0,2
4.833333333333333,True,-1.4357946396376973,2.422468162702331,8.21917808219178,0.07287671232876713,0.002519281239680766,attentive,0,2
4.866666666666666,True,2.844605553305396,-0.6276710611733933,8.16326530612245,0.07265306122448982,0.0025976365776993276,attentive,0,2
4.9,True,-2.6097988635421903,-1.0025412977636214,8.108108108108109,0.07243243243243246,0.0025167658135959426,attentive,0,2
4.933333333333334,True,-1.1233870467434923,-2.7363919475202185,8.053691275167784,0.07221476510067115,0.002507177047569322,attentive,0,2
4.966666666666667,True,-0.20499184333590154,-2.525018254752724,8.0,0.07200000000000002,0.0025217963793719104,attentive,0,2
5.0,True,0.15557330864470204,1.3388282781887546,7.9470198675496695,0.07178807947019869,0.002489971654844806,attentive,0,2
5.033333333333333,True,1.7882355088838786,3.6141981044175546,7.894736842105263,0.07157894736842108,0.0024730386967844274,attentive,0,2
5.066666666666666,True,-1.9359751201385182,2.5507585491912588,7.8431372549019605,0.07137254901960786,0.002363589514460225,attentive,0,2
5.1,True,-0.32448708149761907,0.7010170575769625,7.792207792207792,0.07116883116883119,0.0023287611378068436,attentive,0,2
5.133333333333333,True,0.06048811044135638,0.04201874542490547,7.741935483870968,0.0709677419354839,0.0023148688792182376,attentive,0,2
5.166666666666667,True,-1.468818248935547,-0.5225501923172409,7.6923076923076925,0.07076923076923079,0.0022656270373207724,attentive,0,2
5.2,True,-3.2502631476554864,0.04218756375010785,7.643312101910828,0.07057324840764334,0.0021585888770114248,attentive,0,2
5.233333333333333,True,1.1292333002254373,2.3452515742885196,7.59493670886076,0.07037974683544307,0.0021437063176795988,attentive,0,2
5.266666666666667,True,1.866136867948878,-2.8873075456572304,7.547169811320755,0.07018867924528305,0.0022227407472896507,attentive,0,2
5.3,True,1.2176890056120646,-1.9301291635469457,7.5,0.07000000000000002,0.002269480661713133,attentive,0,2
5.333333333333333,True,0.23767531404675823,0.23904262059218484,7.453416149068323,0.06981366459627332,0.0022586461787556505,attentive,0,2
5.366666666666666,True,-2.0468329655104087,0.6393819106232304,7.4074074074074066,0.06962962962962965,0.0021797787079451693,attentive,0,2
5.4,True,1.276268778009772,-0.25118103249502094,7.361963190184049,0.06944785276073623,0.0022046296714071903,attentive,0,2
5.433333333333334,True,1.1199277281095648,2.9619859696496817,7.317073170731707,0.06926829268292685,0.0021814018412504997,attentive,0,2
5.466666666666667,True,0.9765076616213081,0.6522004146428924,7.2727272727272725,0.06909090909090912,0.0021857006167392136,attentive,0,2
5.5,True,-1.0250979715211588,-6.00400548520366,7.228915662650602,0.06891566265060244,0.0022254629228252733,attentive,0,2
5.533333333333333,True,0.016495213681218313,-2.5237768767581663,7.18562874251497,0.0687425149700599,0.0022461589838878044,attentive,0,2
5.566666666666666,True,-1.3997387131722583,0.07966490520938851,7.142857142857142,0.06857142857142859,0.002194705096661569,attentive,0,2
5.6,True,0.4077198568999775,1.2514884201000886,7.100591715976331,0.06840236686390536,0.0021759849651717886,attentive,0,2
5.633333333333333,True,7.044814389590044,1.1446249672463074,7.0588235294117645,0.06823529411764709,0.002332400789715664,attentive,0,2
5.666666666666667,True,0.4854856056057921,-1.3990078401752273,7.017543859649122,0.06807017543859652,0.002349559967051788,attentive,0,2
5.7,True,-2.1047289980638113,-0.10415554220188103,6.976744186046512,0.06790697674418607,0.0022828596513011544,attentive,0,2
5.733333333333333,True,2.0048621000724514,-0.7221167657811055,6.9364161849710975,0.06774566473988441,0.0023304454460711032,attentive,0,2
5.766666666666667,True,1.369484304907195,2.1098038327696362,6.896551724137931,0.06758620689655175,0.0023250873914901675,attentive,0,2
5.8,True,1.3912781450188418,1.8117084109346138,6.857142857142858,0.06742857142857145,0.0023241294048607394,attentive,0,2
5.833333333333333,True,3.858052668966156,2.337660004467999,6.8181818181818175,0.06727272727272729,0.00237883378745262,attentive,0,2
5.866666666666666,True,1.4872013591577786,-1.9740759318229855,6.779661016949152,0.06711864406779663,0.002427521840758142,attentive,0,2
5.9,True,-2.66215337129729,-2.208311695344097,6.741573033707865,0.06696629213483149,0.0023749827661564992,attentive,0,2
5.933333333333334,True,5.280158484936913,0.5536589106176097,6.70391061452514,0.06681564245810058,0.002485943856342542,attentive,0,2
5.966666666666667,True,1.8505657598090317,0.14860650479131354,6.666666666666667,0.0666666666666667,0.002515991390657019,attentive,0,2
6.0,False,1.9940015836026417,-2.1484201807108247,7.18232044198895,0.06872928176795583,0.0025774306444583746,attentive,0,2
6.033333333333333,False,0.12028271382729111,1.0057699293146807,7.6923076923076925,0.072991452991453,0.002553925781312265,attentive,0,2
6.066666666666666,False,1.7214181356084395,1.1429823883137935,8.19672131147541,0.07723132969034609,0.002567897697296632,attentive,0,2
6.1,False,4.579145431192861,-5.428341520487939,8.695652173913043,0.08144927536231884,0.002730108789314629,attentive,0,2
6.133333333333333,False,1.0729649577191374,-5.4052400129216815,9.18918918918919,0.08564564564564564,0.0028060561883917266,attentive,0,2
6.166666666666667,False,0.68714116671341,0.7586337700167982,9.67741935483871,0.08982078853046599,0.002798325283715905,attentive,0,2
6.2,True,2.702053641762312,-1.8820359701120677,9.62566844919786,0.07850267379679146,0.00286994616162398,attentive,0,2
6.233333333333333,True,0.5686963415810219,-0.2011547693612647,9.574468085106384,0.07829787234042557,0.0028705025644584067,attentive,0,2
6.266666666666667,True,0.6532530170671781,-2.2124323879828403,9.523809523809524,0.07809523809523812,0.002896689657557888,attentive,0,2
6.3,True,0.2096662865583253,-1.244756510156868,9.473684210526317,0.0778947368421053,0.0029009069527318352,attentive,0,2
6.333333333333333,True,0.9297304932778326,-3.200575279534554,9.424083769633508,0.07769633507853406,0.002944590817040863,attentive,0,2
6.366666666666666,True,-2.478292383117016,-2.4123301999922147,9.375,0.07750000000000003,0.002899807015722458,attentive,0,2
6.4,True,4.174871216176578,1.1698382129132892,9.32642487046632,0.0773056994818653,0.002967452278386416,attentive,0,2
6.433333333333334,True,0.42551809960213227,1.010397084544425,9.278350515463918,0.07711340206185568,0.0029503306929269195,attentive,0,2
6.466666666666667,True,1.5449048253676836,3.2058301143863988,9.230769230769232,0.07692307692307696,0.002933878621411613,attentive,0,2
6.5,True,-1.2478207160589299,0.983368138205999,9.183673469387756,0.07673469387755105,0.0028794652999835054,attentive,0,2
6.533333333333333,True,1.4616924941007388,1.08598984338219,9.137055837563452,0.07654822335025382,0.002885575122429379,attentive,0,2
6.566666666666666,True,-2.066028939255406,0.2951190659473076,9.090909090909092,0.07636363636363638,0.0028213137784389047,attentive,0,2
6.6,True,-0.30049593754204584,-3.4900719622163052,9.045226130653267,0.07618090452261309,0.0028393985231271756,attentive,0,2
6.633333333333333,True,-0.6913756450231394,-1.0741715900003495,9.0,0.07600000000000001,0.002821772867177696,attentive,0,2
6.666666666666667,True,-0.36496464163317055,-2.154345255854277,8.955223880597014,0.07582089552238808,0.00282348229981847,attentive,0,2
6.7,True,-0.33490978579404107,-0.8437891757995823,8.91089108910891,0.07564356435643566,0.0028114185217028836,attentive,0,2
6.733333333333333,True,-2.4215679739647196,-2.7404494398536494,8.866995073891626,0.07546798029556653,0.002774551254676698,attentive,0,2
6.766666666666667,True,1.9107280314402568,-2.25507437004751,8.823529411764707,0.07529411764705884,0.002827143655203098,attentive,0,2
6.8,True,-0.06736396850381465,-1.374558660534948,8.780487804878048,0.0751219512195122,0.002826792609985601,attentive,0,2
6.833333333333333,True,0.48750358881207956,-1.001188679928548,8.737864077669903,0.07495145631067963,0.0028343885019279863,attentive,0,2
6.866666666666666,True,-0.35053806666869425,2.8108353187115394,8.695652173913043,0.0747826086956522,0.0027829941242799297,attentive,0,2
6.8999999999999995,True,-0.02215770122982219,-4.0438294623867135,8.653846153846153,0.07461538461538464,0.002812344195903873,attentive,0,2
6.933333333333334,True,1.6259148864973074,1.9233760407833504,8.61244019138756,0.07444976076555027,0.0028130129768082273,attentive,0,2
6.966666666666667,True,1.845351294387283,-1.610848730964939,8.571428571428571,0.07428571428571432,0.0028557187490852193,attentive,0,2
7.0,True,1.3502973424916789,2.8911835856604484,8.530805687203792,0.07412322274881519,0.002840177281599539,attentive,0,2
7.033333333333333,True,-0.888424437634938,1.0790987346080962,8.49056603773585,0.07396226415094342,0.0027968436611949497,attentive,0,2
7.066666666666666,True,0.4678599257375752,0.3231506569727624,8.450704225352112,0.07380281690140847,0.002790103854694842,attentive,0,2
7.1,True,-2.306060842567749,-4.215319526343252,8.411214953271028,0.07364485981308413,0.002772945506892092,attentive,0,2
7.133333333333333,True,0.2657880669157333,-1.7379046211466298,8.372093023255815,0.07348837209302328,0.0027835052513559325,attentive,0,2
7.166666666666667,True,0.6163680013395307,0.2665209608051831,8.333333333333332,0.07333333333333335,0.0027805591369399214,attentive,0,2
7.2,True,-0.6556534766622486,-0.23662828805925673,8.294930875576037,0.07317972350230417,0.0027567400864853563,attentive,0,2
7.233333333333333,True,-0.7694724267761274,0.9150160614495482,8.256880733944955,0.07302752293577984,0.0027190795976584432,attentive,0,2
7.266666666666667,True,-1.1932236148148885,-3.282985446812601,8.21917808219178,0.07287671232876713,0.002715761002003816,attentive,0,2
7.3,True,-2.70338870522957,0.27198831250954764,8.181818181818182,0.07272727272727275,0.002646055363883913,attentive,0,2
7.333333333333333,True,1.223671703603654,-3.013999007903449,8.144796380090497,0.07257918552036201,0.002688997721866447,attentive,0,2
7.366666666666666,True,3.4781741230525975,2.088105041973143,8.108108108108109,0.07243243243243246,0.0027256162827202224,attentive,0,2
7.3999999999999995,True,0.4917778773725634,2.6562367048368882,8.071748878923767,0.07228699551569509,0.0026967253183224566,attentive,0,2
7.433333333333334,True,-0.5738456525937417,-3.0266387790279965,8.035714285714286,0.07214285714285718,0.002703326717931537,attentive,0,2
7.466666666666667,True,3.7756586954145925,1.6111865744936449,8.0,0.07200000000000002,0.0027499798911983656,attentive,0,2
7.5,True,-0.18301748403403362,-1.3378423507357609,7.964601769911504,0.07185840707964604,0.0027473674667306018,attentive,0,2
7.533333333333333,True,-0.27322861953216704,0.549442244321228,7.929515418502203,0.07171806167400883,0.0027245361907304614,attentive,0,2
7.566666666666666,True,-0.15690191224399075,1.2355731029324888,7.894736842105263,0.07157894736842108,0.0026974853309522043,attentive,0,2
7.6,True,1.3392582034283116,-2.010273918921466,7.860262008733625,0.07144104803493452,0.0027312060677484157,attentive,0,2
7.633333333333333,True,-0.11093566482793871,-1.6599967794887283,7.82608695652174,0.07130434782608698,0.0027332261906406483,attentive,0,2
7.666666666666667,True,4.5901585205377184,1.3775259745990789,7.792207792207792,0.07116883116883119,0.0027964569677516446,attentive,0,2
7.7,True,-1.488503483076101,-0.9110028948652773,7.758620689655173,0.07103448275862072,0.002764613962897477,attentive,0,2
7.733333333333333,True,-0.8605787945908386,0.13812775361230717,7.725321888412018,0.07090128755364809,0.002735015854875561,attentive,0,2
7.766666666666667,True,-0.4419026439603072,2.638871117003967,7.6923076923076925,0.07076923076923079,0.002689874035885831,attentive,0,2
7.8,True,0.33402359897209305,-1.6096952378139928,7.659574468085106,0.07063829787234045,0.0026999666989554246,attentive,0,2
7.833333333333333,True,-0.10290133961397108,2.4556264085563315,7.627118644067797,0.07050847457627121,0.0026634656245456863,attentive,0,2
7.866666666666666,True,-2.0805038323907956,-1.7053041158615392,7.59493670886076,0.07037974683544307,0.0026292015544100503,attentive,0,2
7.8999999999999995,True,0.5745341849006255,2.7339876520323854,7.563025210084033,0.07025210084033616,0.0026033559896881486,attentive,0,2
7.933333333333334,True,-2.2821628033205905,3.9271913504801548,7.531380753138076,0.07012552301255233,0.0025135091542396967,attentive,0,2
7.966666666666667,True,1.5082352452129952,-5.109616862400108,7.5,0.07000000000000002,0.0025782777489935693,attentive,0,2
8.0,True,3.097416697298033,-1.150533198171021,7.468879668049793,0.0698755186721992,0.0026353099445281013,attentive,0,2
8.033333333333333,True,-3.314053579479115,-1.5893723000191606,7.43801652892562,0.0697520661157025,0.002578150859734926,attentive,0,2
8.066666666666666,True,2.2404628352800993,-0.3490524014055505,7.4074074074074066,0.06962962962962965,0.0026117110809062575,attentive,0,2
8.1,True,0.5043920663723588,-0.9661763469624365,7.377049180327869,0.0695081967213115,0.0026189942365829363,attentive,0,2
8.133333333333333,True,-0.20539810803421532,4.207874349904451,7.346938775510205,0.06938775510204084,0.0025664117606424806,attentive,0,2
8.166666666666666,True,0.07917283885653759,-0.10988868762611456,7.317073170731707,0.06926829268292685,0.0025584022671740984,attentive,0,2
8.2,True,0.7663000088398141,-1.1372529940234561,7.28744939271255,0.06914979757085023,0.0025720646332692376,attentive,0,2
8.233333333333333,True,3.311989611563911,-3.6405082747680653,7.258064516129033,0.06903225806451616,0.0026536690993348715,attentive,0,2
8.266666666666666,True,2.9040240377740325,-0.7574424148516563,7.228915662650602,0.06891566265060244,0.0027016060863558357,attentive,0,2
8.3,True,4.521086043452797,-1.476608331531994,7.199999999999999,0.06880000000000003,0.002784299932396524,attentive,0,2
8.333333333333334,True,-0.010627870174058529,1.4418411366614694,7.171314741035857,0.06868525896414346,0.0027602536123736113,attentive,0,2
8.366666666666667,True,0.21288062338523572,-1.4284546984282178,7.142857142857142,0.06857142857142859,0.0027656513356507763,attentive,0,2
8.4,True,0.1937098335023827,2.4566846246984144,7.114624505928854,0.06845849802371544,0.0027365445454993805,attentive,0,2
8.433333333333334,True,2.7590864173249545,-0.2134464557170857,7.086614173228346,0.06834645669291341,0.002775916148691789,attentive,0,2
8.466666666666667,True,-2.239309220317808,-0.8468057109344849,7.0588235294117645,0.06823529411764709,0.0027333804188738155,attentive,0,2
8.5,True,0.7427965509049929,1.349610813976545,7.03125,0.06812500000000002,0.0027238835534166995,attentive,0,2
8.533333333333333,True,0.6854041786752131,-0.9711429928437632,7.003891050583658,0.06801556420233465,0.002733535120655408,attentive,0,2
8.566666666666666,True,-1.5485956982559534,-3.2973289052782926,6.976744186046512,0.06790697674418607,0.002724663860573336,attentive,0,2
8.6,True,-1.8239160706643456,-0.6280847479111203,6.94980694980695,0.06779922779922783,0.002688234464342743,attentive,0,2
8.633333333333333,True,-1.035079359095111,-3.1571531301449607,6.923076923076923,0.06769230769230772,0.002687185651547876,attentive,0,2
8.666666666666666,True,1.2209613456986332,1.1426270955483893,6.896551724137931,0.06758620689655175,0.0026879524634052824,attentive,0,2
8.7,True,-2.677627975925917,-3.392098245141375,6.870229007633588,0.06748091603053438,0.0026610420620885485,attentive,0,2
8.733333333333333,True,-2.3170367522835025,-2.650417669612372,6.844106463878327,0.06737642585551333,0.002634163103382216,attentive,0,2
8.766666666666666,True,0.7138048704274975,1.782035814960998,6.8181818181818175,0.06727272727272729,0.0026212018283769296,attentive,0,2
8.8,True,-0.23968981831264347,3.0321212038477197,6.7924528301886795,0.06716981132075474,0.0025818639527941827,attentive,0,2
8.833333333333334,True,0.505225503557402,-0.8602070979490501,6.7669172932330826,0.06706766917293236,0.0025877855845928997,attentive,0,2
8.866666666666667,True,0.5425395529667261,-3.104656529285862,6.741573033707865,0.06696629213483149,0.0026129643787847637,attentive,0,2
8.9,True,-2.423846032471978,2.830214107086264,6.7164179104477615,0.06686567164179107,0.002539550281417572,attentive,0,2
8.933333333333334,True,3.5988401495481463,-4.905781413463393,6.691449814126393,0.0667657992565056,0.0026300968661835513,attentive,0,2
8.966666666666667,True,-2.1097978589173154,-3.732957003987324,6.666666666666667,0.0666666666666667,0.002616350509775075,attentive,0,2
9.0,False,4.706283216542852,-0.6544496486106917,7.011070110701106,0.06804428044280444,0.0026892464372231892,attentive,0,2
9.033333333333333,False,3.498877098791181,-0.17074132279983764,7.352941176470589,0.07163398692810459,0.0027379256416646255,attentive,0,2
9.066666666666666,False,-0.9941780634145037,3.39910095667456,7.6923076923076925,0.07521367521367522,0.0026840426654965127,attentive,0,2
9.1,False,-0.25178168729685246,-0.5204473673062912,8.02919708029197,0.07878345498783455,0.002674383823592532,attentive,0,2
9.133333333333333,False,-0.4917201276098627,-3.9090565345253308,8.363636363636363,0.08234343434343433,0.0026883001351778978,attentive,0,2
9.166666666666666,False,1.2787640582491062,-1.5673619546943525,8.695652173913043,0.08589371980676327,0.0027117715925882233,attentive,0,2
9.2,True,-1.0843826752364674,-3.4223456675845574,8.664259927797833,0.07465703971119131,0.002712038605026626,attentive,0,2
9.233333333333333,True,0.3584533450726184,3.4571790947896064,8.633093525179856,0.0745323741007194,0.0026803784149634262,attentive,0,2
9.266666666666666,True,5.34633153202567,1.5967450260662934,8.60215053763441,0.07440860215053763,0.002743219894463637,attentive,0,2
9.3,True,5.314672841969634,-1.4823115100223014,8.571428571428571,0.07428571428571426,0.0028295469439989784,attentive,0,2
9.333333333333334,True,0.7827419716253832,0.4400967103238073,8.540925266903916,0.07416370106761563,0.002828377241413983,attentive,0,2
9.366666666666667,True,1.5493792710709182,2.994814281833242,8.51063829787234,0.07404255319148934,0.002819166638590282,attentive,0,2
9.4,True,0.6207686898131016,-0.31008116632682914,8.480565371024735,0.07392226148409892,0.002821388810232115,attentive,0,2
9.433333333333334,True,-0.8321292498613428,-0.29906254393690324,8.450704225352112,0.07380281690140844,0.002800772058116385,attentive,0,2
9.466666666666667,True,-2.5696492984101478,1.3691877918802002,8.421052631578947,0.07368421052631577,0.0027401963558563234,attentive,0,2
9.5,True,-1.1827499958366858,-0.7896072409403659,8.391608391608392,0.07356643356643355,0.0027183705507990716,attentive,0,2
9.533333333333333,True,0.8068852556408833,3.4418923979635094,8.362369337979095,0.07344947735191637,0.0026947438482474544,attentive,0,2
9.566666666666666,True,4.179949119274145,-3.269843246905503,8.333333333333332,0.0733333333333333,0.0027751227583843563,attentive,0,2
9.6,True,3.10149082472015,3.1731722226005648,8.304498269896193,0.07321799307958476,0.002788817523363724,attentive,0,2
9.633333333333333,True,2.488035063041898,-0.7622628543287089,8.275862068965518,0.07310344827586204,0.00282317281144724,attentive,0,2
9.666666666666666,True,3.5578047648814994,2.771949614882276,8.24742268041237,0.07298969072164946,0.002846641556385991,attentive,0,2
9.7,True,1.450795365251118,-1.386611068761199,8.21917808219178,0.07287671232876711,0.002869527500821986,attentive,0,2
9.733333333333333,True,-2.929978761106141,-3.3976713700106043,8.19112627986348,0.0727645051194539,0.002841058987150605,attentive,0,2
9.766666666666666,True,0.7692435026030593,1.195743144699271,8.16326530612245,0.07265306122448978,0.0028339861777499182,attentive,0,2
9.8,True,1.1327191490546666,2.661975556400096,8.135593220338983,0.07254237288135591,0.0028213923469530954,attentive,0,2
9.833333333333334,True,1.5798479383910462,1.1528487892913177,8.108108108108109,0.07243243243243241,0.002826927035626983,attentive,0,2
9.866666666666667,True,4.3413669672822035,-0.6319834770968868,8.080808080808081,0.07232323232323232,0.0028871036180858622,attentive,0,2
9.9,True,1.584003360223231,-0.7558627151644723,8.053691275167784,0.07221476510067112,0.0029066761222430004,attentive,0,2
9.933333333333334,True,0.6931369415020161,-1.5027169674818313,8.02675585284281,0.07210702341137122,0.002918426301324952,attentive,0,2
9.966666666666667,True,-1.4915952007387623,-3.181056803709217,8.0,0.07199999999999998,0.0029101638907074365,attentive,0,2
10.0,True,-1.6430420518197728,3.316967077286474,7.973421926910299,0.07189368770764118,0.0028517465785498556,attentive,0,2
10.033333333333333,True,-0.3796930974565169,-0.7782392151601492,7.9470198675496695,0.07178807947019866,0.0028424424362385953,attentive,0,2
10.066666666666666,True,1.813721502852264,0.3577005316491069,7.920792079207921,0.07168316831683166,0.002857041947626553,attentive,0,2
10.1,True,2.17678190837961,-2.6833524993116953,7.894736842105263,0.07157894736842103,0.002899083230080054,attentive,0,2
10.133333333333333,True,3.6298674620057176,-2.0608793402053553,7.868852459016394,0.07147540983606557,0.0029574877970066898,attentive,0,2
10.166666666666666,True,2.570059792150787,-2.01119483610195,7.8431372549019605,0.07137254901960782,0.0029997568232358147,attentive,0,2
10.2,True,-0.9594703584743932,-1.2504663989346803,7.81758957654723,0.07127035830618891,0.002985146871093432,attentive,0,2
10.233333333333333,True,3.071415042937703,-1.5209383637682925,7.792207792207792,0.07116883116883115,0.003030748980455998,attentive,0,2
10.266666666666666,True,3.061398760386666,-1.5340246607940868,7.766990291262135,0.07106796116504852,0.003076005975352526,attentive,0,2
10.3,True,-1.699255645240308,-3.7820492610909455,7.741935483870968,0.07096774193548386,0.003068832751565441,attentive,0,2
10.333333333333334,True,4.104958080254866,-3.0476869827972166,7.717041800643088,0.07086816720257233,0.0031394053017984,attentive,0,2
10.366666666666667,True,2.1124904563129348,-2.264151545831636,7.6923076923076925,0.07076923076923075,0.003175561997472532,attentive,0,2
10.4,True,0.20718058753381163,-1.048513417345866,7.667731629392971,0.07067092651757187,0.003175802478079922,attentive,0,2
10.433333333333334,True,0.5937990450672981,-1.2679708278193,7.643312101910828,0.07057324840764329,0.0031830668645117543,attentive,0,2
10.466666666666667,True,3.8419134143705422,0.7708342389221707,7.6190476190476195,0.07047619047619046,0.0032217307974979174,attentive,0,2
10.5,True,1.1301123164729576,-1.7645144259633403,7.59493670886076,0.07037974683544301,0.0032398388157822717,attentive,0,2
10.533333333333333,True,-1.2574933390295677,2.2269862191304917,7.570977917981073,0.07028391167192427,0.0031963764928639987,attentive,0,2
10.566666666666666,True,0.020987613938756033,2.9097480020689925,7.547169811320755,0.07018867924528299,0.0031662846536188536,attentive,0,2
10.6,True,1.1786061357057724,5.153999509278555,7.523510971786834,0.07009404388714732,0.003136875978369843,attentive,0,2
10.633333333333333,True,4.215142041235485,-2.331589064497663,7.5,0.06999999999999998,0.003201808471124719,attentive,0,2
10.666666666666666,True,2.358657228101496,1.421758076531268,7.476635514018691,0.06990654205607474,0.0032146485027458034,attentive,0,2
10.7,True,2.2144824204848907,3.296340515940574,7.453416149068323,0.06981366459627328,0.003212481715297864,attentive,0,2
10.733333333333333,True,-0.5543388562187184,2.7558568558855265,7.430340557275541,0.06972136222910215,0.003175948166345631,attentive,0,2
10.766666666666666,True,-3.1081853232066075,-2.233410126225658,7.4074074074074066,0.06962962962962961,0.0031388278838007542,attentive,0,2
10.8,True,2.1301896064725145,-2.569765042070486,7.384615384615385,0.06953846153846152,0.003175871792910533,attentive,0,2
10.833333333333334,True,2.468897823330429,-2.0765541323277406,7.361963190184049,0.06944785276073617,0.0032139441001510166,attentive,0,2
10.866666666666667,True,-3.51602622963936,2.362919812861628,7.339449541284404,0.0693577981651376,0.0031402692981312512,attentive,0,2
10.9,True,4.639088936426765,-0.9638475739712022,7.317073170731707,0.06926829268292681,0.003200085722675058,attentive,0,2
10.933333333333334,True,0.059665009057127794,0.808837669442713,7.29483282674772,0.06917933130699086,0.0031857017562682208,attentive,0,2
10.966666666666667,True,0.4430691930879471,1.406873549021757,7.2727272727272725,0.06909090909090906,0.003172541480489321,attentive,0,2
11.0,True,-0.5614279839052596,-1.7542151105743757,7.250755287009064,0.06900302114803623,0.0031671954951019,attentive,0,2
11.033333333333333,True,-1.7120718720741288,-1.9402161547217291,7.228915662650602,0.0689156626506024,0.003147723168714869,attentive,0,2
11.066666666666666,True,1.6074395611848766,-4.073525070297592,7.207207207207207,0.0688288288288288,0.0031869085458703294,attentive,0,2
11.1,True,0.4268569397053684,-0.5030903171962471,7.18562874251497,0.06874251497005986,0.0031863942102147427,attentive,0,2
11.133333333333333,True,-0.386075335109094,1.8409029290444785,7.164179104477612,0.06865671641791044,0.003159548896822641,attentive,0,2
11.166666666666666,True,2.9019283568592544,-2.19162967530451,7.142857142857142,0.06857142857142855,0.003203025678472461,attentive,0,2
11.2,True,0.5025592997409901,-0.481541228817955,7.121661721068249,0.06848664688427297,0.003203324381228725,attentive,0,2
11.233333333333333,True,1.0592093896846828,2.182820947055606,7.100591715976331,0.0684023668639053,0.0031934236702541078,attentive,0,2
11.266666666666666,True,0.8449763131294005,2.3416862257244264,7.079646017699115,0.06831858407079644,0.0031797312792276903,attentive,0,2
11.3,True,2.2565965074730037,-0.5974017189102759,7.0588235294117645,0.06823529411764703,0.003203781708366277,attentive,0,2
11.333333333333334,True,-5.191813633746808,-3.2118175205980046,7.038123167155426,0.06815249266862168,0.003147649342672824,attentive,0,2
11.366666666666667,True,2.463128814526929,1.3826959623227633,7.017543859649122,0.06807017543859648,0.0031614707816756075,attentive,0,2
11.4,True,-0.7113507834665243,-1.043927631143684,6.997084548104956,0.06798833819241981,0.0031497996719409564,attentive,0,2
11.433333333333334,True,1.991358024289064,4.559497245947804,6.976744186046512,0.06790697674418603,0.0031369173008185852,attentive,0,2
11.466666666666667,True,1.8856048089303035,-3.116482541045375,6.956521739130435,0.06782608695652172,0.0031721899537882313,attentive,0,2
11.5,True,1.1066893575770513,-0.7595755023894064,6.9364161849710975,0.06774566473988437,0.0031821158930196948,attentive,0,2
11.533333333333333,True,0.008609837010090216,-0.9697885452561649,6.9164265129683,0.06766570605187318,0.0031792664281936785,attentive,0,2
11.566666666666666,True,-0.15650127631633115,-4.684365940591186,6.896551724137931,0.0675862068965517,0.0031980448030038394,attentive,0,2
11.6,True,-3.119057287609146,-4.98609324420136,6.876790830945559,0.06750716332378222,0.003180909231578378,attentive,0,2
11.633333333333333,True,3.4024251457211268,1.3030174944077146,6.857142857142858,0.06742857142857141,0.0032067531912153583,attentive,0,2
11.666666666666666,True,-3.1675848560259596,0.9898143743247909,6.837606837606838,0.06735042735042733,0.0031512418077242303,attentive,0,2
11.7,True,-0.9271811072692118,-3.132183250271374,6.8181818181818175,0.06727272727272725,0.0031503564682182775,attentive,0,2
11.733333333333333,True,1.3073351710019339,-0.1912352218887633,6.79886685552408,0.0671954674220963,0.003159095814476977,attentive,0,2
11.766666666666666,True,3.2012968813920963,2.564138802317996,6.779661016949152,0.06711864406779659,0.003174267577464746,attentive,0,2
11.8,True,1.4917565571690026,-1.9712276610573702,6.760563380281689,0.06704225352112674,0.0031963415703632507,attentive,0,2
11.833333333333334,True,-1.9690864717748955,-2.0289090369467826,6.741573033707865,0.06696629213483143,0.0031754450808921747,attentive,0,2
11.866666666666667,True,3.87360933934743,-0.1728948669064857,6.722689075630252,0.06689075630252099,0.003215850703420652,attentive,0,2
11.9,True,0.03431275460048844,-1.917823452545325,6.70391061452514,0.06681564245810054,0.0032191984138192054,attentive,0,2
11.933333333333334,True,3.6373564122283444,2.3214200559000364,6.685236768802229,0.06674094707520889,0.0032408923381914614,attentive,0,2
11.966666666666667,True,-1.627036035690414,-0.12834953041715336,6.666666666666667,0.06666666666666665,0.003212595275888068,attentive,0,2
12.0,False,4.6620720716084225,-1.0109066056168512,6.9252077562326875,0.06770083102493073,0.003267316007649743,attentive,0,2
12.033333333333333,False,1.159845683705246,-1.5821632367644598,7.18232044198895,0.070951503990178,0.0032822427258862837,attentive,0,2
12.066666666666666,False,-0.09476094678724833,-2.475492032926898,7.43801652892562,0.0741965105601469,0.0032871950424623693,attentive,0,2
12.1,False,4.877549875308864,-1.03429727039349,7.6923076923076925,0.07743589743589739,0.003344033621533817,attentive,0,2
12.133333333333333,False,2.680126347316376,0.5832567874786507,7.9452054794520555,0.08066971080669708,0.0033639555745168543,attentive,0,2
12.166666666666666,False,-1.1876313495739574,-0.6818338309403533,8.19672131147541,0.0838979963570127,0.003344482539442537,attentive,0,2
12.2,True,5.615474499710413,0.015833866346929404,8.174386920980927,0.07269754768392367,0.0034032781676007246,attentive,0,2
12.233333333333333,True,1.1254791906011632,-0.23660191356704946,8.152173913043478,0.07260869565217387,0.00340905162846636,attentive,0,2
12.266666666666666,True,0.3221711307296369,3.7882269056356837,8.130081300813007,0.072520325203252,0.0033808796448651173,attentive,0,2
12.3,True,-0.9800714043297425,0.887933163548308,8.108108108108109,0.07243243243243239,0.0033546365709167868,attentive,0,2
12.333333333333334,True,1.0599804222392981,-1.3738973092927163,8.086253369272237,0.07234501347708891,0.0033665219958755087,attentive,0,2
12.366666666666667,True,-3.2779696998599452,-0.5109834350353333,8.064516129032258,0.07225806451612898,0.003321361357507357,attentive,0,2
12.4,True,-0.6081570583228566,0.5331475634892107,8.04289544235925,0.07217158176943696,0.0033020341350407903,attentive,0,2
12.433333333333334,True,1.0097905616955445,-2.856248040457537,8.02139037433155,0.07208556149732617,0.0033221762253740064,attentive,0,2
12.466666666666667,True,0.9344667416996644,1.3137442314338337,8.0,0.07199999999999995,0.0033166070991550276,attentive,0,2
12.5,True,1.3750349786481761,-0.32613529206524916,7.9787234042553195,0.07191489361702125,0.00332596721768187,attentive,0,2
12.533333333333333,True,4.459125201140052,-0.9593206636750948,7.957559681697612,0.07183023872679041,0.003375368254039067,attentive,0,2
12.566666666666666,True,2.0709009716733457,-1.4639782869230793,7.936507936507936,0.0717460317460317,0.0033993945004585384,attentive,0,2
12.6,True,-2.1264239723161307,0.4779436243403775,7.9155672823219,0.07166226912928755,0.003362686678153179,attentive,0,2
12.633333333333333,True,-3.205799964961124,-2.270245035616459,7.894736842105263,0.07157894736842102,0.0033296190530100528,attentive,0,2
12.666666666666666,True,5.611534230114905,-3.5241146495242353,7.874015748031496,0.07149606299212594,0.0034068943783871273,attentive,0,2
12.7,True,-0.005744223761275258,-2.345291852134583,7.853403141361256,0.07141361256544498,0.0034115523244856606,attentive,0,2
12.733333333333333,True,5.136757035939887,-2.485818592741547,7.83289817232376,0.07133159268929501,0.0034766763982808603,attentive,0,2
12.766666666666666,True,2.039565368295426,-0.8978593556183659,7.8125,0.07124999999999995,0.0034964245794902524,attentive,0,2
12.8,True,2.8388385803596625,0.46423209405492294,7.792207792207792,0.07116883116883113,0.003517434992222684,attentive,0,2
12.833333333333334,True,0.7520153078082701,-2.128601582289158,7.772020725388601,0.07108808290155436,0.00352923572021005,attentive,0,2
12.866666666666667,True,-0.4435907258882077,-2.1683238231010633,7.751937984496124,0.07100775193798445,0.0035274727934068925,attentive,0,2
12.9,True,-2.310823358493561,-3.6285382962241894,7.731958762886598,0.07092783505154635,0.0035126934624916803,attentive,0,2
12.933333333333334,True,1.8558598260298107,-2.5122390833490456,7.712082262210797,0.07084832904884314,0.003539218722002034,attentive,0,2
12.966666666666667,True,2.5354601948338567,2.4759208716764385,7.6923076923076925,0.07076923076923072,0.0035449301242418646,attentive,0,2
13.0,True,1.7397633084939135,0.5894482374194094,7.672634271099745,0.07069053708439893,0.003552289373026518,attentive,0,2
13.033333333333333,True,-1.940493778646215,0.859388450991964,7.653061224489796,0.07061224489795914,0.0035163545304746674,attentive,0,2
13.066666666666666,True,-0.5334588644408695,-0.061256769443128634,7.633587786259542,0.07053435114503813,0.0035017205440559386,attentive,0,2
13.1,True,1.8378713378491123,-2.203436019852438,7.614213197969544,0.07045685279187813,0.0035259924247706908,attentive,0,2
13.133333333333333,True,4.162307398595352,-2.967615075758919,7.59493670886076,0.070379746835443,0.0035805945810677524,attentive,0,2
13.166666666666666,True,2.238022584216214,-0.7110785312291708,7.575757575757576,0.07030303030303026,0.003600661113829711,attentive,0,2
13.2,True,4.524873492135708,-1.3861996874636242,7.5566750629722925,0.07022670025188912,0.0036500070369783915,attentive,0,2
13.233333333333333,True,1.3052548203708663,0.4692198699830751,7.537688442211055,0.07015075376884418,0.003652791998475423,attentive,0,2
13.266666666666666,True,-2.435362026228149,0.7911266649260964,7.518796992481203,0.07007518796992476,0.0036121035712033747,attentive,0,2
13.299999999999999,True,2.24525368478107,0.31287450527469973,7.5,0.06999999999999995,0.0036262823837436295,attentive,0,2
13.333333333333334,True,-2.432433292111322,-0.5422444880539922,7.4812967581047385,0.06992518703241891,0.003593284605030117,attentive,0,2
13.366666666666667,True,1.4308278375623806,-0.0535305558207273,7.462686567164178,0.06985074626865667,0.0036004609906502495,attentive,0,2
13.4,True,-0.86433074979883,-3.690806606511072,7.444168734491314,0.06977667493796522,0.0036023465029806656,attentive,0,2
13.433333333333334,True,3.3590524038125,0.15888160464668633,7.425742574257425,0.06970297029702965,0.0036295091392657976,attentive,0,2
13.466666666666667,True,3.497127213682496,2.2889985423689065,7.4074074074074066,0.0696296296296296,0.003646364978894475,attentive,0,2
13.5,True,-5.762205930385061,-0.7660307220188471,7.389162561576355,0.06955665024630539,0.003578498282784711,attentive,0,2
13.533333333333333,True,2.8273502425777126,4.2408471108245385,7.371007371007371,0.06948402948402944,0.003577425550855024,attentive,0,2
13.566666666666666,True,-2.9600793642934944,-3.5620282511386305,7.352941176470589,0.06941176470588231,0.0035558135030590915,attentive,0,2
13.6,True,2.3349901571658838,-2.551597378296936,7.334963325183375,0.06933985330073346,0.003586356625125118,attentive,0,2
13.633333333333333,True,0.8144157066231348,-4.232647506297075,7.317073170731707,0.06926829268292678,0.003609378947283585,attentive,0,2
13.666666666666666,True,-2.2821868960262455,-0.7913540924055663,7.2992700729927,0.06919708029197076,0.003580196788722219,attentive,0,2
13.7,True,1.4817402536614723,1.1109295880640737,7.281553398058252,0.06912621359223298,0.003581499174721862,attentive,0,2
13.733333333333333,True,2.0326221860210074,-3.475041775326634,7.263922518159806,0.06905569007263918,0.0036133991559903255,attentive,0,2
13.766666666666666,True,4.124189149944718,-2.7458892110214834,7.246376811594203,0.06898550724637678,0.003663684920299049,attentive,0,2
13.799999999999999,True,-2.2245806892082722,0.31836592664357155,7.228915662650602,0.06891566265060237,0.0036293278358589167,attentive,0,2
13.833333333333334,True,0.0810016683210224,-4.02447647337501,7.211538461538461,0.06884615384615381,0.0036429671642984503,attentive,0,2
13.866666666666667,True,3.8510206700921517,-2.1676371886482255,7.194244604316546,0.06877697841726615,0.0036868272405302543,attentive,0,2
13.9,True,1.964390205592957,-0.16364339141702544,7.177033492822966,0.06870813397129183,0.003699763718703377,attentive,0,2
13.933333333333334,True,-0.7559631921224301,0.45505786308083307,7.159904534606206,0.06863961813842478,0.003680501571152371,attentive,0,2
13.966666666666667,True,1.331258465421436,-1.1098251975283029,7.142857142857142,0.06857142857142853,0.0036916979543341315,attentive,0,2
14.0,True,4.271542611256752,-3.3070082698638146,7.1258907363420425,0.06850356294536813,0.003745479054428757,attentive,0,2
14.033333333333333,True,3.2124407652206672,3.7738686426410073,7.109004739336493,0.06843601895734594,0.00375056355844828,attentive,0,2
14.066666666666666,True,7.510521245335297,2.964716463995007,7.092198581560284,0.0683687943262411,0.003805034650780162,attentive,0,2
14.1,True,2.312817216439938,1.641741038152185,7.0754716981132075,0.06830188679245279,0.0038116993667229124,attentive,0,2
14.133333333333333,True,1.2841300377809526,1.890308250230075,7.0588235294117645,0.06823529411764702,0.0038062755084761492,attentive,0,2
14.166666666666666,True,5.278952958276589,-1.6237330615357997,7.042253521126761,0.06816901408450701,0.003860885915358125,attentive,0,2
14.2,True,-3.5667460491176453,-3.473562258080405,7.02576112412178,0.06810304449648708,0.00383279677405151,attentive,0,2
14.233333333333333,True,0.9693348856200201,-0.6331044048597699,7.009345794392523,0.06803738317757005,0.0038371945706650954,attentive,0,2
14.266666666666666,True,-0.3334490096598739,0.014857731811929398,6.993006993006993,0.06797202797202793,0.003824718562854005,attentive,0,2
14.299999999999999,True,-0.5396251390388576,-2.685629090774203,6.976744186046512,0.067906976744186,0.0038241255678122072,attentive,0,2
14.333333333333334,True,-1.0806980858280375,0.8257276666658878,6.960556844547564,0.0678422273781902,0.0037998513716593985,attentive,0,2
14.366666666666667,True,1.4923402110357757,0.8824198104176186,6.944444444444445,0.06777777777777774,0.0038018695172067607,attentive,0,2
14.4,True,-1.6692334156785218,1.6117592515170331,6.928406466512701,0.06771362586605076,0.003767683900755043,attentive,0,2
14.433333333333334,True,-0.22069470758097176,0.831919131126151,6.912442396313365,0.06764976958525343,0.0037524828444231027,attentive,0,2
14.466666666666667,True,3.7145301607501042,2.7787662312641555,6.896551724137931,0.06758620689655168,0.0037676127387283164,attentive,0,2
14.5,True,0.4360647093542296,-1.5671954304135647,6.8807339449541285,0.06752293577981647,0.003771404273471916,attentive,0,2
14.533333333333333,True,1.0824295712107226,2.021439122120615,6.864988558352403,0.06745995423340957,0.003763503373890114,attentive,0,2
14.566666666666666,True,-1.205314035523283,-0.8163263580686233,6.8493150684931505,0.06739726027397255,0.0037468221043252814,attentive,0,2
14.6,True,-1.6331795409397076,-1.4751698093628716,6.83371298405467,0.06733485193621863,0.0037292201847127122,attentive,0,2
14.633333333333333,True,-0.0744921271881589,-1.7791517291754948,6.8181818181818175,0.06727272727272723,0.0037289778533575535,attentive,0,2
14.666666666666666,True,2.3179640525366443,-0.2710562939362325,6.802721088435375,0.06721088435374145,0.0037452486740428576,attentive,0,2
14.7,True,-0.19235600438069222,1.9777360251757143,6.787330316742081,0.06714932126696829,0.003724897693966154,attentive,0,2
14.733333333333333,True,5.33750987006856,-2.0438026657656243,6.772009029345373,0.06708803611738146,0.003780290813823781,attentive,0,2
14.766666666666666,True,-0.9342679562136924,-1.1980029497913511,6.756756756756757,0.06702702702702698,0.0037684206244901633,attentive,0,2
14.799999999999999,True,1.966879594568211,3.443500004118906,6.741573033707865,0.06696629213483142,0.0037624004991668025,attentive,0,2
14.833333333333334,True,0.4119799718872862,-2.607786812928363,6.726457399103139,0.06690582959641252,0.0037710635112847787,attentive,0,2
14.866666666666667,True,2.3417683417180806,-4.054684475812147,6.7114093959731544,0.06684563758389259,0.0038060684458071266,attentive,0,2
14.9,True,3.208255073419715,-4.173216314382464,6.696428571428571,0.06678571428571425,0.0038501011623776065,attentive,0,2
14.933333333333334,True,-0.8961212475997489,-3.736855373496498,6.6815144766147,0.06672605790645876,0.0038511507409731372,attentive,0,2
14.966666666666667,True,-0.9141276523706408,-2.16816927242822,6.666666666666667,0.06666666666666662,0.003844271215710169,attentive,0,2
15.0,False,-1.7908831135149217,3.7995649900607207,6.873614190687362,0.0674944567627494,0.0037993771370496126,attentive,0,2
15.033333333333333,False,0.6313272439900499,0.44942793904254086,7.079646017699115,0.07054080629301862,0.003794969599376383,attentive,0,2
15.066666666666666,False,3.2509792713327403,-2.1612772095591746,7.28476821192053,0.07358351729212652,0.0038290902735608583,attentive,0,2
15.1,False,6.793747109266913,5.649668040819359,7.488986784140969,0.07662261380323047,0.0038595099287474077,attentive,0,2
15.133333333333333,False,-1.4293179978797774,0.6937475950207068,7.6923076923076925,0.07965811965811959,0.0038336776305363377,attentive,0,2
15.166666666666666,False,-2.5008451727298624,-0.16092876355186747,7.894736842105263,0.08269005847953209,0.0038016799866978914,attentive,0,2
15.2,True,-2.090545658850929,-2.69551025320175,7.87746170678337,0.07150984682713343,0.0037861373800433125,attentive,0,2
15.233333333333333,True,6.471313496639658,-0.48586833917655314,7.860262008733625,0.07144104803493445,0.003843025946328788,attentive,0,2
15.266666666666666,True,-0.28697910750517064,0.40426828941735515,7.8431372549019605,0.0713725490196078,0.00382991731316357,attentive,0,2
15.299999999999999,True,-0.2784712550105315,2.713364169733608,7.82608695652174,0.07130434782608691,0.003805792822967056,attentive,0,2
15.333333333333334,True,-2.2321912357853275,1.2937629556529782,7.809110629067245,0.07123644251626893,0.0037697805202552763,attentive,0,2
15.366666666666667,True,-2.764298316864832,-1.7529501249286517,7.792207792207792,0.07116883116883112,0.0037434599442912747,attentive,0,2
15.4,True,1.6478784816281908,-1.3247951462961947,7.775377969762419,0.07110151187904962,0.003757551593605513,attentive,0,2
15.433333333333334,True,5.087334344715751,3.016267981237548,7.758620689655173,0.07103448275862063,0.0037837369503635186,attentive,0,2
15.466666666666667,True,0.5219986834362933,-0.8437126808705887,7.741935483870968,0.07096774193548382,0.0037846211960986657,attentive,0,2
15.5,True,3.0372703724971926,-3.1876531820063447,7.725321888412018,0.07090128755364802,0.0038206684750150053,attentive,0,2
15.533333333333333,True,2.477866746396688,3.656611398442596,7.708779443254818,0.07083511777301922,0.0038186690521294186,attentive,0,2
15.566666666666666,True,0.7196146203747664,-0.27031979042437143,7.6923076923076925,0.07076923076923072,0.0038186270196399396,attentive,0,2
15.6,True,2.4734752039571526,-0.42389610292100544,7.675906183368871,0.07070362473347543,0.0038359331762473645,attentive,0,2
15.633333333333333,True,1.6548647421265055,0.18527900780912343,7.659574468085106,0.07063829787234037,0.0038425444317893636,attentive,0,2
15.666666666666666,True,2.643596253718793,3.0458267834604036,7.643312101910828,0.07057324840764326,0.003844961137284395,attentive,0,2
15.7,True,-0.421647194112573,0.12925020392257014,7.627118644067797,0.07050847457627113,0.0038322361980003754,attentive,0,2
15.733333333333333,True,1.5288805096722997,-0.0697770895883334,7.6109936575052854,0.07044397463002108,0.003838827843853478,attentive,0,2
15.766666666666666,True,-0.6594237419017814,2.745845641452084,7.59493670886076,0.07037974683544299,0.0038116728243739206,attentive,0,2
15.799999999999999,True,0.3637207323535361,-2.0431542383560877,7.578947368421053,0.07031578947368416,0.0038166101012492176,attentive,0,2
15.833333333333334,True,2.831371229484196,-3.00588473671126,7.563025210084033,0.07025210084033608,0.00384906179429365,attentive,0,2
15.866666666666667,True,-5.003765807967372,-1.1234488759766756,7.547169811320755,0.07018867924528296,0.003799603790345875,attentive,0,2
15.9,True,0.23087115898542754,-1.8197749395061429,7.531380753138076,0.07012552301255225,0.0038022616032320723,attentive,0,2
15.933333333333334,True,-1.0173349172351562,-2.4907981872561344,7.515657620041753,0.07006263048016696,0.0037964398014753175,attentive,0,2
15.966666666666667,True,5.025385937412232,1.518138224856843,7.5,0.06999999999999995,0.003828033485453576,attentive,0,2
16.0,True,-0.30980295692010795,2.709924110104332,7.484407484407485,0.06993762993762989,0.003804692551785761,attentive,0,2
16.03333333333333,True,-1.1577845370768094,-1.2985782678352624,7.468879668049793,0.06987551867219911,0.0037921102444799883,attentive,0,2
16.066666666666666,True,1.412099276786086,0.5010861645313605,7.453416149068323,0.06981366459627324,0.003794947432329194,attentive,0,2
16.1,True,-2.200854170319187,2.2010033777894895,7.43801652892562,0.06975206611570242,0.0037567911510483125,attentive,0,2
16.133333333333333,True,0.9485535018107933,-3.7302580247802375,7.422680412371134,0.06969072164948448,0.0037748292221155754,attentive,0,2
16.166666666666668,True,2.2528912828077003,1.2080623074151564,7.4074074074074066,0.06962962962962957,0.003782140822976335,attentive,0,2
16.2,True,3.3732009140619326,-0.2730133409625043,7.392197125256674,0.06956878850102664,0.003806404805630896,attentive,0,2
16.233333333333334,True,0.8564626531635653,-1.8316633880093196,7.377049180327869,0.06950819672131142,0.0038147459100562257,attentive,0,2
16.266666666666666,True,0.2753205436208108,-1.2038534504566794,7.361963190184049,0.06944785276073615,0.0038149179567645787,attentive,0,2
16.3,True,2.6812584604909517,0.06353320684212382,7.346938775510205,0.06938775510204076,0.003831164082087009,attentive,0,2
16.333333333333332,True,3.657728425954685,-5.035921891233854,7.3319755600814664,0.06932790224032581,0.0038792625428528105,attentive,0,2
16.366666666666667,True,2.877924131959967,-0.23453062604250674,7.317073170731707,0.06926829268292678,0.003898434678108813,attentive,0,2
16.4,True,-2.302702272824482,0.040627334919376756,7.302231237322515,0.06920892494929001,0.0038695848810129494,attentive,0,2
16.433333333333334,True,5.985514439786618,-2.280596113020647,7.28744939271255,0.06914979757085014,0.003925861587248388,attentive,0,2
16.466666666666665,True,5.904451823046474,-3.2512910297903277,7.2727272727272725,0.06909090909090904,0.003985540855314029,attentive,0,2
16.5,True,1.750868874619981,-5.507336438309696,7.258064516129033,0.06903225806451607,0.0040178687262936805,attentive,0,2
16.53333333333333,True,0.7378538072294848,-2.1265017868035794,7.2434607645875255,0.06897384305835005,0.004025890941694666,attentive,0,2
16.566666666666666,True,1.3091016595360645,-0.5767748850113589,7.228915662650602,0.06891566265060235,0.00403206375419052,attentive,0,2
16.6,True,0.4554869666025301,-3.144409238601294,7.214428857715431,0.06885771543086167,0.004042043511404595,attentive,0,2
16.633333333333333,True,-2.2815499663222,-3.4482331182939174,7.199999999999999,0.06879999999999994,0.004029004460762451,attentive,0,2
16.666666666666668,True,-2.202981527420853,-3.964957500536472,7.18562874251497,0.06874251497005983,0.004019006423230189,attentive,0,2
16.7,True,3.2211267167878774,0.08791115865842902,7.171314741035857,0.06868525896414338,0.004039129439540343,attentive,0,2
16.733333333333334,True,0.8963655769245277,-7.774987271101306,7.157057654075547,0.06862823061630213,0.004073368936678215,attentive,0,2
16.766666666666666,True,3.832540949135839,-1.0512587177584984,7.142857142857142,0.06857142857142852,0.004103718692385997,attentive,0,2
16.8,True,4.646392357760837,-0.6531982896803106,7.128712871287128,0.06851485148514846,0.004139359218650588,attentive,0,2
16.833333333333332,True,0.9316662909490265,-1.309174103428641,7.114624505928854,0.06845849802371537,0.004145111502519424,attentive,0,2
16.866666666666667,True,0.46099180060099054,0.4389242419572489,7.100591715976331,0.06840236686390527,0.004139053028634308,attentive,0,2
16.9,True,4.138567805442153,0.809266085666885,7.086614173228346,0.06834645669291334,0.004163573132144072,attentive,0,2
16.933333333333334,True,2.130387060241824,-1.1971516130949698,7.072691552062868,0.06829076620825142,0.004179221758313528,attentive,0,2
16.966666666666665,True,1.6609619095958668,-0.2624777672114194,7.0588235294117645,0.068235294117647,0.004186645513412274,attentive,0,2
17.0,True,1.2208527316602185,-1.0830634265013863,7.045009784735812,0.06818003913894319,0.004193780883748374,attentive,0,2
17.03333333333333,True,-2.4873528207800746,-1.7857461043664142,7.03125,0.06812499999999995,0.004171748935246288,attentive,0,2
17.066666666666666,True,3.5491109388930564,-0.5689522556658697,7.017543859649122,0.06807017543859643,0.004196829667811118,attentive,0,2
17.1,True,-0.4364857720848221,0.5237880964251689,7.003891050583658,0.06801556420233458,0.004182625893530488,attentive,0,2
17.133333333333333,True,-0.3352665411542499,-0.13138268869446734,6.990291262135923,0.06796116504854363,0.004172177858813324,attentive,0,2
17.166666666666668,True,3.7197351110259427,-3.137893020917473,6.976744186046512,0.067906976744186,0.004209645056085088,attentive,0,2
17.2,True,2.014254763042182,5.457443304095214,6.963249516441006,0.06785299806576398,0.004195360620008366,attentive,0,2
17.233333333333334,True,1.7202655018580038,-1.0633479515496407,6.94980694980695,0.06779922779922774,0.004206583128272038,attentive,0,2
17.266666666666666,True,1.6812829307736656,-0.7018471447447945,6.9364161849710975,0.06774566473988433,0.004215880711652769,attentive,0,2
17.3,True,0.6941211589248113,-0.12126437087566888,6.923076923076923,0.06769230769230764,0.004214224132030895,attentive,0,2
17.333333333333332,True,-0.8478508026958724,-1.737238156719663,6.90978886756238,0.06763915547024947,0.00420631257601432,attentive,0,2
17.366666666666667,True,0.2582744994154049,-2.5616920183179617,6.896551724137931,0.06758620689655168,0.004211358980262691,attentive,0,2
17.4,True,4.42038973094881,-2.1387045523269035,6.8833652007648185,0.06753346080305922,0.004249958395912176,attentive,0,2
17.433333333333334,True,-1.0191903250612615,1.542953851623156,6.870229007633588,0.0674809160305343,0.00422665977089137,attentive,0,2
17.466666666666665,True,-2.4492409674816495,-0.4802472161959608,6.857142857142858,0.06742857142857138,0.004199907467756265,attentive,0,2
17.5,True,4.374209021606777,-0.31586968089738343,6.844106463878327,0.06737642585551326,0.004230217266504134,attentive,0,2
17.53333333333333,True,1.075192991980579,0.6577628727311096,6.83111954459203,0.06732447817836806,0.004228484293032927,attentive,0,2
17.566666666666666,True,-6.623448062321955,-2.4869244091480702,6.8181818181818175,0.06727272727272722,0.0041751897238100286,attentive,0,2
17.6,True,-0.3906098611388018,-2.5637543585575875,6.805293005671078,0.06722117202268425,0.00417478518384181,attentive,0,2
17.633333333333333,True,-0.7728853211341251,-0.3931740623100804,6.7924528301886795,0.06716981132075467,0.004162075540602031,attentive,0,2
17.666666666666668,True,3.2821204744413626,1.5276376025095488,6.779661016949152,0.06711864406779655,0.004175315420715454,attentive,0,2
17.7,True,0.15005901393122456,-4.426911866729579,6.7669172932330826,0.06706766917293228,0.004187212404655596,attentive,0,2
17.733333333333334,True,1.2752925045557508,3.6848598003357527,6.75422138836773,0.06701688555347086,0.004174627370787266,attentive,0,2
17.766666666666666,True,2.598457825814689,-1.5957631239976506,6.741573033707865,0.0669662921348314,0.004195077210399303,attentive,0,2
17.8,True,2.2918941452831314,-1.629861534059098,6.728971962616822,0.06691588785046723,0.004213045497335734,attentive,0,2
17.833333333333332,True,1.155496696881909,-1.219357378454301,6.7164179104477615,0.066865671641791,0.004219821949650896,attentive,0,2
17.866666666666667,True,4.603167290504675,0.6309968912209538,6.70391061452514,0.06681564245810051,0.004247450411527351,attentive,0,2
17.9,True,3.2390245173261,-1.4370059758814608,6.691449814126393,0.06676579925650553,0.004272248851532913,attentive,0,2
17.933333333333334,True,0.24914141354203223,-1.1183956626084042,6.679035250463822,0.06671614100185523,0.004270987942468812,attentive,0,2
17.966666666666665,True,3.0447113430178914,1.9085949385892342,6.666666666666667,0.06666666666666661,0.004280283757996943,attentive,0,2
18.0,False,5.187989300586577,-1.2297014498793486,6.839186691312385,0.06735674676524948,0.004320043677323104,attentive,0,2
18.03333333333333,False,-1.0916234305943742,-6.780742385550071,7.011070110701106,0.07026650266502647,0.004330923037181923,attentive,0,2
18.066666666666666,False,-0.3906244564622634,-1.7962428170021185,7.18232044198895,0.07317372621240018,0.004327100972673414,attentive,0,2
18.1,False,3.679519045078255,-1.1955869215882755,7.352941176470589,0.07607843137254906,0.004354092106554303,attentive,0,2
18.133333333333333,False,1.1143990202365242,1.1517558198351994,7.522935779816514,0.07898063200815486,0.004350494556188099,attentive,0,2
18.166666666666668,False,1.4367291918776133,0.02254649137841802,7.6923076923076925,0.0818803418803419,0.004354129840445698,attentive,0,2
18.2,True,-0.26090875805032154,1.728082384794123,7.678244972577697,0.07071297989031072,0.004337029461290324,attentive,0,2
18.233333333333334,True,7.437227892460847,1.6235592487764157,7.664233576642336,0.07065693430656927,0.004382849547578095,attentive,0,2
18.266666666666666,True,3.1152136068455434,-1.9638923125975154,7.650273224043716,0.0706010928961748,0.004408034883461028,attentive,0,2
18.3,True,2.4688628399104062,0.05550384594906399,7.636363636363637,0.07054545454545448,0.004419746423405733,attentive,0,2
18.333333333333332,True,2.195703954848728,1.2204518310203423,7.6225045372050815,0.07049001814882025,0.004424513796618656,attentive,0,2
18.366666666666667,True,0.5557890447784712,-1.0038726714407815,7.608695652173914,0.0704347826086956,0.004425014680485482,attentive,0,2
18.4,True,2.45564571365114,-0.8884938066639727,7.59493670886076,0.07037974683544297,0.004440319195766767,attentive,0,2
18.433333333333334,True,0.8742831323555303,1.8492978038099706,7.581227436823104,0.07032490974729236,0.004431900121650466,attentive,0,2
18.466666666666665,True,2.6379460635156957,2.0831730378556323,7.567567567567568,0.0702702702702702,0.0044366983760425905,attentive,0,2
18.5,True,8.538157466923636,-0.8276707110596813,7.553956834532374,0.07021582733812942,0.004500277398327513,attentive,0,2
18.53333333333333,True,-4.700305038821018,-4.209214094245676,7.5403949730700175,0.07016157989228,0.004471486172264701,attentive,0,2
18.566666666666666,True,1.1649575549514486,0.3359069842210699,7.526881720430108,0.07010752688172037,0.004471413847884625,attentive,0,2
18.6,True,5.982827592270062,-4.336031240835558,7.5134168157423975,0.07005366726296952,0.0045282198514379046,attentive,0,2
18.633333333333333,True,5.656413618155314,-4.666322135194396,7.5,0.06999999999999992,0.004583543067463135,attentive,0,2
18.666666666666668,True,-1.263136639490075,-1.2017788546870285,7.4866310160427805,0.06994652406417105,0.0045701261975694876,attentive,0,2
18.7,True,1.3284449753733814,-1.3574028916813032,7.473309608540925,0.06989323843416363,0.004577867344479418,attentive,0,2
18.733333333333334,True,0.44913564517105153,2.707510642271409,7.460035523978685,0.06984014209591467,0.004562594876916975,attentive,0,2
18.766666666666666,True,1.5984893184575868,-1.2237759017897059,7.446808510638298,0.06978723404255313,0.004571923430282192,attentive,0,2
18.8,True,1.2821258419967614,1.9077563083953917,7.433628318584071,0.06973451327433622,0.004566413616445305,attentive,0,2
18.833333333333332,True,1.8692737896389309,3.348075893013778,7.420494699646643,0.06968197879858651,0.0045598788129857975,attentive,0,2
18.866666666666667,True,6.035656631766187,-1.7921959908406557,7.4074074074074066,0.06962962962962957,0.00460617144002295,attentive,0,2
18.9,True,-1.6643642008841395,0.6022039836173673,7.394366197183098,0.06957746478873233,0.004582682748577739,attentive,0,2
18.933333333333334,True,-1.5870880455041518,-4.080012916603758,7.381370826010544,0.06952548330404211,0.004578166558727068,attentive,0,2
18.966666666666665,True,6.648246868163678,-0.3063090730876826,7.368421052631578,0.06947368421052624,0.0046231670571987545,attentive,0,2
19.0,True,4.236537201303332,-1.5805491784028765,7.355516637478108,0.06942206654991237,0.004654197212502394,attentive,0,2
19.03333333333333,True,2.3075515103729964,-3.770033757382801,7.3426573426573425,0.0693706293706293,0.0046786367930482485,attentive,0,2
19.066666666666666,True,-2.2798979368393466,-1.873795783969682,7.329842931937172,0.06931937172774863,0.004660054723447392,attentive,0,2
19.1,True,1.3590084605886767,3.4623802903408443,7.317073170731707,0.06926829268292675,0.004649054382778731,attentive,0,2
19.133333333333333,True,2.4404986606069032,-2.540070676621676,7.304347826086957,0.06921739130434776,0.0046696495268389645,attentive,0,2
19.166666666666668,True,-1.8066124264052486,0.754657505424194,7.291666666666667,0.0691666666666666,0.004644691098423408,attentive,0,2
19.2,True,1.2070863645610221,0.7098962685957666,7.279029462738301,0.06911611785095315,0.004643205119090597,attentive,0,2
19.233333333333334,True,0.1163530785254312,-1.1372324179190738,7.26643598615917,0.0690657439446366,0.004640438861002859,attentive,0,2
19.266666666666666,True,2.55111895529754,-4.417577189377735,7.253886010362693,0.06901554404145072,0.004668961668957268,attentive,0,2
19.3,True,-0.20425659080410363,-2.9779628766460737,7.241379310344828,0.06896551724137925,0.004670756369892162,attentive,0,2
19.333333333333332,True,3.1513460256724306,3.6846614019859993,7.228915662650602,0.06891566265060234,0.004672730706411218,attentive,0,2
19.366666666666667,True,-0.4166521987096068,-1.5201661242148645,7.216494845360824,0.06886597938144323,0.004667324570133672,attentive,0,2
19.4,True,3.6209154782691506,-2.5860626739746824,7.204116638078903,0.06881646655231555,0.004696779868681233,attentive,0,2
19.433333333333334,True,-0.7699515146716571,-5.824551763649142,7.191780821917808,0.06876712328767116,0.0047050412758098455,attentive,0,2
19.466666666666665,True,3.4268352544343195,-0.9395850373087635,7.179487179487179,0.06871794871794865,0.00472660247988226,attentive,0,2
19.5,True,-0.3202892924420029,1.043864760556772,7.167235494880546,0.06866894197952211,0.004712148879346091,attentive,0,2
19.53333333333333,True,-1.061106022714914,-1.3754988137760322,7.155025553662692,0.0686201022146507,0.004701294515434073,attentive,0,2
19.566666666666666,True,-0.0905709979021907,-3.4856267376652563,7.142857142857142,0.0685714285714285,0.004705787721064895,attentive,0,2
19.6,True,6.692866979342863,0.6063692656759357,7.130730050933787,0.06852292020373507,0.004746013188782422,attentive,0,2
19.633333333333333,True,4.813543805550337,-0.7217329743520077,7.118644067796611,0.06847457627118637,0.004776947707240051,attentive,0,2
19.666666666666668,True,1.6018203462846794,0.8759733113968653,7.1065989847715745,0.06842639593908623,0.004777617159817281,attentive,0,2
19.7,True,6.9176084522011365,2.626388810958797,7.094594594594595,0.06837837837837832,0.004811622041091778,attentive,0,2
19.733333333333334,True,0.9470189267293698,0.6557482986210219,7.082630691399664,0.06833052276559859,0.004808148402854364,attentive,0,2
19.766666666666666,True,-0.2199749903981718,-2.0604667639955636,7.07070707070707,0.06828282828282822,0.004806116416329541,attentive,0,2
19.8,True,-1.1284778218094036,1.2427575840355782,7.0588235294117645,0.06823529411764699,0.004784968085367814,attentive,0,2
19.833333333333332,True,6.346281814027079,-1.0484387639622756,7.046979865771812,0.06818791946308718,0.0048281737779614035,attentive,0,2
19.866666666666667,True,3.0902133312043736,1.4577123984129492,7.035175879396985,0.06814070351758787,0.0048376658161669245,attentive,0,2
19.9,True,2.1522482249880133,2.979834175809056,7.023411371237458,0.06809364548494976,0.004834498639120814,attentive,0,2
19.933333333333334,True,0.22982389994402497,-0.5833518691880291,7.0116861435726205,0.06804674457429041,0.004830297100562001,attentive,0,2
19.966666666666665,True,5.803443262972246,0.26490447419727703,7.000000000000001,0.06799999999999994,0.0048642539463267945,attentive,0,2
20.0,True,3.6840681563293023,2.808131948054883,6.988352745424292,0.0679534109816971,0.004873021149465107,attentive,0,2
20.03333333333333,True,6.710103624843754,-1.1504831791832189,6.976744186046512,0.06790697674418597,0.004918712662612436,attentive,0,2
20.066666666666666,True,1.8778067842355033,-1.1928836120421686,6.965174129353234,0.06786069651741286,0.004928792177933378,attentive,0,2
20.1,True,-0.8939525116699638,0.6590537723509396,6.95364238410596,0.06781456953642377,0.004911629134240365,attentive,0,2
20.133333333333333,True,-4.214184562219704,-1.2331364224022838,6.9421487603305785,0.06776859504132224,0.004877081968721742,attentive,0,2
20.166666666666668,True,3.4990996268802563,-2.7809346862924684,6.9306930693069315,0.06772277227722766,0.004904894389162256,attentive,0,2
20.2,True,-0.9109692879975966,1.3303443553817424,6.919275123558484,0.06767710049423387,0.004885273355274281,attentive,0,2
20.233333333333334,True,3.1561175550976843,0.6785763821639996,6.907894736842106,0.06763157894736835,0.004897829224127199,attentive,0,2
20.266666666666666,True,0.36176036236726516,1.7428855876648703,6.896551724137931,0.06758620689655165,0.004886067180654155,attentive,0,2
20.3,True,3.594144726865994,0.6386351235841964,6.885245901639345,0.0675409836065573,0.004901917541670015,attentive,0,2
20.333333333333332,True,3.5234028055157562,4.8433250521761275,6.873977086743044,0.06749590834697211,0.004901908877058646,attentive,0,2
20.366666666666667,True,2.088488706329958,-1.7959922185907558,6.862745098039216,0.0674509803921568,0.004915587564918392,attentive,0,2
20.4,True,3.9785909763580154,-4.40108148949799,6.851549755301795,0.06740619902120712,0.004952369326883232,attentive,0,2
20.433333333333334,True,5.094130125062854,-0.10980991573765397,6.840390879478828,0.06736156351791525,0.004981574914899032,attentive,0,2
20.466666666666665,True,-0.4786787062125941,-0.8759049635255869,6.829268292682928,0.06731707317073164,0.00497318047529432,attentive,0,2
20.5,True,0.4492143002504161,-0.9458800819991237,6.8181818181818175,0.0672727272727272,0.0049717604805923615,attentive,0,2
20.53333333333333,True,3.219585010864533,-0.7772732687691026,6.807131280388978,0.06722852512155585,0.00498969367372844,attentive,0,2
20.566666666666666,True,0.26408516729936493,-0.9001973652773619,6.796116504854369,0.06718446601941741,0.004986755901512324,attentive,0,2
20.6,True,2.73389649649062,-0.3847409166066993,6.78513731825525,0.06714054927302093,0.0049997104653389515,attentive,0,2
20.633333333333333,True,-1.016722468716526,0.05885689240935155,6.774193548387098,0.06709677419354831,0.004984147126488612,attentive,0,2
20.666666666666668,True,4.20742649516281,1.01273027535092,6.763285024154589,0.06705314009661828,0.005002609307587394,attentive,0,2
20.7,True,4.616614046578526,1.7273110477235614,6.752411575562702,0.06700964630225073,0.005021382951235194,attentive,0,2
20.733333333333334,True,3.5743472679581867,-0.09658857603435345,6.741573033707865,0.06696629213483139,0.005039166652979068,attentive,0,2
20.766666666666666,True,1.273768905012215,2.3393281140838424,6.730769230769231,0.06692307692307686,0.00503183255291532,attentive,0,2
20.8,True,-1.616798589200252,-4.004222690362347,6.72,0.06687999999999994,0.005026521622650965,attentive,0,2
20.833333333333332,True,-3.103017653491241,-2.3927140092130266,6.7092651757188495,0.06683706070287533,0.005004955218575842,attentive,0,2
20.866666666666667,True,3.5331790839538773,-0.8387693275252929,6.698564593301436,0.06679425837320568,0.005024990297955867,attentive,0,2
20.9,True,1.4504382392086754,-4.5920703990002885,6.687898089171974,0.06675159235668783,0.005043503041209007,attentive,0,2
20.933333333333334,True,-0.6344421719139228,0.3606959712394038,6.677265500794912,0.06670906200317958,0.005029727536232461,attentive,0,2
20.966666666666665,True,0.7395184247306709,0.4173993410438074,6.666666666666667,0.0666666666666666,0.005025488594846616,attentive,0,2
21.0,False,5.636655119785984,3.890917785193114,6.814580031695722,0.06725832012678282,0.005043523187509754,attentive,0,2
21.03333333333333,False,-0.1204160900703366,-1.481844795056185,6.962025316455696,0.07007032348804482,0.005039906546091103,attentive,0,2
21.066666666666666,False,7.967319720842255,-0.5252309025233763,7.109004739336493,0.07288046340179034,0.005089728952264411,attentive,0,2
21.1,False,3.304883326306209,-1.620224206703234,7.255520504731862,0.07568874868559414,0.005110547784478912,attentive,0,2
21.133333333333333,False,1.559846438343612,-0.5523962437320743,7.4015748031496065,0.07849518810148723,0.00511535038331497,attentive,0,2
21.166666666666668,False,1.3399673564439154,0.763523894608689,7.547169811320755,0.08129979035639415,0.0051140034341388245,attentive,0,2
21.2,True,2.4258927161877804,-2.401284587520717,7.535321821036106,0.07014128728414434,0.0051312780494346,attentive,0,2
21.233333333333334,True,2.107573951211787,1.124252777589724,7.523510971786834,0.07009404388714727,0.005134001212104709,attentive,0,2
21.266666666666666,True,2.7432966205190903,-2.309932213464891,7.511737089201878,0.07004694835680744,0.005153080415405199,attentive,0,2
21.3,True,2.319868155365792,-1.1599910865912868,7.5,0.06999999999999992,0.005165166669607944,attentive,0,2
21.333333333333332,True,2.500288958809161,-3.930158404438206,7.48829953198128,0.06995319812792504,0.0051880698116455,attentive,0,2
21.366666666666667,True,2.6864505530867255,7.3704339647550015,7.476635514018691,0.06990654205607469,0.005173074435135213,attentive,0,2
21.4,True,2.2234843197745597,-1.9151646623908003,7.4650077760497675,0.069860031104199,0.005187016891696917,attentive,0,2
21.433333333333334,True,-0.658984947727024,2.873742930984032,7.453416149068323,0.06981366459627322,0.005164498360200362,attentive,0,2
21.466666666666665,True,4.321968498768912,-0.06572969730275136,7.441860465116279,0.06976744186046505,0.005186498850924738,attentive,0,2
21.5,True,3.7973457286596224,0.14168489664875172,7.430340557275541,0.0697213622291021,0.0052041083523962015,attentive,0,2
21.53333333333333,True,1.867139198555772,-0.8038080163279785,7.418856259659969,0.0696754250386398,0.005211651672522808,attentive,0,2
21.566666666666666,True,8.745309153555056,0.2591562594126514,7.4074074074074066,0.06962962962962956,0.0052627018055648594,attentive,0,2
21.6,True,2.0235244071344303,-5.682691547252143,7.395993836671804,0.06958397534668714,0.005287908189913487,attentive,0,2
21.633333333333333,True,-1.2247841457972912,-3.673686662710342,7.384615384615385,0.06953846153846147,0.005283957966616581,attentive,0,2
21.666666666666668,True,-3.941524793873079,-1.1626665185001914,7.373271889400922,0.06949308755760361,0.005252900911985335,attentive,0,2
21.7,True,5.152399903266453,1.5527562344605357,7.361963190184049,0.06944785276073612,0.005274674048187376,attentive,0,2
21.733333333333334,True,1.1483324268565451,-3.1858663883943557,7.3506891271056665,0.06940275650842259,0.005285254030901084,attentive,0,2
21.766666666666666,True,-3.5758527681005994,2.449474151004364,7.339449541284404,0.06935779816513754,0.005244548818528977,attentive,0,2
21.8,True,1.0860374114800437,-1.3709598115981665,7.328244274809161,0.06931297709923656,0.005248562347506824,attentive,0,2
21.833333333333332,True,1.809722008262253,1.633156694705225,7.317073170731707,0.06926829268292675,0.005247290105858589,attentive,0,2
21.866666666666667,True,3.263872998110176,1.2577862390253498,7.30593607305936,0.06922374429223736,0.005257128357878066,attentive,0,2
21.9,True,-0.10400839915628324,-1.2153675043837624,7.29483282674772,0.0691793313069908,0.005252540863602571,attentive,0,2
21.933333333333334,True,-1.3459171829260714,-3.880218086700273,7.283763277693475,0.06913505311077382,0.005248577755635036,attentive,0,2
21.966666666666665,True,1.7436091248137109,-3.064105032570045,7.2727272727272725,0.06909090909090901,0.005262683692645682,attentive,0,2
22.0,True,0.5044960633069986,2.805455267295007,7.2617246596066565,0.06904689863842656,0.005248682446041642,attentive,0,2
22.03333333333333,True,-0.06633813137675348,-3.4160910300543232,7.250755287009064,0.06900302114803618,0.005251775791683072,attentive,0,2
22.066666666666666,True,2.690281369416977,2.681751713360606,7.239819004524888,0.06895927601809948,0.00525290034981686,attentive,0,2
22.1,True,3.9515218172437576,-3.475437202594979,7.228915662650602,0.06891566265060234,0.005283069947138363,attentive,0,2
22.133333333333333,True,-1.590063565673639,2.4751991745247413,7.218045112781955,0.06887218045112775,0.005256227147532401,attentive,0,2
22.166666666666668,True,4.727431049809283,-0.5885880049805272,7.207207207207207,0.06882882882882875,0.005281846593272172,attentive,0,2
22.2,True,0.21913107293766254,-2.139801963133106,7.19640179910045,0.06878560719640173,0.005282517035191331,attentive,0,2
22.233333333333334,True,0.30285726723317774,-1.8640143742677822,7.18562874251497,0.0687425149700598,0.005282825073258193,attentive,0,2
22.266666666666666,True,5.507853281163513,-0.8826057250776345,7.174887892376682,0.06869955156950665,0.0053144511852144735,attentive,0,2
22.3,True,-0.12202359047008526,-2.1373411686322608,7.164179104477612,0.06865671641791038,0.005312798750568853,attentive,0,2
22.333333333333332,True,3.4745375104059026,-1.575713499443974,7.153502235469449,0.06861400894187772,0.005333113468510564,attentive,0,2
22.366666666666667,True,-0.4696304384861081,-4.3205701680581905,7.142857142857142,0.06857142857142849,0.005336358866097391,attentive,0,2
22.4,True,3.5721044806416833,-2.6683529033302897,7.13224368499257,0.0685289747399702,0.005360830387889928,attentive,0,2
22.433333333333334,True,2.1322169470560723,0.5606245940031243,7.121661721068249,0.06848664688427292,0.00536508833588056,attentive,0,2
22.466666666666665,True,2.441036691309013,-1.0034251298085015,7.111111111111111,0.06844444444444436,0.005376516183654321,attentive,0,2
22.5,True,0.8402751958325744,-2.5186732379979646,7.100591715976331,0.06840236686390525,0.005382366911290806,attentive,0,2
22.53333333333333,True,5.988850906203343,-1.0759263651179036,7.0901033973412115,0.06836041358936477,0.005417264541579478,attentive,0,2
22.566666666666666,True,3.1643178317375824,-0.36916390384745457,7.079646017699115,0.06831858407079638,0.005431227276825666,attentive,0,2
22.6,True,1.1115812380367494,1.4897223637284127,7.069219440353461,0.06827687776141377,0.0054256288079589455,attentive,0,2
22.633333333333333,True,2.325147118396986,-3.566327346342633,7.0588235294117645,0.06823529411764698,0.005444501646584942,attentive,0,2
22.666666666666668,True,-1.6559888046505613,1.4191822870393058,7.048458149779736,0.06819383259911888,0.0054210681806449714,attentive,0,2
22.7,True,2.6098225270799267,-3.907459214958793,7.038123167155426,0.06815249266862163,0.005442859068842523,attentive,0,2
22.733333333333334,True,7.33642406688175,-0.637523154655437,7.027818448023426,0.06811127379209363,0.00548470414679092,attentive,0,2
22.766666666666666,True,3.6906390393206494,-3.0488139422694376,7.017543859649122,0.06807017543859642,0.005510571512466212,attentive,0,2
22.8,True,0.19644139666144156,0.448249820900694,7.007299270072993,0.0680291970802919,0.005502347265237705,attentive,0,2
22.833333333333332,True,-2.5110511826022703,3.4252974827089298,6.997084548104956,0.06798833819241976,0.005466961919862678,attentive,0,2
22.866666666666667,True,5.660185159101774,-1.4035130505817803,6.986899563318777,0.06794759825327504,0.005500161824455424,attentive,0,2
22.9,True,0.9754379200719224,2.3249682678527717,6.976744186046512,0.06790697674418597,0.00549095909432392,attentive,0,2
22.933333333333334,True,3.6006751901006,2.5521712380060233,6.966618287373004,0.06786647314949194,0.005497984566182488,attentive,0,2
22.966666666666665,True,1.4443594627018395,-0.09566028808944604,6.956521739130435,0.06782608695652166,0.005499627999865937,attentive,0,2
23.0,True,1.2539128123986032,-0.6345184751811874,6.946454413892909,0.06778581765557157,0.00550177468422046,attentive,0,2
23.03333333333333,True,3.135750577947728,3.780565739252962,6.9364161849710975,0.06774566473988432,0.005501823293111736,attentive,0,2
23.066666666666666,True,3.1428961746844237,-0.9228625526798632,6.926406926406926,0.06770562770562763,0.005516999930662316,attentive,0,2
23.1,True,3.085689534045014,-0.5705674847135034,6.9164265129683,0.06766570605187312,0.005530638408356857,attentive,0,2
23.133333333333333,True,2.7812230091456067,-2.209281003091208,6.906474820143885,0.06762589928057547,0.005547530302002331,attentive,0,2
23.166666666666668,True,6.890046607306564,2.150422963585235,6.896551724137931,0.06758620689655165,0.005576691482127257,attentive,0,2
23.2,True,4.325121077644146,-0.7429155225504049,6.886657101865136,0.06754662840746047,0.005598638386354521,attentive,0,2
23.233333333333334,True,3.906050558637001,-2.8690666194258254,6.876790830945559,0.06750716332378216,0.005624623042396675,attentive,0,2
23.266666666666666,True,2.2812014622806855,-2.124040019994214,6.866952789699571,0.06746781115879821,0.005637833541762363,attentive,0,2
23.3,True,0.17723062786211607,-4.0976761707680085,6.857142857142858,0.06742857142857135,0.00564391326345347,attentive,0,2
23.333333333333332,True,2.207782858850372,-1.376464297633016,6.847360912981455,0.06738944365192574,0.005654223198615239,attentive,0,2
23.366666666666667,True,1.859493418304513,-3.7751623184086407,6.837606837606838,0.06735042735042727,0.0056698919188293605,attentive,0,2
23.4,True,4.9699260389956255,-0.12448161778833833,6.827880512091039,0.06731152204836408,0.00569364055904528,attentive,0,2
23.433333333333334,True,0.8936466917497962,-2.6821935653043933,6.8181818181818175,0.06727272727272719,0.0056996612304380636,attentive,0,2
23.466666666666665,True,2.659225888778744,2.8364196274231226,6.808510638297872,0.06723404255319142,0.005699400188976871,attentive,0,2
23.5,True,0.33292467448886587,-5.257149889811751,6.79886685552408,0.06719546742209624,0.005709970756033057,attentive,0,2
23.53333333333333,True,2.3215414054852674,1.068567143492634,6.789250353606789,0.06715700141442708,0.005713129733959391,attentive,0,2
23.566666666666666,True,-0.10548561219719055,-3.948508114745615,6.779661016949152,0.06711864406779654,0.005716791468140399,attentive,0,2
23.6,True,5.744711216850936,-3.5613143868930894,6.770098730606488,0.06708039492242587,0.005755901891772845,attentive,0,2
23.633333333333333,True,0.10075184921023528,-2.9864496560620344,6.760563380281689,0.06704225352112668,0.00575777293247139,attentive,0,2
23.666666666666668,True,4.253360483170988,-4.197825819517762,6.751054852320674,0.06700421940928263,0.005789382712018968,attentive,0,2
23.7,True,-2.3691097244143258,2.4074784156680664,6.741573033707865,0.06696629213483138,0.005758949128732747,attentive,0,2
23.733333333333334,True,0.10218920313274804,-2.191815109085125,6.732117812061711,0.06692847124824677,0.005758340328381868,attentive,0,2
23.766666666666666,True,0.8952879090840621,0.19908158263790343,6.722689075630252,0.06689075630252093,0.00575522872267928,attentive,0,2
23.8,True,-0.41472989241602254,-2.9738912411912013,6.713286713286713,0.06685314685314678,0.005753844351369733,attentive,0,2
23.833333333333332,True,1.4585941956413455,0.06587686301568885,6.70391061452514,0.06681564245810048,0.00575465776406418,attentive,0,2
23.866666666666667,True,2.982276704754559,0.1556051276698187,6.694560669456067,0.06677824267782419,0.0057646356109199385,attentive,0,2
23.9,True,1.3621692310970475,0.27347612547263855,6.685236768802229,0.06674094707520883,0.005764192331166943,attentive,0,2
23.933333333333334,True,2.3796826685739445,-2.478374662584912,6.675938803894297,0.06670375521557712,0.0057785451466536,attentive,0,2
23.966666666666665,True,0.932404319136769,-2.5626546310105223,6.666666666666667,0.0666666666666666,0.0057841843995958524,attentive,0,2
24.0,False,-3.1517277974934093,-2.1600673344138945,6.796116504854369,0.0671844660194174,0.005763391453871116,attentive,0,2
24.03333333333333,False,4.245605076876345,-3.2958496352915954,6.9252077562326875,0.06992305324715277,0.005791687956286634,attentive,0,2
24.066666666666666,False,0.9426032671870186,-5.710062559017146,7.053941908713693,0.07266021207929912,0.005807022240943349,attentive,0,2
24.1,False,-4.2001168914899525,-0.08625638257023915,7.18232044198895,0.0753959484346225,0.005773482838215192,attentive,0,2
24.133333333333333,False,7.461492933297077,1.7577767530369321,7.310344827586207,0.07813026819923362,0.005805872544993307,attentive,0,2
24.166666666666668,False,-0.13644612857996652,5.088186523179846,7.43801652892562,0.0808631772268136,0.005781465684186492,attentive,0,2
24.2,True,2.51731076602794,0.7162407977598471,7.4277854195323245,0.06971114167812922,0.005786713188928695,attentive,0,2
24.233333333333334,True,3.4473244464230235,-0.34891693465439955,7.417582417582418,0.06967032967032959,0.005800875413875224,attentive,0,2
24.266666666666666,True,3.459169516343148,-1.472526866198067,7.4074074074074066,0.06962962962962954,0.00581849611792229,attentive,0,2
24.3,True,0.8819051904969268,1.8395372035647184,7.397260273972603,0.06958904109589033,0.005810295052243033,attentive,0,2
24.333333333333332,True,4.379370298975245,0.31587860408058743,7.387140902872777,0.06954856361149103,0.005828012727331529,attentive,0,2
24.366666666666667,True,4.828209647997296,-0.0495491405312215,7.377049180327869,0.0695081967213114,0.005849516560692873,attentive,0,2
24.4,True,-0.9901347771717381,1.6149602685469038,7.3669849931787175,0.06946793997271479,0.005830636729632688,attentive,0,2
24.433333333333334,True,0.4557833510115763,-0.5900022255305348,7.3569482288828345,0.06942779291553125,0.005827239158937013,attentive,0,2
24.466666666666665,True,0.6675259482890799,1.7224340384642027,7.346938775510205,0.06938775510204073,0.00581813971898718,attentive,0,2
24.5,True,0.2851914678350942,-0.8262356006422635,7.336956521739131,0.06934782608695644,0.005814451481253992,attentive,0,2
24.53333333333333,True,6.237801203496713,0.6446000310178521,7.327001356852103,0.06930800542740834,0.005842235287101757,attentive,0,2
24.566666666666666,True,2.0766928341447506,-2.0943731561142,7.317073170731707,0.06926829268292675,0.005853131863269201,attentive,0,2
24.6,True,-0.4435011957653827,-6.7447893954788025,7.307171853856563,0.06922868741542618,0.00586282627814058,attentive,0,2
24.633333333333333,True,-1.076660789261279,-0.41124850654930056,7.297297297297297,0.06918918918918911,0.00584967208926029,attentive,0,2
24.666666666666668,True,2.3288620362525534,-1.0541434172274162,7.28744939271255,0.06914979757085012,0.00585890740204951,attentive,0,2
24.7,True,0.9413852665001357,-0.5195061015650455,7.277628032345014,0.06911051212937998,0.005858205899514747,attentive,0,2
24.733333333333334,True,-0.8681583751209947,-4.7502367913980335,7.267833109017497,0.0690713324360699,0.005859335635977659,attentive,0,2
24.766666666666666,True,1.4403042573134164,0.2653260467840388,7.258064516129033,0.06903225806451604,0.005859271661759178,attentive,0,2
24.8,True,-3.991830324908893,1.5682116132609254,7.248322147651007,0.06899328859060394,0.005822915078579849,attentive,0,2
24.833333333333332,True,3.2492448816434347,1.3670443404473065,7.238605898123325,0.06895442359249322,0.005830395369427269,attentive,0,2
24.866666666666667,True,4.963360535731792,1.3132085663949418,7.228915662650602,0.06891566265060232,0.005848214303203339,attentive,0,2
24.9,True,0.9248145892077313,1.4721263370835114,7.219251336898395,0.0688770053475935,0.005841517352534563,attentive,0,2
24.933333333333334,True,4.219698923521108,-1.582017327945204,7.209612817089453,0.06883845126835773,0.005863450989580543,attentive,0,2
24.966666666666665,True,4.89098870253254,-0.38744674476254126,7.199999999999999,0.06879999999999992,0.005885764682038369,attentive,0,2
25.0,True,4.577773012102774,-1.9280643191621272,7.1904127829560585,0.06876165113182416,0.005910724043590227,attentive,0,2
25.03333333333333,True,-2.8325334249333793,1.8309611215312986,7.180851063829788,0.06872340425531907,0.00588071265531891,attentive,0,2
25.066666666666666,True,4.14331508504437,1.366696950465045,7.171314741035857,0.06868525896414335,0.00589332476251894,attentive,0,2
25.1,True,5.855652699368678,-4.262655335365215,7.161803713527852,0.06864721485411132,0.005932587847078235,attentive,0,2
25.133333333333333,True,6.955127029369651,-1.27668830569703,7.152317880794702,0.06860927152317872,0.005969430460273971,attentive,0,2
25.166666666666668,True,1.6785501046809213,-1.3787761962805454,7.142857142857142,0.06857142857142849,0.005975455247747573,attentive,0,2
25.2,True,-1.018604648590796,0.37818381793468525,7.133421400264201,0.06853368560105672,0.005960471105734942,attentive,0,2
25.233333333333334,True,2.0476446451674724,-3.6109936992909377,7.12401055408971,0.06849604221635876,0.005975200132390012,attentive,0,2
25.266666666666666,True,3.2196887952584055,1.3119584454093747,7.114624505928854,0.06845849802371534,0.0059823398749914835,attentive,0,2
25.3,True,5.143421078219185,-2.326722857183899,7.105263157894736,0.06842105263157887,0.0060113501442016475,attentive,0,2
25.333333333333332,True,2.455234793917519,-1.5954548922918979,7.095926412614981,0.06838370565045984,0.0060224490401433505,attentive,0,2
25.366666666666667,True,2.5508900640394505,0.037042664694149074,7.086614173228346,0.06834645669291331,0.006029315868359506,attentive,0,2
25.4,True,3.163237427074066,-0.5735109362720421,7.077326343381389,0.06830930537352548,0.006041509821030713,attentive,0,2
25.433333333333334,True,-0.8578834837659643,0.1526001271169677,7.068062827225131,0.06827225130890044,0.0060281676263997845,attentive,0,2
25.466666666666665,True,-1.3940357350323773,-0.645514006293475,7.0588235294117645,0.06823529411764698,0.006014063827138635,attentive,0,2
25.5,True,-2.8451165256247224,-1.995585689323594,7.049608355091384,0.06819843342036545,0.005995494125705104,attentive,0,2
25.53333333333333,True,0.2890445056567126,1.7587800570302512,7.040417209908735,0.06816166883963486,0.00598425650901009,attentive,0,2
25.566666666666666,True,1.2220591267445065,0.8154250484975663,7.03125,0.06812499999999992,0.005981177162296944,attentive,0,2
25.6,True,5.097218669925764,-0.8499687155928481,7.022106631989597,0.06808842652795831,0.006005314935255796,attentive,0,2
25.633333333333333,True,6.161331581790037,-0.6556384694897213,7.012987012987012,0.06805194805194797,0.006034971240918724,attentive,0,2
25.666666666666668,True,4.908259555538647,-4.5892260805140985,7.003891050583658,0.06801556420233455,0.0060686648801554395,attentive,0,2
25.7,True,3.377440335818494,1.8426452628668066,6.994818652849741,0.06797927461139888,0.0060749439135829,attentive,0,2
25.733333333333334,True,-2.823273706375372,-1.844975677170861,6.985769728331177,0.06794307891332463,0.006056156227808307,attentive,0,2
25.766666666666666,True,4.963295641796293,-2.377284364691395,6.976744186046512,0.06790697674418597,0.006083657248037335,attentive,0,2
25.8,True,1.7587552977354224,3.349378531478191,6.96774193548387,0.0678709677419354,0.006076289466825509,attentive,0,2
25.833333333333332,True,0.1937997001467664,-0.785024751090629,6.958762886597938,0.06783505154639168,0.006071817227109909,attentive,0,2
25.866666666666667,True,-1.1480875290664336,-2.0193571132223407,6.94980694980695,0.06779922779922772,0.006063211090410038,attentive,0,2
25.9,True,2.388427755332212,0.9131810706569037,6.940874035989718,0.0677634961439588,0.006066453676669173,attentive,0,2
25.933333333333334,True,2.48506594642631,3.521215113842074,6.93196405648267,0.0677278562259306,0.006062799455087401,attentive,0,2
25.966666666666665,True,4.640303964610239,-0.7739139153861144,6.923076923076923,0.06769230769230761,0.006083671996653832,attentive,0,2
26.0,True,-1.4547099305279712,-4.3766067761114575,6.9142125480153656,0.06765685019206139,0.006080057071391522,attentive,0,2
26.03333333333333,True,-3.2176627511948857,-1.6398449381720193,6.905370843989769,0.067621483375959,0.006058654666599411,attentive,0,2
26.066666666666666,True,3.6156821480617616,-2.092114124812114,6.896551724137931,0.06758620689655165,0.006077377765282441,attentive,0,2
26.099999999999998,True,-2.704625428117285,-6.359197678072018,6.887755102040815,0.06755102040816319,0.006072318600961184,attentive,0,2
26.133333333333333,True,-1.146126957938465,0.09082137574999449,6.8789808917197455,0.0675159235668789,0.006057837019469154,attentive,0,2
26.166666666666668,True,1.8556723094147347,1.5310530131662028,6.870229007633588,0.06748091603053427,0.006056294087455871,attentive,0,2
26.2,True,5.8395297701872435,-3.0144043152420648,6.861499364675986,0.06744599745870386,0.0060900880490999815,attentive,0,2
26.233333333333334,True,-1.9170758884290444,0.9222997737420358,6.852791878172589,0.06741116751269027,0.006068945942013982,attentive,0,2
26.266666666666666,True,3.7190695172136325,-2.772146643883471,6.844106463878327,0.06737642585551323,0.006090011313100884,attentive,0,2
26.3,True,6.652848362426329,0.8192573269948031,6.8354430379746836,0.06734177215189865,0.006117426036889808,attentive,0,2
26.333333333333332,True,-1.1310463743224208,-0.7419232196294172,6.826801517067003,0.06730720606826793,0.006105421510283218,attentive,0,2
26.366666666666667,True,-0.37230353851605313,3.0549861647627647,6.8181818181818175,0.06727272727272719,0.006087051608707959,attentive,0,2
26.4,True,2.1109315000016813,0.3634892905709084,6.809583858764187,0.06723833543505667,0.006090187941860583,attentive,0,2
26.433333333333334,True,0.8225654635619415,-0.37444565901811566,6.801007556675064,0.06720403022670017,0.006088170007386204,attentive,0,2
26.466666666666665,True,-0.15993105418439169,-0.7850047278967827,6.7924528301886795,0.06716981132075464,0.006081812120918571,attentive,0,2
26.5,True,2.468888574074641,-0.21465485019390063,6.78391959798995,0.06713567839195972,0.006088555885697828,attentive,0,2
26.53333333333333,True,4.30315843441047,-0.36859187288111805,6.775407779171895,0.0671016311166875,0.0061059406859017545,attentive,0,2
26.566666666666666,True,1.8561116859132534,-1.3909414049476367,6.7669172932330826,0.06706766917293225,0.006112500116333719,attentive,0,2
26.599999999999998,True,1.33792978232959,0.35103077694007045,6.758448060075094,0.06703379224030029,0.006111315868622327,attentive,0,2
26.633333333333333,True,0.26598644403628713,-4.976101773590305,6.75,0.06699999999999992,0.006118976931180057,attentive,0,2
26.666666666666668,True,4.654502137507413,2.1028229742678097,6.741573033707865,0.06696629213483138,0.006131329939036114,attentive,0,2
26.7,True,4.343624481598151,0.10431557286220117,6.733167082294264,0.06693266832917698,0.006147466915810201,attentive,0,2
26.733333333333334,True,9.28054790358554,-2.373863160741872,6.724782067247821,0.0668991282689912,0.006197746696786534,attentive,0,2
26.766666666666666,True,1.68024118211306,0.1167366707183004,6.7164179104477615,0.06686567164179097,0.00619900363343649,attentive,0,2
26.8,True,-2.248994092256659,0.10227993823504411,6.70807453416149,0.06683229813664587,0.006178603854947064,attentive,0,2
26.833333333333332,True,0.3138014457988856,-2.1087629213753516,6.699751861042183,0.06679900744416865,0.006178482526240823,attentive,0,2
26.866666666666667,True,-0.9539936823044619,1.3667704142115182,6.691449814126393,0.0667657992565055,0.006161808769072633,attentive,0,2
26.9,True,2.013793041656658,-0.04470854109015532,6.683168316831684,0.06673267326732665,0.0061653826983309405,attentive,0,2
26.933333333333334,True,5.1657344551117905,-1.7050572036859046,6.6749072929542645,0.06669962917181697,0.006190824543955608,attentive,0,2
26.966666666666665,True,-0.6300439252861012,-2.569853492896798,6.666666666666667,0.06666666666666658,0.006186774872069586,attentive,0,2
27.0,False,-5.128698878024396,3.598348584614203,6.781750924784218,0.0671270036991368,0.006141180146674067,attentive,0,2
27.03333333333333,False,5.755779952302031,1.34382398103521,6.896551724137931,0.06980842911877375,0.006161443433093239,attentive,0,2
27.066666666666666,False,2.7719623439424694,-1.268834516918657,7.011070110701106,0.07248872488724878,0.006172486509927766,attentive,0,2
27.099999999999998,False,1.9539565761327193,-0.46793153068216986,7.125307125307126,0.07516789516789495,0.006176849670597928,attentive,0,2
27.133333333333333,False,2.1067325285613885,-1.5622569080666873,7.2392638036809815,0.0778459441036127,0.0061850191037633555,attentive,0,2
27.166666666666668,False,-2.088690210454094,-2.998294238455081,7.352941176470589,0.08052287581699347,0.006174228404473741,attentive,0,2
27.2,True,4.309566409577921,-3.2045503388132053,7.343941248470013,0.06937576499387996,0.006198831370272615,attentive,0,2
27.233333333333334,True,4.076438406057121,-4.37882136156125,7.334963325183375,0.06933985330073342,0.006225297613296392,attentive,0,2
27.266666666666666,True,7.464379876360464,-1.057543844272109,7.326007326007327,0.06930402930402922,0.006261072731112182,attentive,0,2
27.3,True,3.3171258478946095,-0.1949913648133439,7.317073170731707,0.06926829268292674,0.006271944710330617,attentive,0,2
27.333333333333332,True,2.4282711965835264,-0.860994217531082,7.3081607795371495,0.06923264311814852,0.006279781119834066,attentive,0,2
27.366666666666667,True,3.355733760075801,-0.011177917714997543,7.2992700729927,0.06919708029197072,0.006290315707381893,attentive,0,2
27.4,True,6.400852064725047,1.1210321733152027,7.290400972053463,0.06916160388821377,0.006314212102380713,attentive,0,2
27.433333333333334,True,4.025443310313378,2.641300842236624,7.281553398058252,0.06912621359223292,0.006321138182025586,attentive,0,2
27.466666666666665,True,2.513534293839778,-1.20224432503307,7.2727272727272725,0.06909090909090901,0.00633025549039138,attentive,0,2
27.5,True,-2.608453671356364,-0.6159856471767613,7.263922518159806,0.06905569007263913,0.006310213691450804,attentive,0,2
27.53333333333333,True,2.5788008397233284,-1.1281805746056657,7.255139056831923,0.06902055622732761,0.006319473898606251,attentive,0,2
27.566666666666666,True,4.622387786478827,0.9500543103735268,7.246376811594203,0.06898550724637673,0.006334103415536502,attentive,0,2
27.599999999999998,True,4.532943973130506,-5.0842428604699945,7.237635705669482,0.06895054282267785,0.006364393682979846,attentive,0,2
27.633333333333333,True,-1.4353242276099931,-1.1951142519185125,7.228915662650602,0.06891566265060232,0.0063522397034332795,attentive,0,2
27.666666666666668,True,1.7304880500945519,0.3657988500822771,7.2202166064981945,0.0688808664259927,0.006352872593882703,attentive,0,2
27.7,True,5.669858712000347,-2.443535477708653,7.211538461538461,0.06884615384615375,0.006382051173568767,attentive,0,2
27.733333333333334,True,4.554732616535455,5.210461296248566,7.202881152460984,0.06881152460984385,0.006384791151983376,attentive,0,2
27.766666666666666,True,0.29416117750445525,-4.134948416878446,7.194244604316546,0.0687769784172661,0.00638972084756956,attentive,0,2
27.8,True,3.1544186829250203,-1.3417605421335717,7.18562874251497,0.06874251497005979,0.0064024293599490075,attentive,0,2
27.833333333333332,True,2.121752344982238,3.8404538107709465,7.177033492822966,0.06870813397129177,0.006395842325571592,attentive,0,2
27.866666666666667,True,0.20420999868292977,-2.572214371296794,7.168458781362006,0.06867383512544795,0.006396114475637052,attentive,0,2
27.9,True,-1.2661365096693664,-4.00693540311362,7.159904534606206,0.06863961813842473,0.006392392414830206,attentive,0,2
27.933333333333334,True,4.061729913832468,-4.113622261319795,7.151370679380214,0.06860548271752077,0.006417185172087022,attentive,0,2
27.966666666666665,True,3.405204558944096,-3.7982135233999488,7.142857142857142,0.06857142857142848,0.006437610805192443,attentive,0,2
28.0,True,3.623551363169655,-4.426527823090962,7.13436385255648,0.06853745541022584,0.006460801994747455,attentive,0,2
28.03333333333333,True,4.261601992871066,-1.8699231994532923,7.1258907363420425,0.06850356294536808,0.006480558569800394,attentive,0,2
28.066666666666666,True,3.8172713544552317,3.5002709428764316,7.11743772241993,0.06846975088967963,0.0064837693788411845,attentive,0,2
28.099999999999998,True,4.6141324470497755,-2.3311586915175306,7.109004739336493,0.06843601895734588,0.006506522742098526,attentive,0,2
28.133333333333333,True,3.607082142851795,-3.2107578777966137,7.100591715976331,0.06840236686390525,0.006526238684056595,attentive,0,2
28.166666666666668,True,2.758992824318145,0.7597301732727886,7.092198581560284,0.06836879432624104,0.006531023154945848,attentive,0,2
28.2,True,4.209592401139257,-0.41510361045221045,7.083825265643448,0.06833530106257371,0.006546490367311072,attentive,0,2
28.233333333333334,True,3.9171979384123965,-5.3314399392174705,7.0754716981132075,0.06830188679245275,0.006573272115609688,attentive,0,2
28.266666666666666,True,3.783459217374448,-1.4790831399058297,7.06713780918728,0.06826855123674903,0.006589207278867457,attentive,0,2
28.3,True,8.154147253540728,1.304184157718511,7.0588235294117645,0.06823529411764698,0.006620681702589998,attentive,0,2
28.333333333333332,True,-2.5011878961362064,0.3671211406241599,7.050528789659224,0.0682021151586368,0.006598880413390202,attentive,0,2
28.366666666666667,True,5.381407207516535,4.372439454567862,7.042253521126761,0.06816901408450696,0.006607802893240072,attentive,0,2
28.4,True,-0.2902328084364614,-2.42059204403619,7.033997655334115,0.06813599062133638,0.006604850216739368,attentive,0,2
28.433333333333334,True,1.5910325097080693,-1.6767121238512075,7.02576112412178,0.06810304449648703,0.006609759388078777,attentive,0,2
28.466666666666665,True,1.2001829961334882,-2.998359402150207,7.017543859649122,0.0680701754385964,0.006616060450248449,attentive,0,2
28.5,True,0.29038752948229574,-3.5784235641389635,7.009345794392523,0.06803738317757001,0.006619128911880049,attentive,0,2
28.53333333333333,True,6.042611214942935,-1.6525134297291775,7.001166861143523,0.06800466744457401,0.006647027596825644,attentive,0,2
28.566666666666666,True,-2.149048414899826,-1.9299147325842005,6.993006993006993,0.06797202797202789,0.006633146880649039,attentive,0,2
28.599999999999998,True,2.9441962101389114,-5.197491491144432,6.984866123399301,0.06793946449359711,0.006654103982744836,attentive,0,2
28.633333333333333,True,-1.703882500569833,-1.5320196943683193,6.976744186046512,0.06790697674418596,0.006641519765434741,attentive,0,2
28.666666666666668,True,3.2784476258845663,-1.8926093449235277,6.968641114982578,0.06787456445993023,0.006655614024570752,attentive,0,2
28.7,True,3.120812482317966,-2.778878874525849,6.960556844547564,0.06784222737819016,0.006671147609329981,attentive,0,2
28.733333333333334,True,1.5505298850679785,-0.14811024887587876,6.952491309385864,0.06780996523754337,0.006671784029041101,attentive,0,2
28.766666666666666,True,1.0566341730362514,-1.928896933400894,6.944444444444445,0.06777777777777769,0.006674458572421772,attentive,0,2
28.8,True,-1.874244655156758,1.4703721908492322,6.9364161849710975,0.0677456647398843,0.006653334955572054,attentive,0,2
28.833333333333332,True,1.6513831982492067,-4.205548045862706,6.928406466512701,0.06771362586605072,0.006664919029763364,attentive,0,2
28.866666666666667,True,1.6750334386851047,-5.498378272304928,6.920415224913495,0.0676816608996539,0.006679911293216604,attentive,0,2
28.9,True,3.8945195657748353,-1.990364620202325,6.912442396313365,0.06764976958525337,0.0066972524188433444,attentive,0,2
28.933333333333334,True,4.447351356779047,-2.65423994314525,6.904487917146144,0.06761795166858449,0.006719078730231208,attentive,0,2
28.966666666666665,True,1.4376450649341765,-6.261581772096475,6.896551724137931,0.06758620689655163,0.006734693765923062,attentive,0,2
29.0,True,5.347334074506444,0.9635008482470455,6.8886337543053955,0.0675545350172215,0.0067517891992847166,attentive,0,2
29.03333333333333,True,0.39359275114721726,-0.6181070556801763,6.8807339449541285,0.06752293577981643,0.006747627597394544,attentive,0,2
29.066666666666666,True,3.403757650813421,-0.6828451915005173,6.872852233676976,0.06749140893470781,0.006758965074992354,attentive,0,2
29.099999999999998,True,3.9017044023242864,-1.8172884599991215,6.864988558352403,0.06745995423340953,0.00677569317817288,attentive,0,2
29.133333333333333,True,3.399431535601056,-1.0858477116579293,6.857142857142858,0.06742857142857134,0.006787974191132074,attentive,0,2
29.166666666666668,True,-2.248626882191073,-3.687668872724325,6.8493150684931505,0.06739726027397251,0.00677817162066615,attentive,0,2
29.2,True,-1.0740258952541557,-0.2589364445249078,6.841505131128849,0.0673660205245153,0.0067656559927039474,attentive,0,2
29.233333333333334,True,2.3955181084209523,2.6044039386231828,6.83371298405467,0.06733485193621859,0.006763484610981604,attentive,0,2
29.266666666666666,True,3.0750793227072117,-1.0180287817266767,6.825938566552901,0.06730375426621152,0.00677391216591069,attentive,0,2
29.3,True,0.8187297291737317,-3.2007467482287364,6.8181818181818175,0.06727272727272718,0.006778432230890275,attentive,0,2
29.333333333333332,True,-1.6657138078879357,-5.877595969773652,6.81044267877412,0.06724177071509639,0.006777160630058133,attentive,0,2
29.366666666666667,True,4.715230697810831,-4.942416067816876,6.802721088435375,0.06721088435374141,0.006805689617661843,attentive,0,2
29.4,True,4.359181431369835,0.5199673164508951,6.795016987542468,0.06718006795016979,0.006818614835274377,attentive,0,2
29.433333333333334,True,2.789818100133098,-2.757926191524847,6.787330316742081,0.06714932126696824,0.006831860651553708,attentive,0,2
29.466666666666665,True,2.7108623153834692,-2.7705748640996752,6.779661016949152,0.06711864406779652,0.0068447117807481014,attentive,0,2
29.5,True,3.7634732316131556,-2.2636591361904195,6.772009029345373,0.0670880361173814,0.006861542694462876,attentive,0,2
29.53333333333333,True,1.290061748563198,-3.9546183479507095,6.764374295377677,0.06705749718151062,0.006870178664981649,attentive,0,2
29.566666666666666,True,-0.11764039930193726,-6.5543857904213985,6.756756756756757,0.06702702702702694,0.006878255553351459,attentive,0,2
29.599999999999998,True,2.02382272827416,-2.305444094660551,6.749156355455568,0.06699662542182219,0.006886399221773407,attentive,0,2
29.633333333333333,True,0.08232009401144214,2.3252493360385875,6.741573033707865,0.06696629213483138,0.006873266915162137,attentive,0,2
29.666666666666668,True,3.2639568582759684,0.8729516794246823,6.7340067340067336,0.06693602693602685,0.00687965671919083,attentive,0,2
29.7,True,-4.754594702384132,-1.1423529367658618,6.726457399103139,0.06690582959641247,0.006851099962858896,attentive,0,2
29.733333333333334,True,8.13419621362163,-1.1692770034165998,6.718924972004479,0.06687569988801784,0.006886821437158693,attentive,0,2
29.766666666666666,True,4.766631613380538,0.43614377583361486,6.7114093959731544,0.06684563758389253,0.00690173083264516,attentive,0,2
29.8,True,-2.0835528866272686,-1.3631491125000976,6.70391061452514,0.06681564245810047,0.006887057373835862,attentive,0,2
29.833333333333332,True,4.089303094100123,-0.35122632260993714,6.696428571428571,0.0667857142857142,0.00690052626444247,attentive,0,2
29.866666666666667,True,0.8617736746160789,-0.9110645695886388,6.688963210702341,0.06675585284280927,0.006899360341241235,attentive,0,2
29.9,True,3.2392500915262756,2.4931987026241655,6.6815144766147,0.06672605790645872,0.0069015394784025085,attentive,0,2
29.933333333333334,True,3.9857038825900553,-0.2965347720226924,6.674082313681868,0.06669632925472739,0.006914299952440133,attentive,0,2
29.966666666666665,True,0.9681890831796074,3.159083586553905,6.666666666666667,0.06666666666666658,0.006903598371208547,attentive,0,2
30.0,False,0.6381284888567123,-2.0282420622545088,6.770255271920089,0.06708102108768027,0.006904086420962952,attentive,0,2
30.03333333333333,False,1.9576553109227837,0.005825434050969136,6.873614190687362,0.06971667898497146,0.006906063869345218,attentive,0,2
30.066666666666666,False,-0.7149218388914871,2.367775164762081,6.976744186046512,0.07235142118863039,0.0068890702737164486,attentive,0,2
30.099999999999998,False,1.7116771998267446,0.2513909261480771,7.079646017699115,0.0749852507374629,0.006889246974430149,attentive,0,2
30.133333333333333,False,2.092456690377346,-4.355848949663221,7.18232044198895,0.07761817065684458,0.006902606338928428,attentive,0,2
30.166666666666668,False,-1.1010208865661935,-2.7380727815120904,7.28476821192053,0.08025018395879321,0.006896302336367381,attentive,0,2
30.2,False,6.367847360588003,-0.08078147125586699,7.386990077177508,0.08288129364204322,0.006920100303146917,attentive,0,2
30.233333333333334,False,1.9638945827810592,0.5011497487767931,7.488986784140969,0.0855115026921194,0.0069208653405438076,attentive,0,2
30.266666666666666,False,5.483002920474486,-3.8106198889302663,7.590759075907591,0.08814081408140799,0.0069493758803962314,attentive,0,2
30.3,False,0.8597296135992265,-1.4859904300448703,7.6923076923076925,0.09076923076923073,0.00694956691949529,attentive,0,2
30.333333333333332,False,-0.41372232880380544,-4.441964028884147,7.793633369923161,0.0933967557019147,0.006950755391888275,attentive,0,2
30.366666666666667,False,3.638927745359572,-5.735838786896301,7.894736842105263,0.09602339181286544,0.0069748437309508126,attentive,0,2
30.4,False,2.71870071896547,-2.053014546254144,7.995618838992333,0.09864914202263582,0.006985435762848724,attentive,0,2
30.433333333333334,False,6.234515090465312,-0.4504310195268887,8.096280087527353,0.10127400923899824,0.007009204338358513,attentive,0,2
30.466666666666665,False,-6.9113292082575315,-0.9178000924607117,8.19672131147541,0.10389799635701255,0.006970202516193812,attentive,0,2
30.5,False,4.593398515606681,-9.1168676678911,8.296943231441048,0.10652110625909744,0.007006997939694095,attentive,0,2
30.53333333333333,False,1.2772030386774453,-10.148443187576131,8.396946564885496,0.10914334181509733,0.007030140312630164,attentive,0,2
30.566666666666666,False,-0.007820987351987219,-4.828586999970302,8.49673202614379,0.11176470588235285,0.0070341330066136624,attentive,0,2
30.599999999999998,False,-0.48947551678892265,1.3014780746952348,8.596300326441785,0.1143852013057669,0.0070209646135263705,attentive,0,2
30.633333333333333,False,4.971589160252344,0.45438066894678997,8.695652173913043,0.11700483091787428,0.0070362529313415184,attentive,0,2
30.666666666666668,False,-1.2380247023247413,1.456401603821129,8.794788273615636,0.11962359753890697,0.00701912477395806,attentive,0,2
30.7,False,4.163201910106605,0.9907641026990299,8.893709327548807,0.12224150397686176,0.007029192341008513,attentive,0,2
30.733333333333334,False,3.856098182954967,-1.02784757559379,8.992416034669557,0.1248585530275671,0.007042619348082185,attentive,0,2
30.766666666666666,False,4.263508603432518,-7.064309417579951,9.090909090909092,0.12747474747474732,0.007072494643699808,attentive,0,2
30.8,False,0.4218911919722821,-2.5180445346297624,9.18918918918919,0.13009009009009004,0.007072925164610102,attentive,0,2
30.833333333333332,False,1.0984111068570142,4.36004605534802,9.287257019438446,0.13270458363330917,0.0070600956945700045,attentive,0,2
30.866666666666667,False,-1.123741410599163,-2.8866736239944215,9.385113268608414,0.13531823085221137,0.007054011906340927,attentive,0,2
30.9,False,5.375635379563316,2.487079725414236,9.482758620689655,0.13793103448275845,0.007066200329894227,attentive,0,2
30.933333333333334,False,4.817114671959097,-3.294274702953849,9.580193756727665,0.1405429972491328,0.007089519822534869,attentive,0,2
30.966666666666665,False,1.76837854743737,0.46833027869251986,9.67741935483871,0.1431541218637991,0.007089228646659221,attentive,0,2
31.0,False,4.248378942344505,-0.6596616388099034,9.774436090225564,0.14576441102756882,0.0071034696459013795,attentive,0,2
31.03333333333333,False,0.06863996965249819,-1.391613756536733,9.871244635193133,0.1483738674296612,0.00709949332819796,attentive,0,2
31.066666666666666,False,0.7798222058938249,-3.1547922581562307,9.967845659163988,0.15098249374776695,0.007103112870111155,attentive,0,2
31.099999999999998,False,5.545834333706658,-1.727540768468935,10.06423982869379,0.15359029264810825,0.007126007965624674,attentive,0,2
31.133333333333333,False,-1.1787401960786936,-4.355665247743013,10.16042780748663,0.15619726678550197,0.007123135669180359,attentive,0,2
31.166666666666668,False,0.3881782669314442,-2.198048425278694,10.256410256410255,0.1588034188034188,0.007122587221668515,attentive,0,2
31.2,False,2.030852491546063,-1.3283510515941315,10.352187833511206,0.1614087513340447,0.007127768988026715,attentive,0,2
31.233333333333334,False,3.180639268346111,-5.861831263089145,10.44776119402985,0.16401326699834162,0.007149127940301459,attentive,0,2
31.266666666666666,False,3.8876802322497275,-1.7656858581722492,10.543130990415335,0.16661696840610563,0.007164094071527435,attentive,0,2
31.3,False,-0.23742044690216546,-6.345640130139563,10.638297872340425,0.16921985815602836,0.007170351652861118,attentive,0,2
31.333333333333332,False,2.401130991922142,4.090613024125334,10.73326248671626,0.17182193883575375,0.007164412322871582,attentive,0,2
31.366666666666667,False,-0.5968705277046114,-3.4872153348093042,10.828025477707007,0.17442321302193908,0.007162217203112459,attentive,0,2
31.4,False,1.6116902544194258,1.489730877731337,10.922587486744433,0.17702368328031087,0.007158707486816258,attentive,0,2
31.433333333333334,False,4.258906790919202,-0.7536502487118705,11.016949152542372,0.17962335216572498,0.007172949590068336,attentive,0,2
31.466666666666665,False,0.6656410867177214,0.15601396687414804,11.11111111111111,0.182222222222222,0.007168122878465821,attentive,0,2
31.5,True,3.798195489301267,-1.4292100535809094,11.099365750528541,0.10803382663847773,0.007181747369273605,attentive,0,2
31.53333333333333,True,6.078816127334513,1.0245480758637282,11.08764519535375,0.10798694441777856,0.007200288488275442,attentive,0,2
31.566666666666666,True,3.146920764203697,-4.343488167758483,11.075949367088606,0.10794016110471799,0.00721762838484469,attentive,0,2
31.599999999999998,True,0.8219580047011958,-4.957637646020625,11.064278187565858,0.107893476386627,0.007225481378363582,attentive,0,2
31.633333333333333,True,4.098722561211051,1.5174067754245315,11.052631578947368,0.10784688995215304,0.007233501429186352,attentive,0,2
31.666666666666668,True,1.1520946210349232,-1.9970813123972277,11.041009463722396,0.10780040149125315,0.007235946095412158,attentive,0,2
31.7,True,-4.806130844556158,-2.685729113148443,11.029411764705882,0.10775401069518709,0.0072121769350038945,attentive,0,2
31.733333333333334,True,4.0575883087372855,-0.3845654207430623,11.017838405036725,0.10770771725651046,0.0072244289168564456,attentive,0,2
31.766666666666666,True,5.323851617231764,4.544988933067034,11.0062893081761,0.10766152086906797,0.007231071640566697,attentive,0,2
31.8,True,1.2304094495837241,-4.730496130655416,10.99476439790576,0.1076154212279866,0.007240233555148588,attentive,0,2
31.833333333333332,True,2.0267262348364974,-5.862931393050335,10.98326359832636,0.107569418029669,0.007255710725680682,attentive,0,2
31.866666666666667,True,3.75127668872755,2.141483648799192,10.9717868338558,0.10752351097178676,0.007260577786872135,attentive,0,2
31.9,True,0.912767795983527,-2.5217480179944802,10.960334029227557,0.10747769975327379,0.007263083060836109,attentive,0,2
31.933333333333334,True,3.0477805558865527,-3.4667744045399536,10.948905109489052,0.10743198407431978,0.00727766757743659,attentive,0,2
31.966666666666665,True,3.72877704245151,-2.4744168300704867,10.9375,0.10738636363636356,0.007293077347124382,attentive,0,2
32.0,True,2.2482917790195542,-0.7217589049951588,10.926118626430801,0.10734083814208677,0.007297555223542069,attentive,0,2
32.03333333333333,True,0.24643961016703275,-1.6098029360515032,10.914760914760915,0.10729540729540722,0.007294826607939832,attentive,0,2
32.06666666666666,True,-0.2396766536971946,-1.0522892317363584,10.903426791277258,0.1072500708014726,0.007288573611403012,attentive,0,2
32.1,True,1.3840929800985973,-1.774704386128572,10.892116182572614,0.10720482836665401,0.007291485165624299,attentive,0,2
32.13333333333333,True,-0.16172534093441637,1.9329750382025943,10.880829015544041,0.10715967969853973,0.007278733078014391,attentive,0,2
32.166666666666664,True,5.212089483507413,3.6589052452640063,10.869565217391305,0.10711462450592878,0.007286761244190247,attentive,0,2
32.2,True,6.954975501075666,-1.2978634615790798,10.858324715615305,0.10706966249882478,0.007314174255574471,attentive,0,2
32.233333333333334,True,2.035727272284029,-8.12695675767535,10.847107438016529,0.10702479338842968,0.007334621989475377,attentive,0,2
32.266666666666666,True,-4.93261169805654,-4.513776591586764,10.8359133126935,0.10698001688713756,0.00731478016697844,attentive,0,2
32.3,True,1.069199753310982,-0.336165337909361,10.824742268041238,0.10693533270852851,0.007312908262670054,attentive,0,2
32.333333333333336,True,3.6433456660610632,1.0820061906488414,10.813594232749743,0.10689074056736253,0.00731957693511146,attentive,0,2
32.36666666666667,True,1.2715259904641125,2.6536882911801696,10.802469135802468,0.10684624017957343,0.007311793565355967,attentive,0,2
32.4,True,3.539078705755146,-2.306306981246827,10.79136690647482,0.10680183126226285,0.007325711933035189,attentive,0,2
32.43333333333333,True,0.6105063158082831,-2.2079002965248193,10.780287474332649,0.10675751353369416,0.007326013878182978,attentive,0,2
32.46666666666667,True,8.30535261704819,-2.3219322293605638,10.76923076923077,0.10671328671328664,0.0073616513282531194,attentive,0,2
32.5,False,-3.8078338071866433,-2.583134234243485,10.860655737704917,0.10707898658718323,0.007342650243376425,attentive,0,2
32.53333333333333,False,3.166648701591994,0.3682425350514844,10.951893551688844,0.10966616006534104,0.007348702471873213,attentive,0,2
32.56666666666666,False,0.8125349489496745,-2.0019684451693394,11.042944785276074,0.11225258722191206,0.007349429857082769,attentive,0,2
32.6,False,2.552079749297008,2.279243414499088,11.133810010214505,0.11483827034388835,0.00734833502709391,attentive,0,2
32.63333333333333,False,2.2778026119081947,0.767002063137022,11.224489795918368,0.11742321170892589,0.007349427662918144,attentive,0,2
32.666666666666664,False,6.2617808994814315,-3.7363284474528786,11.314984709480122,0.12000741358539502,0.0073787688064182065,attentive,0,2
32.7,False,4.57266106429426,-7.784668442417555,11.405295315682281,0.1225908782324262,0.007409566599149859,attentive,0,2
32.733333333333334,False,3.330813085319921,1.154333239709961,11.495422177009155,0.1251736078999558,0.007414478971618069,attentive,0,2
32.766666666666666,False,4.42789249966626,-3.3172428046697817,11.585365853658537,0.12775560482877543,0.007434434961380432,attentive,0,2
32.8,False,1.1800382001646017,-0.04534733611771302,11.6751269035533,0.13033687125057658,0.007432314099572934,attentive,0,2
32.833333333333336,False,0.15950077561889686,-1.8004007494115861,11.76470588235294,0.1329174093879977,0.007429552911733946,attentive,0,2
32.86666666666667,False,1.4903606477300488,1.0768769661356044,11.854103343465045,0.13549722145466822,0.007426311992042499,attentive,0,2
32.9,True,3.589965854206751,-0.0954998723175633,11.842105263157894,0.11236842105263148,0.007435159475587961,attentive,0,2
32.93333333333333,True,1.9367522183487489,-3.041619318799782,11.830131445904954,0.11232052578361973,0.007443179477815763,attentive,0,2
32.96666666666667,True,5.302237139316239,-2.726196516953656,11.818181818181818,0.11227272727272718,0.007465584057008957,attentive,0,2
33.0,True,5.06800188071151,0.13283563694451805,11.806256306760847,0.11222502522704329,0.0074804818152751865,attentive,0,2
33.03333333333333,True,5.1165314584997805,-5.463105775563234,11.794354838709678,0.11217741935483862,0.007508102675211766,attentive,0,2
33.06666666666666,True,-1.4722919343776506,-0.47107170760243255,11.782477341389729,0.11212990936555882,0.007495006203543424,attentive,0,2
33.1,True,2.781003860551821,3.5723198661319175,11.770623742454728,0.11208249496981881,0.00749191417372759,attentive,0,2
33.13333333333333,True,2.582718516785218,-2.487932886035408,11.758793969849247,0.1120351758793969,0.007501477565221568,attentive,0,2
33.166666666666664,True,1.9802222426626956,-3.2118946088666096,11.74698795180723,0.11198795180722883,0.007509948502726794,attentive,0,2
33.2,True,1.2759445200481485,-2.085873356881094,11.735205616850552,0.11194082246740211,0.007512753106695924,attentive,0,2
33.233333333333334,True,0.17564099998604932,-4.3048699979258345,11.723446893787576,0.11189378757515021,0.0075155930378913915,attentive,0,2
33.266666666666666,True,3.8422871042003335,3.9909122828440715,11.711711711711711,0.11184684684684676,0.00751628627570366,attentive,0,2
33.3,True,1.1751412790477178,-5.727107024344061,11.700000000000001,0.11179999999999991,0.007526719744055601,attentive,0,2
33.333333333333336,True,-1.257414418437957,-3.751883521306807,11.688311688311687,0.11175324675324666,0.007521946807657789,attentive,0,2
33.36666666666667,True,4.125113862304051,-4.657200345591902,11.676646706586826,0.11170658682634721,0.007543065796362056,attentive,0,2
33.4,True,0.3577098372524743,-0.16249089726790422,11.665004985044865,0.11166001994017936,0.007537490369228811,attentive,0,2
33.43333333333333,True,4.906341436923294,-3.115491888509421,11.653386454183266,0.11161354581673297,0.00755859772667946,attentive,0,2
33.46666666666667,True,4.2214737932221365,-1.1013717750956118,11.641791044776118,0.11156716417910438,0.007572180812106843,attentive,0,2
33.5,True,1.4705046530202455,-2.174752701613652,11.630218687872764,0.11152087475149097,0.007575954350083883,attentive,0,2
33.53333333333333,True,2.385037763575583,-1.898605806826736,11.618669314796424,0.11147467725918561,0.0075831473366809055,attentive,0,2
33.56666666666666,True,9.74092682269302,1.3829820409624207,11.607142857142858,0.11142857142857134,0.007615524883645006,attentive,0,2
33.6,True,-0.49152712398096976,-1.5179450327749602,11.59563924677899,0.11138255698711587,0.007609155330924322,attentive,0,2
33.63333333333333,True,-2.422625475321146,-2.1430153559356704,11.584158415841586,0.11133663366336626,0.007595676000905351,attentive,0,2
33.666666666666664,True,6.690008400203399,1.4010215255077343,11.572700296735905,0.11129080118694352,0.007614493323851809,attentive,0,2
33.7,True,3.288719944700386,-3.4180020546954584,11.561264822134387,0.11124505928853745,0.007628917829667275,attentive,0,2
33.733333333333334,True,-0.3503390778765285,0.7368666201361969,11.549851924975322,0.11119940769990119,0.007618233267203221,attentive,0,2
33.766666666666666,True,2.8241991365897046,-3.229232565592996,11.538461538461538,0.11115384615384606,0.007630175905530046,attentive,0,2
33.8,True,2.6723206244694584,5.903569906719166,11.527093596059114,0.11110837438423636,0.007621434782781785,attentive,0,2
33.833333333333336,True,-2.4893229726267063,-5.600660746011945,11.515748031496063,0.11106299212598417,0.0076152938579097515,attentive,0,2
33.86666666666667,True,3.896402334887007,2.293668432557256,11.504424778761061,0.11101769911504415,0.007619821890251404,attentive,0,2
33.9,True,-1.7729347223079457,0.5769345769293035,11.49312377210216,0.11097249508840855,0.0076033370095001315,attentive,0,2
33.93333333333333,True,-0.10499171402081786,-2.3305004492764674,11.481844946025516,0.11092737978410197,0.007600499838781474,attentive,0,2
33.96666666666667,True,2.0865429407537164,-2.5910539708509477,11.470588235294118,0.11088235294117638,0.007607785056482796,attentive,0,2
34.0,True,4.496356645190652,-2.3832337571645743,11.459353574926542,0.11083741429970607,0.007625093672811294,attentive,0,2
34.03333333333333,True,-1.5371644191224068,-3.5315235165193988,11.448140900195694,0.11079256360078268,0.0076186268376852015,attentive,0,2
34.06666666666666,True,1.7284870385579065,-3.3068944005306236,11.436950146627565,0.11074780058651017,0.007625872382163725,attentive,0,2
34.1,True,3.0532073583242294,-4.019775596646426,11.42578125,0.1107031249999999,0.00764040048056069,attentive,0,2
34.13333333333333,True,1.098206495038665,1.8922612121891065,11.414634146341465,0.11065853658536577,0.007633605838959899,attentive,0,2
34.166666666666664,True,3.7072717851878236,-2.365204944995483,11.403508771929824,0.1106140350877192,0.007647347718725633,attentive,0,2
34.2,True,3.351597800418938,0.895463323189785,11.39240506329114,0.11056962025316447,0.007652468190010328,attentive,0,2
34.233333333333334,True,4.068400115954041,-1.3135376884425949,11.381322957198444,0.11052529182879368,0.0076654529008508936,attentive,0,2
34.266666666666666,True,-1.6502612126845573,-4.331817995930515,11.370262390670554,0.11048104956268212,0.0076602306608448,attentive,0,2
34.3,True,1.546250442967257,0.06582270986239469,11.359223300970873,0.1104368932038834,0.007659323593700661,attentive,0,2
34.333333333333336,True,-1.3939048958804692,0.06787857203313785,11.348205625606207,0.11039282250242474,0.0076457394057904155,attentive,0,2
34.36666666666667,True,0.5334915066409118,-4.898578814310641,11.337209302325581,0.11034883720930223,0.007651176483944994,attentive,0,2
34.4,True,1.7905090286274445,-6.350940414123812,11.32623426911907,0.11030493707647618,0.007665135673046002,attentive,0,2
34.43333333333333,True,2.3025594793869035,0.20707834902085076,11.315280464216634,0.11026112185686644,0.007667174636202851,attentive,0,2
34.46666666666667,True,1.0079328514077646,1.3050625172438568,11.304347826086957,0.11021739130434774,0.007661292885476669,attentive,0,2
34.5,True,3.8626681213472374,-3.443215418086535,11.293436293436294,0.11017374517374508,0.007677854382392836,attentive,0,2
34.53333333333333,True,2.085050562965156,-0.887434192214874,11.282545805207329,0.11013018322082922,0.007681288435422018,attentive,0,2
34.56666666666666,True,4.684256003982931,-1.7648563479625559,11.271676300578035,0.11008670520231205,0.0076977234355504465,attentive,0,2
34.6,True,0.006424150251625793,-1.1850109583057453,11.26082771896054,0.11004331087584207,0.007692876646357443,attentive,0,2
34.63333333333333,True,-0.4940524040105483,-2.487510781768062,11.25,0.1099999999999999,0.007688683508500362,attentive,0,2
34.666666666666664,True,5.934621236089178,-3.6849188584202697,11.239193083573488,0.10995677233429386,0.007714501106433488,attentive,0,2
34.7,True,6.035651440824418,-2.173133606353044,11.228406909788866,0.10991362763915537,0.007737475964591106,attentive,0,2
34.733333333333334,True,-0.8115564293120876,-2.142103536112576,11.217641418983701,0.10987056567593471,0.007731163248054242,attentive,0,2
34.766666666666666,True,3.0673574352098187,-3.737289805815512,11.206896551724139,0.10982758620689646,0.007744771126331402,attentive,0,2
34.8,True,1.3824568019535373,-1.9539620081757954,11.196172248803828,0.10978468899521522,0.007747394685300535,attentive,0,2
34.833333333333336,True,1.628295847897271,-1.41433502512749,11.18546845124283,0.10974187380497123,0.007749911360704267,attentive,0,2
34.86666666666667,True,-0.36813735703178385,-1.650216354168327,11.174785100286533,0.10969914040114603,0.00774444915445952,attentive,0,2
34.9,True,5.850122419577624,-4.09703344717626,11.164122137404581,0.10965648854961824,0.007770556610284,attentive,0,2
34.93333333333333,True,0.20594723995003106,-2.062808673446767,11.1534795042898,0.10961391801715911,0.007768391485146238,attentive,0,2
34.96666666666667,True,3.7785958469392136,-0.2222626068003284,11.142857142857142,0.10957142857142847,0.0077774574706115564,attentive,0,2
35.0,False,0.8736259402489601,-0.03753390072965446,11.227402473834443,0.10990960989533768,0.0077738311463055034,attentive,0,2
35.03333333333333,False,-2.8100482710320467,2.249348987102256,11.311787072243346,0.11246937051119539,0.0077498183251289,attentive,0,2
35.06666666666666,False,-2.066694150104116,-7.801141337533791,11.396011396011396,0.1150284900284897,0.007750198898709185,attentive,0,2
35.1,False,-0.18372320196866632,-0.07906857603960171,11.480075901328274,0.11758697027197977,0.007742237761596984,attentive,0,2
35.13333333333333,False,-1.8281230742351124,0.1746303021959179,11.563981042654028,0.12014481305950489,0.007726829897577215,attentive,0,2
35.166666666666664,False,3.291124869758238,-5.577551504125792,11.647727272727272,0.12270202020201995,0.007745101631141467,attentive,0,2
35.2,False,-0.33483504893092664,0.8999947150760401,11.731315042573321,0.12525859350362673,0.007734474151803821,attentive,0,2
35.233333333333334,False,-0.779048264268726,-3.212458731133705,11.814744801512287,0.12781453476160468,0.007730638505583036,attentive,0,2
35.266666666666666,False,-0.8773942185045458,-3.9332040792785588,11.89801699716714,0.1303698457664462,0.007727909785227895,attentive,0,2
35.3,False,6.0725100921974775,-4.691936570163359,11.981132075471699,0.1329245283018865,0.0077559169075574665,attentive,0,2
35.333333333333336,False,1.3824694002738624,-4.880537437810718,12.064090480678605,0.1354785841449367,0.007764620046378196,attentive,0,2
35.36666666666667,False,-1.7470089030024456,-2.4107045440142847,12.146892655367232,0.1380320150659133,0.007755041908100606,attentive,0,2
35.4,True,2.1087581856417628,-2.3673440750814363,12.13546566321731,0.11469570880671529,0.00776151225740074,attentive,0,2
35.43333333333333,True,2.711094655294151,0.26205835686678336,12.12406015037594,0.11465008675534981,0.007764994818883386,attentive,0,2
35.46666666666667,True,5.640753226669915,0.628239857964576,12.112676056338028,0.11460455037919817,0.007779932782215422,attentive,0,2
35.5,True,2.6875589443500343,1.035333332953704,12.101313320825517,0.11455909943714812,0.007781681405946398,attentive,0,2
35.53333333333333,True,-0.8750551627014478,0.013189813857269472,12.089971883786317,0.11451373368899131,0.007770715964372024,attentive,0,2
35.56666666666666,True,3.925846403028939,-1.6728372101075182,12.07865168539326,0.11446845289541908,0.007783258011463571,attentive,0,2
35.6,True,5.802953223376411,-2.2405094535771473,12.067352666043032,0.11442325681801818,0.007804760869368512,attentive,0,2
35.63333333333333,True,-1.5846949669467152,2.5153546859650477,12.05607476635514,0.11437814521926662,0.007785660377133674,attentive,0,2
35.666666666666664,True,3.786336635410197,0.9454573904954344,12.044817927170868,0.11433311786252953,0.007792141689947483,attentive,0,2
35.7,True,0.9693088410906595,1.7800741744214688,12.033582089552239,0.114288174512055,0.007785201556753624,attentive,0,2
35.733333333333334,True,-4.534067126666493,1.5429043091321812,12.022367194780987,0.11424331493296999,0.007755970161365815,attentive,0,2
35.766666666666666,True,4.905975890937004,-0.1386975928576435,12.011173184357542,0.11419853889127622,0.007769337558018239,attentive,0,2
35.8,True,6.288658784473517,3.543699027704708,12.0,0.11415384615384605,0.007780784414121876,attentive,0,2
35.833333333333336,True,6.0431105727281675,-3.2161671779611094,11.988847583643123,0.11410923648841854,0.007805156647366531,attentive,0,2
35.86666666666667,True,6.975323984944075,1.5415309121675218,11.977715877437326,0.11406470966359536,0.00782351380524625,attentive,0,2
35.9,True,-1.446269559590021,-3.9511062572388806,11.966604823747682,0.11402026544883678,0.007818438534014954,attentive,0,2
35.93333333333333,True,2.6134698805998364,-4.339359734408656,11.955514365152919,0.11397590361445772,0.007830894516211023,attentive,0,2
35.96666666666667,True,2.5343479670262816,-0.2784954697675335,11.944444444444445,0.11393162393162383,0.007834646139403463,attentive,0,2
36.0,True,7.252695896078245,-1.8532526620855818,11.933395004625346,0.11388742617234744,0.007861027172791295,attentive,0,2
36.03333333333333,True,4.090727741540401,-1.6924487903232017,11.922365988909426,0.11384331010948376,0.007874041019670834,attentive,0,2
36.06666666666666,True,3.3869153413664304,-4.191364342803549,11.911357340720222,0.11379927551672694,0.007889270067719842,attentive,0,2
36.1,True,2.848639088890699,1.8694876170840884,11.900369003690036,0.1137553221686062,0.007889839192423047,attentive,0,2
36.13333333333333,True,2.4432982243711923,-0.12998900048287343,11.889400921658986,0.113711449840482,0.00789284207580786,attentive,0,2
36.166666666666664,True,3.88304645260963,-4.073206954693623,11.878453038674033,0.11366765830854218,0.007909800375226317,attentive,0,2
36.2,True,-1.702028521740426,3.4991059943014946,11.86752529898804,0.11362394734979822,0.007888411081131185,attentive,0,2
36.233333333333334,True,-0.8417248724737836,-1.5403275696977847,11.856617647058822,0.11358031674208134,0.007880868378594912,attentive,0,2
36.266666666666666,True,6.816672812543454,0.22229838063194984,11.84573002754821,0.1135367662640389,0.007900998276511629,attentive,0,2
36.3,True,-1.7377587437634003,-0.3298037909388549,11.834862385321102,0.11349329569513046,0.00788733637453198,attentive,0,2
36.333333333333336,True,1.9667590814817113,2.8942453659551086,11.824014665444546,0.11344990481562424,0.007882223779417342,attentive,0,2
36.36666666666667,True,0.5356201278781938,-1.4215997129528242,11.813186813186812,0.1134065934065933,0.007880078560182444,attentive,0,2
36.4,True,0.2740937545909501,0.8825782742558563,11.802378774016468,0.11336336124991192,0.00787218910990867,attentive,0,2
36.43333333333333,True,-0.43265003677518754,1.7031114776792837,11.791590493601463,0.1133202081282519,0.007859776157134573,attentive,0,2
36.46666666666667,True,4.636130568436622,0.8406172318627136,11.78082191780822,0.11327713382507894,0.00786970968252128,attentive,0,2
36.5,True,2.8844538068713113,-5.314936773442717,11.77007299270073,0.11323413812464897,0.007885002616483262,attentive,0,2
36.53333333333333,True,0.7699760635850188,-1.9191803266553789,11.759343664539653,0.11319122081200467,0.007884822086302787,attentive,0,2
36.56666666666666,True,3.4126190263551694,-1.731292396862319,11.748633879781421,0.11314838167297174,0.007894958416014864,attentive,0,2
36.6,True,-1.299436361886281,3.5853894447547066,11.737943585077343,0.11310562049415543,0.007875269823444378,attentive,0,2
36.63333333333333,True,5.503803007044551,-3.2626306783207726,11.727272727272728,0.11306293706293696,0.007896939248236014,attentive,0,2
36.666666666666664,True,1.5817788117068843,-5.703472080454795,11.716621253405995,0.11302033116747004,0.00790766365441658,attentive,0,2
36.7,True,-1.1049149461751875,3.832941649651576,11.705989110707804,0.11297780259667727,0.007888302452185306,attentive,0,2
36.733333333333334,True,2.674324126589159,-1.3306031882014482,11.695376246600182,0.11293535114024678,0.007894607509781552,attentive,0,2
36.766666666666666,True,2.4411674305111966,-1.1301385341431471,11.684782608695652,0.11289297658862867,0.007899558999346294,attentive,0,2
36.8,True,4.927223061086816,-3.5307770114874995,11.67420814479638,0.11285067873303156,0.007919328575181298,attentive,0,2
36.833333333333336,True,1.1991202700198373,0.7771059205764095,11.66365280289331,0.11280845736541929,0.00791542549453157,attentive,0,2
36.86666666666667,True,1.3517237648978346,-0.8787237497502765,11.653116531165312,0.1127663122785073,0.007915466104402104,attentive,0,2
36.9,True,-1.0381192607746583,-2.911665501468838,11.64259927797834,0.11272424326575942,0.00790999772741241,attentive,0,2
36.93333333333333,True,8.108197898328099,0.5844142450128764,11.632100991884581,0.11268225012138437,0.007934188655324059,attentive,0,2
36.96666666666667,True,-1.499886929514179,6.4022938366064075,11.621621621621623,0.11264033264033255,0.00790821777926694,attentive,0,2
37.0,True,2.5908203819397344,2.164260112311281,11.61116111611161,0.1125984906182925,0.007907135036294439,attentive,0,2
37.03333333333333,True,5.598233009875699,-2.4323242984907245,11.600719424460431,0.11255672385168777,0.007927260095351014,attentive,0,2
37.06666666666666,True,3.7412427507542665,-1.6176314575236153,11.590296495956872,0.11251503213767354,0.007938307015419147,attentive,0,2
37.1,True,3.9323500031496224,-0.486784466379089,11.579892280071814,0.1124734152741333,0.00794784072041763,attentive,0,2
37.13333333333333,True,2.445717220303533,-1.1571079832691473,11.569506726457398,0.11243187305967564,0.007952767504871417,attentive,0,2
37.166666666666664,True,-4.126995750330223,-1.5507688564812443,11.559139784946236,0.112390405293631,0.007932293653773506,attentive,0,2
37.2,True,0.5151993523393115,-1.009769998761496,11.548791405550581,0.11234901177604838,0.007929251052677798,attentive,0,2
37.233333333333334,True,0.3671274413902845,2.0066933588104545,11.538461538461538,0.1123076923076922,0.007919629503383948,attentive,0,2
37.266666666666666,True,4.570784970366299,2.65017905556665,11.528150134048257,0.11226644669003907,0.007925443340358714,attentive,0,2
37.3,True,2.4198790999490507,-3.6002471318867117,11.517857142857142,0.11222527472527462,0.007935113093986933,attentive,0,2
37.333333333333336,True,-1.0640748888565679,0.48071381601743,11.507582515611062,0.1121841762162903,0.007922862792696373,attentive,0,2
37.36666666666667,True,1.3778540878058743,0.1885599156852713,11.497326203208557,0.11214315096668027,0.007920885886384652,attentive,0,2
37.4,True,3.810095068942384,1.3022912457206886,11.487088156723063,0.11210219878073831,0.007926334585787623,attentive,0,2
37.43333333333333,True,1.0479234237758428,-0.9880418832249463,11.476868327402135,0.1120613194634546,0.00792537973835222,attentive,0,2
37.46666666666667,True,1.419101770904443,1.7048010723135285,11.466666666666667,0.11202051282051272,0.007920573776055402,attentive,0,2
37.5,False,0.5851246709335589,-0.06712413475134493,11.545293072824157,0.11233501844514268,0.007915981542539304,attentive,0,2
37.53333333333333,False,1.713895689499593,-1.8347017351110082,11.623779946761314,0.1148711881631134,0.007919334202344032,attentive,0,2
37.56666666666666,False,4.677123101964122,-3.8912004708274965,11.702127659574469,0.11740680123658812,0.007938407776583,attentive,0,2
37.6,False,-2.527009555086204,-0.2196735226529678,11.780336581045173,0.1199418591446935,0.00792186092275566,attentive,0,2
37.63333333333333,False,-3.0536872399588733,0.9174354598645955,11.858407079646017,0.12247636336131898,0.007901035657554041,attentive,0,2
37.666666666666664,False,2.6212524353786897,-0.02681496770540881,11.936339522546419,0.12501031535514268,0.007904403088131824,attentive,0,2
37.7,False,-1.4084981449591119,-2.133353500793924,12.014134275618375,0.12754371658965308,0.007896078344946149,attentive,0,2
37.733333333333334,False,1.3683330361931723,-5.59763284383788,12.09179170344219,0.13007656852317043,0.007905455737632232,attentive,0,2
37.766666666666666,False,0.4815363279682561,3.48282284699206,12.16931216931217,0.13260887260887244,0.007893546654204855,attentive,0,2
37.8,False,2.4046268499234422,-1.1367220797944502,12.246696035242291,0.13514063029481505,0.007898233643505392,attentive,0,2
37.833333333333336,False,8.89783967107725,4.193099532823561,12.323943661971832,0.13767184302395574,0.007917890088477523,attentive,0,2
37.86666666666667,False,0.053917929575443724,-2.3547772921098056,12.401055408970976,0.14020251223417443,0.007915739326455526,attentive,0,2
37.9,True,2.977514101876338,-5.977361510111657,12.390158172231985,0.11670348983178497,0.00793208438995281,attentive,0,2
37.93333333333333,True,2.6004240011588546,-3.4919023761434778,12.37928007023705,0.11665997742380521,0.00794208012188722,attentive,0,2
37.96666666666667,True,1.601081713377035,-1.5059225002549934,12.368421052631579,0.11661654135338334,0.00794429094035147,attentive,0,2
38.0,True,-2.46251552048403,-1.3685931147059844,12.357581069237511,0.11657318141980706,0.007930401819990343,attentive,0,2
38.03333333333333,True,-3.596079622281933,0.9283990194539373,12.34676007005254,0.11652989742306719,0.007907655684393899,attentive,0,2
38.06666666666666,True,4.13281864567991,1.4832168766117362,12.335958005249344,0.11648668916385439,0.007913923741858215,attentive,0,2
38.1,True,1.2576685708986624,-3.520629975835602,12.325174825174825,0.11644355644355632,0.007918730854200477,attentive,0,2
38.13333333333333,True,1.687338921830597,-4.623675971401908,12.314410480349345,0.1164004990642544,0.007927338180606442,attentive,0,2
38.166666666666664,True,-0.5820595443110925,-1.8948453397244145,12.30366492146597,0.11635751682872089,0.00792183774250256,attentive,0,2
38.2,True,0.014334399649692076,2.732014327606385,12.292938099389712,0.11631460954041586,0.007909693651613415,attentive,0,2
38.233333333333334,True,4.7991007140314235,-4.828206395588831,12.282229965156795,0.1162717770034842,0.007930729357537584,attentive,0,2
38.266666666666666,True,3.1844674012780283,2.4941417556459666,12.27154046997389,0.11622901902275258,0.007931321108501742,attentive,0,2
38.3,True,2.438166512084826,1.9915988755881981,12.26086956521739,0.11618633540372658,0.007929998673042333,attentive,0,2
38.333333333333336,True,6.293932904421549,1.1713329947194318,12.250217202432667,0.11614372595258769,0.007945150779251918,attentive,0,2
38.36666666666667,True,5.462106118909232,0.003966523185942705,12.239583333333332,0.11610119047619034,0.007959319235779638,attentive,0,2
38.4,True,0.007273634265808626,-4.154743862121283,12.22896790980052,0.1160587287820591,0.007960451735489671,attentive,0,2
38.43333333333333,True,-1.0900499860753274,-2.3290215833708543,12.218370883882148,0.11601634067838562,0.007953840370826182,attentive,0,2
38.46666666666667,True,-1.8019672344603113,2.80562042578761,12.207792207792208,0.11597402597402585,0.007934621932997266,attentive,0,2
38.5,True,1.9199005573350008,-6.31183244485787,12.197231833910035,0.11593178447849715,0.007947272939705607,attentive,0,2
38.53333333333333,True,8.28516239581769,-4.609080663470168,12.186689714779602,0.11588961600197543,0.007981082855449847,attentive,0,2
38.56666666666666,True,1.239893040262708,-1.584604511985973,12.176165803108809,0.11584752035529225,0.00798199036515539,attentive,0,2
38.6,True,0.15214333443202865,-1.2476013800464514,12.165660051768766,0.11580549734993209,0.00797807893266491,attentive,0,2
38.63333333333333,True,0.7642715373409865,-2.399976509918006,12.155172413793103,0.11576354679802943,0.007978727177999969,attentive,0,2
38.666666666666664,True,4.234575360764875,0.1311497984474741,12.144702842377262,0.11572166851236607,0.007987814313023383,attentive,0,2
38.7,True,1.8028031300078848,2.8479379511147753,12.134251290877797,0.1156798623063682,0.007982389091887487,attentive,0,2
38.733333333333334,True,3.4891695012598074,-1.1590330273681593,12.123817712811693,0.11563812799410379,0.007991074096069275,attentive,0,2
38.766666666666666,True,3.6060153484100885,-1.4011386551423453,12.11340206185567,0.1155964653902797,0.008000652534421187,attentive,0,2
38.8,True,3.3661316359461724,-1.3962228035117266,12.103004291845494,0.115554874310239,0.008009290002108194,attentive,0,2
38.833333333333336,True,-5.035444944730001,-2.126182288908979,12.0926243567753,0.11551335456995822,0.00798727954260467,attentive,0,2
38.86666666666667,True,2.4044686230649863,-4.810053508771259,12.082262210796916,0.11547190598604469,0.007998751912328995,attentive,0,2
38.9,True,-0.2172442936764527,2.628252337794228,12.071917808219178,0.11543052837573373,0.007986076533170518,attentive,0,2
38.93333333333333,True,-0.7923357225516934,-8.671089388830808,12.061591103507272,0.1153892215568861,0.007992715984750789,attentive,0,2
38.96666666666667,True,4.1067614214530925,0.719765916132872,12.051282051282051,0.11534798534798522,0.008000117760123314,attentive,0,2
39.0,True,1.3795860846416335,0.24495472131591445,12.040990606319385,0.11530681956813456,0.007998057155617976,attentive,0,2
39.03333333333333,True,5.040263648407249,0.5007464935814998,12.030716723549489,0.11526572403705498,0.008009397040114004,attentive,0,2
39.06666666666666,True,3.0858114772164784,-3.166588715832632,12.020460358056265,0.11522469857508208,0.008020259942457877,attentive,0,2
39.1,True,5.641614636463682,-1.4158726564523327,12.010221465076661,0.11518374300316367,0.008037466046859305,attentive,0,2
39.13333333333333,True,-0.9531114106327159,-4.450818816342482,12.0,0.11514285714285702,0.008035438124918862,attentive,0,2
39.166666666666664,True,2.131860571248263,0.028417025570290466,11.989795918367346,0.11510204081632641,0.008036608489546057,attentive,0,2
39.2,True,-0.0927086725113091,2.895592264604847,11.979609175870857,0.11506129384634045,0.008023963377812039,attentive,0,2
39.233333333333334,True,-3.948767627893234,-2.3807448998836254,11.96943972835314,0.11502061605626959,0.008006744789100628,attentive,0,2
39.266666666666666,True,-1.2185831405561085,-4.61616717690862,11.959287531806616,0.11498000727008348,0.008004060717365074,attentive,0,2
39.3,True,0.4788594628379552,3.33418101985307,11.949152542372882,0.11493946731234855,0.00799280216855718,attentive,0,2
39.333333333333336,True,3.4024723170934283,-0.43322525513097365,11.939034716342082,0.11489899600822535,0.007999654005820266,attentive,0,2
39.36666666666667,True,1.5333328755616884,-1.6833143206582653,11.928934010152284,0.11485859318346615,0.008001816321611134,attentive,0,2
39.4,True,-1.4694769690053344,3.1484756307800135,11.918850380388841,0.11481825866441239,0.007983617304209961,attentive,0,2
39.43333333333333,True,6.56775186040399,-0.16213780710020953,11.908783783783784,0.11477799227799215,0.00800183242009024,attentive,0,2
39.46666666666667,True,2.898898747778814,-2.505010413494311,11.89873417721519,0.11473779385171778,0.008010650016564709,attentive,0,2
39.5,True,2.349433419076599,2.350308644942384,11.888701517706576,0.11469766321368333,0.008008296195477502,attentive,0,2
39.53333333333333,True,-0.8726635640800919,0.44062784134390887,11.878685762426285,0.11465760019256216,0.007997457127317866,attentive,0,2
39.56666666666666,True,2.409114132162789,-6.8616501233176255,11.868686868686869,0.1146176046176045,0.008012573144303184,attentive,0,2
39.6,True,5.578420409182847,-2.743524389256194,11.858704793944492,0.11457767631863498,0.008031813789649758,attentive,0,2
39.63333333333333,True,4.139873102040928,-2.757749892545907,11.848739495798318,0.1145378151260503,0.00804567593697242,attentive,0,2
39.666666666666664,True,6.3312516343135865,-0.11013902021374,11.838790931989925,0.11449802087081672,0.00806275232118215,attentive,0,2
39.7,True,0.8168586289321023,4.260076188591272,11.828859060402683,0.11445829338446775,0.008051091997775624,attentive,0,2
39.733333333333334,True,-0.9703472053229583,4.026137148158556,11.81894383906119,0.11441863249910178,0.008033228864763046,attentive,0,2
39.766666666666666,True,2.4566343498035206,-4.059184887839785,11.809045226130653,0.11437903804737963,0.008043200017933162,attentive,0,2
39.8,True,-0.8704302141844242,-7.95592232316375,11.799163179916318,0.1143395098625223,0.008048026836876396,attentive,0,2
39.833333333333336,True,6.281585701360754,-1.5370015726075241,11.789297658862877,0.11430004777830853,0.008067496478085492,attentive,0,2
39.86666666666667,True,3.0346965564113706,0.7785184884764271,11.779448621553884,0.11426065162907256,0.008070579187097296,attentive,0,2
39.9,True,1.5985211508809805,-3.1374085421066633,11.769616026711185,0.11422132124970176,0.00807559252452945,attentive,0,2
39.93333333333333,True,-1.9952729185210327,2.103603995939324,11.759799833194329,0.11418205647563434,0.00805756237631516,attentive,0,2
39.96666666666667,True,4.003018296698148,-2.9796852386961477,11.75,0.11414285714285702,0.008071191670320256,attentive,0,2
40.0,False,4.261554018986105,-1.7095628544718198,11.823480432972524,0.11443677887474711,0.008083404890120051,attentive,0,2
40.03333333333333,False,2.5210585246076334,-3.906176107778408,11.896838602329451,0.11695243377439693,0.00809322326866773,attentive,0,2
40.06666666666666,False,4.296293938193091,-6.363047275868927,11.970074812967582,0.11946760083917154,0.008114122289045221,attentive,0,2
40.1,False,-2.9545052643471914,0.261255001458637,12.043189368770763,0.12198228128460684,0.008095994528690434,attentive,0,2
40.13333333333333,False,-1.9859542743505123,-0.577663781402391,12.116182572614107,0.12449647632220232,0.00808301630406119,attentive,0,2
40.166666666666664,False,1.6685104461178157,-1.8190296726385635,12.189054726368159,0.12701018715944062,0.008085814706913679,attentive,0,2
40.2,False,4.3266172890106676,-2.552300875441283,12.261806130903064,0.1295234149998028,0.008099746252224092,attentive,0,2
40.233333333333334,False,2.0281737658800125,-2.8477254014278435,12.334437086092716,0.1320361610427835,0.008105741813518587,attentive,0,2
40.266666666666666,False,3.985937254851539,-3.0722995948683187,12.40694789081886,0.1345484264839102,0.008119337237263624,attentive,0,2
40.3,False,4.447858900269592,-2.234110528993745,12.479338842975206,0.13706021251475764,0.008133067497268701,attentive,0,2
40.333333333333336,False,5.023879389041259,-1.9215561140837996,12.551610239471511,0.13957152032296544,0.008148315565015092,attentive,0,2
40.36666666666667,False,2.164260737137872,-1.8185182297692917,12.623762376237623,0.14208235109225198,0.008152863232231425,attentive,0,2
40.4,True,-1.703560390322663,1.7310626826767945,12.61335531739489,0.11845342126957942,0.0081367288145016,attentive,0,2
40.43333333333333,True,1.314010811756037,-5.179766047620997,12.602965403624383,0.1184118616144974,0.008144318526573,attentive,0,2
40.46666666666667,True,0.3206680840587721,-4.955685540665945,12.592592592592592,0.11837037037037024,0.008147852277596002,attentive,0,2
40.5,True,8.000518194968775,-3.7038218298861625,12.582236842105262,0.11832894736842092,0.008177162081497508,attentive,0,2
40.53333333333333,True,3.9826451445783495,-2.1535680607283796,12.571898110106819,0.11828759244042714,0.008188919838117998,attentive,0,2
40.56666666666666,True,4.254994044911285,-2.190564453632951,12.561576354679804,0.11824630541871908,0.008201719580165622,attentive,0,2
40.6,True,5.271970896792444,-3.988340734673023,12.551271534044298,0.11820508613617706,0.008221483519126854,attentive,0,2
40.63333333333333,True,1.2213857322584096,4.448284663891675,12.540983606557376,0.11816393442622938,0.008211091568702478,attentive,0,2
40.666666666666664,True,2.4386800247861222,-2.6875437354199803,12.530712530712531,0.11812285012285,0.008218134816639645,attentive,0,2
40.7,True,4.600553013109715,-3.095522226898043,12.520458265139117,0.11808183306055633,0.008233771237053593,attentive,0,2
40.733333333333334,True,1.7960647205226814,-0.9299485975373851,12.510220768601798,0.11804088307440706,0.008235255530652045,attentive,0,2
40.766666666666666,True,5.874941214675188,-4.880000734183812,12.5,0.11799999999999987,0.008258719615936615,attentive,0,2
40.8,True,-0.6773634760129916,0.9444618004357688,12.489795918367347,0.11795918367346925,0.008247806940055195,attentive,0,2
40.833333333333336,True,2.590226547844381,-0.37032834535335724,12.479608482871125,0.11791843393148438,0.00825114075973621,attentive,0,2
40.86666666666667,True,4.902616336710264,0.5133830248602733,12.469437652811736,0.1178777506112468,0.008261244601639097,attentive,0,2
40.9,True,1.8679364898972965,0.9603107534704582,12.45928338762215,0.11783713355048847,0.008259539936701686,attentive,0,2
40.93333333333333,True,2.72766874327764,-4.248597456802202,12.449145646867372,0.11779658258746936,0.00827036561606493,attentive,0,2
40.96666666666667,True,-0.6431200553586249,-0.29625258279757505,12.439024390243903,0.11775609756097548,0.008261853146227262,attentive,0,2
41.0,True,0.7193714139634346,-7.908927633258179,12.428919577579203,0.11771567831031668,0.008272016223301698,attentive,0,2
41.03333333333333,True,3.0363685176322712,-0.026331701347295677,12.41883116883117,0.11767532467532454,0.008276303130654016,attentive,0,2
41.06666666666666,True,4.315112369238509,-3.449432495945079,12.408759124087592,0.11763503649635024,0.008291361832691736,attentive,0,2
41.1,True,0.5534447737695893,-3.532405924096959,12.39870340356564,0.11759481361426244,0.008292997313777497,attentive,0,2
41.13333333333333,True,4.327348603986756,-7.5775135143977455,12.388663967611336,0.11755465587044522,0.008315490092780957,attentive,0,2
41.166666666666664,True,1.6524494644056642,-1.9824606164238956,12.37864077669903,0.11751456310679598,0.008318268569953706,attentive,0,2
41.2,True,4.123738432352253,-0.9191908156130784,12.36863379143088,0.1174745351657234,0.008328011580505829,attentive,0,2
41.233333333333334,True,2.548513586840349,-4.785027724460174,12.358642972536348,0.11743457189014525,0.008339022978256526,attentive,0,2
41.266666666666666,True,0.07709390616631895,1.1811708731717225,12.34866828087167,0.11739467312348656,0.008330450575062095,attentive,0,2
41.3,True,0.18124541736463695,-5.640164977587169,12.338709677419354,0.11735483870967728,0.008334489917451948,attentive,0,2
41.333333333333336,True,3.353040226901136,-1.4813017622172826,12.32876712328767,0.11731506849315054,0.00834243487537686,attentive,0,2
41.36666666666667,True,2.8644624297145604,-3.790942932875905,12.318840579710146,0.11727536231884045,0.008352751161113815,attentive,0,2
41.4,True,6.038799473444502,-4.165396152142372,12.308930008045053,0.11723572003218008,0.008375070383562248,attentive,0,2
41.43333333333333,True,-3.7549887336111905,1.4349372021176632,12.29903536977492,0.11719614147909954,0.008352359243258669,attentive,0,2
41.46666666666667,True,-0.14857010102784884,-1.6093360557769953,12.289156626506024,0.11715662650602396,0.008347992682248862,attentive,0,2
41.5,True,3.7065101340325053,-0.3700279129226607,12.279293739967898,0.11711717495987145,0.008355173797772272,attentive,0,2
41.53333333333333,True,4.244870218821374,-3.4261178218609043,12.269446672012831,0.11707778668805119,0.00836970828953117,attentive,0,2
41.56666666666666,True,2.9097721322904917,-0.9976853738606674,12.259615384615383,0.1170384615384614,0.008375140734168195,attentive,0,2
41.6,True,-1.0430114831449067,2.3702867500754,12.249799839871898,0.11699919935948747,0.008360506585877578,attentive,0,2
41.63333333333333,True,2.9628207784754887,-3.646169277022008,12.24,0.11695999999999987,0.008370834733202607,attentive,0,2
41.666666666666664,True,4.147088502340631,-0.9570903285383573,12.23021582733813,0.11692086330935239,0.008380576969108598,attentive,0,2
41.7,True,7.884763525030812,0.7101287595121226,12.220447284345049,0.11688178913738007,0.008400612713969177,attentive,0,2
41.733333333333334,True,1.268559914539995,2.357714565186126,12.210694333599362,0.11684277733439732,0.008394226493418689,attentive,0,2
41.766666666666666,True,-5.281451165950057,-8.648914396884088,12.200956937799043,0.11680382775119605,0.008384140741412568,attentive,0,2
41.8,True,4.324642939217842,1.9145868507908244,12.191235059760956,0.11676494023904369,0.008389385249060216,attentive,0,2
41.833333333333336,True,4.628506428880676,-5.3638076484051425,12.181528662420382,0.1167261146496814,0.008408574203667592,attentive,0,2
41.86666666666667,True,2.6413216951151703,2.0761947019804126,12.17183770883055,0.11668735083532207,0.008407553413950629,attentive,0,2
41.9,True,-2.308911199569265,-2.7842863721048956,12.162162162162163,0.11664864864864852,0.008397631253443102,attentive,0,2
41.93333333333333,True,1.9337119039278714,-3.9181631456452397,12.152501985702939,0.11661000794281162,0.008404703273369767,attentive,0,2
41.96666666666667,True,-3.1938116044127574,-2.828970008539983,12.142857142857142,0.11657142857142844,0.008391756589642602,attentive,0,2
42.0,True,3.5405809876938905,-1.17498130604271,12.133227597145122,0.11653291038858035,0.008399651298984555,attentive,0,2
42.03333333333333,True,6.2751868913812965,-4.0426829223194325,12.123613312202853,0.11649445324881127,0.00842221374593039,attentive,0,2
42.06666666666666,True,1.9930057919472213,0.1530504467167293,12.114014251781473,0.11645605700712576,0.008422289341868647,attentive,0,2
42.1,True,2.0174443362697163,-0.26317870064783455,12.104430379746836,0.11641772151898722,0.008423182515513772,attentive,0,2
42.13333333333333,True,6.94976162277359,-1.426975399883893,12.09486166007905,0.11637944664031608,0.008443447893666516,attentive,0,2
42.166666666666664,True,-2.4260007862009774,-4.302110669689953,12.085308056872037,0.11634123222748802,0.008435813274647977,attentive,0,2
42.2,True,-0.31101602800482775,0.061670556850302205,12.075769534333071,0.11630307813733215,0.008427956011495383,attentive,0,2
42.233333333333334,True,2.7054645901598797,-2.974707049945458,12.066246056782335,0.1162649842271292,0.008436005531343074,attentive,0,2
42.266666666666666,True,-1.3427589536390883,-3.992132416039435,12.056737588652481,0.1162269503546098,0.008431645864097923,attentive,0,2
42.3,True,-0.16913194607050985,-1.7335795790053437,12.047244094488189,0.11618897637795263,0.008427448270131204,attentive,0,2
42.333333333333336,True,-3.537413514081956,-5.254810313224184,12.037765538945711,0.11615106215578272,0.008417635579447582,attentive,0,2
42.36666666666667,True,4.060646607266296,1.2979886389576927,12.028301886792454,0.11611320754716968,0.008422938459539862,attentive,0,2
42.4,True,-2.2268822453053456,-5.542274137735295,12.018853102906519,0.11607541241162594,0.00841822201952997,attentive,0,2
42.43333333333333,True,0.09576501425313211,0.8213306572925252,12.009419152276294,0.11603767660910505,0.008410515756600307,attentive,0,2
42.46666666666667,True,6.141677835190545,-0.35240826313848417,12.0,0.11599999999999987,0.008425942391620873,attentive,0,2
42.5,False,1.0814057233953567,-7.58075559081778,12.068965517241379,0.11627586206896538,0.008436307931435188,attentive,0,2
42.53333333333333,False,5.639168519945949,-0.169160937435064,12.137823022709474,0.11877351431305987,0.008449622400082506,attentive,0,2
42.56666666666666,False,-0.6794043755994834,1.9845214676807896,12.206572769953052,0.12127073552425627,0.00843719732566255,attentive,0,2
42.6,False,4.391848392712983,0.6792494806914624,12.275215011727912,0.12376752671357828,0.008444681833538817,attentive,0,2
42.63333333333333,False,1.8646504474769736,-0.033882192899039376,12.34375,0.12626388888888873,0.008444617729828333,attentive,0,2
42.666666666666664,False,0.48319513302286876,-4.39183636684817,12.412177985948478,0.12875982305490474,0.008447320737295538,attentive,0,2
42.7,False,6.264081521801465,-3.0640798808522636,12.480499219968799,0.1312553302132086,0.008467759199061307,attentive,0,2
42.733333333333334,False,3.037920995925119,-3.328005733408287,12.548713951675762,0.13375041136225854,0.008477447180503554,attentive,0,2
42.766666666666666,False,2.7027389738349674,5.1980375251945645,12.616822429906541,0.13624506749740375,0.00847120382500208,attentive,0,2
42.8,False,6.164218620246015,-0.33822852109888957,12.684824902723735,0.1387392996108946,0.008486516620575518,attentive,0,2
42.833333333333336,False,2.474101976264469,-2.4533064465106382,12.752721617418352,0.14123310869189565,0.008492707354841597,attentive,0,2
42.86666666666667,False,0.7567880558259056,-3.513969246797818,12.82051282051282,0.14372649572649562,0.008494789418294539,attentive,0,2
42.9,True,0.4084478957917803,0.6923723804519135,12.81055900621118,0.11999223602484457,0.008488408928599749,attentive,0,2
42.93333333333333,True,3.3776862383850332,-0.9080229945546329,12.800620636152054,0.11995248254460808,0.008495035273662164,attentive,0,2
42.96666666666667,True,1.252327980624167,0.5457625215458966,12.790697674418606,0.11991279069767427,0.00849182446843659,attentive,0,2
43.0,True,0.624567962676243,1.3800209437560984,12.780790085205268,0.11987316034082093,0.008485021462964176,attentive,0,2
43.03333333333333,True,1.5895040538163492,0.16667038269791012,12.770897832817338,0.11983359133126921,0.008483635288328127,attentive,0,2
43.06666666666666,True,1.0755704640631087,-2.513844865720118,12.761020881670534,0.119794083526682,0.00848509159135141,attentive,0,2
43.1,True,7.551314752499,-3.4869082659087836,12.75115919629057,0.11975463678516214,0.00851045866426022,attentive,0,2
43.13333333333333,True,3.5302468309244195,0.012068633102495507,12.741312741312742,0.11971525096525082,0.008515981990952333,attentive,0,2
43.166666666666664,True,1.9486683224387404,-0.3721621272860256,12.731481481481483,0.11967592592592578,0.008516731831275095,attentive,0,2
43.2,True,0.904430539884082,-2.6854316540553844,12.72166538164996,0.1196366615265997,0.008517865667323668,attentive,0,2
43.233333333333334,True,6.409567518783608,-4.348182956170574,12.711864406779661,0.1195974576271185,0.008540694426857039,attentive,0,2
43.266666666666666,True,0.663483620156165,-4.60801158995385,12.702078521939955,0.11955831408775967,0.00854427267737142,attentive,0,2
43.3,True,8.2894681158848,-5.01150697341596,12.692307692307692,0.11951923076923063,0.008574606900448973,attentive,0,2
43.333333333333336,True,2.1502517000433783,-2.255162258317722,12.682551883166795,0.11948020753266704,0.008579213771323004,attentive,0,2
43.36666666666667,True,0.10847427691835443,0.6279053816909497,12.672811059907835,0.11944124423963119,0.008571923102224268,attentive,0,2
43.4,True,-0.10869962205160211,-1.1513314116236717,12.663085188027628,0.11940234075211037,0.008566937286195479,attentive,0,2
43.43333333333333,True,-6.181555115901926,-7.578570403200512,12.653374233128833,0.11936349693251519,0.008552213936489632,attentive,0,2
43.46666666666667,True,0.06550470180876555,-1.5130581278830264,12.643678160919542,0.11932471264367803,0.00854846011998913,attentive,0,2
43.5,True,-2.513800662479587,0.07039221509514748,12.633996937212864,0.11928598774885131,0.008533240108769036,attentive,0,2
43.53333333333333,True,-1.8620806258526148,0.6601269676196271,12.62433052792655,0.11924732211170605,0.008519256862542271,attentive,0,2
43.56666666666666,True,1.2407606680653898,-2.116523732714264,12.614678899082568,0.11920871559633013,0.008520555502502688,attentive,0,2
43.6,True,2.9916393727946335,2.2769573457243153,12.605042016806722,0.11917016806722674,0.008520338324714279,attentive,0,2
43.63333333333333,True,-0.5397829461076735,2.2401526679464023,12.595419847328243,0.11913167938931282,0.0085082028356451,attentive,0,2
43.666666666666664,True,-3.1987686488282057,-5.239901186788251,12.585812356979407,0.11909324942791748,0.008499750717013166,attentive,0,2
43.7,True,-2.054709178098989,-2.5823941931564085,12.576219512195122,0.11905487804878034,0.008490685825438476,attentive,0,2
43.733333333333334,True,2.387429356316252,-0.36204133240578984,12.566641279512567,0.11901656511805012,0.008492913279823837,attentive,0,2
43.766666666666666,True,-0.123185847305326,-3.0868820352504684,12.557077625570775,0.11897831050228296,0.008491253715076195,attentive,0,2
43.8,True,5.53134520099707,-1.8631440834551856,12.547528517110266,0.11894011406844092,0.008506639892201103,attentive,0,2
43.833333333333336,True,1.9645452617245898,1.111456761950697,12.537993920972646,0.11890197568389044,0.008504933789212262,attentive,0,2
43.86666666666667,True,-2.249580043840351,-7.1585398169045575,12.52847380410023,0.11886389521640077,0.008502963249305199,attentive,0,2
43.9,True,2.0143608032389957,-1.4262225063742795,12.51896813353566,0.1188258725341425,0.008505709178576258,attentive,0,2
43.93333333333333,True,-1.6146688307003139,-2.82361687834933,12.509476876421532,0.11878790750568599,0.008498577024733429,attentive,0,2
43.96666666666667,True,0.679713693774859,-2.144165956199973,12.5,0.11874999999999986,0.008498037014098108,attentive,0,2
44.0,True,5.695070220321486,0.0755217982083225,12.490537471612415,0.11871214988644951,0.008510637740796889,attentive,0,2
44.03333333333333,True,5.899037146799251,-0.9722117047823499,12.48108925869894,0.11867435703479562,0.008525666315372485,attentive,0,2
44.06666666666666,True,-2.7645195565290788,1.2425191919958003,12.471655328798185,0.11863662131519259,0.008507848043520682,attentive,0,2
44.1,True,-0.8439379181122237,-0.17765688885615427,12.462235649546828,0.11859894259818717,0.00849888740141435,attentive,0,2
44.13333333333333,True,1.3989749451894025,-4.42949693510713,12.452830188679245,0.11856132075471684,0.008504594650881601,attentive,0,2
44.166666666666664,True,6.219587438347374,-2.1862121759377966,12.44343891402715,0.11852375565610845,0.008522691382002325,attentive,0,2
44.2,True,7.999069423332269,-1.24031663891648,12.434061793519216,0.11848624717407671,0.008545136738049684,attentive,0,2
44.233333333333334,True,0.18420747115288405,-1.7392634339609314,12.424698795180724,0.11844879518072275,0.008542229052045908,attentive,0,2
44.266666666666666,True,1.4211999900998535,-4.3901652186545554,12.415349887133182,0.11841139954853258,0.008547895070147127,attentive,0,2
44.3,True,0.0004302524506085703,4.991127037356229,12.406015037593985,0.1183740601503758,0.008533130125595713,attentive,0,2
44.333333333333336,True,3.2572194043707796,-6.665854165163507,12.396694214876034,0.11833677685950399,0.008548724723504365,attentive,0,2
44.36666666666667,True,9.934686213771197,-6.6446150060643525,12.387387387387387,0.11829954954954941,0.008586540975269515,attentive,0,2
44.4,True,2.5473172857310353,-4.655542483974965,12.378094523630907,0.11826237809452347,0.0085963538178411,attentive,0,2
44.43333333333333,True,2.9061012780292397,-0.3211129028003479,12.368815592203898,0.11822526236881545,0.008600126858388877,attentive,0,2
44.46666666666667,True,1.3835576040087079,-2.3388136169917404,12.359550561797752,0.11818820224719087,0.00860218407310171,attentive,0,2
44.5,True,5.889744855041006,-3.157038312486746,12.350299401197605,0.11815119760479027,0.008620589836890253,attentive,0,2
44.53333333333333,True,-1.7031508118686374,-2.4183017924943124,12.341062079281974,0.11811424831712775,0.0086124999752467,attentive,0,2
44.56666666666666,True,2.826946953170215,0.40904505676089675,12.331838565022421,0.11807735426008954,0.008614774055732863,attentive,0,2
44.6,True,4.344079231245204,-1.4399499960529918,12.322628827483197,0.11804051530993265,0.008625149062177912,attentive,0,2
44.63333333333333,True,6.7675701674185555,-4.450783727345851,12.313432835820896,0.11800373134328344,0.008648539786861498,attentive,0,2
44.666666666666664,True,-0.2517686765113021,-0.8784138980156007,12.304250559284116,0.11796700223713633,0.008642711687832424,attentive,0,2
44.7,True,0.06652720452168537,-3.454422275840175,12.295081967213115,0.11793032786885231,0.008642212029652856,attentive,0,2
44.733333333333334,True,5.382519011088765,-5.609912824979577,12.285927029039465,0.11789370811615771,0.00866287216936298,attentive,0,2
44.766666666666666,True,3.9251535035846445,-6.346876420233967,12.276785714285714,0.11785714285714272,0.008679900758898677,attentive,0,2
44.8,True,6.028122745713634,-1.8507929227899407,12.267657992565056,0.11782063197026008,0.008696424646668546,attentive,0,2
44.833333333333336,True,1.2717960952913803,1.5322903772010628,12.25854383358098,0.11778417533432378,0.008691633348538088,attentive,0,2
44.86666666666667,True,-0.759908448171476,-0.5640316498123124,12.24944320712695,0.11774777282850765,0.008683603949456387,attentive,0,2
44.9,True,-1.8015278367075966,0.5094200570077692,12.240356083086052,0.11771142433234406,0.008670382555609242,attentive,0,2
44.93333333333333,True,1.5460192693662567,-3.746745846713652,12.23128243143069,0.11767512972572261,0.008675220892213181,attentive,0,2
44.96666666666667,True,2.4604043278216063,-4.047600937880618,12.222222222222221,0.11763888888888874,0.008683557616809114,attentive,0,2
45.0,False,8.671378419954214,-8.122576241094592,12.28719467061436,0.1178987786824573,0.00871901732920888,attentive,0,2
45.03333333333333,False,3.279523076324563,-0.03205409163453199,12.35207100591716,0.1203805062458906,0.008723401849994778,attentive,0,2
45.06666666666666,False,-6.827069665202344,-1.0934879781693896,12.416851441241686,0.12286185020941079,0.008696324273933789,attentive,0,2
45.1,False,-0.559366210809958,-5.317278560031063,12.481536189069423,0.12534281142294432,0.008696792352409319,attentive,0,2
45.13333333333333,False,0.6629962357122468,-3.724885790513334,12.546125461254611,0.12782339073390717,0.008698657578655079,attentive,0,2
45.166666666666664,False,2.8692231641179085,4.114721871329562,12.610619469026549,0.130303588987217,0.008694903610360278,attentive,0,2
45.2,False,-3.820826866970819,-4.468973134049173,12.675018422991894,0.13278340702530095,0.008683300585346679,attentive,0,2
45.233333333333334,False,-3.5790221302652756,-4.942292043772275,12.739322533136965,0.13526284568810334,0.00867328056001504,attentive,0,2
45.266666666666666,False,5.39290780266435,-2.4796130858421055,12.803532008830022,0.13774190581309767,0.008688589941814017,attentive,0,2
45.3,False,4.373967188300987,-4.4001153786685485,12.867647058823529,0.14022058823529376,0.008703685014169335,attentive,0,2
45.333333333333336,False,3.422952011289297,-0.20225422527332015,12.93166789125643,0.14269889378724795,0.008708798084610146,attentive,0,2
45.36666666666667,False,4.607423207127552,-1.5515420424409878,12.995594713656388,0.1451768232990699,0.008719970264930953,attentive,0,2
45.4,False,-0.07046109727244043,-1.1141116507702897,13.059427732942039,0.14765437759843458,0.008715159313332364,attentive,0,2
45.43333333333333,False,5.444269628404776,5.547419247328188,13.12316715542522,0.1501315575105894,0.008717471627308387,attentive,0,2
45.46666666666667,False,0.49720805035093485,1.0833013778378677,13.186813186813188,0.15260836385836385,0.008710940495831912,attentive,0,2
45.5,False,0.005565987435183883,-1.7966981149711274,13.250366032210833,0.15508479746217652,0.008707504521969407,attentive,0,2
45.53333333333333,False,2.233764894351451,-3.446874743826121,13.313825896122896,0.15756085914004686,0.008714000543261192,attentive,0,2
45.56666666666666,False,-1.087578922701067,-3.103372178216687,13.37719298245614,0.16003654970760195,0.008709138480376766,attentive,0,2
45.6,False,-3.177252486445738,4.405491253808062,13.440467494521549,0.16251186997808614,0.008685310692789933,attentive,0,2
45.63333333333333,False,-1.2595169354803326,1.0640823485875128,13.503649635036496,0.16498682076236804,0.008673159020395277,attentive,0,2
45.666666666666664,False,1.2088711771528682,3.187776730306645,13.566739606126916,0.1674614028689518,0.008665584734091398,attentive,0,2
45.7,False,1.2493806236853535,-1.588241579741346,13.629737609329446,0.1699356171039845,0.008665888410309037,attentive,0,2
45.733333333333334,False,3.067540864257575,-6.194082731704465,13.692643845593592,0.1724094642712632,0.00867953171317475,attentive,0,2
45.766666666666666,False,3.2093038754003196,1.7452087508699194,13.755458515283841,0.17488294517224628,0.008680773197452613,attentive,0,2
45.8,False,-0.9548504217970544,-0.8344146931352621,13.818181818181818,0.1773560606060603,0.008672722071651703,attentive,0,2
45.833333333333336,False,-0.1761991954529858,-3.9524643880219106,13.880813953488373,0.17982881136950907,0.008672233281381796,attentive,0,2
45.86666666666667,False,-1.6778001674429428,-2.2619428286397243,13.943355119825709,0.1823011982570805,0.00866417040317173,attentive,0,2
45.9,False,7.923888864654938,-4.2318817586141115,14.005805515239478,0.1847732220609577,0.008690264231274447,attentive,0,2
45.93333333333333,False,3.319526914009179,0.5656178877536311,14.068165337200869,0.18724488357102534,0.008693749554030376,attentive,0,2
45.96666666666667,False,2.4683418316694254,-0.6889560749492345,14.130434782608695,0.18971618357487918,0.008696508736701834,attentive,0,2
46.0,False,2.0652436018548643,1.451972873720013,14.192614047791455,0.19218712285783235,0.008694521586325252,attentive,0,2
46.03333333333333,False,0.7278123121070228,-3.7127612255697473,14.254703328509407,0.19465770220292627,0.008696540964257295,attentive,0,2
46.06666666666666,False,1.7671109940254397,-4.612855546398822,14.316702819956618,0.19712792239093718,0.00870334362208735,attentive,0,2
46.1,False,-3.195038655430964,6.064605745684216,14.378612716763007,0.19959778420038532,0.008677057193560558,attentive,0,2
46.13333333333333,False,-2.3836550338731746,-2.074126403769562,14.440433212996389,0.20206728840754096,0.008666470977112779,attentive,0,2
46.166666666666664,False,0.29690514868577567,-0.1359790590498302,14.502164502164502,0.2045364357864355,0.008661388208821485,attentive,0,2
46.2,False,0.12098490801460016,-1.3246092881560507,14.563806777217014,0.2070052271088681,0.008657653456614827,attentive,0,2
46.233333333333334,False,0.6261201717964645,-0.4326467828211409,14.625360230547551,0.20947366314441235,0.008654113499956068,attentive,0,2
46.266666666666666,False,3.7798425632378407,-5.169670366845306,14.686825053995682,0.21194174466042695,0.00866824837623531,attentive,0,2
46.3,False,0.5610918069247375,-2.5577984804711957,14.748201438848922,0.21440947242206204,0.00866789549106347,attentive,0,2
46.333333333333336,False,1.2802525694103315,-1.5266687728886073,14.809489575844717,0.2168768471922678,0.008668193631395336,attentive,0,2
46.36666666666667,False,-0.49060588131157723,-2.287578711974391,14.870689655172415,0.21934386973180064,0.008664051996362165,attentive,0,2
46.4,False,-5.008944103777713,-2.9232073885675924,14.931801866475233,0.22181054079923404,0.008646514301192109,attentive,0,2
46.43333333333333,False,3.2243585263083445,-0.1646946102951694,14.992826398852225,0.2242768611509641,0.008650854298366309,attentive,0,2
46.46666666666667,False,0.4057441215987305,3.3220137360544624,15.053763440860216,0.22674283154121863,0.0086406537250057,attentive,0,2
46.5,True,5.057601505096334,-0.9952046114584258,15.04297994269341,0.1425248609472441,0.008652150244339352,attentive,0,2
46.53333333333333,True,-0.1122389948145961,1.9466534881741884,15.032211882605583,0.1424817887068928,0.008642503224395411,attentive,0,2
46.56666666666666,True,-1.418692443953088,-6.716515417249842,15.021459227467812,0.1424387780863417,0.008642487335154221,attentive,0,2
46.6,True,-0.6430235780635591,0.7965001632478583,15.010721944245889,0.142395828953454,0.008633001723812476,attentive,0,2
46.63333333333333,True,2.9310882294125387,1.2631578250382076,15.0,0.14235294117647046,0.008634135323587193,attentive,0,2
46.666666666666664,True,4.788080803241268,-4.107369669731594,14.989293361884368,0.14231011462400794,0.00864967687387762,attentive,0,2
46.7,True,3.823319568794245,0.0887832106179205,14.978601997146935,0.1422673491650582,0.008655486830025545,attentive,0,2
46.733333333333334,True,-0.4326140985790681,-7.601437569531386,14.96792587312901,0.1422246446689865,0.008659987091843652,attentive,0,2
46.766666666666666,True,2.108871208875742,0.09923483622392837,14.957264957264957,0.1421820010055303,0.008660337698665744,attentive,0,2
46.8,True,1.270860662816176,-0.8661521162468702,14.94661921708185,0.14213941804479785,0.008659563829907308,attentive,0,2
46.833333333333336,True,-4.584081609931892,-8.878425039154731,14.935988620199147,0.14209689565726705,0.00865294688363867,attentive,0,2
46.86666666666667,True,5.59306757236785,1.4082107656512417,14.925373134328357,0.1420544337137839,0.008662240255322234,attentive,0,2
46.9,True,4.0833793755813605,-4.04089004612686,14.914772727272727,0.14201203208556137,0.008675355218520458,attentive,0,2
46.93333333333333,True,-2.9928957542814425,1.676535504690054,14.9041873669269,0.14196969064417805,0.008657113381344228,attentive,0,2
46.96666666666667,True,1.4019708812029636,-6.693352064406174,14.893617021276595,0.14192740926157685,0.008665941738799244,attentive,0,2
47.0,True,0.415501923515875,-1.8702225468816784,14.8830616583983,0.14188518781006365,0.008664054271457649,attentive,0,2
47.03333333333333,True,-0.4965617779410687,-4.9083489836849115,14.872521246458922,0.14184302616230615,0.008664080083553408,attentive,0,2
47.06666666666666,True,-0.8425603507400428,-2.358663021290529,14.8619957537155,0.14180092419133244,0.008659007670692217,attentive,0,2
47.1,True,3.8784451900225014,-2.0994583925488106,14.85148514851485,0.14175888177052987,0.00866837399997209,attentive,0,2
47.13333333333333,True,4.648788907182181,1.8534083225138316,14.840989399293287,0.1417168987736436,0.008673938823202342,attentive,0,2
47.166666666666664,True,2.4025669739164917,-2.3436579832219424,14.83050847457627,0.14167497507477556,0.008679032231018749,attentive,0,2
47.2,True,-2.2830080136765036,-0.727461694083734,14.820042342978123,0.14163311054838296,0.008666887451222264,attentive,0,2
47.233333333333334,True,0.5049493405457566,-2.8823620287268046,14.809590973201692,0.14159130506927722,0.008666875166873055,attentive,0,2
47.266666666666666,True,6.356368816051578,-0.05681282262962739,14.799154334038056,0.1415495585126227,0.00868076516237793,attentive,0,2
47.3,True,0.22103058544071863,-1.7597303705447682,14.788732394366196,0.14150787075393526,0.008678097630638268,attentive,0,2
47.333333333333336,True,-6.1385729400032085,-4.787042890833645,14.77832512315271,0.1414662416690813,0.008660277242925455,attentive,0,2
47.36666666666667,True,1.9857961543712328,-3.499845532283564,14.767932489451477,0.14142467113427637,0.008665862979887026,attentive,0,2
47.4,True,-0.42944918459915415,0.6291684064556076,14.757554462403375,0.14138315902608395,0.008657449291877964,attentive,0,2
47.43333333333333,True,2.799175127048112,4.712841996871279,14.747191011235955,0.1413417052214143,0.008652751501734205,attentive,0,2
47.46666666666667,True,2.5533520217750856,-3.1728257870009555,14.736842105263156,0.1413003095975231,0.008659590942911237,attentive,0,2
47.5,False,5.395557349509638,-1.6543143859052591,14.79663394109397,0.14153947694084634,0.008672912764885079,attentive,0,2
47.53333333333333,False,0.827853535149044,-5.195335506211516,14.856341976173793,0.14400053130338772,0.008677503953598481,attentive,0,2
47.56666666666666,False,-0.9034308758571754,-1.3513494254341323,14.915966386554622,0.14646125116713316,0.008670718411884507,attentive,0,2
47.6,False,2.524622536911764,-1.3858639794763006,14.975507347795661,0.14892163723431986,0.008674657896789183,attentive,0,2
47.63333333333333,False,0.9074923415841689,-6.374685151902309,15.034965034965033,0.15138169020521947,0.008681318462106223,attentive,0,2
47.666666666666664,False,-5.251042373829633,-0.3603732455614024,15.09433962264151,0.15384141077814745,0.008659502630426674,attentive,0,2
47.7,False,4.397898997606059,-2.0128084800747157,15.153631284916202,0.1563007996494688,0.008670228624051122,attentive,0,2
47.733333333333334,False,-0.08388114454491258,-5.53921585088464,15.212840195394278,0.1587598575136032,0.008672507992401858,attentive,0,2
47.766666666666666,False,5.720220843933144,0.3176802689765166,15.271966527196653,0.1612185850630348,0.008683696792684378,attentive,0,2
47.8,False,3.5579022194345518,0.32104996451415024,15.33101045296167,0.16367698298831695,0.008688167703900244,attentive,0,2
47.833333333333336,False,7.229468388678726,-1.8525016382672144,15.389972144846798,0.16613505197808004,0.008707359537618706,attentive,0,2
47.86666666666667,False,-1.9825781365580644,-2.1427920790281116,15.44885177453027,0.16859279271903604,0.008698481974816546,attentive,0,2
47.9,True,3.4768740693400217,-3.9446509190852277,15.438108484005564,0.14397465615824434,0.008709274869530033,attentive,0,2
47.93333333333333,True,-0.008073598129010984,-4.802491252575452,15.427380125086865,0.14393174272256953,0.008710614025371325,attentive,0,2
47.96666666666667,True,-0.146246439925513,-2.750158844861295,15.416666666666668,0.14388888888888876,0.008708357682244153,attentive,0,2
48.0,True,3.3457643646455453,0.5832169846387223,15.405968077723802,0.1438460945331173,0.008711734273789597,attentive,0,2
48.03333333333333,True,4.399873779463438,-5.568336260689472,15.39528432732316,0.14380335953151474,0.008727835064969148,attentive,0,2
48.06666666666666,True,1.3031742039998246,-3.9291828897934833,15.384615384615385,0.14376068376068363,0.00873185139748406,attentive,0,2
48.1,True,2.661982266084588,1.012362649314809,15.373961218836566,0.14371806709756835,0.008732439684270742,attentive,0,2
48.13333333333333,True,5.262362528667067,-1.598770149829442,15.363321799307958,0.14367550941945392,0.00874504083359676,attentive,0,2
48.166666666666664,True,-1.2176424947641957,-0.9201063517438512,15.352697095435685,0.14363301060396483,0.00873666455111189,attentive,0,2
48.2,True,0.7717274575397304,-4.110417463533443,15.342087076710436,0.14359057052906382,0.008739309676398863,attentive,0,2
48.233333333333334,True,-0.4772740191981417,-6.773582900952235,15.331491712707182,0.1435481890730508,0.00874220462039545,attentive,0,2
48.266666666666666,True,-0.1622220259115137,-3.226500181536869,15.320910973084887,0.14350586611456162,0.0087406220179118,attentive,0,2
48.3,True,-5.4173634900005,-5.227037473768165,15.310344827586206,0.1434636015325669,0.008725999842564228,attentive,0,2
48.333333333333336,True,8.850880981804348,-4.954481279446833,15.299793246037217,0.14342139520637096,0.008754684341092295,attentive,0,2
48.36666666666667,True,9.55030622391334,-5.556063414014405,15.289256198347106,0.1433792470156105,0.00878639090354768,attentive,0,2
48.4,True,2.1488966724207956,-0.5549414045107828,15.278733654507914,0.14333715684025375,0.008787765620750029,attentive,0,2
48.43333333333333,True,-7.014361263146629,0.33852519299080175,15.268225584594223,0.14329512456059898,0.008759763569323129,attentive,0,2
48.46666666666667,True,-0.5212710854714664,-2.1599047129317075,15.257731958762887,0.14325315005727363,0.008755449661626745,attentive,0,2
48.5,True,-8.449318493502444,-4.605285650115251,15.247252747252748,0.14321123321123308,0.008730673557101987,attentive,0,2
48.53333333333333,True,6.570608305483622,-0.9545009661458614,15.236787920384351,0.1431693739037595,0.008746180175688758,attentive,0,2
48.56666666666666,True,-1.275757025308775,-2.8673979720544622,15.22633744855967,0.14312757201646076,0.008740662880828793,attentive,0,2
48.6,True,9.117389577786053,-0.7928217494966221,15.215901302261821,0.14308582743126938,0.008763653213033035,attentive,0,2
48.63333333333333,True,0.04040929100574986,3.357995501911484,15.205479452054796,0.14304414003044127,0.008752662618107978,attentive,0,2
48.666666666666664,True,0.6269317565619844,2.0077079780352234,15.195071868583163,0.14300250969655473,0.008745525128347446,attentive,0,2
48.7,True,1.3473832012050049,-0.748257914363931,15.18467852257182,0.14296093631250936,0.008744776592109442,attentive,0,2
48.733333333333334,True,11.258877223274567,-1.319381182598686,15.174299384825702,0.1429194197615249,0.008775006691847727,attentive,0,2
48.766666666666666,True,4.903387915611278,-0.30645345128290447,15.163934426229508,0.1428779599271401,0.008784363820371063,attentive,0,2
48.8,True,-1.6381412883747475,-1.1061054120515548,15.15358361774744,0.14283655669321185,0.008775075779591595,attentive,0,2
48.833333333333336,True,4.071635428117129,6.220729566037531,15.143246930422919,0.14279520994391376,0.00877200431860839,attentive,0,2
48.86666666666667,True,0.43539485519975907,-1.0602219378325293,15.132924335378323,0.14275391956373537,0.008768949875989075,attentive,0,2
48.9,True,3.3168688393762467,-1.500463555195476,15.122615803814716,0.14271268543748095,0.008775289830257545,attentive,0,2
48.93333333333333,True,1.492081792079361,-2.599058810579451,15.112321307011573,0.14267150745026838,0.0087777621726993,attentive,0,2
48.96666666666667,True,2.47090695518472,-1.240481766402289,15.10204081632653,0.1426303854875282,0.00878113677995411,attentive,0,2
49.0,True,-3.2031507182976977,-7.79109216788928,15.091774303195105,0.1425893194350025,0.008777259265308465,attentive,0,2
49.03333333333333,True,1.7535336674338722,-7.180292809690334,15.081521739130435,0.14254830917874384,0.008787430753042719,attentive,0,2
49.06666666666666,True,3.5309269741286675,-1.3245615135287965,15.071283095723015,0.14250735460511416,0.008794117140042669,attentive,0,2
49.1,True,1.7425333688806783,2.241348637311294,15.061058344640434,0.14246645560078383,0.008790026028008041,attentive,0,2
49.13333333333333,True,3.495269103855804,-1.9314616986565827,15.050847457627118,0.14242561205273055,0.008797508496096573,attentive,0,2
49.166666666666664,True,1.279755198108193,-1.778052128363587,15.040650406504067,0.14238482384823836,0.00879807863114827,attentive,0,2
49.2,True,2.7616191218695993,0.8843804100125814,15.030467163168584,0.1423440908748964,0.008799101308421587,attentive,0,2
49.233333333333334,True,-1.816045372627338,4.625330084589275,15.020297699594046,0.14230341302059826,0.008780732617369665,attentive,0,2
49.266666666666666,True,4.43043837676667,4.523968559780765,15.010141987829615,0.14226279017354054,0.008781311955534998,attentive,0,2
49.3,True,5.989481816436141,0.8718420359046433,15.0,0.14222222222222208,0.008792055996401328,attentive,0,2
49.333333333333336,True,-2.3125468376820097,-3.651895542680958,14.9898717083052,0.1421817090554429,0.008784659157432066,attentive,0,2
49.36666666666667,True,-5.197489251798482,0.36528470080432784,14.979757085020243,0.14214125056230306,0.008762596839505473,attentive,0,2
49.4,True,0.7034948662202716,-1.6113794069363991,14.969656102494945,0.14210084663220185,0.008761211060771075,attentive,0,2
49.43333333333333,True,3.981309995482583,-3.092676010035283,14.959568733153638,0.14206049715483665,0.008771862080572892,attentive,0,2
49.46666666666667,True,8.447750943584223,-1.6457425986019405,14.949494949494948,0.14202020202020188,0.008793701072790644,attentive,0,2
49.5,True,4.915052653012049,-0.7872941212506788,14.939434724091521,0.14197996111858818,0.008803661045789774,attentive,0,2
49.53333333333333,True,-0.5633886779794026,-10.961537574047338,14.929388029589777,0.1419397743405812,0.008812438020679533,attentive,0,2
49.56666666666666,True,6.756876265939322,0.7113487124734217,14.919354838709678,0.1418996415770608,0.008825635163317079,attentive,0,2
49.6,True,-0.13532641703421744,4.062380485687052,14.90933512424446,0.14185956271919992,0.008813241208920769,attentive,0,2
49.63333333333333,True,1.2925411703776108,1.0845088084796317,14.899328859060404,0.1418195376584637,0.008809564273780216,attentive,0,2
49.666666666666664,True,1.3971880549982705,-1.3004548541719947,14.88933601609658,0.1417795662866084,0.008809758814418072,attentive,0,2
49.7,True,-1.159765731538456,-3.2851484390247885,14.87935656836461,0.14173964849568052,0.008805292364476844,attentive,0,2
49.733333333333334,True,1.5818063418471613,-3.7010682938224617,14.869390488948426,0.1416997841780158,0.008809612226668557,attentive,0,2
49.766666666666666,True,-2.043732536031097,-0.19487024578660006,14.859437751004014,0.14165997322623813,0.008797925598186814,attentive,0,2
49.8,True,7.146503142523633,-3.3576404498007335,14.849498327759198,0.14162021553325888,0.008818277259599914,attentive,0,2
49.833333333333336,True,-4.689439188298741,1.0533646286159324,14.83957219251337,0.14158051099227556,0.00879688619041983,attentive,0,2
49.86666666666667,True,5.648610748092965,0.23077678368227472,14.829659318637276,0.1415408594967712,0.008807437435022835,attentive,0,2
49.9,True,-1.937279127910331,-2.040586725507385,14.819759679572764,0.14150126094051313,0.008798837348424298,attentive,0,2
49.93333333333333,True,-2.3283857282842186,-5.165345855618678,14.809873248832556,0.1414617152175523,0.00879372148984044,attentive,0,2
49.96666666666667,True,-0.02913589304765174,-0.11413857548101936,14.799999999999999,0.1414222222222221,0.008787941774461119,attentive,0,2
50.0,False,-0.6329914709072362,-1.8586789400367327,14.85676215856096,0.14164927085646592,0.00878296453291802,attentive,0,2
50.03333333333333,False,1.5257674219866733,-2.745140773568989,14.913448735019974,0.14409823938452407,0.008785693252518153,attentive,0,2
50.06666666666666,False,6.813315478377859,-1.5077483850422864,14.97005988023952,0.14654690618762437,0.00880222436418839,attentive,0,2
50.1,False,1.358126518951339,-1.520100133549279,15.02659574468085,0.14899527186761224,0.00880263120846671,attentive,0,2
50.13333333333333,False,4.730473234224134,-0.2943429326741207,15.083056478405316,0.1514433370247322,0.008811186550448715,attentive,0,2
50.166666666666664,False,-0.5542184899317073,-3.6870055732836065,15.139442231075698,0.15389110225763583,0.008809140711059187,attentive,0,2
50.2,False,0.5731193480381269,-0.12439736177722538,15.19575315195753,0.15633856816338573,0.008805168909448744,attentive,0,2
50.233333333333334,False,4.100665893250911,-5.407588080306663,15.251989389920425,0.1587857353374594,0.008819384343957374,attentive,0,2
50.266666666666666,False,-5.25239343144743,1.9791934551801678,15.308151093439365,0.16123260437375728,0.0087951553427456,attentive,0,2
50.3,False,1.1370686745903442,-6.005979430799677,15.364238410596027,0.163679175864606,0.008801516338883562,attentive,0,2
50.333333333333336,False,5.877890315739167,-1.8441190649876626,15.42025148908008,0.16612545040076476,0.008815692700886602,attentive,0,2
50.36666666666667,False,-0.10302149157835894,-6.095432013097531,15.476190476190476,0.16857142857142848,0.00881851799088446,attentive,0,2
50.4,True,-0.44655622803392236,-1.8174781202807648,15.465961665565104,0.14396910982015498,0.008814047156733494,attentive,0,2
50.43333333333333,True,0.4545091418543823,-3.005468776162359,15.455746367239101,0.143928248626851,0.008813971075476105,attentive,0,2
50.46666666666667,True,-0.5592830448729258,-1.7073034609699929,15.445544554455445,0.14388744137571635,0.008809016840620599,attentive,0,2
50.5,True,1.6160789574141936,-3.0710657397478043,15.435356200527705,0.1438466879600054,0.00881244569737272,attentive,0,2
50.53333333333333,True,3.092987788955944,-2.1339707452911325,15.425181278839814,0.14380598827325386,0.008818824289271035,attentive,0,2
50.56666666666666,True,4.600857390444082,-3.216263050405762,15.41501976284585,0.143765342209278,0.008831193645003906,attentive,0,2
50.6,True,0.9449469847683291,-1.3463734920176804,15.404871626069783,0.14372474966217372,0.008830114324283114,attentive,0,2
50.63333333333333,True,-1.1716408576330573,-3.940690155729948,15.394736842105264,0.14368421052631564,0.00882664043100027,attentive,0,2
50.666666666666664,True,4.134729524086587,-1.040970006086231,15.384615384615385,0.1436437246963561,0.00883444003777989,attentive,0,2
50.7,True,6.365455774582156,-5.588018134036558,15.374507227332456,0.14360329206722441,0.008855382411361726,attentive,0,2
50.733333333333334,True,2.420941587115765,-2.9666006619499,15.364412344057781,0.14356291253412573,0.008860961402754546,attentive,0,2
50.766666666666666,True,5.154812994372749,1.712230482709546,15.354330708661418,0.14352258599254025,0.008867683425027506,attentive,0,2
50.8,True,-2.539281315421496,-1.5546956995337025,15.344262295081968,0.14348231233822245,0.008856733589730497,attentive,0,2
50.833333333333336,True,2.9193300941290867,1.9871456666785328,15.334207077326342,0.14344209146719994,0.008856538430863745,attentive,0,2
50.86666666666667,True,3.483132495949598,-3.566256725371396,15.324165029469548,0.14340192327577278,0.008866066306034205,attentive,0,2
50.9,True,-1.0688178611748145,-3.858019617556703,15.314136125654452,0.14336180766051237,0.008862765919264996,attentive,0,2
50.93333333333333,True,0.7995639210452476,-1.7870563509607906,15.304120340091561,0.14332174451826085,0.008861890894963538,attentive,0,2
50.96666666666667,True,4.935457541989607,-0.5685914016072051,15.294117647058824,0.1432817337461299,0.008871261491307552,attentive,0,2
51.0,True,2.6854593129993587,0.26686733153164166,15.284128020901372,0.14324177524150006,0.008872875517903646,attentive,0,2
51.03333333333333,True,-3.3873013403901675,0.5413627882044838,15.274151436031334,0.1432018689020199,0.008856471747303064,attentive,0,2
51.06666666666666,True,-1.2130828238497682,0.9996043925018965,15.264187866927593,0.14316201462560496,0.008845728567877843,attentive,0,2
51.1,True,-3.650637268270366,-3.175922828035666,15.254237288135593,0.14312221231043698,0.008833985949358285,attentive,0,2
51.13333333333333,True,-0.840461359332821,-0.5169800946057581,15.2442996742671,0.14308246185496298,0.008826545867850834,attentive,0,2
51.166666666666664,True,6.250696969537085,-5.078966197934569,15.234375,0.1430427631578946,0.008846233967527449,attentive,0,2
51.2,True,-2.2395092428408505,2.078620443080317,15.224463240078073,0.14300311611820687,0.0088309972954908,attentive,0,2
51.233333333333334,True,1.2048652462488143,-0.3788926026938346,15.214564369310793,0.14296352063513776,0.00882928464459096,attentive,0,2
51.266666666666666,True,-2.7268041167122252,-2.8306833848814095,15.204678362573098,0.14292397660818698,0.008819760273876051,attentive,0,2
51.3,True,-2.17154469620773,-4.324115037770412,15.194805194805195,0.14288448393711536,0.00881400577679396,attentive,0,2
51.333333333333336,True,0.4831375087234546,-3.825755771164747,15.18494484101233,0.1428450425219439,0.008815196530545572,attentive,0,2
51.36666666666667,True,-5.3985450795363334,3.836936436711063,15.17509727626459,0.14280565226295294,0.00878839026878663,attentive,0,2
51.4,True,3.0294366924325717,-3.1866252964363273,15.165262475696695,0.14276631306068138,0.008796009946269669,attentive,0,2
51.43333333333333,True,5.0412934860146414,-1.8509454214947694,15.155440414507773,0.1427270248159257,0.00880748854143044,attentive,0,2
51.46666666666667,True,2.2218175145874044,-1.6553887797681874,15.145631067961165,0.14268778742973925,0.00881056031987747,attentive,0,2
51.5,True,0.2614764576262427,-1.4278555997383293,15.135834411384216,0.14264860080343145,0.008807665474931439,attentive,0,2
51.53333333333333,True,-0.3693539576112248,-3.0499945756988116,15.126050420168067,0.14260946483856685,0.008805292189284318,attentive,0,2
51.56666666666666,True,-0.4524901596826878,-4.524688212718246,15.11627906976744,0.14257037943696435,0.008804800266241216,attentive,0,2
51.6,True,0.5671468711058649,-3.892841723664298,15.106520335700452,0.14253134450069638,0.008806328098313618,attentive,0,2
51.63333333333333,True,5.440692453340704,-4.125498777223083,15.096774193548388,0.14249235993208814,0.008822161841739657,attentive,0,2
51.666666666666664,True,3.238467136607616,-2.0636186125179994,15.087040618955513,0.14245342563371666,0.008828710419799622,attentive,0,2
51.699999999999996,True,4.066467047409669,-0.2482347399465914,15.077319587628866,0.14241454150841004,0.008835022345838935,attentive,0,2
51.733333333333334,True,4.382708532664961,1.4276656279742599,15.067611075338055,0.14237570745924683,0.00883983309404202,attentive,0,2
51.766666666666666,True,2.4897756899946395,-2.0194822375119466,15.057915057915059,0.14233692338955484,0.008844153283839223,attentive,0,2
51.8,True,4.139097518466424,-3.3505504422172514,15.04823151125402,0.14229818920291065,0.008855084154152081,attentive,0,2
51.833333333333336,True,1.880525150625018,-1.195538221667207,15.038560411311053,0.14225950480313881,0.008856472044259977,attentive,0,2
51.86666666666667,True,2.959083493680879,-0.5773885543276145,15.028901734104046,0.14222087009431078,0.008860054636312745,attentive,0,2
51.9,True,0.27330558625511747,0.2963227668516213,15.019255455712452,0.1421822849807444,0.008854724817198949,attentive,0,2
51.93333333333333,True,0.35026827120037907,-0.5392015791781974,15.0096215522771,0.14214374936700297,0.008850812212186962,attentive,0,2
51.96666666666667,True,1.3506104644829973,-0.6200618621305884,15.0,0.14210526315789457,0.008849869786682134,attentive,0,2
52.0,True,-0.5979889669216616,1.1205549419849072,14.990390775144139,0.14206682625847114,0.008840902637020472,attentive,0,2
52.03333333333333,True,0.9538631407214404,-1.5645081979065976,14.980793854033292,0.14202843857402775,0.008840182517931968,attentive,0,2
52.06666666666666,True,3.2473102566096816,-0.9992271778172339,14.971209213051823,0.14199010001010187,0.008845181118284522,attentive,0,2
52.1,True,3.257611791648565,-0.7740989118912325,14.961636828644501,0.14195181047247257,0.008849882725263717,attentive,0,2
52.13333333333333,True,4.992724520141067,-0.4922960690488649,14.952076677316295,0.14191356986715975,0.008859105725452518,attentive,0,2
52.166666666666664,True,-3.4554575838852406,-5.414849109423999,14.942528735632186,0.14187537810042333,0.008851325586904484,attentive,0,2
52.199999999999996,True,-3.0646874657360192,-2.1345923571216083,14.932992980216975,0.1418372350787625,0.008840011853530795,attentive,0,2
52.233333333333334,True,0.02332448024314837,-2.9237565033051225,14.923469387755103,0.141799140708915,0.008838583849179465,attentive,0,2
52.266666666666666,True,-2.184805998417315,1.3469081176719833,14.91395793499044,0.14176109489785635,0.008824854109293285,attentive,0,2
52.3,True,1.2590011470299187,3.325510735121651,14.904458598726114,0.14172309755279905,0.008818090212916435,attentive,0,2
52.333333333333336,True,1.567103013500152,-0.19180873680626243,14.894971355824316,0.14168514858119186,0.008817181908464911,attentive,0,2
52.36666666666667,True,-1.8634636790360994,-7.110742659965426,14.885496183206106,0.14164724789071903,0.008816356468039526,attentive,0,2
52.4,True,-3.0129710052635854,1.673405318133533,14.87603305785124,0.14160939538929956,0.008799874575351418,attentive,0,2
52.43333333333333,True,5.868612343508348,0.08411731283832369,14.866581956797967,0.14157159098508645,0.008810736023629365,attentive,0,2
52.46666666666667,True,-2.3045153665850577,-5.1345820846432435,14.857142857142858,0.141533834586466,0.008805883424180816,attentive,0,2
52.5,False,-3.4207368772389835,-1.951383011096538,14.911167512690355,0.141749933208656,0.00879340071368411,attentive,0,2
52.53333333333333,False,2.7941419590093606,-10.320161657648812,14.965123652504756,0.1441879799901357,0.008810241994955878,attentive,0,2
52.56666666666666,False,-1.352571978516257,3.52484299037507,15.019011406844108,0.14662575322971522,0.008795885431309719,attentive,0,2
52.6,False,0.09353732221841371,-2.1111368853361214,15.072830905636478,0.14906325344710725,0.008793549301671668,attentive,0,2
52.63333333333333,False,2.608528311881452,-3.211639432713559,15.126582278481013,0.1515004811607075,0.008799838470266217,attentive,0,2
52.666666666666664,False,9.062395805447,-0.35188890835481423,15.180265654648956,0.15393743688760136,0.008820242930463882,attentive,0,2
52.699999999999996,False,-0.990545678372948,2.136245091731717,15.233881163084703,0.15637412114356644,0.008808883967453366,attentive,0,2
52.733333333333334,False,-0.8137015068017175,-2.545062900680996,15.287428932406822,0.1588105344430775,0.008804607505183026,attentive,0,2
52.766666666666666,False,2.063999124790146,-7.169935578998049,15.340909090909092,0.1612466772993087,0.008814899116366032,attentive,0,2
52.8,False,3.0287655172239933,-6.908610520581226,15.394321766561514,0.16368255022414047,0.008827516623485084,attentive,0,2
52.833333333333336,False,2.8244363065593143,1.2670970806744712,15.447667087011348,0.16611815372816235,0.008828090244126636,attentive,0,2
52.86666666666667,False,3.0985299246445313,1.9616272539322894,15.500945179584122,0.16855348832067557,0.00882845822282229,attentive,0,2
52.9,True,-0.461797487218206,-1.1133569268796588,15.491183879093198,0.14396473551637265,0.008823164290205684,attentive,0,2
52.93333333333333,True,1.736738653653969,-2.8816206411332854,15.481434864694776,0.14392573945877896,0.008826499265407203,attentive,0,2
52.96666666666667,True,-1.2402568995105399,-3.1295006622886548,15.471698113207546,0.14388679245283004,0.008821855047648762,attentive,0,2
53.0,True,3.2886338290787975,-4.543535493569042,15.461973601508486,0.1438478944060338,0.00883184313114661,attentive,0,2
53.03333333333333,True,-0.3599608781002184,-1.8632575520455599,15.452261306532664,0.1438090452261305,0.00882789143710254,attentive,0,2
53.06666666666666,True,2.418109728434723,-0.9725051733786985,15.44256120527307,0.14377024482109213,0.008830452884383775,attentive,0,2
53.1,True,1.3756989264396453,-0.46151908668873887,15.432873274780427,0.14373149309912156,0.008829392258622722,attentive,0,2
53.13333333333333,True,-0.748100851076698,-6.358085919199146,15.423197492163009,0.1436927899686519,0.008830630374541447,attentive,0,2
53.166666666666664,True,-3.1862598916758986,-2.1733510352529177,15.413533834586465,0.1436541353383457,0.008819250602309975,attentive,0,2
53.199999999999996,True,1.4220334649116508,-2.76551087908898,15.403882279273637,0.1436155291170944,0.008821533932217265,attentive,0,2
53.233333333333334,True,3.798139076801222,0.12431784046766037,15.39424280350438,0.14357697121401736,0.008826404284106621,attentive,0,2
53.266666666666666,True,2.743103671636731,-8.835992423988356,15.384615384615385,0.1435384615384614,0.008840788715820074,attentive,0,2
53.3,True,-1.4281193401010681,-5.091041839433031,15.375,0.14349999999999985,0.008838367116149395,attentive,0,2
53.333333333333336,True,0.47786739892408686,-0.680286163105867,15.365396627108058,0.14346158650843208,0.008835117419097118,attentive,0,2
53.36666666666667,True,-2.2856077808937694,-4.495041869136937,15.355805243445692,0.14342322097378263,0.008829496699813939,attentive,0,2
53.4,True,-5.122395798429435,-5.47304631815757,15.346225826575171,0.14338490330630055,0.008817373571244427,attentive,0,2
53.43333333333333,True,0.5241342080324282,-5.4589555220192505,15.336658354114713,0.1433466334164587,0.008820891728394639,attentive,0,2
53.46666666666667,True,-1.2851803065169114,-6.544590308168637,15.327102803738319,0.14330841121495314,0.00882089841363847,attentive,0,2
53.5,True,5.458456515420728,0.537789431498362,15.317559153175592,0.14327023661270222,0.008829767542340846,attentive,0,2
53.53333333333333,True,4.553613147473622,-3.0697638077571394,15.308027380211575,0.14323210952084614,0.008841111792784944,attentive,0,2
53.56666666666666,True,-2.040075235585892,-3.998074010234675,15.298507462686567,0.1431940298507461,0.008835500160988802,attentive,0,2
53.6,True,-3.121593827601065,-3.0663670401096974,15.28899937849596,0.1431559975139837,0.00882562129117658,attentive,0,2
53.63333333333333,True,2.2144527210599385,-1.8940943494466276,15.279503105590061,0.1431180124223601,0.008828866936739779,attentive,0,2
53.666666666666664,True,-3.534901870801055,-2.115650662070411,15.27001862197393,0.14308007448789556,0.008816552786521053,attentive,0,2
53.699999999999996,True,-2.604347644571872,-2.9823210208192723,15.260545905707195,0.14304218362282864,0.008808014293245264,attentive,0,2
53.733333333333334,True,-3.3636121360029367,-2.0951231704259503,15.251084934903906,0.14300433973961546,0.008796172028957132,attentive,0,2
53.766666666666666,True,4.27280270438583,-5.328616568373756,15.241635687732341,0.1429665427509292,0.008809824713197962,attentive,0,2
53.8,True,6.529795391222629,-4.274470520277504,15.23219814241486,0.1429287925696593,0.008828221190916275,attentive,0,2
53.833333333333336,True,-0.8914569160972345,-1.971805640370138,15.222772277227723,0.14289108910891074,0.00882301793496504,attentive,0,2
53.86666666666667,True,-0.6578546656671652,6.1754984924423395,15.213358070500927,0.14285343228200356,0.008807266452941387,attentive,0,2
53.9,True,3.7328077769172294,-5.156291012337997,15.203955500618047,0.14281582200247203,0.008819158551090472,attentive,0,2
53.93333333333333,True,-1.2982865381006374,0.10550541689407611,15.194564546016059,0.1427782581840641,0.008810002419265496,attentive,0,2
53.96666666666667,True,1.7098553913737147,-2.624921799655772,15.185185185185185,0.14274074074074058,0.008812855823234954,attentive,0,2
54.0,True,3.9628931387534467,-7.3993369191049885,15.175817396668723,0.14270326958667473,0.008828428293008285,attentive,0,2
54.03333333333333,True,2.688727423741584,4.072160884971879,15.166461159062885,0.1426658446362514,0.008824773684473769,attentive,0,2
54.06666666666666,True,2.8510380926796097,-1.2880729606837464,15.157116451016636,0.1426284658040664,0.008828907320385358,attentive,0,2
54.1,True,4.875833714037546,-4.010519375043465,15.147783251231528,0.14259113300492596,0.008842302474338487,attentive,0,2
54.13333333333333,True,-2.831450841230784,-3.404423871694481,15.13846153846154,0.142553846153846,0.008833772540766904,attentive,0,2
54.166666666666664,True,-3.9508064127766866,1.820403198744808,15.129151291512915,0.14251660516605152,0.008815052828224,attentive,0,2
54.199999999999996,True,1.0597407699020334,-4.020026312977011,15.119852489244007,0.1424794099569759,0.008818020436064033,attentive,0,2
54.233333333333334,True,-2.0723347251519373,-4.153592826489589,15.11056511056511,0.1424422604422603,0.008812616142015381,attentive,0,2
54.266666666666666,True,1.6325213303932689,-9.879709864768685,15.101289134438305,0.14240515653775307,0.008825137900778967,attentive,0,2
54.3,True,3.633937555948645,-3.6483815822315235,15.092024539877299,0.14236809815950904,0.008834606127962032,attentive,0,2
54.333333333333336,True,3.447452231047925,0.22458171960908935,15.08277130594727,0.14233108522378893,0.008838277699574409,attentive,0,2
54.36666666666667,True,-0.7993696898407422,-3.6746950627894095,15.073529411764705,0.14229411764705868,0.008835688825280155,attentive,0,2
54.4,True,-1.8419937006755829,-0.23036630332971475,15.064298836497244,0.14225719534598882,0.008825578352300096,attentive,0,2
54.43333333333333,True,0.33703920088816575,1.9714783429017557,15.055079559363524,0.14222031823745396,0.008818412691753843,attentive,0,2
54.46666666666667,True,-0.06863667933494033,-3.5075940862500143,15.045871559633028,0.14218348623853197,0.008817599963267659,attentive,0,2
54.5,True,2.610024189682281,-2.09189454479049,15.036674816625917,0.14214669926650353,0.008822142238384047,attentive,0,2
54.53333333333333,True,-2.7248211246123,0.3862079192667154,15.027489309712887,0.1421099572388514,0.008808830877254929,attentive,0,2
54.56666666666666,True,0.6968707881705768,-3.177700492678596,15.018315018315018,0.14207326007325993,0.008809655009902134,attentive,0,2
54.6,True,0.9889116936573802,0.8707904876948724,15.0091519219036,0.14203660768761425,0.008805780951391068,attentive,0,2
54.63333333333333,True,-0.12902968470110965,-2.0504498144358934,15.0,0.14199999999999985,0.008802840286102325,attentive,0,2
54.666666666666664,True,5.519447752789456,0.016378229654532728,14.990859232175502,0.14196343692870186,0.00881240253019086,attentive,0,2
54.699999999999996,True,-2.2491737705052097,-3.907960354644427,14.981729598051158,0.14192691839220448,0.008806236650741745,attentive,0,2
54.733333333333334,True,-4.294274493907019,-2.8808995402271464,14.972611077297627,0.14189044430919034,0.008793156978136861,attentive,0,2
54.766666666666666,True,-2.338603878598839,2.7084544697744586,14.963503649635038,0.14185401459854,0.00877782501967899,attentive,0,2
54.8,True,2.037142203313751,-6.808335331667542,14.954407294832828,0.14181762917933116,0.00878719023207945,attentive,0,2
54.833333333333336,True,-1.4036875290226494,-2.52305766469636,14.945321992709598,0.14178128797083825,0.008781467870802568,attentive,0,2
54.86666666666667,True,0.359090704664531,-2.7541985638870616,14.93624772313297,0.14174499089253173,0.008780821199320893,attentive,0,2
54.9,True,-1.4995458185271313,-4.645500599806911,14.927184466019416,0.1417087378640775,0.008777713107928034,attentive,0,2
54.93333333333333,True,1.7117591515026582,2.5036260594713964,14.918132201334142,0.14167252880533643,0.008773629719133435,attentive,0,2
54.96666666666667,True,1.3269775342573888,-4.8841146553068295,14.909090909090908,0.14163636363636348,0.00877846465024483,attentive,0,2
55.0,False,2.6974542661619867,-3.9791104424350374,14.960629921259844,0.14184251968503922,0.008785764885633682,attentive,0,2
55.03333333333333,False,-2.4624417350017884,-5.86464596059172,15.012106537530268,0.14427064837234302,0.008781710767113444,attentive,0,2
55.06666666666666,False,-5.864773872810588,-2.739164475851682,15.063520871143377,0.14669852792901755,0.008764311892185744,attentive,0,2
55.1,False,-0.07503317838276835,-2.9416792722408798,15.114873035066505,0.14912615880693264,0.00876276368926218,attentive,0,2
55.13333333333333,False,1.380960058254666,-2.7901594004473202,15.166163141993957,0.15155354145686453,0.008764923925390798,attentive,0,2
55.166666666666664,False,6.037092641724033,-5.149502592000125,15.217391304347828,0.15398067632850213,0.008782743936272468,attentive,0,2
55.199999999999996,False,2.368287884798778,-4.708961112231007,15.268557634278817,0.15640756387044819,0.008790111068453125,attentive,0,2
55.233333333333334,False,3.4689452480035965,-7.727004230342422,15.319662243667068,0.15883420453022376,0.008804464834363252,attentive,0,2
55.266666666666666,False,1.6146570520305565,-5.201271458679692,15.370705244122965,0.16126059875426943,0.008810450470137517,attentive,0,2
55.3,False,3.830213495286265,-3.784564268562435,15.421686746987953,0.1636867469879515,0.008820464243293573,attentive,0,2
55.333333333333336,False,0.7580794966608388,0.09622185851681841,15.47260686333534,0.1661126496755636,0.00881705361813513,attentive,0,2
55.36666666666667,False,2.9132910596356756,2.5263566610844306,15.523465703971121,0.1685383072603288,0.008816161187770143,attentive,0,2
55.4,True,2.3871164548141683,-1.296338876852232,15.514131088394468,0.14396128625833962,0.008818971770053812,attentive,0,2
55.43333333333333,True,3.56173420919718,-0.788279389878163,15.504807692307693,0.14392399267399253,0.008824237809732965,attentive,0,2
55.46666666666667,True,-0.1378599181052842,0.34467587022916213,15.495495495495495,0.14388674388674375,0.008818109944907046,attentive,0,2
55.5,True,-2.8886422846673456,1.9870605164158404,15.486194477791116,0.14384953981592621,0.0088024603589914,attentive,0,2
55.53333333333333,True,4.359072058059271,-3.596926294468342,15.476904619076185,0.1438123803810665,0.00881359674937871,attentive,0,2
55.56666666666666,True,-1.7647754446958803,-2.693626837300696,15.467625899280577,0.14377526550188408,0.00880719914401059,attentive,0,2
55.6,True,-7.511139871946294,-1.9758406866909501,15.458358298382265,0.14373819509829083,0.008784551279458288,attentive,0,2
55.63333333333333,True,6.671013573301676,-1.8720666768603575,15.449101796407186,0.1437011690903905,0.008799536037605605,attentive,0,2
55.666666666666664,True,0.2165142144545274,1.587867439924258,15.439856373429084,0.14366418739847808,0.008792734215372824,attentive,0,2
55.699999999999996,True,3.435754628012171,-1.6214103553338681,15.430622009569378,0.14362724994303927,0.008798763174987977,attentive,0,2
55.733333333333334,True,4.059830006301629,-0.24830705366583983,15.421398684997012,0.1435903566447498,0.008804618954542369,attentive,0,2
55.766666666666666,True,4.511147926095922,-1.558388058109674,15.412186379928317,0.14355350742447504,0.008813405102664972,attentive,0,2
55.8,True,1.2038889613942092,-0.14205475532169354,15.402985074626866,0.14351670220326923,0.008811526230866513,attentive,0,2
55.833333333333336,True,5.078468623758667,-6.804534979598715,15.393794749403341,0.14347994090237512,0.008828758112891475,attentive,0,2
55.86666666666667,True,1.7361474525455165,-4.3500648239669655,15.384615384615385,0.1434432234432233,0.00883385904521541,attentive,0,2
55.9,True,-2.2904834058446015,-4.559927673638404,15.37544696066746,0.1434065497474316,0.008828566665784344,attentive,0,2
55.93333333333333,True,-0.8773439211185291,-4.580102137633542,15.366289458010721,0.14336991973680463,0.008827047983097285,attentive,0,2
55.96666666666667,True,2.423367990177818,-0.42072007146709334,15.357142857142858,0.1433333333333332,0.008828761322329334,attentive,0,2
56.0,True,3.372193772426451,-1.2831316743051646,15.348007138607972,0.14329679045919363,0.008834121328442244,attentive,0,2
56.03333333333333,True,9.170274570063388,-4.89582908375723,15.338882282996433,0.14326029103674748,0.008859568578575793,attentive,0,2
56.06666666666666,True,0.7208771141849358,0.8919259359378016,15.32976827094474,0.14322383498854072,0.008855030415813628,attentive,0,2
56.1,True,-0.845905050798157,-2.789206605763832,15.320665083135394,0.14318742223730332,0.008851220218950408,attentive,0,2
56.13333333333333,True,-3.1074542201789184,-5.171395046396284,15.311572700296736,0.1431510527059487,0.008844591056414977,attentive,0,2
56.166666666666664,True,3.6502960999192506,0.4873470227241792,15.302491103202847,0.14311472631757316,0.00884832531132697,attentive,0,2
56.199999999999996,True,-3.1908538338162096,-3.203858263054656,15.293420272673385,0.1430784429954553,0.008838894242638734,attentive,0,2
56.233333333333334,True,-6.3706095185879015,-2.959157646892153,15.284360189573459,0.1430422026630556,0.008820780019627317,attentive,0,2
56.266666666666666,True,3.594530194664784,-1.1352763007708229,15.2753108348135,0.14300600524401574,0.008826509886979817,attentive,0,2
56.3,True,9.724274311852799,-3.7588851944339794,15.266272189349111,0.1429698506621582,0.008851803120864104,attentive,0,2
56.333333333333336,True,-2.5477137776367216,-1.6131047080977239,15.257244234180959,0.14293373884148558,0.008841992181575628,attentive,0,2
56.36666666666667,True,2.520266049088195,-6.132840021079557,15.24822695035461,0.1428976697061802,0.008851441190818533,attentive,0,2
56.4,True,-1.9688544721944004,-2.536996807118995,15.239220318960426,0.14286164318060346,0.008844374365756986,attentive,0,2
56.43333333333333,True,5.057628544965218,-3.8680457311355196,15.230224321133413,0.1428256591892954,0.008857496934767185,attentive,0,2
56.46666666666667,True,3.623829658984663,-7.246338800530635,15.221238938053098,0.14278971765697415,0.008871273564721767,attentive,0,2
56.5,True,1.2020882537306226,-5.4624229012984244,15.212264150943398,0.14275381850853536,0.008876350250131403,attentive,0,2
56.53333333333333,True,5.057942065971331,-0.6236018126661556,15.203299941072482,0.14271796166905168,0.008885182998552866,attentive,0,2
56.56666666666666,True,0.18683922021611005,-2.7708894711848435,15.19434628975265,0.14268214706377236,0.008884065652082858,attentive,0,2
56.6,True,0.7708421257982565,-6.936890515441061,15.1854031783402,0.14264637461812257,0.008889926282811522,attentive,0,2
56.63333333333333,True,5.1843211750117835,-2.629066609650811,15.176470588235293,0.14261064425770292,0.008901687383638201,attentive,0,2
56.666666666666664,True,5.006287620027152,-2.1032191441591275,15.167548500881834,0.14257495590828909,0.008912282504235989,attentive,0,2
56.699999999999996,True,2.584748400489409,-3.756851192329308,15.158636897767334,0.1425393094958311,0.008918700862855133,attentive,0,2
56.733333333333334,True,1.689688415838791,-5.126940263864899,15.149735760422784,0.1425037049464529,0.008924563590991438,attentive,0,2
56.766666666666666,True,2.364572308731867,-4.851248075612677,15.140845070422534,0.1424681421864519,0.008931820162557858,attentive,0,2
56.8,True,6.394047346709282,-4.961193860243126,15.131964809384163,0.1424326211422984,0.008949715202610656,attentive,0,2
56.833333333333336,True,-3.1049235406006526,-4.365014004847395,15.123094958968347,0.14239714174063514,0.008942066114532594,attentive,0,2
56.86666666666667,True,0.42981156035167495,-4.600991465365691,15.114235500878733,0.14236170390827668,0.008943936432614387,attentive,0,2
56.9,True,3.578625237548419,-5.7456066858174015,15.105386416861826,0.14232630757220907,0.008955487415916803,attentive,0,2
56.93333333333333,True,-2.5865216499021777,2.3024430338015627,15.096547688706845,0.14229095265958913,0.008940526807801899,attentive,0,2
56.96666666666667,True,1.4749635475729024,-5.526751104164267,15.087719298245613,0.14225563909774422,0.008946314255671682,attentive,0,2
57.0,True,-1.334952817773087,-5.20774477883683,15.078901227352425,0.14222036681417147,0.00894438165969563,attentive,0,2
57.03333333333333,True,-0.7729306477963488,0.8864253122712342,15.070093457943926,0.14218513573653746,0.008935999964011924,attentive,0,2
57.06666666666666,True,-2.497484730337238,-1.1639433192140287,15.061295971978982,0.1421499457926777,0.00892581351252945,attentive,0,2
57.1,True,4.085579059912883,-2.3142703380288623,15.052508751458577,0.14211479691059606,0.008934200407871361,attentive,0,2
57.13333333333333,True,0.580667406734155,-7.849410857542577,15.043731778425656,0.14207968901846438,0.00894066669292153,attentive,0,2
57.166666666666664,True,2.5297588942419913,-2.2162423660018247,15.034965034965033,0.1420446220446219,0.008944878633018231,attentive,0,2
57.199999999999996,True,-5.408681158172167,-1.0090223334008035,15.02620850320326,0.1420095959175748,0.008926974620376282,attentive,0,2
57.233333333333334,True,-1.3940430492928195,-2.967599678437477,15.017462165308498,0.14197461056599575,0.008922010676514793,attentive,0,2
57.266666666666666,True,0.40930260753878367,-5.3903803817887805,15.008726003490402,0.14193966591872337,0.008924847055278202,attentive,0,2
57.3,True,-3.700339262900149,-2.7266251110978725,15.0,0.14190476190476176,0.008913619362010013,attentive,0,2
57.333333333333336,True,-2.9861976155542145,-0.19153659886810281,14.991284137129576,0.14186989845328007,0.008900975566613092,attentive,0,2
57.36666666666667,True,-2.0242437883664923,-1.794270557588491,14.982578397212542,0.14183507549361193,0.008892897548773216,attentive,0,2
57.4,True,3.2971843285485467,-4.821227233142661,14.973882762623331,0.1418002929552551,0.008902459413728773,attentive,0,2
57.43333333333333,True,5.1143649314447,3.099224768208611,14.965197215777263,0.1417655507678708,0.008906485449251465,attentive,0,2
57.46666666666667,True,2.522324024875892,2.7090322070285024,14.956521739130435,0.1417308488612835,0.008904331114166839,attentive,0,2
57.5,False,1.1911900999595741,-2.4794641899078314,15.005793742757822,0.14192793687579305,0.008905431790603626,attentive,0,2
57.53333333333333,False,-7.537930006299371,-1.4076462882337002,15.055008685581933,0.1443470188693116,0.00888268758674319,attentive,0,2
57.56666666666666,False,8.653199969647337,-5.039323054220131,15.104166666666666,0.14676587301587263,0.008906283926222974,attentive,0,2
57.6,False,4.6391565618937385,-1.0512377464125484,15.153267784846733,0.14918449971081546,0.008914409012147273,attentive,0,2
57.63333333333333,False,2.8966181472490122,-2.5523468398546902,15.202312138728324,0.1516028993485639,0.008919976255665431,attentive,0,2
57.666666666666664,False,-2.504221138251072,-1.2208507918413742,15.251299826689774,0.15402107232263182,0.008909960746583064,attentive,0,2
57.699999999999996,False,-2.207322971495028,-1.391557878636197,15.300230946882218,0.15643901902562368,0.008900937689872369,attentive,0,2
57.733333333333334,False,-1.0694597085348876,-6.472279302364557,15.349105597230237,0.15885673984923834,0.008901358203977455,attentive,0,2
57.766666666666666,False,3.4016803247169984,-7.869073519034792,15.397923875432525,0.1612742351842696,0.00891502836029769,attentive,0,2
57.8,False,2.8460602071222962,-0.6940122574439629,15.446685878962535,0.16369150542061173,0.0089180695001114,attentive,0,2
57.833333333333336,False,-0.707155040924551,-9.239570756104424,15.495391705069125,0.16610855094726062,0.00892294933805201,attentive,0,2
57.86666666666667,False,0.7589845668306548,-0.012907960843623556,15.544041450777202,0.16852537215231506,0.008919770869290265,attentive,0,2
57.9,True,0.22468039618926622,-1.270644182113743,15.535097813578828,0.143958573072497,0.008916837878730632,attentive,0,2
57.93333333333333,True,-3.892084924540571,-5.6395773235007205,15.526164462334673,0.14392283966752037,0.008908969794172446,attentive,0,2
57.96666666666667,True,-4.742431732805743,-4.79398809913744,15.517241379310345,0.14388714733542304,0.008897858795738407,attentive,0,2
58.0,True,2.0759726061060833,-5.358903330782147,15.508328546812178,0.14385149600543037,0.008904887721751442,attentive,0,2
58.03333333333333,True,-0.6647677947624537,-2.892201052366615,15.49942594718714,0.14381588560693023,0.008901769295916582,attentive,0,2
58.06666666666666,True,-1.603691784093621,-2.7966016605610298,15.49053356282272,0.14378031606947256,0.008896138419278872,attentive,0,2
58.1,True,-2.078930353386955,1.0941183335065907,15.481651376146788,0.14374478732276882,0.008884345298319449,attentive,0,2
58.13333333333333,True,-3.38745941692581,-4.053636588791708,15.472779369627506,0.14370929929669168,0.008875788485037941,attentive,0,2
58.166666666666664,True,2.862081271160753,-5.345273653274728,15.463917525773196,0.14367385192127446,0.008884793615975104,attentive,0,2
58.199999999999996,True,0.4290622699820125,-0.6816897362774328,15.455065827132227,0.1436384451267106,0.008881666550083166,attentive,0,2
58.233333333333334,True,-3.9884843023707046,-4.477967275273304,15.446224256292906,0.1436030788433533,0.008872137245128926,attentive,0,2
58.266666666666666,True,-1.0070021985948308,0.8996898787048053,15.437392795883362,0.14356775300171512,0.008863362509043286,attentive,0,2
58.3,True,-2.782524865848986,-7.792581228388931,15.428571428571427,0.14353246753246737,0.00886112634189106,attentive,0,2
58.333333333333336,True,4.558162852249242,-3.0915740711554847,15.419760137064534,0.1434972223664398,0.008871558974573085,attentive,0,2
58.36666666666667,True,0.6526335419153623,0.7819090798734294,15.41095890410959,0.14346201743462003,0.008867159122296832,attentive,0,2
58.4,True,2.6141370267508592,-3.5357612788120454,15.40216771249287,0.14342685266815314,0.008873210733791131,attentive,0,2
58.43333333333333,True,-0.39880595796592433,-2.902638164390326,15.393386545039908,0.1433917279983413,0.008870818844038508,attentive,0,2
58.46666666666667,True,-5.664962517486436,-6.717513663835251,15.384615384615385,0.14335664335664322,0.008859923902790067,attentive,0,2
58.5,True,-3.4049063117344476,-4.559310115379795,15.375854214123008,0.1433215986746737,0.008852030371703828,attentive,0,2
58.53333333333333,True,5.722977975229637,0.7690633468618495,15.367103016505407,0.14328659388420328,0.00886049616432551,attentive,0,2
58.56666666666666,True,-0.26726212535632526,0.45784851114166036,15.358361774744028,0.1432516289171578,0.008854201642727984,attentive,0,2
58.6,True,0.6393854260773706,-1.2771049061479092,15.34963047185901,0.1432167037056177,0.008852396936795418,attentive,0,2
58.63333333333333,True,4.1934399002327245,-2.6349234496191856,15.340909090909092,0.14318181818181802,0.008861283584053657,attentive,0,2
58.666666666666664,True,2.9715168213072563,-2.4197881918088466,15.332197614991482,0.1431469722781476,0.008866804745289824,attentive,0,2
58.699999999999996,True,1.0166552643306273,-1.0740740546491852,15.32349602724177,0.14311216592714876,0.008865691518461633,attentive,0,2
58.733333333333334,True,-1.4568448434595096,-1.4950226776858861,15.314804310833807,0.1430773990615169,0.008858874567314549,attentive,0,2
58.766666666666666,True,4.233326671268568,-7.736586567258895,15.306122448979592,0.14304267161410003,0.0088742647743623,attentive,0,2
58.8,True,-4.948463515772639,-1.3136391111120667,15.29745042492918,0.1430079835178984,0.008858430078650753,attentive,0,2
58.833333333333336,True,3.7054238018850696,-2.008877825067434,15.288788221970556,0.14297333470606388,0.008865267164209385,attentive,0,2
58.86666666666667,True,-3.462125960648225,-4.038422549234888,15.280135823429541,0.14293872511189984,0.008856620745802849,attentive,0,2
58.9,True,1.3808203570785476,3.027261383086956,15.271493212669684,0.14290415466886042,0.00885127748285094,attentive,0,2
58.93333333333333,True,12.237596363479112,-2.326298977665037,15.262860373092144,0.14286962331055025,0.008879942035124464,attentive,0,2
58.96666666666667,True,8.859899459971777,-3.219117600208249,15.254237288135593,0.14283513097072403,0.008901213777251702,attentive,0,2
59.0,True,-2.8062387449617003,-2.4317482385469873,15.245623941276115,0.14280067758328613,0.008892196554777094,attentive,0,2
59.03333333333333,True,12.142191353151318,1.2702500810681974,15.237020316027088,0.14276626308229,0.008916039850708352,attentive,0,2
59.06666666666666,True,0.028413002035181656,0.5151190373924246,15.228426395939088,0.142731887401938,0.00891043665340793,attentive,0,2
59.1,True,-2.1773492147334412,-7.23355243467355,15.219842164599775,0.14269755047658078,0.008909020090099867,attentive,0,2
59.13333333333333,True,-1.1233544065276662,-1.6819017531773333,15.211267605633802,0.14266325224071688,0.008903293810161934,attentive,0,2
59.166666666666664,True,-1.435231841681523,-7.443939988611678,15.202702702702704,0.14262899262899248,0.008904003262227346,attentive,0,2
59.199999999999996,True,-0.9005687711623575,1.501909671206949,15.194147439504782,0.1425947715762008,0.008894861952052226,attentive,0,2
59.233333333333334,True,-2.0372822806931667,-3.6484220516966053,15.185601799775029,0.14256058901728177,0.008889326605985345,attentive,0,2
59.266666666666666,True,-0.35562689563058303,2.134028121914388,15.177065767284992,0.14252644488732163,0.008880775636169755,attentive,0,2
59.3,True,-0.893375145764009,-3.6528819988503782,15.168539325842698,0.14249233912155246,0.008878116188817751,attentive,0,2
59.333333333333336,True,3.1965751397019107,6.3529957944755955,15.160022459292533,0.1424582716553518,0.008873181385897995,attentive,0,2
59.36666666666667,True,-5.5433369042193865,-1.0176910106098045,15.151515151515152,0.1424242424242423,0.008855645640267014,attentive,0,2
59.4,True,-0.18876725144988638,-3.098247853147084,15.14301738642737,0.14239025136389116,0.008854069860136309,attentive,0,2
59.43333333333333,True,2.3625688449496614,-2.2744135217557098,15.134529147982063,0.1423562984101099,0.008857825739277556,attentive,0,2
59.46666666666667,True,6.557057158455684,-0.535808060985016,15.126050420168067,0.14232238349885393,0.008869856739333853,attentive,0,2
59.5,True,-2.3871968012768017,-4.156655419736805,15.11758118701008,0.142288506566222,0.008864121796300986,attentive,0,2
59.53333333333333,True,4.261464800819909,0.7553412690720602,15.10912143256855,0.14225466754845587,0.008868820836932995,attentive,0,2
59.56666666666666,True,-7.568779301910142,-1.4633330504888533,15.100671140939598,0.14222086638194006,0.00884686558596363,attentive,0,2
59.6,True,-4.216450739842982,2.01535094162249,15.092230296254892,0.14218710300320123,0.00882894205086023,attentive,0,2
59.63333333333333,True,3.788740040400337,-1.694736808349564,15.083798882681565,0.14215337734890793,0.008835520813077813,attentive,0,2
59.666666666666664,True,-0.6168803691711406,-5.379491837402423,15.07537688442211,0.1421196893558701,0.008835731430030695,attentive,0,2
59.699999999999996,True,1.1735361331637228,-5.0291145832885755,15.066964285714285,0.1420860389610388,0.008839947833436081,attentive,0,2
59.733333333333334,True,6.930770482575998,0.648559894059316,15.058561070831008,0.1420524261015057,0.00885139358487197,attentive,0,2
59.766666666666666,True,-0.3779626027037628,0.22166342935961048,15.050167224080269,0.14201885071450274,0.008845248761698477,attentive,0,2
59.8,True,-5.918474813299639,-3.158779733669838,15.041782729805014,0.14198531273740173,0.00882957741309347,attentive,0,2
59.833333333333336,True,2.2332399960481752,0.002041410376676822,15.033407572383073,0.14195181210771396,0.00883018509528331,attentive,0,2
59.86666666666667,True,-3.378573544183706,-3.0816311594207955,15.025041736227045,0.14191834876308984,0.008820725997748129,attentive,0,2
59.9,True,-5.740349276396277,-1.8990737616301243,15.016685205784205,0.1418849226413185,0.008803977818919617,attentive,0,2
59.93333333333333,True,-1.6288272540687367,-2.9533385938325147,15.008337965536409,0.1418515336803273,0.008798708093846652,attentive,0,2
59.96666666666667,True,-2.8030663132631215,-3.085085092616643,15.0,0.14181818181818168,0.008790707518320551,attentive,0,2
60.0,False,4.432013867317621,-1.947875040435545,15.0,0.14181818181818168,0.008801672255065875,attentive,0,2
60.03333333333333,False,-3.2251486605076334,3.0542946807094116,15.0,0.14404040404040377,0.008788915834837843,attentive,0,2
60.06666666666666,False,2.697972715379955,-2.3567824358477596,15.0,0.14626262626262587,0.008803219467961143,attentive,0,2
60.1,False,4.215236291732562,-4.585353263178094,15.0,0.14848484848484844,0.008817210616507046,attentive,0,2
60.13333333333333,False,-5.869145893608007,-0.9441242196179853,15.0,0.15070707070707054,0.008814145234600723,attentive,0,2
60.166666666666664,False,1.5973374614901685,2.5285513488396214,15.0,0.15292929292929264,0.008818548697216835,attentive,0,2
60.199999999999996,False,1.4434605023728575,-8.062004764796374,15.055555555555555,0.15537373737373694,0.00884261656232211,attentive,0,2
60.233333333333334,False,9.283978514905794,-2.1482771431213927,15.11111111111111,0.1598095238095237,0.008875365849849666,attentive,0,2
60.266666666666666,False,4.846982973855211,-2.495642187466279,15.166666666666668,0.16225396825396804,0.008894902961818395,attentive,0,2
60.3,False,-1.946354526862446,-5.686605628813673,15.222222222222223,0.16469841269841234,0.008891510521136587,attentive,0,2
60.333333333333336,False,2.2140425673875295,0.34130107769697915,15.277777777777779,0.16714285714285715,0.008899043094796034,attentive,0,2
60.36666666666667,False,-0.08239271086460512,2.34802085333939,15.333333333333332,0.16958730158730145,0.008897797542057924,attentive,0,2
60.4,False,5.6144526926945035,3.1802249225521004,15.388888888888888,0.17203174603174576,0.008907963981005145,attentive,0,2
60.43333333333333,False,-1.129274225305375,-4.564286271219978,15.444444444444445,0.17447619047619012,0.008909039990524684,attentive,0,2
60.46666666666667,False,1.9666025559956948,0.772414842617577,15.5,0.17692063492063487,0.00890779023019868,attentive,0,2
60.5,False,2.270019437940147,-3.898451036237864,15.555555555555555,0.1793650793650792,0.008923382803483097,attentive,0,2
60.53333333333333,False,-0.6361129327354236,-3.5802481216046314,15.611111111111112,0.1818095238095235,0.008920033844545976,attentive,0,2
60.56666666666666,False,-1.1052584232934133,-4.564156356829235,15.666666666666668,0.18425396825396784,0.008919510751685232,attentive,0,2
60.6,False,-1.684227748816059,3.0750792230858495,15.722222222222223,0.18669841269841264,0.008913081977673338,attentive,0,2
60.63333333333333,False,2.7501196360787556,-3.5419298874999963,15.777777777777777,0.18914285714285692,0.008929460644319126,attentive,0,2
60.666666666666664,False,1.4758560037166328,-5.369776006743322,15.833333333333332,0.19158730158730125,0.008934522610005494,attentive,0,2
60.699999999999996,False,2.6810080897627087,6.106614374153519,15.88888888888889,0.19403174603174558,0.008932776898024273,attentive,0,2
60.733333333333334,False,0.9421148103673429,-4.237895515912429,15.944444444444445,0.1964761904761904,0.008933301460153113,attentive,0,2
60.766666666666666,False,-3.0143245058756234,-1.4636939587089746,16.0,0.1989206349206347,0.008928305479071474,attentive,0,2
60.8,False,4.917162650519422,-10.432508275431381,16.055555555555557,0.201365079365079,0.00894295276467713,attentive,0,2
60.833333333333336,False,-1.2641736145057816,-4.671875753139293,16.11111111111111,0.2038095238095238,0.00893676851539975,attentive,0,2
60.86666666666667,False,-4.52052131082796,-1.8637973225172149,16.166666666666664,0.20625396825396813,0.008928379889029921,attentive,0,2
60.9,False,4.10814800264128,-0.7329512135341676,16.22222222222222,0.20869841269841244,0.008929900115271054,attentive,0,2
60.93333333333333,False,0.16159022855365698,-2.024459539830923,16.27777777777778,0.21114285714285677,0.00892736153052297,attentive,0,2
60.96666666666667,False,-2.765015586360778,-6.198788262163994,16.333333333333332,0.21358730158730155,0.008925403580827431,attentive,0,2
61.0,False,-1.4680500791315128,1.2515789005039282,16.38888888888889,0.21603174603174585,0.00891709939797635,attentive,0,2
61.03333333333333,False,2.460096773695363,0.10178425206839536,16.444444444444446,0.2184761904761902,0.008919889714854872,attentive,0,2
61.06666666666666,False,0.6740835172783323,0.06282444609894844,16.5,0.22092063492063452,0.008920166035889394,attentive,0,2
61.1,False,-2.3086870601048894,1.5969099298686702,16.555555555555557,0.22336507936507927,0.008910352483787347,attentive,0,2
61.13333333333333,False,2.412267620623574,-5.83800900751972,16.61111111111111,0.22580952380952363,0.008924973143939318,attentive,0,2
61.166666666666664,False,2.351085497484709,-4.837842247274278,16.666666666666664,0.22825396825396793,0.008937210052762563,attentive,0,2
61.199999999999996,False,-1.2271700515935553,-2.8036901863034127,16.72222222222222,0.23069841269841224,0.008939875935732526,attentive,0,2
61.233333333333334,False,-6.483002880185893,0.8387663820681905,16.77777777777778,0.23314285714285704,0.008923883553771765,attentive,0,2
61.266666666666666,False,5.527076375892579,1.6682087579898792,16.833333333333332,0.23558730158730135,0.008929173614512367,attentive,0,2
61.3,False,0.40105452286899224,-6.678354029249272,16.88888888888889,0.2380317460317457,0.008949233615033674,attentive,0,2
61.333333333333336,False,4.054241462625635,-0.5014809386194248,16.944444444444446,0.2404761904761905,0.008966252223449711,attentive,0,2
61.36666666666667,False,2.1977145712916393,-5.4082744092776736,17.0,0.2429206349206348,0.0089733978716416,attentive,0,2
61.4,False,-5.243688708777567,-3.458156572108966,17.055555555555554,0.2453650793650791,0.008956415098463424,attentive,0,2
61.43333333333333,False,-3.4541041476350056,0.27503176047459155,17.11111111111111,0.24780952380952342,0.00893832724486832,attentive,0,2
61.46666666666667,False,-4.183211958192492,-4.624291384268709,17.166666666666668,0.25025396825396823,0.008936061932187154,attentive,0,2
61.5,False,-2.2831867620839428,-5.164507474781862,17.22222222222222,0.25269841269841253,0.008931315288600902,attentive,0,2
61.53333333333333,False,1.871509141757552,-1.3595638899865703,17.27777777777778,0.25514285714285684,0.008935203132441442,attentive,0,2
61.56666666666666,False,-4.163841233674258,-0.27978920144990793,17.333333333333336,0.25758730158730114,0.008922062852228737,attentive,0,2
61.6,False,-3.810152230654594,-5.293183999746051,17.38888888888889,0.26003174603174595,0.00891403761486189,attentive,0,2
61.63333333333333,False,2.6643189115706307,-3.3681218545167786,17.444444444444446,0.2624761904761903,0.008934377359239161,attentive,0,2
61.666666666666664,False,5.079901772265882,-3.6805272365568547,17.5,0.26492063492063456,0.008939325546920195,attentive,0,2
61.699999999999996,False,-3.6878156912144853,2.0339689441618938,17.555555555555554,0.2673650793650789,0.008916960918394187,attentive,0,2
61.733333333333334,False,3.2929519396982174,-3.499972574774425,17.61111111111111,0.2698095238095237,0.008917885061693982,attentive,0,2
61.766666666666666,False,5.301250722032613,-3.3010147911922942,17.666666666666668,0.272253968253968,0.008935413154542306,attentive,0,2
61.8,False,2.9905624118259833,2.4653740982356958,17.72222222222222,0.27469841269841233,0.008937007277421024,attentive,0,2
61.833333333333336,False,3.5227474135351353,-4.8860386421905675,17.77777777777778,0.27714285714285714,0.008947023788737685,attentive,0,2
61.86666666666667,False,1.9312244888702894,-1.2317189450628565,17.833333333333336,0.27958730158730144,0.008942215732621562,attentive,0,2
61.9,False,-0.6799230266525229,1.8353354946936804,17.888888888888886,0.28203174603174574,0.008933697497438359,attentive,0,2
61.93333333333333,False,-4.686624199022955,-1.739127400890173,17.944444444444443,0.2844761904761901,0.0089335030779965,attentive,0,2
61.96666666666667,False,-1.763873527279679,-3.7086002047383033,18.0,0.2869206349206349,0.008928985856239465,attentive,0,2
62.0,False,4.409152009372059,-7.220719384531375,18.055555555555554,0.28936507936507916,0.008945556026104813,attentive,0,2
62.03333333333333,False,-1.5629944237901534,-3.9356117063199982,18.11111111111111,0.2918095238095235,0.008961182962257435,attentive,3,3
62.06666666666666,False,6.193142003812683,-6.819254379622608,18.166666666666668,0.2942539682539679,0.008994735751006554,attentive,3,3
62.1,False,-0.21026782992950932,-0.9526545158633422,18.22222222222222,0.2966984126984126,0.008996529162739117,attentive,3,3
62.13333333333333,False,3.067906370827306,-2.9604487098505743,18.27777777777778,0.29914285714285693,0.009010993236526986,attentive,3,3
62.166666666666664,False,-3.2195729541666807,-0.9822039321706957,18.333333333333332,0.3015873015873013,0.008995795308583429,attentive,3,3
62.199999999999996,False,-5.874106929744379,-1.0603653059902467,18.38888888888889,0.3040317460317456,0.008972745061596274,attentive,3,3
62.233333333333334,False,1.9564428067859938,-1.4726799176337446,18.444444444444443,0.30647619047619035,0.008966292870750202,attentive,3,3
62.266666666666666,False,-1.0992533270870268,-4.068365096632117,18.5,0.3089206349206347,0.0089676204990389,attentive,3,3
62.3,False,-5.626315490797674,2.887824904422179,18.555555555555557,0.311365079365079,0.008943984969423316,attentive,3,3
62.333333333333336,False,-4.26550513896928,-0.3850609634780997,18.61111111111111,0.3138095238095238,0.008929613528806156,attentive,3,3
62.36666666666667,False,-0.9092200747865272,0.6829808049257,18.666666666666668,0.3162539682539681,0.00892899759519292,attentive,3,3
62.4,False,-2.6590590900832582,-5.269298020793247,18.722222222222225,0.3186984126984125,0.008933267300507588,attentive,3,3
62.43333333333333,False,-3.5626307850766104,-0.029397670230476347,18.777777777777775,0.32114285714285673,0.008920245606077558,attentive,3,3
62.46666666666667,False,1.235933851476613,-7.405500897975341,18.833333333333332,0.32358730158730153,0.00892606124156804,attentive,3,3
62.5,False,0.8115468382449865,-2.8125471545993888,18.88888888888889,0.3260317460317459,0.008930925571735585,attentive,3,3
62.53333333333333,False,-8.515774990585253,-4.461527461556313,18.944444444444443,0.32847619047619014,0.008908036239206808,attentive,3,3
62.56666666666666,False,6.377964397742666,1.372765465249151,19.0,0.3309206349206345,0.008921900640794601,attentive,3,3
62.6,True,-0.3950879297359376,-3.646118494134286,19.0,0.17963636363636348,0.00892331040195841,attentive,0,3
62.63333333333333,True,-3.1167953920608356,1.765040359048165,19.0,0.17963636363636348,0.008913742022375746,attentive,0,3
62.666666666666664,True,0.9531247412412487,-7.759083582765619,19.0,0.17963636363636348,0.008920865352206984,attentive,0,3
62.699999999999996,True,-1.18531709678973,-0.566959423618532,19.0,0.17963636363636348,0.008915863304613782,attentive,0,3
62.733333333333334,True,-0.735945889151271,0.6725847047378695,19.0,0.17963636363636348,0.008913174124626427,attentive,0,3
62.766666666666666,True,1.3175572161604256,0.7400866356748663,19.0,0.17963636363636348,0.00891803793231288,attentive,0,3
62.8,True,-3.4492172463597104,-0.7034405195917526,19.0,0.17963636363636348,0.008906746658961089,attentive,0,3
62.833333333333336,True,-2.610371555003326,-4.436405642427463,19.0,0.17963636363636348,0.008900774593667692,attentive,0,3
62.86666666666667,True,-0.5510022357457232,-4.178904009996218,19.0,0.17963636363636348,0.00890376651028605,attentive,0,3
62.9,True,-1.8068703519249487,-1.4125622529500519,19.0,0.17963636363636348,0.008898533718725767,attentive,0,3
62.93333333333333,True,-2.206699008148883,-2.8475570232419964,19.0,0.17963636363636348,0.008896183305162744,attentive,0,3
62.96666666666667,True,4.582102534493043,-6.21530838929658,19.0,0.17963636363636348,0.008920616109256777,attentive,0,3
63.0,True,3.688154759196663,-9.674854280307947,18.944444444444443,0.17941414141414125,0.0089280782837445,attentive,0,3
63.03333333333333,True,4.987814046182554,-6.217521221951378,18.88888888888889,0.17919191919191904,0.008948198978523047,attentive,0,3
63.06666666666666,True,-4.025096146462056,-2.6648482948696497,18.833333333333332,0.17896969696969683,0.008945008859204625,attentive,0,3
63.1,True,-3.38647238297698,0.8698968771314299,18.777777777777775,0.1787474747474746,0.008942953036127273,attentive,0,3
63.13333333333333,True,-5.382343512895517,-0.7844006509232477,18.722222222222225,0.1785252525252524,0.008931716041232031,attentive,0,3
63.166666666666664,True,-2.9570676612609423,-5.670324867256012,18.666666666666668,0.17830303030303016,0.008933657706501877,attentive,0,3
63.199999999999996,True,2.8393042794504697,-0.40206375169456443,18.666666666666668,0.17830303030303016,0.008932031260105267,attentive,0,3
63.233333333333334,True,-1.752514966176436,1.0203017447517122,18.666666666666668,0.18133333333333318,0.008926696803220939,attentive,0,3
63.266666666666666,True,2.8671136063878877,-4.91573118579192,18.666666666666668,0.18133333333333318,0.008946028044113508,attentive,0,3
63.3,True,6.974309193694344,-0.7243633665120743,18.666666666666668,0.18133333333333318,0.008967790946505514,attentive,0,3
63.333333333333336,True,-5.407466687003797,-1.1382810608301355,18.666666666666668,0.18133333333333318,0.008966321456967704,attentive,0,3
63.36666666666667,True,1.1074156891861853,-2.4195017855833783,18.666666666666668,0.18133333333333318,0.008970695626963295,attentive,0,3
63.4,True,-5.818869945220532,0.7495662143782145,18.666666666666668,0.18133333333333318,0.00896150000861428,attentive,0,3
63.43333333333333,True,0.3354781976912343,-8.099083095308353,18.666666666666668,0.18133333333333318,0.00895802186945993,attentive,0,3
63.46666666666667,True,2.2750078331066073,-1.8670962016751336,18.666666666666668,0.18133333333333318,0.008964317149763475,attentive,0,3
63.5,True,2.991796185764341,-0.42169902405216586,18.666666666666668,0.18133333333333318,0.008972906305260438,attentive,0,3
63.53333333333333,True,-4.16809207324415,-2.535732938560955,18.666666666666668,0.18133333333333318,0.008960415264730556,attentive,0,3
63.56666666666666,True,3.6854273368470825,-7.039873896445465,18.666666666666668,0.18133333333333318,0.008980446744910588,attentive,0,3
63.6,True,2.2296597204256963,1.31094557019741,18.666666666666668,0.18133333333333318,0.00898234207544235,attentive,0,3
63.63333333333333,True,-4.565420067689003,-0.7216312264101752,18.666666666666668,0.18133333333333318,0.008973587213937553,attentive,0,3
63.666666666666664,True,-6.075320076171906,-4.408036112229638,18.666666666666668,0.18133333333333318,0.008966441085839565,attentive,0,3
63.699999999999996,True,-0.8624413552151083,-2.7656834099483385,18.666666666666668,0.18133333333333318,0.008964046670612524,attentive,0,3
63.733333333333334,True,-2.8480992128319054,2.6412686477641842,18.666666666666668,0.18133333333333318,0.00895346124331014,attentive,0,3
63.766666666666666,True,-0.26535837663795736,-0.892673352584437,18.666666666666668,0.18133333333333318,0.008950742745372976,attentive,0,3
63.8,True,3.7877502683465534,-5.298034056764883,18.666666666666668,0.18133333333333318,0.008962158986938733,attentive,0,3
63.833333333333336,True,3.779243697764455,1.6490930989224815,18.666666666666668,0.18133333333333318,0.008968585373544656,attentive,0,3
63.86666666666667,True,-3.3044025997850115,-0.33220684065370376,18.666666666666668,0.18133333333333318,0.008946556407037058,attentive,0,3
63.9,True,1.6683724295557343,-5.111646023287687,18.666666666666668,0.18133333333333318,0.008948430012955203,attentive,0,3
63.93333333333333,True,-2.1489407844846156,-1.8077961355558176,18.666666666666668,0.18133333333333318,0.008943241958173058,attentive,0,3
63.96666666666667,True,7.358453961438604,0.6611887607280194,18.666666666666668,0.18133333333333318,0.008954349320375986,attentive,0,3
64.0,False,0.3831784660879446,-3.1164641824350388,18.722222222222225,0.18155555555555541,0.008950275272005684,attentive,0,3
64.03333333333333,False,-0.20473377648564417,-1.3367375732300748,18.777777777777775,0.1839999999999997,0.008947584496678169,attentive,0,3
64.06666666666666,False,-3.374977480463037,0.7574317336853253,18.833333333333332,0.18644444444444402,0.008940235910843052,attentive,0,3
64.1,False,-4.284974445790666,-0.7828402856389189,18.88888888888889,0.18888888888888836,0.008931153124740058,attentive,0,3
64.13333333333333,False,-8.716214081073193,-6.074707192533046,18.944444444444443,0.19133333333333266,0.008920014205190466,attentive,0,3
64.16666666666667,False,-1.8992173243456507,-7.181963992074939,19.0,0.19377777777777794,0.008920502798374782,attentive,0,3
64.2,False,3.996309125378534,-3.174379283591197,19.055555555555557,0.19622222222222224,0.00893152119682959,attentive,0,3
64.23333333333333,False,-1.0113805196790155,-6.429136938949576,19.11111111111111,0.19866666666666657,0.008932002444758533,attentive,0,3
64.26666666666667,False,2.5301090030228353,-0.09793694657381025,19.166666666666668,0.2011111111111109,0.008938990007863683,attentive,0,3
64.3,False,-1.7480669620226224,-3.40472750966473,19.22222222222222,0.2035555555555552,0.008936968320467708,attentive,0,3
64.33333333333333,False,0.7397408409672992,-0.926504527129326,19.27777777777778,0.20599999999999952,0.008935547530436678,attentive,0,3
64.36666666666666,False,2.5389156311700725,-3.743320482061158,19.333333333333332,0.20844444444444382,0.00894439126556814,attentive,0,3
64.4,False,-3.8438946852055165,-8.07203646924658,19.38888888888889,0.21088888888888913,0.008935737061676687,attentive,0,3
64.43333333333334,False,0.7527183535961709,-3.09116765284259,19.444444444444446,0.21333333333333343,0.008943231497914645,attentive,0,3
64.46666666666667,False,-7.718717278580836,-4.460620887625574,19.5,0.21577777777777774,0.008930449587238392,attentive,0,3
64.5,False,0.8198948834998661,-2.4260114182998387,19.555555555555557,0.21822222222222204,0.008939177697566686,attentive,0,3
64.53333333333333,False,-4.561116660284156,-2.358350554491913,19.611111111111114,0.22066666666666637,0.008932093251454908,attentive,0,3
64.56666666666666,False,-1.32677388000396,1.0870503094881219,19.666666666666664,0.22311111111111068,0.008938878397386298,attentive,0,3
64.6,True,-8.752248936905348,-5.861152522736391,19.666666666666664,0.18593939393939374,0.00892612941519098,attentive,0,3
64.63333333333333,True,-0.8413129701728093,-4.239779810891071,19.666666666666664,0.18593939393939374,0.008926702357816715,attentive,0,3
64.66666666666667,True,4.841125339318961,-8.117542392658226,19.666666666666664,0.18593939393939374,0.008944020179695096,attentive,0,3
64.7,True,1.4211665503151174,-6.772216098836285,19.666666666666664,0.18593939393939374,0.008953186141964222,attentive,0,3
64.73333333333333,True,1.4775599951194014,-5.611638416477501,19.666666666666664,0.18593939393939374,0.008961901117875416,attentive,0,3
64.76666666666667,True,-0.04034477108575105,1.0528466398661815,19.666666666666664,0.18593939393939374,0.008955809830816126,attentive,0,3
64.8,True,-5.897959757776188,-2.6216330077097876,19.666666666666664,0.18593939393939374,0.008943756382417248,attentive,0,3
64.83333333333333,True,7.200583027667005,-4.341391370364833,19.666666666666664,0.18593939393939374,0.008973431215587219,attentive,0,3
64.86666666666666,True,2.1720206190832623,-3.4882654961951647,19.666666666666664,0.18593939393939374,0.008975302110113858,attentive,0,3
64.9,True,2.569801121692242,-2.720321291955997,19.666666666666664,0.18593939393939374,0.008990211961922082,attentive,0,3
64.93333333333334,True,7.818312846916037,3.701944140867985,19.666666666666664,0.18593939393939374,0.009004341670192368,attentive,0,3
64.96666666666667,True,5.128398298846571,-3.799046613256823,19.666666666666664,0.18593939393939374,0.009019083409257635,attentive,0,3
65.0,True,2.8938058451427846,-4.945326189023223,19.666666666666664,0.18593939393939374,0.00903360269264061,attentive,0,3
65.03333333333333,True,3.3347941647082373,-3.8754781504960443,19.666666666666664,0.18593939393939374,0.00904666786988328,attentive,0,3
65.06666666666666,True,0.13678851573608947,-9.118100658590805,19.666666666666664,0.18593939393939374,0.009066191803808627,attentive,0,3
65.1,True,4.951722215944041,-7.982959794177431,19.666666666666664,0.18593939393939374,0.009089940440162501,attentive,0,3
65.13333333333333,True,1.7362845461177934,-4.718082262516843,19.666666666666664,0.18593939393939374,0.00909995487705052,attentive,0,3
65.16666666666667,True,-2.2357449373950624,4.444823513016768,19.666666666666664,0.18593939393939374,0.009091928670776132,attentive,0,3
65.2,True,-0.07516040527402024,-2.1688567872266686,19.666666666666664,0.18593939393939374,0.009102498115017786,attentive,0,3
65.23333333333333,True,-3.134721365759712,-3.760552137607019,19.666666666666664,0.18593939393939374,0.009099507861165841,attentive,0,3
65.26666666666667,True,0.5200946785551352,-2.487317155571133,19.666666666666664,0.18593939393939374,0.009095690484907975,attentive,0,3
65.3,True,-2.2815639511542507,-7.042335125174785,19.666666666666664,0.18593939393939374,0.009093361719535252,attentive,0,3
65.33333333333333,True,7.255135028205388,-3.6683239293379346,19.666666666666664,0.18593939393939374,0.009115512689878768,attentive,0,3
65.36666666666666,True,-2.303074406889631,-5.796505293020347,19.666666666666664,0.18593939393939374,0.009122825534719365,attentive,0,3
65.4,True,1.6945936936157655,-2.4686693270022766,19.666666666666664,0.18593939393939374,0.009126596075615317,attentive,0,3
65.43333333333334,True,-1.992477328107041,-5.7808948240493025,19.666666666666664,0.18593939393939374,0.009129704804851448,attentive,0,3
65.46666666666667,True,-0.2615063085513923,-9.589925254225207,19.666666666666664,0.18593939393939374,0.009139292579824931,attentive,0,3
65.5,True,-2.978790610238201,-2.804538153604414,19.666666666666664,0.18593939393939374,0.009130518687715014,attentive,0,3
65.53333333333333,True,-3.3191758860484084,-1.986987225578709,19.666666666666664,0.18593939393939374,0.00912161975950435,attentive,0,3
65.56666666666666,True,-1.579053240021072,0.5848076019859509,19.666666666666664,0.18593939393939374,0.00912055337462722,attentive,0,3
65.6,True,-5.124060897809195,-1.926872424622863,19.666666666666664,0.18593939393939374,0.009110818558991794,attentive,0,3
65.63333333333333,True,1.128669586007354,0.34740762014973203,19.666666666666664,0.18593939393939374,0.009097195012991707,attentive,0,3
65.66666666666667,True,-4.231884556324957,-8.56866956041516,19.666666666666664,0.18593939393939374,0.009094398619653903,attentive,0,3
65.7,True,-5.625093283899918,1.4595027583237545,19.666666666666664,0.18593939393939374,0.009083775919811686,attentive,0,3
65.73333333333333,True,-5.497096505102516,-4.072429291932307,19.666666666666664,0.18593939393939374,0.009069388753534895,attentive,0,3
65.76666666666667,True,7.35736280684175,-0.27064625927036845,19.666666666666664,0.18593939393939374,0.00908711246599898,attentive,0,3
65.8,True,5.887723984140782,-2.801975883366042,19.666666666666664,0.18593939393939374,0.009103910707940395,attentive,0,3
65.83333333333333,True,4.149594530232665,-12.253023812012785,19.666666666666664,0.18593939393939374,0.009122643754284855,attentive,0,3
65.86666666666666,True,-2.179709932882628,-8.959577345255044,19.666666666666664,0.18593939393939374,0.009122213728148252,attentive,0,3
65.9,True,-2.580732670567624,-2.008964363297571,19.666666666666664,0.18593939393939374,0.009122168659098144,attentive,0,3
65.93333333333334,True,1.053793510857676,-2.31023278764659,19.666666666666664,0.18593939393939374,0.009115268858789634,attentive,0,3
65.96666666666667,True,2.6509388187223557,-1.5655944645043387,19.666666666666664,0.18593939393939374,0.009119361386057685,attentive,0,3
66.0,False,-3.0244817625047395,-3.203422724769281,19.666666666666664,0.18593939393939374,0.009108272541430332,attentive,0,3
66.03333333333333,False,-6.056926072217121,-0.07580605374550275,19.666666666666664,0.18816161616161584,0.009094355453048816,attentive,0,3
66.06666666666666,False,-2.975404145562976,-2.2424420859281686,19.666666666666664,0.19038383838383793,0.009086937897384493,attentive,0,3
66.1,False,-5.235314998577653,-1.5343590532044369,19.666666666666664,0.19260606060606003,0.009057897275993352,attentive,0,3
66.13333333333333,False,-2.8624219137470956,-2.507264960563632,19.666666666666664,0.19482828282828213,0.009044602524394228,attentive,0,3
66.16666666666667,False,-0.9600668283037406,2.0581439951359943,19.666666666666664,0.19705050505050517,0.009038931010548359,attentive,0,3
66.2,False,-1.811326899878631,-4.896199442691286,19.72222222222222,0.2026984126984127,0.009031508050535146,attentive,0,3
66.23333333333333,False,3.8529404505147817,-2.8822308111196184,19.77777777777778,0.20514285714285702,0.009042927265670487,attentive,0,3
66.26666666666667,False,3.309660946326541,-3.119033803786843,19.833333333333332,0.20758730158730132,0.00905060555860175,attentive,0,3
66.3,False,-3.1821115133149256,-9.626761785429155,19.88888888888889,0.21003174603174563,0.009052578953262893,attentive,0,3
66.33333333333333,False,-0.33087775137634146,2.3084564243049552,19.944444444444446,0.21247619047618999,0.009042665066604685,attentive,0,3
66.36666666666666,False,0.3823806935363508,-1.3022857298750843,20.0,0.2149206349206343,0.00904835803164566,attentive,0,3
66.4,False,4.2780847621701525,-8.360224720035255,20.055555555555554,0.21736507936507954,0.009060378389701137,attentive,0,3
66.43333333333334,False,6.180114581710396,0.4582553656388697,20.11111111111111,0.21980952380952384,0.009075268926346965,attentive,0,3
66.46666666666667,False,-1.9485406029223833,-2.9621460758460385,20.166666666666664,0.2222539682539682,0.009074257920586042,attentive,0,3
66.5,False,-2.8900875467946046,-0.8912282358782562,20.22222222222222,0.2246984126984125,0.009072517257268282,attentive,0,3
66.53333333333333,False,1.5744129434687346,0.3996837547084864,20.27777777777778,0.2271428571428568,0.009073642870832984,attentive,0,3
66.56666666666666,False,2.2374849696680283,2.373906510878645,20.333333333333332,0.22958730158730112,0.009081702426848928,attentive,0,3
66.6,True,0.2608190709766685,1.0873032287446058,20.333333333333332,0.192242424242424,0.009077437309350258,attentive,0,3
66.63333333333333,True,-1.6305921625286328,-3.293507899554583,20.333333333333332,0.192242424242424,0.009077858177590437,attentive,0,3
66.66666666666667,True,1.6954770634527734,-2.8765308264196667,20.333333333333332,0.192242424242424,0.009083837275097517,attentive,0,3
66.7,True,0.9243352967858478,-6.860262981120728,20.333333333333332,0.192242424242424,0.009094374267653667,attentive,0,3
66.73333333333333,True,3.4139432681510504,0.56294495326186,20.333333333333332,0.192242424242424,0.009104704672704427,attentive,0,3
66.76666666666667,True,-2.498993224340131,-2.911028597732207,20.333333333333332,0.192242424242424,0.00909462629210705,attentive,0,3
66.8,True,-3.6373395862162967,-6.134435800335012,20.333333333333332,0.192242424242424,0.009091687929026029,attentive,0,3
66.83333333333333,True,0.2791085582756856,-4.384361063366437,20.333333333333332,0.192242424242424,0.009095350129424013,attentive,0,3
66.86666666666666,True,-2.818412247196984,-1.6263799172543232,20.333333333333332,0.192242424242424,0.009094734656430074,attentive,0,3
66.9,True,-1.7795812048938677,-6.007728277164997,20.333333333333332,0.192242424242424,0.009092819905575074,attentive,0,3
66.93333333333334,True,-0.7125485845484743,-2.7402054021396536,20.333333333333332,0.192242424242424,0.009092803429650175,attentive,0,3
66.96666666666667,True,-1.116631364498281,-0.011406572306877028,20.333333333333332,0.192242424242424,0.009083515272271869,attentive,0,3
67.0,True,-2.595936356971571,-2.017354009021651,20.333333333333332,0.192242424242424,0.00907983140831601,attentive,0,3
67.03333333333333,True,7.309444596720995,-2.4575788999762147,20.333333333333332,0.192242424242424,0.009104439328937364,attentive,0,3
67.06666666666666,True,-1.6644633275761316,-4.303695721788967,20.333333333333332,0.192242424242424,0.009104886489273333,attentive,0,3
67.1,True,-6.0024860888851865,-5.131143074482369,20.333333333333332,0.192242424242424,0.009096890159712226,attentive,0,3
67.13333333333333,True,-2.3430138802032388,-1.203370276171915,20.333333333333332,0.192242424242424,0.00908978875447863,attentive,0,3
67.16666666666667,True,0.17796854583642047,-6.877932944091967,20.333333333333332,0.192242424242424,0.009097526600150101,attentive,0,3
67.2,True,-2.3685971798247696,-2.544639633914514,20.333333333333332,0.192242424242424,0.009096146506248286,attentive,0,3
67.23333333333333,True,0.8963787300907904,-0.9829499206891972,20.333333333333332,0.192242424242424,0.009102602886860472,attentive,0,3
67.26666666666667,True,-2.818168764926086,1.8865141032565056,20.333333333333332,0.192242424242424,0.009092208578403323,attentive,0,3
67.3,True,-3.0065300260137815,-8.231396389520256,20.333333333333332,0.192242424242424,0.009101958087119942,attentive,0,3
67.33333333333333,True,-0.3468328703146068,-5.64874383241274,20.333333333333332,0.192242424242424,0.009101333069436822,attentive,0,3
67.36666666666666,True,-6.337619834744098,5.141962402655148,20.333333333333332,0.192242424242424,0.00907332634687352,attentive,0,3
67.4,True,-7.46794202800031,-11.704862896826098,20.333333333333332,0.192242424242424,0.009071402470072182,attentive,0,3
67.43333333333334,True,-2.4363372576235927,-2.617316639293032,20.333333333333332,0.192242424242424,0.009066298389393424,attentive,0,3
67.46666666666667,True,2.920965962659407,-9.105815722768183,20.333333333333332,0.192242424242424,0.009077418904000524,attentive,0,3
67.5,True,-4.363562978474126,2.900756383670095,20.333333333333332,0.192242424242424,0.00906186373150264,attentive,0,3
67.53333333333333,True,-1.1433213884626998,-2.859186741688159,20.333333333333332,0.192242424242424,0.00906392353822875,attentive,0,3
67.56666666666666,True,-1.0623819615675938,-11.352036711955744,20.333333333333332,0.192242424242424,0.00907722804405127,attentive,0,3
67.6,True,-2.5858343001563497,-2.6904278043346443,20.333333333333332,0.192242424242424,0.009068376153777497,attentive,0,3
67.63333333333333,True,-0.5434852657251403,-3.364696533532266,20.333333333333332,0.192242424242424,0.009069412697669161,attentive,0,3
67.66666666666667,True,1.6066417233550523,-0.18832925021634495,20.333333333333332,0.192242424242424,0.009063979144126509,attentive,0,3
67.7,True,-0.46732062393385193,-0.2907585961733301,20.333333333333332,0.192242424242424,0.009065734849582795,attentive,0,3
67.73333333333333,True,-2.563171421010762,-2.6712339384035597,20.333333333333332,0.192242424242424,0.009064999264939802,attentive,0,3
67.76666666666667,True,-6.607907525796118,-2.8576012772357062,20.333333333333332,0.192242424242424,0.009056560329915813,attentive,0,3
67.8,True,-5.213065753963654,-8.702580661003982,20.333333333333332,0.192242424242424,0.009051620461665588,attentive,0,3
67.83333333333333,True,-3.153882133522606,-1.6239361491118702,20.333333333333332,0.192242424242424,0.009049123672739478,attentive,0,3
67.86666666666666,True,-6.7455866792233925,-4.044985800088133,20.333333333333332,0.192242424242424,0.00904049344556733,attentive,0,3
67.9,True,3.763766736183162,1.4912788339954521,20.333333333333332,0.192242424242424,0.009049902302259431,attentive,0,3
67.93333333333334,True,0.14272039918613133,-0.707720318966111,20.333333333333332,0.192242424242424,0.009061611781363704,attentive,0,3
67.96666666666667,True,1.2478381799396998,-6.206963772811566,20.333333333333332,0.192242424242424,0.009062323574919094,attentive,0,3
68.0,False,-2.6896671650824913,-5.074651200554991,20.38888888888889,0.19246464646464623,0.009052879069088998,attentive,0,3
68.03333333333333,False,0.3704783536508214,-2.7494046017107507,20.444444444444446,0.19490909090909053,0.009063408817444493,attentive,0,3
68.06666666666666,False,0.8101275207811638,-4.421368864299558,20.5,0.19735353535353484,0.009064904676498686,attentive,0,3
68.1,False,1.9084493240255338,-2.110960782763614,20.555555555555554,0.19979797979797917,0.009069784798660548,attentive,0,3
68.13333333333333,False,5.072537186857919,-1.9662078212684018,20.61111111111111,0.2022424242424235,0.009090439061328396,attentive,0,3
68.16666666666667,False,-0.6922225839113503,-0.733300405057189,20.666666666666668,0.20468686868686875,0.009089304025367773,attentive,0,3
68.2,False,1.7846419270888902,-5.0711094804262515,20.72222222222222,0.20713131313131308,0.009096675062803454,attentive,0,3
68.23333333333333,False,0.19745346858718682,2.9321521768030796,20.77777777777778,0.2095757575757574,0.009080870454485522,attentive,0,3
68.26666666666667,False,2.0824030592232767,-1.899650775168816,20.833333333333336,0.21202020202020172,0.009080251894489492,attentive,0,3
68.3,False,-0.0918312470793326,-7.028036458376595,20.88888888888889,0.21446464646464602,0.009075715590225021,attentive,0,3
68.33333333333333,False,5.5251435048447375,-0.6607559222009698,20.944444444444443,0.21690909090909033,0.009091979960359466,attentive,0,3
68.36666666666666,False,3.9224708318147963,-4.362551233158314,21.0,0.21935353535353463,0.00910476178375649,attentive,0,3
68.4,False,2.159271739711092,-1.9471680238449767,21.055555555555554,0.22179797979797994,0.00911505187815274,attentive,0,3
68.43333333333334,False,-3.7454137191066112,-6.931557362217895,21.11111111111111,0.22424242424242424,0.009107285348070811,attentive,0,3
68.46666666666667,False,1.1498073689100683,1.8852353590591404,21.166666666666668,0.22668686868686855,0.009112280646970146,attentive,0,3
68.5,False,-2.3113360742761833,-4.985367970171133,21.22222222222222,0.22913131313131285,0.009112560540221734,attentive,0,3
68.53333333333333,False,-3.6869004522841125,3.5116535650582814,21.27777777777778,0.23157575757575719,0.009096230409579978,attentive,0,3
68.56666666666666,False,0.5907665244865401,3.5394079489058576,21.333333333333336,0.23402020202020152,0.009093072369569239,attentive,0,3
68.6,True,0.5269464296077773,-2.3387346239129307,21.333333333333336,0.19663768115941999,0.009100988881762506,attentive,0,3
68.63333333333333,True,-2.3174239267589507,-5.581356845927789,21.333333333333336,0.19663768115941999,0.009100815442972943,attentive,0,3
68.66666666666667,True,-6.420428269525812,-6.488620194140495,21.333333333333336,0.19663768115941999,0.009091369107243612,attentive,0,3
68.7,True,-0.3154473430839161,-3.868252094424099,21.333333333333336,0.19663768115941999,0.009097789496274433,attentive,0,3
68.73333333333333,True,5.094428132964828,-3.2320215461725397,21.333333333333336,0.19663768115941999,0.009116807439048578,attentive,0,3
68.76666666666667,True,0.3133756908026988,-1.2410353535877872,21.333333333333336,0.19663768115941999,0.009119550911652652,attentive,0,3
68.8,True,0.1377187929927376,-3.3529126466300956,21.333333333333336,0.19663768115941999,0.009128365542607082,attentive,0,3
68.83333333333333,True,1.5438841611760106,-4.787593361065719,21.333333333333336,0.19663768115941999,0.009135778756901344,attentive,0,3
68.86666666666666,True,2.5598007769421542,1.304426845148868,21.333333333333336,0.19663768115941999,0.009135316336004453,attentive,0,3
68.9,True,2.512157966152104,-7.526249193527652,21.333333333333336,0.19663768115941999,0.009160289757359837,attentive,0,3
68.93333333333334,True,3.6511989190171303,-3.458895492159589,21.333333333333336,0.19663768115941999,0.009158632759356918,attentive,0,3
68.96666666666667,True,2.193723112771863,-3.3981054894791924,21.333333333333336,0.19663768115941999,0.009168845340133298,attentive,0,3
69.0,True,-2.8497800610696005,-6.658866267943788,21.27777777777778,0.19641545893719778,0.009157601253792693,attentive,0,3
69.03333333333333,True,2.3103718454173365,-3.9857215872811858,21.22222222222222,0.19619323671497554,0.009159376525098536,attentive,0,3
69.06666666666666,True,5.233938840529531,-0.27945827779589605,21.166666666666668,0.19597101449275334,0.009179296022681695,attentive,0,3
69.1,True,1.5874590258570977,-4.3700909138738595,21.11111111111111,0.1957487922705311,0.00918859000412969,attentive,0,3
69.13333333333333,True,-2.6111321302705885,-2.628816683448023,21.055555555555554,0.19552657004830887,0.009181776345047715,attentive,0,3
69.16666666666667,True,-5.941001419693758,-1.0873656567128889,21.0,0.19530434782608666,0.009163357175598495,attentive,0,3
69.2,True,-2.6257795684729537,0.26983625770568676,21.0,0.19854545454545425,0.009154993008053109,attentive,0,3
69.23333333333333,True,-3.460681701599012,-1.118801161028009,21.0,0.19854545454545425,0.009151212403315425,attentive,0,3
69.26666666666667,True,-2.831611451557661,-3.251144163058969,21.0,0.19854545454545425,0.009137004999885743,attentive,0,3
69.3,True,3.8034224482533263,-3.452158199148149,21.0,0.19854545454545425,0.009135705426924871,attentive,0,3
69.33333333333333,True,-3.551089117579547,-1.0621317771107635,21.0,0.19854545454545425,0.009126859212491569,attentive,0,3
69.36666666666666,True,-0.09925013305867592,-3.5701777674580013,21.0,0.19854545454545425,0.009130893451060744,attentive,0,3
69.4,True,-0.4082813482790232,-6.752395380083243,21.0,0.19854545454545425,0.00913630606110713,attentive,0,3
69.43333333333334,True,4.842867673073203,-0.27262310260311917,21.0,0.19854545454545425,0.009150285757902853,attentive,0,3
69.46666666666667,True,1.734284269158115,-1.9540706425008492,21.0,0.19854545454545425,0.009165015542556576,attentive,0,3
69.5,True,-2.871034917825722,-3.051297914877199,21.0,0.19854545454545425,0.00916363914851949,attentive,0,3
69.53333333333333,True,0.31576569351045347,-5.663073759693815,21.0,0.19854545454545425,0.009173667206585412,attentive,0,3
69.56666666666666,True,-2.0160677063105545,-0.8209831947824857,21.0,0.19854545454545425,0.00915534511559369,attentive,0,3
69.6,True,-0.25215083392967336,-3.0788568553482936,21.0,0.19854545454545425,0.009154783073322887,attentive,0,3
69.63333333333333,True,0.4217684607279567,-8.535719573958884,21.0,0.19854545454545425,0.00915927804062536,attentive,0,3
69.66666666666667,True,-2.475354593646534,1.7147858375101088,21.0,0.19854545454545425,0.009145686491317109,attentive,0,3
69.7,True,-0.4854743478080644,1.1177106854676246,21.0,0.19854545454545425,0.009137813823193222,attentive,0,3
69.73333333333333,True,-8.755156069453474,1.7013345323992244,21.0,0.19854545454545425,0.009117135600330131,attentive,0,3
69.76666666666667,True,0.4892293373340908,0.4495388775774658,21.0,0.19854545454545425,0.00911736544716542,attentive,0,3
69.8,True,-0.4624473426865323,-5.641895835234147,21.0,0.19854545454545425,0.009123678457545855,attentive,0,3
69.83333333333333,True,-1.8042547982346018,-6.157895366202067,21.0,0.19854545454545425,0.009124348258388128,attentive,0,3
69.86666666666666,True,-1.1622713393875304,1.7757908795954225,21.0,0.19854545454545425,0.009107786467067102,attentive,0,3
69.9,True,0.35486301737979487,-6.746490910150072,21.0,0.19854545454545425,0.009112147389918087,attentive,0,3
69.93333333333334,True,5.660501397962961,-1.6231252852876337,21.0,0.19854545454545425,0.009124561139585652,attentive,0,3
69.96666666666667,True,1.286988891667081,0.08375977846419635,21.0,0.19854545454545425,0.009127391203292614,attentive,0,3
70.0,False,-1.168840499619506,3.7806177806257937,21.055555555555554,0.19876767676767645,0.00912798966304701,attentive,0,3
70.03333333333333,False,-4.158736560025793,2.7070785231678514,21.11111111111111,0.2012121212121208,0.00911435583012915,attentive,0,3
70.06666666666666,False,0.6145064526007705,-1.3435917136541728,21.166666666666668,0.2036565656565651,0.009113495166110385,attentive,0,3
70.1,False,-1.0261298593263306,-0.43715252529084614,21.22222222222222,0.20610101010100942,0.009102813655604912,attentive,0,3
70.13333333333333,False,-1.7719206730652446,0.6752629587239967,21.27777777777778,0.20854545454545376,0.009086097953667785,attentive,0,3
70.16666666666667,False,2.1638271448407034,-2.301502559526219,21.333333333333336,0.21098989898989903,0.009085453314691003,attentive,0,3
70.2,False,-2.846932177885551,-4.821795648173255,21.38888888888889,0.21343434343434334,0.009085201963592752,attentive,0,3
70.23333333333333,False,0.16701233498284163,-1.4654654520629797,21.444444444444443,0.21587878787878764,0.009077962113805571,attentive,0,3
70.26666666666667,False,-1.0074471231761999,-2.0353551652387076,21.5,0.21832323232323197,0.009068534507308434,attentive,0,3
70.3,False,-9.690563214844014,-1.0937420971336755,21.555555555555557,0.22076767676767628,0.009045483985946503,attentive,0,3
70.33333333333333,False,0.044752741648030225,6.4296411444215185,21.61111111111111,0.22321212121212058,0.009023758382484239,attentive,0,3
70.36666666666666,False,-1.4463547765020555,-5.25826537817222,21.666666666666668,0.2256565656565649,0.009018667547134502,attentive,0,3
70.4,False,-3.1318505267168413,-4.982927005079521,21.722222222222225,0.2281010101010102,0.009015280326590342,attentive,0,3
70.43333333333334,False,-1.737292741701288,-2.74572159741063,21.777777777777775,0.2305454545454545,0.009011348928066954,attentive,0,3
70.46666666666667,False,-4.606303458659344,-8.772716491274531,21.833333333333332,0.2329898989898988,0.009002271294714034,attentive,0,3
70.5,False,0.18844272566487852,-6.823544524187362,21.88888888888889,0.2354343434343431,0.00900619190078392,attentive,0,3
70.53333333333333,False,-7.18277284511106,-2.6499116078791385,21.944444444444443,0.23787878787878744,0.008997582442530645,attentive,0,3
70.56666666666666,False,0.7359331143365568,-9.026996638577755,22.0,0.24032323232323177,0.00901408446184107,attentive,0,3
70.6,False,8.708772738906518,-6.1813046923758135,22.055555555555557,0.2427676767676761,0.009046671668517681,attentive,0,3
70.63333333333333,False,4.814889940144331,-0.48097530722493076,22.11111111111111,0.2452121212121204,0.00904586781918502,attentive,0,3
70.66666666666667,False,2.2532147508081883,-3.1752204927413734,22.166666666666668,0.24765656565656566,0.00905128274957352,attentive,0,3
70.7,False,-6.535133792930566,-5.3506739451664105,22.22222222222222,0.25010101010101,0.009040354085418307,attentive,0,3
70.73333333333333,False,-6.795290102925747,-6.130849662888821,22.27777777777778,0.2525454545454543,0.00903591557186937,attentive,0,3
70.76666666666667,False,3.691710574108236,-6.878004698397926,22.333333333333332,0.25498989898989866,0.009058439505655545,attentive,0,3
70.8,False,-5.333672073597359,-0.27523217511956144,22.38888888888889,0.2574343434343429,0.00903717746093074,attentive,0,3
70.83333333333333,False,1.1152239019575938,-4.218128808104906,22.444444444444443,0.25987878787878727,0.009036478975539422,attentive,0,3
70.86666666666666,False,-1.8929211426009172,1.8578901410574762,22.5,0.2623232323232316,0.009041110135842977,attentive,0,3
70.9,False,5.306871233658241,-3.0919421640392226,22.555555555555557,0.2647676767676769,0.009045386258293018,attentive,0,3
70.93333333333334,False,0.608831736145777,-1.2629318758186763,22.61111111111111,0.2672121212121211,0.009049299965699732,attentive,0,3
70.96666666666667,False,2.5765054364277664,-8.502132529169407,22.666666666666664,0.2696565656565655,0.009066801050347718,attentive,0,3
71.0,False,-1.0962262144088921,-3.9348415919875737,22.72222222222222,0.2721010101010098,0.009068172692348222,attentive,0,3
71.03333333333333,False,0.7520156140929953,-5.653239899381724,22.77777777777778,0.27454545454545415,0.009078840838912413,attentive,0,3
71.06666666666666,False,-0.8723563435785426,1.205367360160495,22.833333333333332,0.27698989898989845,0.00906620073491243,attentive,0,3
71.1,False,-2.2521735441926465,0.6077423699463869,22.88888888888889,0.27943434343434276,0.009058214446449542,attentive,0,3
71.13333333333333,False,-0.2824721672942865,-2.487612110388166,22.944444444444446,0.28187878787878706,0.009063814102468138,attentive,0,3
71.16666666666667,False,5.980772759410623,-1.7545476238116071,23.0,0.28432323232323237,0.00907087657994173,attentive,0,3
71.2,False,-4.730331847727465,-7.123557702314336,23.055555555555557,0.28676767676767667,0.009066155881396741,attentive,0,3
71.23333333333333,False,-5.179965750265433,-2.0481351546895286,23.11111111111111,0.289212121212121,0.009055973913275563,attentive,0,3
71.26666666666667,False,-5.694026614776137,0.6800956967104699,23.166666666666664,0.2916565656565653,0.009041879573365937,attentive,0,3
71.3,False,-6.055338686352394,-3.4746645952977655,23.22222222222222,0.29410101010100964,0.00902490845298166,attentive,0,3
71.33333333333333,False,-0.13219142075983914,-5.050495942138063,23.27777777777778,0.29654545454545395,0.009039671320694642,attentive,0,3
71.36666666666666,False,3.06644356969688,-1.7836223617447478,23.333333333333332,0.29898989898989825,0.009045070021724775,attentive,0,3
71.4,False,-1.8722919300182879,-1.5044610303713293,23.38888888888889,0.3014343434343435,0.009042772060127397,attentive,0,3
71.43333333333334,False,-2.8212764438755413,-7.239470255154265,23.444444444444446,0.30387878787878786,0.009045455638602425,attentive,0,3
71.46666666666667,False,-2.3105569823267142,4.481884804160656,23.5,0.30632323232323216,0.009025714044864498,attentive,0,3
71.5,False,-3.428975979678741,-1.1524267416957732,23.555555555555554,0.30876767676767647,0.00901499987272227,attentive,0,3
71.53333333333333,False,2.016768435262037,-6.027049847151225,23.61111111111111,0.3112121212121208,0.009026201821485724,attentive,0,3
71.56666666666666,False,0.09538050507171214,-5.846271353725928,23.666666666666668,0.3136565656565651,0.009028258202937468,attentive,0,3
71.6,False,-6.349829059578601,-1.7028985057637016,23.72222222222222,0.31610101010100944,0.009016227661848116,attentive,0,3
71.63333333333333,False,5.811319788827685,-2.900260290399485,23.77777777777778,0.3185454545454538,0.00902736478168888,attentive,0,3
71.66666666666667,False,-4.199325207850445,-9.46221576056621,23.833333333333336,0.32098989898989905,0.009037721015554612,attentive,0,3
71.7,False,-1.890771323395671,-1.7865144651564577,23.88888888888889,0.3234343434343433,0.009033680460965268,attentive,0,3
71.73333333333333,False,-0.7918180470698817,1.513142058597369,23.944444444444443,0.32587878787878766,0.009026393197117576,attentive,0,3
71.76666666666667,False,-3.1789403451742615,0.3421752408039107,24.0,0.32832323232323196,0.009013382689843974,attentive,0,3
71.8,False,2.0569711058053888,2.3092802198118134,24.055555555555554,0.33076767676767627,0.009009493703691385,attentive,0,3
71.83333333333333,False,4.696377896592128,-12.895776022966679,24.11111111111111,0.33321212121212057,0.009039367525571329,attentive,0,3
71.86666666666666,False,-1.4085094486527474,-4.606884773305184,24.166666666666668,0.33565656565656493,0.009031799318571822,attentive,0,3
71.9,False,2.2599051833718136,1.01146255138032,24.22222222222222,0.3381010101010102,0.009033678206045422,attentive,0,3
71.93333333333334,False,-2.711725544301367,-3.1079030890374497,24.27777777777778,0.3405454545454545,0.009024704328553911,attentive,0,3
71.96666666666667,False,-2.8999541092678323,-4.807076392084685,24.333333333333336,0.34298989898989884,0.009027337526966892,attentive,0,3
72.0,False,0.8231080473114664,-1.0811164406327893,24.333333333333336,0.3452121212121209,0.009017945282258771,attentive,0,3
72.03333333333333,False,2.102692109953604,-4.037203614496524,24.333333333333336,0.347434343434343,0.009023304212172633,attentive,3,4
72.06666666666666,False,1.0281299644417854,-3.045695504139497,24.333333333333336,0.3496565656565651,0.009026780737226545,attentive,3,4
72.1,False,-7.085090938790854,3.912463029294697,24.333333333333336,0.35187878787878724,0.00899113624101928,attentive,3,4
72.13333333333333,False,3.871184847916741,-2.592626253443327,24.333333333333336,0.3541010101010093,0.008997997969466345,attentive,3,4
72.16666666666667,False,1.5891310640944503,1.360985381157417,24.333333333333336,0.3563232323232324,0.009002332173929602,attentive,3,4
72.2,False,-4.756425675543073,-7.01199370514478,24.38888888888889,0.36231746031746026,0.008985398874202424,attentive,3,4
72.23333333333333,False,4.3358692839739374,-4.027494907506498,24.444444444444443,0.3647619047619045,0.008998005878129194,attentive,3,4
72.26666666666667,False,-0.18959909516700935,-3.6727516896005916,24.5,0.36720634920634887,0.009005953332627272,attentive,3,4
72.3,False,-0.7154559462557496,-1.177607660281469,24.555555555555557,0.3696507936507932,0.00900915675452848,attentive,3,4
72.33333333333333,False,7.77773738528087,-1.9663426911891053,24.61111111111111,0.3720952380952375,0.009026475222809936,attentive,3,4
72.36666666666666,False,-0.8004467032165434,4.317869305837307,24.666666666666668,0.37453968253968184,0.009026631016948717,attentive,3,4
72.4,False,-4.777003411647661,-3.1997511142387625,24.72222222222222,0.3769841269841271,0.009020946086048814,attentive,3,4
72.43333333333334,False,-0.6006698664395289,-1.744057778291031,24.77777777777778,0.3794285714285714,0.00901559656614951,attentive,3,4
72.46666666666667,False,-0.6070160080631833,0.17990553314320445,24.833333333333332,0.3818730158730157,0.00901319023676527,attentive,3,4
72.5,False,-2.284718395722,-5.234693109344668,24.88888888888889,0.38431746031746006,0.00901021375660297,attentive,3,4
72.53333333333333,False,1.75783929102519,-7.833848970105664,24.944444444444443,0.3867619047619043,0.009012030986832849,attentive,3,4
72.56666666666666,False,-3.707238088516442,-6.8898786471288975,25.0,0.38920634920634867,0.009004462619227696,attentive,3,4
72.6,True,-6.602209187190809,-8.350865961667456,25.0,0.236363636363636,0.009004311062630485,attentive,0,4
72.63333333333333,True,0.5709250107929791,-1.6345813168118293,25.0,0.236363636363636,0.009012851539460982,attentive,0,4
72.66666666666667,True,-0.7390619262532971,-6.845539893134772,25.0,0.236363636363636,0.009001271580116382,attentive,0,4
72.7,True,3.811624808626137,-11.009138051043031,25.0,0.236363636363636,0.009021393289083895,attentive,0,4
72.73333333333333,True,1.7415319157083728,-3.8918889778560146,25.0,0.236363636363636,0.009014745906546426,attentive,0,4
72.76666666666667,True,-3.358490198844695,-5.830070122165017,25.0,0.236363636363636,0.009007506523376386,attentive,0,4
72.8,True,-3.264867160208367,-5.4354046129748035,25.0,0.236363636363636,0.008999719147112055,attentive,0,4
72.83333333333333,True,6.425997917660782,-3.98980989910729,25.0,0.236363636363636,0.009016026768762085,attentive,0,4
72.86666666666666,True,-0.6520813051561571,-9.077776317938175,25.0,0.236363636363636,0.009024042165473568,attentive,0,4
72.9,True,-1.784248015632426,-3.68956366065984,25.0,0.236363636363636,0.009025417691461417,attentive,0,4
72.93333333333334,True,2.6380110442077527,-0.9575553953274567,25.0,0.236363636363636,0.009025429566459362,attentive,0,4
72.96666666666667,True,-2.91971181210924,-0.7612128406465439,25.0,0.236363636363636,0.009015956467321626,attentive,0,4
73.0,True,6.559850712057566,-7.0405102234081225,25.0,0.236363636363636,0.009037277619504288,attentive,0,4
73.03333333333333,True,2.9969604824766938,-5.787680257254035,25.0,0.236363636363636,0.009057675122257983,attentive,0,4
73.06666666666666,True,-0.01329057193276828,-1.1520142525142476,25.0,0.236363636363636,0.009060306102588955,attentive,0,4
73.1,True,-4.407442690055456,-5.535148463441136,25.0,0.236363636363636,0.00904899879936399,attentive,0,4
73.13333333333333,True,-1.8786766063412954,0.8724472875689564,25.0,0.236363636363636,0.009029341971742755,attentive,0,4
73.16666666666667,True,-0.5892817548810168,-7.627449540762682,25.0,0.236363636363636,0.009030899703016012,attentive,0,4
73.2,True,-1.3122530681454248,0.7431891685355643,25.0,0.236363636363636,0.009013858169711616,attentive,0,4
73.23333333333333,True,-0.5445153776747229,1.2051716860938582,25.0,0.236363636363636,0.009008382253400254,attentive,0,4
73.26666666666667,True,-3.8623010131706237,-6.042810099413549,25.0,0.236363636363636,0.009013295906227976,attentive,0,4
73.3,True,1.22346068528188,-7.878035019235835,25.0,0.236363636363636,0.009020885194531078,attentive,0,4
73.33333333333333,True,-0.938835034931065,0.8268307147788772,25.0,0.236363636363636,0.009022882875162595,attentive,0,4
73.36666666666666,True,-0.27985570894989964,-1.746772903599776,25.0,0.236363636363636,0.009020749387822786,attentive,0,4
73.4,True,0.2480049789933796,-2.829259722267303,25.0,0.236363636363636,0.009022432257666416,attentive,0,4
73.43333333333334,True,0.6478807341680002,-4.611512900972399,25.0,0.236363636363636,0.009021627382563117,attentive,0,4
73.46666666666667,True,-0.37350610937507933,-11.824671777517676,25.0,0.236363636363636,0.009029494547592467,attentive,0,4
73.5,True,-4.901354084311228,-6.952044265174625,25.0,0.236363636363636,0.009039257161463211,attentive,0,4
73.53333333333333,True,2.2290835722986913,-3.239112772168112,25.0,0.236363636363636,0.009047014478182267,attentive,0,4
73.56666666666666,True,-8.911108903527461,-2.8342651612195673,25.0,0.236363636363636,0.009031422105134876,attentive,0,4
73.6,True,0.864406540768559,-2.028504453850095,25.0,0.236363636363636,0.009027145240743219,attentive,0,4
73.63333333333333,True,-1.2480539689267784,-6.889647412835054,25.0,0.236363636363636,0.009025332969824008,attentive,0,4
73.66666666666667,True,-2.7333466696385034,3.4479418319625026,25.0,0.236363636363636,0.009018985296402288,attentive,0,4
73.7,True,-0.9473793232693107,2.0041613164836254,25.0,0.236363636363636,0.009011884715066138,attentive,0,4
73.73333333333333,True,9.40329658787253,0.2904790350291262,25.0,0.236363636363636,0.009025435119996195,attentive,0,4
73.76666666666667,True,-1.588659480140144,2.520915335832459,25.0,0.236363636363636,0.009004827093073946,attentive,0,4
73.8,True,-0.7844495988782658,0.6600270524032394,25.0,0.236363636363636,0.009007961168450367,attentive,0,4
73.83333333333333,True,1.8704589721344596,-2.599171818600797,25.0,0.236363636363636,0.009010619946169937,attentive,0,4
73.86666666666666,True,5.060133536561719,-5.004448706183067,25.0,0.236363636363636,0.009017107646479165,attentive,0,4
73.9,True,-2.2161173427173795,-0.6222704075772909,25.0,0.236363636363636,0.009007351611811928,attentive,0,4
73.93333333333334,True,0.06300240435042248,-2.6655498521696224,25.0,0.236363636363636,0.009013226351204762,attentive,0,4
73.96666666666667,True,0.9795484213858134,-6.013450573264668,25.0,0.236363636363636,0.009018411789831511,attentive,0,4
74.0,False,-4.511746267574397,-3.403143301611679,25.055555555555554,0.2365858585858582,0.00899684334202174,attentive,0,4
74.03333333333333,False,-1.9838644906375134,-1.7091742000380103,25.11111111111111,0.23903030303030254,0.008990782147368608,attentive,0,4
74.06666666666666,False,-0.22965535864499798,-4.702799304574382,25.166666666666664,0.24147474747474684,0.008981136669048371,attentive,0,4
74.1,False,-9.697067914267324,-4.091097681186751,25.222222222222225,0.24391919191919118,0.008958560210354452,attentive,0,4
74.13333333333333,False,-0.0774668400154297,-5.75428719300301,25.27777777777778,0.2463636363636355,0.008964636014907093,attentive,0,4
74.16666666666667,False,-0.9717977820634205,-3.6276407556702837,25.333333333333336,0.24880808080808078,0.008951676022578025,attentive,0,4
74.2,False,3.8576017247564742,-3.0550907944815284,25.38888888888889,0.25125252525252506,0.008969491114039937,attentive,0,4
74.23333333333333,False,-5.512181692871933,-2.443286083905516,25.444444444444443,0.25369696969696937,0.008955722161598036,attentive,0,4
74.26666666666667,False,-2.545357966687247,-4.434944923386013,25.5,0.2561414141414137,0.008955754241525374,attentive,0,4
74.3,False,1.647970144601845,2.1770691376736266,25.555555555555554,0.25858585858585803,0.008955152380215292,attentive,0,4
74.33333333333333,False,-1.3017416829482453,4.151612590863429,25.61111111111111,0.26103030303030234,0.008950500562785124,attentive,0,4
74.36666666666666,False,-0.374546100873134,-5.515220797775319,25.666666666666664,0.26347474747474664,0.008953789288691758,attentive,0,4
74.4,False,-0.20922034164974856,-4.286284884509488,25.722222222222225,0.26591919191919194,0.008964675795215319,attentive,0,4
74.43333333333334,False,-4.083652943518415,-6.453030345558085,25.77777777777778,0.26836363636363625,0.008964131391517553,attentive,0,4
74.46666666666667,False,3.7081469689012883,-3.6725299083455676,25.833333333333336,0.2708080808080806,0.008972080193685346,attentive,0,4
74.5,False,-5.184618026104804,-3.813980913180715,25.88888888888889,0.2732525252525249,0.008960975773946889,attentive,0,4
74.53333333333333,False,-5.964359217570635,0.9425933046814272,25.944444444444443,0.2756969696969692,0.00894490820387266,attentive,0,4
74.56666666666666,False,-6.421178952655915,-3.1148488153253138,26.0,0.2781414141414135,0.008934867207110921,attentive,0,4
74.6,True,-10.139883908123824,3.619240506395529,26.0,0.2396521739130431,0.008907573603345334,attentive,0,4
74.63333333333333,True,-5.630806420262409,-6.604552753190385,26.0,0.2396521739130431,0.008899811594009367,attentive,0,4
74.66666666666667,True,-3.566710997034817,-0.3222773285853897,26.0,0.2396521739130431,0.00888534476800382,attentive,0,4
74.7,True,-6.765814480437302,1.4982043653977883,26.0,0.2396521739130431,0.00886970602072933,attentive,0,4
74.73333333333333,True,-0.9499783036930836,-2.492556938730142,26.0,0.2396521739130431,0.00885473537619284,attentive,0,4
74.76666666666667,True,0.3416005240268616,3.0516588757977914,26.0,0.2396521739130431,0.008852639172655668,attentive,0,4
74.8,True,0.565903888922878,-2.6187429081550473,26.0,0.2396521739130431,0.00885666422389145,attentive,0,4
74.83333333333333,True,-0.2982856353263006,-8.473910963594754,26.0,0.2396521739130431,0.008862152610232488,attentive,0,4
74.86666666666666,True,-2.7703716250286554,-10.56406939778737,26.0,0.2396521739130431,0.008857566320094809,attentive,0,4
74.9,True,-1.5160695205545345,-5.5946591479946,26.0,0.2396521739130431,0.00884765618879316,attentive,0,4
74.93333333333334,True,0.6356525566316418,-2.782250946949787,26.0,0.2396521739130431,0.00885025982235108,attentive,0,4
74.96666666666667,True,0.2122005401011271,-5.47928287191019,26.0,0.2396521739130431,0.008857128674183704,attentive,0,4
75.0,True,2.624477191818924,-4.2386785751784,25.944444444444443,0.23942995169082087,0.008877954555882354,attentive,0,4
75.03333333333333,True,-3.098561193737054,0.2513450416882521,25.88888888888889,0.23920772946859867,0.008868989501588403,attentive,0,4
75.06666666666666,True,-7.662392044055926,-1.3701905873121518,25.833333333333336,0.23898550724637646,0.008841066255597017,attentive,0,4
75.1,True,-1.3847737443553485,-1.4010400276507928,25.77777777777778,0.23876328502415423,0.008829576954808406,attentive,0,4
75.13333333333333,True,-1.5080590054158747,-5.274834769458181,25.722222222222225,0.238541062801932,0.008836751152770637,attentive,0,4
75.16666666666667,True,-5.571617993034036,2.503608413102791,25.666666666666664,0.23831884057970976,0.00882587944558883,attentive,0,4
75.2,True,-4.511241929145187,-6.137002796632862,25.666666666666664,0.24266666666666625,0.0088241511739874,attentive,0,4
75.23333333333333,True,0.3934244072504751,-3.917409821254524,25.666666666666664,0.24266666666666625,0.008813380511398882,attentive,0,4
75.26666666666667,True,-6.083146999535726,-7.897665592647619,25.666666666666664,0.24266666666666625,0.008809318286828516,attentive,0,4
75.3,True,-8.067792352561,-1.3807693171399174,25.666666666666664,0.24266666666666625,0.00879513988101589,attentive,0,4
75.33333333333333,True,-8.650373892474516,-5.617931330262423,25.666666666666664,0.24266666666666625,0.00878782547234001,attentive,0,4
75.36666666666666,True,2.4167297326562087,-3.518830914789417,25.666666666666664,0.24266666666666625,0.00880279823393125,attentive,0,4
75.4,True,-2.333827419146848,-2.1645004111564097,25.666666666666664,0.24266666666666625,0.008794003534503235,attentive,0,4
75.43333333333334,True,-6.8013403087410484,-1.2132353642265528,25.666666666666664,0.24266666666666625,0.008769870391340953,attentive,0,4
75.46666666666667,True,3.6763933248735627,-4.612589317779421,25.666666666666664,0.24266666666666625,0.008782311954204883,attentive,0,4
75.5,True,-3.8990644464400415,-0.5403265041139038,25.666666666666664,0.24266666666666625,0.008761916897024923,attentive,0,4
75.53333333333333,True,-1.6884054819881877,-1.3194746356140008,25.666666666666664,0.24266666666666625,0.008757773121194412,attentive,0,4
75.56666666666666,True,2.092295397022524,0.7608590553875936,25.666666666666664,0.24266666666666625,0.008759889396141925,attentive,0,4
75.6,True,2.13119382968801,-1.5258213067236477,25.666666666666664,0.24266666666666625,0.008760404658432374,attentive,0,4
75.63333333333333,True,-3.149505992164387,-6.873333337030832,25.666666666666664,0.24266666666666625,0.008757256350872199,attentive,0,4
75.66666666666667,True,-0.26514235954032406,-7.243538053852628,25.666666666666664,0.24266666666666625,0.008762777199774415,attentive,0,4
75.7,True,3.4486593649654926,-0.24640222374094867,25.666666666666664,0.24266666666666625,0.008772797280695181,attentive,0,4
75.73333333333333,True,-2.34718261307299,0.4365437754559194,25.666666666666664,0.24266666666666625,0.00876260166697847,attentive,0,4
75.76666666666667,True,-0.23208887590898863,-3.669120281298381,25.666666666666664,0.24266666666666625,0.008771576525811477,attentive,0,4
75.8,True,-6.446939739175339,-6.49361683116817,25.666666666666664,0.24266666666666625,0.008760254478465495,attentive,0,4
75.83333333333333,True,-2.649911146171594,-6.369258833810511,25.666666666666664,0.24266666666666625,0.008750872761608443,attentive,0,4
75.86666666666666,True,-1.2492937134980249,-4.3880057827118595,25.666666666666664,0.24266666666666625,0.008764173380245077,attentive,0,4
75.9,True,2.152130463857233,1.483507381724217,25.666666666666664,0.24266666666666625,0.008764839104058057,attentive,0,4
75.93333333333334,True,-3.7333270668899132,-8.097485841870501,25.666666666666664,0.24266666666666625,0.008765054787212753,attentive,0,4
75.96666666666667,True,-1.4922350038547938,1.536785664079745,25.666666666666664,0.24266666666666625,0.008748938874469845,attentive,0,4
76.0,False,-2.4173740180315653,-5.192279040886234,25.722222222222225,0.2428888888888885,0.008753490801665853,attentive,0,4
76.03333333333333,False,5.127067875909751,1.7587345619502321,25.77777777777778,0.24533333333333282,0.008765234495488307,attentive,0,4
76.06666666666666,False,1.5074945901867047,-1.9033051841780435,25.833333333333336,0.24777777777777715,0.008768438423853135,attentive,0,4
76.1,False,-1.6442414072579061,-6.371877980379201,25.88888888888889,0.25022222222222146,0.008780396580500407,attentive,0,4
76.13333333333333,False,-1.9988700261052448,-1.2021600054283001,25.944444444444443,0.25266666666666576,0.008769997882876723,attentive,0,4
76.16666666666667,False,-10.485578330125223,-0.4592122675351691,26.0,0.255111111111111,0.008740603235159546,attentive,0,4
76.2,False,-1.2544843429052606,-0.908177728885109,26.055555555555554,0.2575555555555553,0.008729961005374345,attentive,0,4
76.23333333333333,False,-0.6324628841549881,-5.919565691809945,26.111111111111114,0.2599999999999997,0.008731331438990596,attentive,0,4
76.26666666666667,False,-7.693620727654579,-3.368054398166438,26.166666666666664,0.262444444444444,0.00871432689381178,attentive,0,4
76.3,False,-0.054831078881910855,-3.3049121332519245,26.222222222222225,0.2648888888888883,0.008711729691665298,attentive,0,4
76.33333333333333,False,-1.883112479392398,-3.142365095928181,26.27777777777778,0.26733333333333265,0.00869571087857147,attentive,0,4
76.36666666666666,False,2.2659424491411944,-2.4227125141586607,26.333333333333332,0.26977777777777695,0.008696901271809096,attentive,0,4
76.4,False,-0.47481186873537506,2.076431817625659,26.38888888888889,0.2722222222222222,0.008698901242581287,attentive,0,4
76.43333333333334,False,-0.28900609277854183,-2.6746955194899487,26.444444444444443,0.2746666666666665,0.008683895141768122,attentive,0,4
76.46666666666667,False,-3.635792711180919,-1.4713448456502713,26.5,0.27711111111111086,0.008658141517999488,attentive,0,4
76.5,False,-2.987418054425527,1.2716691057086233,26.555555555555554,0.27955555555555517,0.008638072901453674,attentive,0,4
76.53333333333333,False,-2.7937407728226686,-1.6009002872416072,26.611111111111114,0.2819999999999995,0.008628704024096061,attentive,0,4
76.56666666666666,False,-0.2071810127530942,-0.9266550974753605,26.666666666666668,0.2844444444444438,0.008625392067142834,attentive,0,4
76.6,True,-2.006156493199142,-0.26358656537579517,26.666666666666668,0.24579710144927497,0.008615757363941812,attentive,0,4
76.63333333333333,True,-5.101131976086224,-1.1821537738385066,26.666666666666668,0.24579710144927497,0.008605997804233188,attentive,0,4
76.66666666666667,True,-3.053861615089902,-0.48300488992717483,26.666666666666668,0.24579710144927497,0.008599598158818438,attentive,0,4
76.7,True,-2.984718922893448,-3.95273196084238,26.666666666666668,0.24579710144927497,0.008589263531460584,attentive,0,4
76.73333333333333,True,-6.239033950476626,-6.412897999355737,26.666666666666668,0.24579710144927497,0.008569963669329045,attentive,0,4
76.76666666666667,True,-4.700998097477743,-4.4641003901467045,26.666666666666668,0.24579710144927497,0.008553106587328007,attentive,0,4
76.8,True,3.7622198861495972,-3.3140886703154395,26.666666666666668,0.24579710144927497,0.00855420849527543,attentive,0,4
76.83333333333333,True,-6.138320498835727,-7.280679599992608,26.666666666666668,0.24579710144927497,0.008544123966777895,attentive,0,4
76.86666666666666,True,2.7832740061358114,-0.7563233462677967,26.666666666666668,0.24579710144927497,0.008551333611221467,attentive,0,4
76.9,True,-0.15301439919753324,-0.6196157445171431,26.666666666666668,0.24579710144927497,0.008542501163592956,attentive,0,4
76.93333333333334,True,-2.315885969690531,1.77351775109,26.666666666666668,0.24579710144927497,0.008527855218624992,attentive,0,4
76.96666666666667,True,4.048917158552372,-2.8302695570488536,26.666666666666668,0.24579710144927497,0.008536921517745672,attentive,0,4
77.0,True,-6.567842627404759,0.9685979132389098,26.666666666666668,0.24579710144927497,0.008515157255945833,attentive,0,4
77.03333333333333,True,9.80235066112418,-4.07221567725465,26.666666666666668,0.24579710144927497,0.008548325004756567,attentive,0,4
77.06666666666666,True,-9.213753678594983,0.22144010509583145,26.666666666666668,0.24579710144927497,0.008515835965749485,attentive,0,4
77.1,True,1.494534267199843,-0.7088176533010433,26.666666666666668,0.24579710144927497,0.008522125651957257,attentive,0,4
77.13333333333333,True,-2.120439829138324,-6.407403389561026,26.666666666666668,0.24579710144927497,0.008525465990383056,attentive,0,4
77.16666666666667,True,-0.22153253334603962,-4.208129899933218,26.666666666666668,0.24579710144927497,0.008517055745432775,attentive,0,4
77.2,True,-3.554815072511717,-2.2360200033162485,26.666666666666668,0.24579710144927497,0.008512803058564014,attentive,0,4
77.23333333333333,True,-0.1166640415643978,-8.285362177152773,26.666666666666668,0.24579710144927497,0.008517183497006926,attentive,0,4
77.26666666666667,True,2.112643472571477,-10.535479053468274,26.666666666666668,0.24579710144927497,0.008530388871071517,attentive,0,4
77.3,True,-3.259755025876223,-4.772935562160775,26.666666666666668,0.24579710144927497,0.008526369017764955,attentive,0,4
77.33333333333333,True,4.8253480244376705,2.8193076842348703,26.666666666666668,0.24579710144927497,0.00853475155086781,attentive,0,4
77.36666666666666,True,-2.5072276798914137,-2.608657537883499,26.666666666666668,0.24579710144927497,0.008527981132547997,attentive,0,4
77.4,True,-5.744122777794971,0.029900287269496673,26.666666666666668,0.24579710144927497,0.008500206280872584,attentive,0,4
77.43333333333334,True,-0.22334606018754455,-7.012231896597827,26.666666666666668,0.24579710144927497,0.008512733286154027,attentive,0,4
77.46666666666667,True,0.585933171462139,-3.9999157452628222,26.666666666666668,0.24579710144927497,0.008524572813076193,attentive,0,4
77.5,True,0.2383715475132313,-7.3824820063414665,26.666666666666668,0.24579710144927497,0.008523085081443178,attentive,0,4
77.53333333333333,True,-0.2989038652239133,-3.9569381746968917,26.666666666666668,0.24579710144927497,0.008525389411483942,attentive,0,4
77.56666666666666,True,2.0152028696499324,-6.483995583661824,26.666666666666668,0.24579710144927497,0.00855165406955611,attentive,0,4
77.6,True,-2.6315386558608878,-0.4658506405535041,26.666666666666668,0.24579710144927497,0.00854353090744815,attentive,0,4
77.63333333333333,True,-7.9933164468862286,0.6856499381757666,26.666666666666668,0.24579710144927497,0.008524370800964211,attentive,0,4
77.66666666666667,True,-6.339437153526558,-10.221824484955205,26.666666666666668,0.24579710144927497,0.008515119377299433,attentive,0,4
77.7,True,-5.145366685182042,-4.31350628548632,26.666666666666668,0.24579710144927497,0.008501904245226014,attentive,0,4
77.73333333333333,True,-5.961600300639846,-4.45555461290498,26.666666666666668,0.24579710144927497,0.008494085268439408,attentive,0,4
77.76666666666667,True,-3.8478708622142754,-4.731968363401375,26.666666666666668,0.24579710144927497,0.008482040265801561,attentive,0,4
77.8,True,5.378083437667789,3.0556252747448753,26.666666666666668,0.24579710144927497,0.008483875934660778,attentive,0,4
77.83333333333333,True,7.475585400777504,-2.819994100682684,26.666666666666668,0.24579710144927497,0.00850145718667315,attentive,0,4
77.86666666666666,True,1.2849552778150872,-7.545808157296321,26.666666666666668,0.24579710144927497,0.008503358891639987,attentive,0,4
77.9,True,2.6507780853144434,-6.519088562063388,26.666666666666668,0.24579710144927497,0.008508180607346354,attentive,0,4
77.93333333333334,True,-1.0790206953199921,-5.154795618239801,26.666666666666668,0.24579710144927497,0.008509884404553646,attentive,0,4
77.96666666666667,True,-5.008326370891475,-5.583891175658827,26.666666666666668,0.24579710144927497,0.008499250343672694,attentive,0,4
78.0,False,0.3767290435193915,-5.947651195225262,26.666666666666668,0.24579710144927497,0.008493195318032217,attentive,0,4
78.03333333333333,False,-1.8703011850367683,-2.1578198880119173,26.666666666666668,0.24801932367149707,0.00848556534518478,attentive,0,4
78.06666666666666,False,-7.232039835768026,-1.5535784106894075,26.666666666666668,0.25024154589371916,0.008468373375845368,attentive,0,4
78.1,False,1.9699204487158057,0.7753535212991265,26.666666666666668,0.25246376811594123,0.008461718884937205,attentive,0,4
78.13333333333333,False,1.760445528026656,-4.857018170727219,26.666666666666668,0.25468599033816336,0.00847073230099417,attentive,0,4
78.16666666666667,False,8.434513161883196,-0.24244805509851552,26.666666666666668,0.2569082125603864,0.008488337933693538,attentive,0,4
78.2,False,-0.7395441476555213,-0.3227998826601497,26.722222222222225,0.2638585858585856,0.008489688071333346,attentive,0,4
78.23333333333333,False,-5.93569319458946,-3.913548876856919,26.77777777777778,0.26630303030302993,0.00846350444905129,attentive,0,4
78.26666666666667,False,-3.526144730001846,-4.460209673133955,26.833333333333332,0.26874747474747424,0.008450187906689364,attentive,0,4
78.3,False,0.436763025148557,-2.5446077732084147,26.88888888888889,0.27119191919191854,0.008448380390627185,attentive,0,4
78.33333333333333,False,-1.184704872501546,-4.44798198217273,26.944444444444443,0.2736363636363629,0.00844703176860063,attentive,0,4
78.36666666666666,False,-5.273812170935035,-3.536106715221012,27.0,0.2760808080808072,0.00843576390639366,attentive,0,4
78.4,False,11.113786884226323,5.226453602180859,27.055555555555554,0.2785252525252525,0.008449592714952062,attentive,0,4
78.43333333333334,False,-1.636623847920091,-1.3245185694605228,27.111111111111114,0.2809696969696968,0.008447311236449246,attentive,0,4
78.46666666666667,False,-4.587636424107071,-4.8523150989646116,27.166666666666668,0.2834141414141411,0.008438032623068475,attentive,0,4
78.5,False,-6.182520614181584,-3.4352892783917377,27.22222222222222,0.2858585858585854,0.008404904551963686,attentive,0,4
78.53333333333333,False,-2.8572144077305213,-2.6909338189462133,27.27777777777778,0.2883030303030298,0.008407580972935145,attentive,0,4
78.56666666666666,False,1.096267590809361,-2.5014405387743754,27.333333333333332,0.29074747474747403,0.008410914266261948,attentive,0,4
78.6,True,2.465231926919759,0.6558545344373541,27.333333333333332,0.25194202898550677,0.00839606602292124,attentive,0,4
78.63333333333333,True,1.9199271912969342,-2.688025194783997,27.333333333333332,0.25194202898550677,0.008384397788607504,attentive,0,4
78.66666666666667,True,3.4073346571116963,-4.429010212867719,27.333333333333332,0.25194202898550677,0.008399914052745015,attentive,0,4
78.7,True,-3.8326174282084713,-3.007894636249382,27.333333333333332,0.25194202898550677,0.00838920833291465,attentive,0,4
78.73333333333333,True,-5.058670508212741,-7.514943284633443,27.333333333333332,0.25194202898550677,0.008388229125038277,attentive,0,4
78.76666666666667,True,2.068582478228091,2.9914598517210735,27.333333333333332,0.25194202898550677,0.00838418585413214,attentive,0,4
78.8,True,-3.453276777306865,-10.48860559785487,27.333333333333332,0.25194202898550677,0.008387797652487256,attentive,0,4
78.83333333333333,True,-6.472933578380779,-5.703195410423675,27.333333333333332,0.25194202898550677,0.008378374018619846,attentive,0,4
78.86666666666666,True,-0.9201633033183424,-2.2147209234429055,27.333333333333332,0.25194202898550677,0.008361720790301862,attentive,0,4
78.9,True,-10.22208182698544,-2.232899648048135,27.333333333333332,0.25194202898550677,0.008344090751264162,attentive,0,4
78.93333333333334,True,1.2536308952234463,-5.662280403619556,27.333333333333332,0.25194202898550677,0.008353058288756102,attentive,0,4
78.96666666666667,True,-5.377421880711699,-2.9318912192042856,27.333333333333332,0.25194202898550677,0.00832660673893927,attentive,0,4
79.0,True,0.3332344421678579,-2.601040981679196,27.333333333333332,0.25194202898550677,0.008318228820772608,attentive,0,4
79.03333333333333,True,3.997611350145778,-2.3905986052115518,27.333333333333332,0.25194202898550677,0.008320698801670603,attentive,0,4
79.06666666666666,True,-5.7219942310221175,-5.736366488077948,27.333333333333332,0.25194202898550677,0.00831696840428263,attentive,0,4
79.1,True,0.06818613278231211,-8.08720765931696,27.333333333333332,0.25194202898550677,0.00832803993921355,attentive,0,4
79.13333333333333,True,2.10922841761498,1.013145707424405,27.333333333333332,0.25194202898550677,0.008322835301102402,attentive,0,4
79.16666666666667,True,-2.413732589912033,-3.989349870283545,27.333333333333332,0.25194202898550677,0.008327193038199555,attentive,0,4
79.2,True,0.17198757595459568,-2.3869619851885324,27.333333333333332,0.25194202898550677,0.00832846052051631,attentive,0,4
79.23333333333333,True,-2.308750566465653,-7.974481517450396,27.333333333333332,0.25194202898550677,0.00833091365855279,attentive,0,4
79.26666666666667,True,-2.39347976889328,-1.3380368239720448,27.333333333333332,0.25194202898550677,0.008314902871128361,attentive,0,4
79.3,True,-12.340899755190733,1.7939819755849786,27.333333333333332,0.25194202898550677,0.008279044561028357,attentive,0,4
79.33333333333333,True,2.0411593236615913,-2.674686719093134,27.333333333333332,0.25194202898550677,0.008284154406358057,attentive,0,4
79.36666666666666,True,-6.001418959256501,-9.37470408249369,27.333333333333332,0.25194202898550677,0.00828006181924347,attentive,0,4
79.4,True,-0.5202509878713002,-1.5291816690835855,27.333333333333332,0.25194202898550677,0.008268531925493877,attentive,0,4
79.43333333333334,True,2.944980262920465,-0.4128214561757986,27.333333333333332,0.25194202898550677,0.008271023448021914,attentive,0,4
79.46666666666667,True,-2.94250885224597,-3.260668270054321,27.333333333333332,0.25194202898550677,0.008258162207305103,attentive,0,4
79.5,True,-2.8592791252055303,-6.007034052851173,27.333333333333332,0.25194202898550677,0.008260597909956811,attentive,0,4
79.53333333333333,True,-0.2720493377934454,-4.143462428078307,27.333333333333332,0.25194202898550677,0.00826596343709773,attentive,0,4
79.56666666666666,True,1.1980964723669658,-0.196805932244577,27.333333333333332,0.25194202898550677,0.008265085059486765,attentive,0,4
79.6,True,0.9003057308172162,-0.998598867711757,27.333333333333332,0.25194202898550677,0.008252763881260018,attentive,0,4
79.63333333333333,True,-8.55563708267183,-1.4307268479769806,27.333333333333332,0.25194202898550677,0.008220628859157773,attentive,0,4
79.66666666666667,True,-4.320253848172421,-3.588531238522158,27.333333333333332,0.25194202898550677,0.008211518187751607,attentive,0,4
79.7,True,1.2858531579965697,-0.5325087015936987,27.333333333333332,0.25194202898550677,0.008201512492596227,attentive,0,4
79.73333333333333,True,0.22784714087597568,-5.543230412896428,27.333333333333332,0.25194202898550677,0.008207389819929327,attentive,0,4
79.76666666666667,True,-6.251103387846938,-2.3717440276793234,27.333333333333332,0.25194202898550677,0.008192882437792027,attentive,0,4
79.8,True,1.5265695046037517,-5.28737334076261,27.333333333333332,0.25194202898550677,0.008207500000233535,attentive,0,4
79.83333333333333,True,-4.010573193436585,-0.8198912147133508,27.333333333333332,0.25194202898550677,0.008181645361265418,attentive,0,4
79.86666666666666,True,-2.196216013960993,-3.6000599443220644,27.333333333333332,0.25194202898550677,0.00817483661268814,attentive,0,4
79.9,True,-0.80100750550307,-5.004911657794791,27.333333333333332,0.25194202898550677,0.00817740233413582,attentive,0,4
79.93333333333334,True,2.8296199903248813,0.029197257951937505,27.333333333333332,0.25194202898550677,0.008183065350251404,attentive,0,4
79.96666666666667,True,3.0901905363965776,-5.2561485777404275,27.333333333333332,0.25194202898550677,0.008183182075682005,attentive,0,4
80.0,False,-2.1221646585088543,-3.931394912119661,27.38888888888889,0.252164251207729,0.008177166101892496,attentive,0,4
80.03333333333333,False,-8.06277111302293,-7.882884951066621,27.444444444444443,0.2546086956521733,0.00814900147509762,attentive,0,4
80.06666666666666,False,2.0453301446976093,-4.081421939117186,27.500000000000004,0.25705314009661767,0.00815298120972478,attentive,0,4
80.1,False,4.017155287997973,-0.03021528351497782,27.555555555555557,0.259497584541062,0.00816595835127441,attentive,0,4
80.13333333333333,False,-9.763565270294857,-0.2582213326696401,27.611111111111107,0.2619420289855063,0.008151052577810357,attentive,0,4
80.16666666666667,False,-2.75399575615376,-2.9328978405058046,27.666666666666668,0.26438647342995153,0.008135800444956216,attentive,0,4
80.2,False,-3.6826343159807005,-7.180430553785886,27.72222222222222,0.2668309178743959,0.008139463957120662,attentive,0,4
80.23333333333333,False,-0.30180064025616504,-0.29309030683031034,27.77777777777778,0.2692753623188402,0.008132125476007435,attentive,0,4
80.26666666666667,False,-1.9199338644749089,-4.453459572681661,27.833333333333332,0.2717198067632845,0.008134141471941586,attentive,0,4
80.3,False,-9.934895695806997,-4.248052096319158,27.88888888888889,0.2741642512077288,0.00810676938104598,attentive,0,4
80.33333333333333,False,-0.24509125641130836,-4.389339164115741,27.944444444444443,0.27660869565217316,0.008108862808320592,attentive,0,4
80.36666666666666,False,-3.0771174758268587,-5.416681725080755,28.000000000000004,0.27905314009661747,0.008100578212199824,attentive,0,4
80.4,False,-2.209173833583769,-3.103735737162417,28.055555555555557,0.2814975845410628,0.008083698119147699,attentive,0,4
80.43333333333334,False,1.4638632745750038,0.3132817151711289,28.111111111111107,0.283942028985507,0.008074212161947843,attentive,0,4
80.46666666666667,False,-7.6963167705333095,-4.155048661539222,28.166666666666668,0.2863864734299514,0.008060439158947066,attentive,0,4
80.5,False,-9.203296099991409,-2.9990951262275085,28.22222222222222,0.2888309178743957,0.008039140633322062,attentive,0,4
80.53333333333333,False,3.1203604968847936,0.7927843039423457,28.27777777777778,0.29127536231884005,0.008036957291839753,attentive,0,4
80.56666666666666,False,0.04523180600025212,-7.3961600261249725,28.333333333333332,0.2937198067632843,0.00804443662015858,attentive,0,4
80.6,False,-7.424266240050123,2.3908136285157706,28.388888888888893,0.2961642512077286,0.008015928126308943,attentive,0,4
80.63333333333333,False,-6.635661865263157,-5.553948098992096,28.444444444444443,0.29860869565217296,0.0080089835907513,attentive,0,4
80.66666666666667,False,-0.2878540945526529,-3.8248228129438147,28.499999999999996,0.3010531400966182,0.008003856420268416,attentive,0,4
80.7,False,2.424814527543206,-3.33430013696884,28.555555555555557,0.30349758454106257,0.008004693472301282,attentive,0,4
80.73333333333333,False,-2.714391778244684,-4.513269289673215,28.61111111111111,0.3059420289855068,0.007994618413808977,attentive,0,4
80.76666666666667,False,2.717695640588758,-6.178329562729115,28.666666666666668,0.3083864734299512,0.008008699291769429,attentive,0,4
80.8,False,1.12399087284387,-5.799310263944378,28.72222222222222,0.31083091787439554,0.00801768283065544,attentive,0,4
80.83333333333333,False,-0.8876252825214407,-4.079816730726217,28.77777777777778,0.31327536231883985,0.008025235778141187,attentive,0,4
80.86666666666666,False,2.7801124417371286,-8.569703074128753,28.833333333333332,0.31571980676328415,0.008032920716983371,attentive,0,4
80.9,False,-2.095553372760956,0.413425465880477,28.888888888888886,0.3181642512077294,0.008017985557614456,attentive,0,4
80.93333333333334,False,0.06056773875121313,-0.7072377798156588,28.944444444444446,0.32060869565217376,0.00802102006819765,attentive,0,4
80.96666666666667,False,-3.0548529517735217,-10.164472561642878,28.999999999999996,0.32305314009661806,0.008024715289370092,attentive,0,4
81.0,False,-5.546842858123437,-0.0793407613614403,28.999999999999996,0.32527536231884013,0.008002003267877172,attentive,0,4
81.03333333333333,False,-4.959217124807639,0.049803476979261685,28.999999999999996,0.32749758454106226,0.00798816468720864,attentive,0,4
81.06666666666666,False,-6.141965882615794,0.8346596080287836,28.999999999999996,0.32971980676328433,0.007951648067804358,attentive,0,4
81.1,False,0.37549769121095733,-6.41898938364334,28.999999999999996,0.33194202898550645,0.007950339418306519,attentive,0,4
81.13333333333333,False,2.0341512523279524,-0.16187790217304476,28.999999999999996,0.3341642512077285,0.00795102841989468,attentive,0,4
81.16666666666667,False,3.0283057338298285,-3.8093867661092227,28.999999999999996,0.3363864734299516,0.0079608427253459,attentive,0,4
81.2,False,-7.038398598191666,-1.5482430017982978,29.055555555555557,0.3434949494949492,0.007936420967056417,attentive,0,4
81.23333333333333,False,1.2914768342348226,1.7164775148553484,29.11111111111111,0.34593939393939355,0.007933674770795655,attentive,0,4
81.26666666666667,False,4.595125710270441,-1.158456379464154,29.166666666666668,0.34838383838383785,0.007936825613197508,attentive,0,4
81.3,False,-2.5322957760704665,-8.262670898120462,29.22222222222222,0.35082828282828216,0.007933613702023008,attentive,2,5
81.33333333333333,False,-0.317047145224036,-2.478140515409981,29.27777777777778,0.35327272727272646,0.00792486470190314,attentive,2,5
81.36666666666666,False,-5.0819476884055454,-1.1449933869335167,29.333333333333332,0.35571717171717077,0.007916196344950922,attentive,2,5
81.4,False,4.723279352293872,-6.393519593727627,29.388888888888886,0.358161616161616,0.007927897511613114,attentive,2,5
81.43333333333334,False,-5.3772233507657,-1.0661856837954398,29.444444444444446,0.3606060606060604,0.00792111164964855,attentive,2,5
81.46666666666667,False,2.9393536582323327,-8.824441761809124,29.5,0.3630505050505047,0.00792851101061575,attentive,2,5
81.5,False,-2.4033224664620616,-6.788929576975752,29.555555555555557,0.365494949494949,0.007921757032940914,attentive,2,5
81.53333333333333,False,10.249210123070132,-4.611274425501824,29.61111111111111,0.36793939393939334,0.007947154080173262,attentive,2,5
81.56666666666666,False,3.7280279827288263,-4.943174548575993,29.666666666666668,0.37038383838383765,0.007941188362230466,attentive,2,5
81.6,False,5.8106338611961945,-4.131093984296765,29.72222222222222,0.37282828282828195,0.007948623697224502,attentive,2,5
81.63333333333333,False,-1.5211486584976455,-5.02889663760396,29.777777777777775,0.3752727272727263,0.007949565031730048,attentive,2,5
81.66666666666667,False,-2.429372654638884,-1.3639655707816756,29.833333333333336,0.37771717171717156,0.007953547258064308,attentive,2,5
81.7,False,-7.374142137449786,-4.283178124009702,29.888888888888886,0.3801616161616158,0.007929822381863119,attentive,2,5
81.73333333333333,False,-4.809438279628433,-5.491056584948856,29.944444444444446,0.38260606060606017,0.007917957750731744,attentive,2,5
81.76666666666667,False,2.6912896625552856,0.4438283311173361,30.0,0.3850505050505045,0.007935908282436926,attentive,2,5
81.8,False,-3.9241975937837985,-4.966701839541822,30.055555555555557,0.38749494949494884,0.007927976519495464,attentive,2,5
81.83333333333333,False,0.43526562656971746,-2.326213232352603,30.11111111111111,0.38993939393939314,0.007929470911055553,attentive,2,5
81.86666666666666,False,-0.8077373519093786,-3.535238933833073,30.166666666666668,0.3923838383838375,0.007925334867194836,attentive,2,5
81.9,False,-2.6738197463731677,-2.4842450356165555,30.22222222222222,0.3948282828282827,0.00792055616946249,attentive,2,5
81.93333333333334,False,-0.9920220512234028,-8.619204806992583,30.277777777777775,0.397272727272727,0.007927280585491745,attentive,2,5
81.96666666666667,False,0.8338647826397152,1.4876523207014563,30.333333333333336,0.39971717171717136,0.007919414849642835,attentive,2,5
82.0,False,1.6509850543243798,-3.2561127630707847,30.388888888888886,0.4021616161616156,0.00792972910397913,fatigued,2,5
82.03333333333333,False,-4.221735813391112,1.311068274725696,30.444444444444446,0.40460606060605997,0.007913632863647269,fatigued,3,6
82.06666666666666,False,-5.66856359794975,1.2050126132612808,30.5,0.40705050505050433,0.007894816874962535,fatigued,3,6
82.1,False,-0.421208116369008,-4.323032907228512,30.555555555555557,0.40949494949494863,0.00788506642537909,fatigued,3,6
82.13333333333333,False,-5.044008328516168,3.7960506660566278,30.61111111111111,0.41193939393939294,0.00787490748585166,fatigued,3,6
82.16666666666667,False,1.754836633221272,-4.892965871235787,30.666666666666664,0.4143838383838382,0.007872881793299905,fatigued,3,6
82.2,False,-0.35887381659987905,-4.278679627552703,30.72222222222222,0.41682828282828255,0.007874095210442305,fatigued,3,6
82.23333333333333,False,-3.7709484736034193,-5.51659127030706,30.777777777777775,0.41927272727272685,0.007868545785027943,fatigued,3,6
82.26666666666667,False,-0.5842353112835048,-1.21292737335183,30.833333333333336,0.42171717171717116,0.00785391139547656,fatigued,3,6
82.3,False,-8.250754571189203,1.3838493445131146,30.88888888888889,0.42416161616161546,0.007829493306001765,fatigued,3,6
82.33333333333333,False,-5.252367867995282,-2.6635859749854855,30.944444444444446,0.42660606060605977,0.007809288443926136,fatigued,3,6
82.36666666666666,False,0.08527466563222408,1.110081895964718,31.0,0.4290505050505041,0.007803954071264671,fatigued,3,6
82.4,False,2.772225413492506,-5.8657192492607395,31.055555555555554,0.4314949494949494,0.0078059264270815,fatigued,3,6
82.43333333333334,False,-0.36378449332016927,-0.21179078157075226,31.11111111111111,0.43393939393939374,0.007800717059791157,fatigued,3,6
82.46666666666667,False,2.7344416124115916,-6.273802144470536,31.166666666666664,0.436383838383838,0.007807948154676178,fatigued,3,6
82.5,False,4.36037261422547,-5.257996305124006,31.222222222222225,0.43882828282828235,0.007820021633569894,fatigued,3,6
82.53333333333333,False,-0.46514797540593333,-7.088603580354606,31.277777777777775,0.44127272727272665,0.007811508892152635,fatigued,3,6
82.56666666666666,False,-4.632589138801249,-7.798380999130572,31.333333333333336,0.443717171717171,0.007801429142960296,fatigued,3,6
82.6,True,-8.987919026634177,-1.831672926137562,31.333333333333336,0.28881159420289804,0.007780592593281931,attentive,0,6
82.63333333333333,True,-1.9125883037393272,-1.844495512753276,31.333333333333336,0.28881159420289804,0.0077680033307166675,attentive,0,6
82.66666666666667,True,-5.769120126822012,-6.709123161032335,31.333333333333336,0.28881159420289804,0.007767882395906457,attentive,0,6
82.7,True,0.3896457028309761,-5.004913052782233,31.333333333333336,0.28881159420289804,0.007763755359103157,attentive,0,6
82.73333333333333,True,-2.5914201121356206,-5.636048932771503,31.333333333333336,0.28881159420289804,0.007745413183078565,attentive,0,6
82.76666666666667,True,-4.137290225135154,-4.330587599459428,31.333333333333336,0.28881159420289804,0.0077276673992863155,attentive,0,6
82.8,True,-8.145853892545317,-10.971492345712393,31.333333333333336,0.28881159420289804,0.007721167586432241,attentive,0,6
82.83333333333333,True,-2.1583573910804645,-5.581788544112207,31.333333333333336,0.28881159420289804,0.007733158294592568,attentive,0,6
82.86666666666666,True,-6.321825406211179,-0.6955349818219849,31.333333333333336,0.28881159420289804,0.007702699036321723,attentive,0,6
82.9,True,2.360697459170418,1.484960772014467,31.333333333333336,0.28881159420289804,0.007707156476536581,attentive,0,6
82.93333333333334,True,5.788787553379607,-3.269783998906836,31.333333333333336,0.28881159420289804,0.007719746822170494,attentive,0,6
82.96666666666667,True,-5.344968104828028,-0.4154879903202273,31.333333333333336,0.28881159420289804,0.007703377899413916,attentive,0,6
83.0,True,4.570333030153302,-6.317102563347188,31.333333333333336,0.28881159420289804,0.007718582127220921,attentive,0,6
83.03333333333333,True,-6.348354140925213,-7.35392277136799,31.333333333333336,0.28881159420289804,0.007708910866817065,attentive,0,6
83.06666666666666,True,-5.722456139313932,-6.99982472533764,31.333333333333336,0.28881159420289804,0.007694523530452448,attentive,0,6
83.1,True,-4.394183101340751,-6.383393390491172,31.333333333333336,0.28881159420289804,0.007683231037409246,attentive,0,6
83.13333333333333,True,0.6266397006152273,-3.4049932342476796,31.333333333333336,0.28881159420289804,0.007679387266562451,attentive,0,6
83.16666666666667,True,-2.963540392012332,-1.8239991916794993,31.333333333333336,0.28881159420289804,0.007659964116138532,attentive,0,6
83.2,True,-2.253893018048347,-8.393524195445249,31.333333333333336,0.28881159420289804,0.007653164832782375,attentive,0,6
83.23333333333333,True,-3.2634086650336096,-0.26057149157661685,31.333333333333336,0.28881159420289804,0.007632242099973496,attentive,0,6
83.26666666666667,True,7.423909394207072,-6.038220352098996,31.333333333333336,0.28881159420289804,0.007649772465647517,attentive,0,6
83.3,True,4.865595595560032,-7.787199424892495,31.333333333333336,0.28881159420289804,0.007665903642424702,attentive,0,6
83.33333333333333,True,-9.832174342871495,0.9206808189210625,31.333333333333336,0.28881159420289804,0.00763333937141236,attentive,0,6
83.36666666666666,True,-4.4392350174351005,-4.2516315158142755,31.333333333333336,0.28881159420289804,0.007618375189098687,attentive,0,6
83.4,True,-2.7166745568337904,-4.8795048470971105,31.333333333333336,0.28881159420289804,0.0076052663274167745,attentive,0,6
83.43333333333334,True,6.258131293415662,-6.88536273165879,31.333333333333336,0.28881159420289804,0.0076237010661447824,attentive,0,6
83.46666666666667,True,-0.4544003737784905,-1.5931928443469483,31.333333333333336,0.28881159420289804,0.007621481757436949,attentive,0,6
83.5,True,-4.379184909250146,-7.04936751438351,31.333333333333336,0.28881159420289804,0.007612059533309905,attentive,0,6
83.53333333333333,True,-4.304028801752301,-7.3393811126401065,31.333333333333336,0.28881159420289804,0.007606080283731704,attentive,0,6
83.56666666666666,True,-1.183318813332789,-2.0212677984660994,31.333333333333336,0.28881159420289804,0.007601039658153248,attentive,0,6
83.6,True,-3.09736060556149,1.2967151462115751,31.333333333333336,0.28881159420289804,0.007573209814723704,attentive,0,6
83.63333333333333,True,-1.6868154504127078,-4.745523386155586,31.333333333333336,0.28881159420289804,0.007570967764267961,attentive,0,6
83.66666666666667,True,0.21394378656565838,-4.9739188565369385,31.333333333333336,0.28881159420289804,0.007561952035433156,attentive,0,6
83.7,True,-4.126928875374471,-1.909291952449347,31.333333333333336,0.28881159420289804,0.007562941087366734,attentive,0,6
83.73333333333333,True,3.069562222836357,-6.151916624125151,31.333333333333336,0.28881159420289804,0.007575156948545062,attentive,0,6
83.76666666666667,True,5.173920232905469,-10.721662727920984,31.333333333333336,0.28881159420289804,0.007599203873184818,attentive,0,6
83.8,True,0.4027309989960721,-8.857471676083911,31.333333333333336,0.28881159420289804,0.007608485974688174,attentive,0,6
83.83333333333333,True,1.165517952954809,-2.1300744528848456,31.333333333333336,0.28881159420289804,0.007610473380651787,attentive,0,6
83.86666666666666,True,-0.4870379202757764,-5.208498788506351,31.333333333333336,0.28881159420289804,0.007608529522214892,attentive,0,6
83.9,True,1.1515620928121442,0.07602840454243687,31.333333333333336,0.28881159420289804,0.00760825326720793,attentive,0,6
83.93333333333334,True,1.803958352494471,-2.943819708668318,31.333333333333336,0.28881159420289804,0.00760740634920043,attentive,0,6
83.96666666666667,True,2.862897058595699,3.0758171803878285,31.333333333333336,0.28881159420289804,0.007605211921629465,attentive,0,6
84.0,False,-3.1117086649956747,-0.9315012512947223,31.333333333333336,0.28881159420289804,0.007603793986051535,attentive,0,6
84.03333333333333,False,-1.8837426586515733,-0.2691764546479365,31.333333333333336,0.2910338164251201,0.007584923160555609,attentive,0,6
84.06666666666666,False,-0.9384876935908987,-0.9423027436414433,31.333333333333336,0.29325603864734223,0.007574392368287793,attentive,0,6
84.1,False,-2.106011559161131,-4.130668773994258,31.333333333333336,0.2954782608695643,0.007584556100455796,attentive,0,6
84.13333333333333,False,-1.2386957163784245,-3.643062267604018,31.333333333333336,0.2977004830917864,0.007569741855667264,attentive,0,6
84.16666666666667,False,-9.912750285745794,-0.15510934463623594,31.333333333333336,0.29992270531400944,0.00755207603783206,attentive,0,6
84.2,False,1.8793902452461502,-2.204726619718845,31.38888888888889,0.3079797979797977,0.007554107058049238,attentive,0,6
84.23333333333333,False,-1.087409957477893,-4.046929125962217,31.444444444444446,0.310424242424242,0.0075474756301276424,attentive,0,6
84.26666666666667,False,-2.738722049838387,-2.5660050142611026,31.5,0.3128686868686863,0.007533522167184061,attentive,0,6
84.3,False,-4.597780028078297,-8.384683757470453,31.555555555555554,0.31531313131313055,0.00753261457523824,attentive,0,6
84.33333333333333,False,-1.9212559593154337,-1.4571954878116573,31.61111111111111,0.3177575757575749,0.007519246453726278,attentive,0,6
84.36666666666666,False,-4.760893719419452,-3.1456854914774044,31.666666666666664,0.3202020202020192,0.007499392045844935,attentive,0,6
84.4,False,2.389206641848786,-0.8235101690018305,31.722222222222225,0.3226464646464645,0.007510746556061713,attentive,0,6
84.43333333333334,False,-0.9953030501653855,-4.727976132308042,31.77777777777778,0.3250909090909088,0.007512272236437545,attentive,0,6
84.46666666666667,False,-0.7783122110791709,-4.91878814149382,31.833333333333336,0.3275353535353532,0.007516901305402016,attentive,0,6
84.5,False,1.992724625336846,-0.06944112481373832,31.88888888888889,0.3299797979797975,0.007520183122487416,attentive,0,6
84.53333333333333,False,-6.281707227314478,-1.6869995649247609,31.944444444444443,0.3324242424242418,0.007492149274011269,attentive,0,6
84.56666666666666,False,-6.68239652986295,-3.2472477762798295,32.0,0.3348686868686861,0.007471945194865775,attentive,0,6
84.6,True,-3.338937245365856,-2.87710476377269,32.0,0.2949565217391299,0.0074600210507535444,attentive,0,6
84.63333333333333,True,-6.460724615842121,-2.9778531963694315,32.0,0.2949565217391299,0.007449895713761765,attentive,0,6
84.66666666666667,True,-9.354366048249641,-0.07057770182051071,32.0,0.2949565217391299,0.0074198339583489105,attentive,0,6
84.7,True,-12.86809135135343,-3.5035470067336036,32.0,0.2949565217391299,0.007389420486335899,attentive,0,6
84.73333333333333,True,4.935149390593792,-4.105777760349481,32.0,0.2949565217391299,0.007402954012879582,attentive,0,6
84.76666666666667,True,-0.49159078156379077,-10.725874272912076,32.0,0.2949565217391299,0.007411753284783213,attentive,0,6
84.8,True,-4.285160552947304,-5.276017585780586,32.0,0.2949565217391299,0.007419478678293046,attentive,0,6
84.83333333333333,True,-2.983659807711975,-8.268996206176189,32.0,0.2949565217391299,0.007415985136525036,attentive,0,6
84.86666666666666,True,-0.028059740140686573,-7.730632628134726,32.0,0.2949565217391299,0.0074148258780593395,attentive,0,6
84.9,True,-3.191986226325052,-4.984178928911686,32.0,0.2949565217391299,0.007412631685016043,attentive,0,6
84.93333333333334,True,-1.650430388152184,-5.1866386212861775,32.0,0.2949565217391299,0.007402587688312332,attentive,0,6
84.96666666666667,True,-0.7978625955325005,-4.212054058889631,32.0,0.2949565217391299,0.007393262879322205,attentive,0,6
85.0,True,-2.9240467569498616,-5.225770524406798,32.0,0.2949565217391299,0.007378811109775462,attentive,0,6
85.03333333333333,True,-1.674108965260998,-9.551482821650524,32.0,0.2949565217391299,0.00739572381701315,attentive,0,6
85.06666666666666,True,-10.222753383521585,3.7655726944366146,32.0,0.2949565217391299,0.007357290468024132,attentive,0,6
85.1,True,-0.15879289623185833,1.113290535487534,32.0,0.2949565217391299,0.007335803014861103,attentive,0,6
85.13333333333333,True,-0.9112610130844054,-7.732029981904872,32.0,0.2949565217391299,0.007324349392134314,attentive,0,6
85.16666666666667,True,-3.848678958765567,-7.459069067094756,32.0,0.2949565217391299,0.007318208447373721,attentive,0,6
85.2,True,6.265660197044982,-5.841114354437883,32.0,0.2949565217391299,0.007343872432390566,attentive,0,6
85.23333333333333,True,0.9906418297417237,0.30067872084935265,32.0,0.2949565217391299,0.007336433323685638,attentive,0,6
85.26666666666667,True,-1.7845403922883707,-2.049799884551488,32.0,0.2949565217391299,0.007328227521160783,attentive,0,6
85.3,True,-0.5124488823463818,-6.963404364983511,32.0,0.2949565217391299,0.007319986708304819,attentive,0,6
85.33333333333333,True,1.2237969531362716,3.4655382089146194,32.0,0.2949565217391299,0.007310697981412511,attentive,0,6
85.36666666666666,True,-0.2919935529243567,-1.4632969395280093,32.0,0.2949565217391299,0.007305530786807938,attentive,0,6
85.4,True,-0.5923025014408498,-2.1903340979379218,32.0,0.2949565217391299,0.007298253926690204,attentive,0,6
85.43333333333334,True,1.2088774065225736,-9.675631678303503,32.0,0.2949565217391299,0.007315490659512422,attentive,0,6
85.46666666666667,True,-4.024027947081317,2.6655269133893285,32.0,0.2949565217391299,0.007304909146742325,attentive,0,6
85.5,True,2.5436704999684636,-6.826535460626912,32.0,0.2949565217391299,0.0073241789292392235,attentive,0,6
85.53333333333333,True,8.876672534663733,-5.069723420169584,32.0,0.2949565217391299,0.007353813200270351,attentive,0,6
85.56666666666666,True,-4.879046300680963,-1.1405302467732499,32.0,0.2949565217391299,0.007341163502048647,attentive,0,6
85.6,True,2.7958237563637143,-0.09125066266611404,32.0,0.2949565217391299,0.007334544356517721,attentive,0,6
85.63333333333333,True,-4.671637010460474,-5.49943065985157,32.0,0.2949565217391299,0.007313776276278043,attentive,0,6
85.66666666666667,True,-1.347954580941099,-8.070557908083837,32.0,0.2949565217391299,0.007302626774493611,attentive,0,6
85.7,True,-6.9972002680304595,-2.021555648198105,32.0,0.2949565217391299,0.007281780996349619,attentive,0,6
85.73333333333333,True,-0.8334180612002604,-4.6864616950037075,32.0,0.2949565217391299,0.00729020222759429,attentive,0,6
85.76666666666667,True,-7.6290087444008385,-4.779056978629441,32.0,0.2949565217391299,0.007262075269373974,attentive,0,6
85.8,True,-6.76845569854221,-5.799902505385803,32.0,0.2949565217391299,0.0072523158360953445,attentive,0,6
85.83333333333333,True,-5.734371098730383,-7.430124458727251,32.0,0.2949565217391299,0.007245882204132234,attentive,0,6
85.86666666666666,True,3.974104015301294,-10.10240746159127,32.0,0.2949565217391299,0.007268508665165697,attentive,0,6
85.9,True,-7.372720593562509,-7.219849022379101,32.0,0.2949565217391299,0.007254447842196865,attentive,0,6
85.93333333333334,True,-6.308132245810148,-3.1366069775477317,32.0,0.2949565217391299,0.007240955775168367,attentive,0,6
85.96666666666667,True,2.1177084396461554,1.1489837298573273,32.0,0.2949565217391299,0.007232353196532355,attentive,0,6
86.0,False,5.942831179247474,3.980334690928099,32.05555555555556,0.29517874396135213,0.007240301518449035,attentive,0,6
86.03333333333333,False,-5.066855414586454,-2.9963112360047846,32.111111111111114,0.29762318840579643,0.007237410260388602,attentive,0,6
86.06666666666666,False,-5.961968288530646,0.15470028316721463,32.166666666666664,0.3000676328502408,0.007210987895843955,attentive,0,6
86.1,False,2.354625987987366,-2.453419109512861,32.22222222222222,0.30251207729468504,0.007218657925799078,attentive,0,6
86.13333333333333,False,6.397281586113406,-1.2733588803435905,32.27777777777778,0.3049565217391294,0.007238967799063519,attentive,0,6
86.16666666666667,False,-2.9584492736877954,1.7715730621105514,32.33333333333333,0.3074009661835746,0.0072267841407732125,attentive,0,6
86.2,False,-0.9005497502926869,-0.6681562120620668,32.388888888888886,0.30984541062801896,0.007207245366521187,attentive,0,6
86.23333333333333,False,0.5743211175291423,1.0633707452997947,32.44444444444444,0.31228985507246326,0.007213222802373482,attentive,0,6
86.26666666666667,False,0.47008273024670433,-3.6845208924503003,32.5,0.3147342995169076,0.0072063270007372265,attentive,0,6
86.3,False,-0.9395803596914244,2.1814772677495418,32.55555555555556,0.3171787439613519,0.007185898510138473,attentive,0,6
86.33333333333333,False,0.5131210010324077,-2.712788980939166,32.611111111111114,0.3196231884057963,0.007192391350276767,attentive,0,6
86.36666666666666,False,-0.18247004012510382,1.9361389229422628,32.666666666666664,0.3220676328502406,0.00719424136785529,attentive,0,6
86.4,False,3.9756295356138063,-0.7736569631662622,32.72222222222222,0.32451207729468584,0.0072002494447996855,attentive,0,6
86.43333333333334,False,-3.49415166373512,-7.625143872644931,32.77777777777778,0.32695652173913015,0.007198542363267627,attentive,0,6
86.46666666666667,False,-2.4150063569106592,-2.682448672087362,32.83333333333333,0.32940096618357445,0.007195316799488292,attentive,0,6
86.5,False,3.517031103746685,-0.04357701129819702,32.88888888888889,0.3318454106280188,0.007197693598525883,attentive,0,6
86.53333333333333,False,0.3390215850055154,-3.065064005631368,32.94444444444444,0.3342898550724631,0.007191234584246796,attentive,0,6
86.56666666666666,False,-2.4954840478262006,-2.400699574828196,33.0,0.3367342995169074,0.007181736518447293,attentive,0,6
86.6,True,-3.0575007163307406,-9.621252032012766,33.0,0.29699999999999943,0.007183195063893751,attentive,0,6
86.63333333333333,True,1.5207297841861223,-3.089465014142421,33.0,0.29699999999999943,0.007183964014413322,attentive,0,6
86.66666666666667,True,-2.1235461716478587,-8.848091677802023,33.0,0.29699999999999943,0.007180747740380926,attentive,0,6
86.7,True,6.79360044143408,-2.872939384541751,33.0,0.29699999999999943,0.007190472687142748,attentive,0,6
86.73333333333333,True,0.9607648942251377,-0.2761244127978286,33.0,0.29699999999999943,0.0071673402121221735,attentive,0,6
86.76666666666667,True,-0.5630137884042206,-6.642957512418,33.0,0.29699999999999943,0.007170146612421066,attentive,0,6
86.8,True,2.466542105470796,-1.6855741129474235,33.0,0.29699999999999943,0.0071839971388983955,attentive,0,6
86.83333333333333,True,-2.228622091403107,-7.486892645631739,33.0,0.29699999999999943,0.007184359216243894,attentive,0,6
86.86666666666666,True,-2.49152554947113,-4.661542267162821,33.0,0.29699999999999943,0.007188005202598264,attentive,0,6
86.9,True,-0.27452646257935864,-2.464067134588255,33.0,0.29699999999999943,0.007185341893443975,attentive,0,6
86.93333333333334,True,2.3484763621087894,-3.0393045477385865,33.0,0.29699999999999943,0.007180032919565022,attentive,0,6
86.96666666666667,True,2.8485986994865033,-11.252486975107706,33.0,0.29699999999999943,0.007199341461209164,attentive,0,6
87.0,True,2.7260131617311982,-1.0496556438665934,32.94444444444444,0.2967777777777772,0.007224474088749894,attentive,0,6
87.03333333333333,True,0.9257680543741176,-3.6963658192818674,32.88888888888889,0.296555555555555,0.007218770589989969,attentive,0,6
87.06666666666666,True,-3.1386109711197774,-5.548225263330366,32.83333333333333,0.2963333333333328,0.007209459780256991,attentive,0,6
87.1,True,-11.592876536517007,-7.713927488985849,32.77777777777778,0.29611111111111055,0.00718495648363107,attentive,0,6
87.13333333333333,True,1.9753396294383507,-4.371900295280525,32.72222222222222,0.2958888888888883,0.007188100752259427,attentive,0,6
87.16666666666667,True,-4.277186023975821,0.6832638941822413,32.666666666666664,0.2956666666666661,0.007178151925395623,attentive,0,6
87.2,True,-2.5415548175082665,-0.09747513340329483,32.666666666666664,0.30110144927536175,0.007157399681371447,attentive,0,6
87.23333333333333,True,-0.6438061265236941,-1.7021069732568772,32.666666666666664,0.30110144927536175,0.007142440170935069,attentive,0,6
87.26666666666667,True,3.9146885587418696,-3.2884906251556414,32.666666666666664,0.30110144927536175,0.007136429756300065,attentive,0,6
87.3,True,-3.845822279125585,-1.0236357734471495,32.666666666666664,0.30110144927536175,0.0071197664824168465,attentive,0,6
87.33333333333333,True,-4.933512823773783,-4.366048831021249,32.666666666666664,0.30110144927536175,0.007105916465840025,attentive,0,6
87.36666666666666,True,-3.454636045315083,-1.3970181836588202,32.666666666666664,0.30110144927536175,0.007090811651834054,attentive,0,6
87.4,True,-3.0691564790055454,-1.31642164391628,32.666666666666664,0.30110144927536175,0.007070438116932536,attentive,0,6
87.43333333333334,True,-1.7451164220551674,6.307070504873771,32.666666666666664,0.30110144927536175,0.007051664179738246,attentive,0,6
87.46666666666667,True,-4.003683102035858,-1.2779616888817298,32.666666666666664,0.30110144927536175,0.007035665763160589,attentive,0,6
87.5,True,-6.962683268965053,-1.5139341133771822,32.666666666666664,0.30110144927536175,0.007026023157322296,attentive,0,6
87.53333333333333,True,0.9153993144894981,-1.750532127341424,32.666666666666664,0.30110144927536175,0.007022684328312751,attentive,0,6
87.56666666666666,True,0.16549983604531615,0.6671551055956582,32.666666666666664,0.30110144927536175,0.007012028924984244,attentive,0,6
87.6,True,-3.3293943499431133,-2.4112039721996235,32.666666666666664,0.30110144927536175,0.006989315695929409,attentive,0,6
87.63333333333333,True,-1.4605779449333378,-3.7525664744676672,32.666666666666664,0.30110144927536175,0.006992410689494719,attentive,0,6
87.66666666666667,True,-5.868422049695715,-2.229473756851996,32.666666666666664,0.30110144927536175,0.006976851988763059,attentive,0,6
87.7,True,1.7264478454455965,0.5207537298857643,32.666666666666664,0.30110144927536175,0.0069634555555029305,attentive,0,6
87.73333333333333,True,3.018065795434936,-4.201845672749569,32.666666666666664,0.30110144927536175,0.006971281448498976,attentive,0,6
87.76666666666667,True,3.827437840825266,-3.344771616249094,32.666666666666664,0.30110144927536175,0.006979030061494052,attentive,0,6
87.8,True,-3.358903428591813,-7.862136693691878,32.666666666666664,0.30110144927536175,0.006970997631776183,attentive,0,6
87.83333333333333,True,-0.4892143992345488,-6.147758111857039,32.666666666666664,0.30110144927536175,0.006976881926139383,attentive,0,6
87.86666666666666,True,6.909703618006503,-6.074575961182122,32.666666666666664,0.30110144927536175,0.006997762603705474,attentive,0,6
87.9,True,-3.5209248176600503,-1.9043482990919596,32.666666666666664,0.30110144927536175,0.006989599438619051,attentive,0,6
87.93333333333334,True,-7.161339964035104,0.30133290030244053,32.666666666666664,0.30110144927536175,0.006956437593042066,attentive,0,6
87.96666666666667,True,-2.6045474101862336,-1.464981543002307,32.666666666666664,0.30110144927536175,0.006938718165981994,attentive,0,6
88.0,False,-0.5841804734555698,-1.2523912427494976,32.72222222222222,0.30132367149758393,0.00692441001752077,attentive,0,6
88.03333333333333,False,-2.2299935271272884,-3.946090834185772,32.77777777777778,0.30376811594202824,0.006910944556526616,attentive,0,6
88.06666666666666,False,0.5702316247766439,4.61779016597511,32.83333333333333,0.30621256038647254,0.006901547521116177,attentive,0,6
88.1,False,8.82713736145732,-6.569310271857585,32.88888888888889,0.3086570048309169,0.006917182288287976,attentive,0,6
88.13333333333333,False,6.817877500673335,-3.2471812440819434,32.94444444444444,0.3111014492753612,0.006925155145179243,attentive,0,6
88.16666666666667,False,1.449380902306934,1.5290097978695938,33.0,0.31354589371980646,0.006920971807563665,attentive,0,6
88.2,False,-2.1466298680492657,-4.733965250752904,33.05555555555556,0.3159903381642508,0.006910609359541347,attentive,0,6
88.23333333333333,False,-4.102282524883741,-1.438786106018481,33.111111111111114,0.3184347826086951,0.006886002427739136,attentive,0,6
88.26666666666667,False,-1.0950136038620686,-5.43301524638558,33.166666666666664,0.3208792270531395,0.006878838213497169,attentive,0,6
88.3,False,-6.117663942732471,-7.643462777220561,33.22222222222222,0.32332367149758373,0.0068546456512038265,attentive,0,6
88.33333333333333,False,-7.560036620886035,-6.2799586059586305,33.27777777777778,0.3257681159420281,0.006850360937990349,attentive,0,6
88.36666666666666,False,2.4145045084037946,-7.621598972415207,33.33333333333333,0.32821256038647234,0.006857842707161654,attentive,0,6
88.4,False,-8.395032649194697,-8.462509651135196,33.38888888888889,0.33065700483091764,0.006845290013242621,attentive,0,6
88.43333333333334,False,-2.7345675427501464,-3.2547582838796996,33.44444444444444,0.33310144927536195,0.006836557724421773,attentive,0,6
88.46666666666667,False,-5.254439212935123,-12.24017842878919,33.5,0.3355458937198063,0.006832030038753256,attentive,0,6
88.5,False,-6.890411693617238,-5.402046743072384,33.55555555555556,0.3379903381642506,0.006816551056941816,attentive,0,6
88.53333333333333,False,1.0416547617697158,-6.228351265510547,33.611111111111114,0.340434782608695,0.006809852198830008,attentive,0,6
88.56666666666666,False,1.293986426433722,-9.668937515418815,33.666666666666664,0.3428792270531393,0.0068279078685405045,attentive,0,6
88.6,True,-3.5243200979791753,-3.8776666014118657,33.666666666666664,0.3029999999999994,0.00681030680989116,attentive,0,6
88.63333333333333,True,5.448085359493501,-6.889748256308476,33.666666666666664,0.3029999999999994,0.00683458046949865,attentive,0,6
88.66666666666667,True,-0.126484822992742,-7.37982355415493,33.666666666666664,0.3029999999999994,0.006832947567414051,attentive,0,6
88.7,True,7.052740996523319,0.7675992636804323,33.666666666666664,0.3029999999999994,0.006838277664809367,attentive,0,6
88.73333333333333,True,-9.929829569736775,1.4403412369472233,33.666666666666664,0.3029999999999994,0.006807970047037228,attentive,0,6
88.76666666666667,True,-5.540781482494508,-6.622345316926738,33.666666666666664,0.3029999999999994,0.0067974745125587875,attentive,0,6
88.8,True,6.201073730960774,1.8979267306373755,33.666666666666664,0.3029999999999994,0.00681688572519144,attentive,0,6
88.83333333333333,True,-1.3476277019075145,-2.4996179910397807,33.666666666666664,0.3029999999999994,0.006807374673518432,attentive,0,6
88.86666666666666,True,-3.258836554199005,-8.63885684953671,33.666666666666664,0.3029999999999994,0.006799069412520237,attentive,0,6
88.9,True,-7.114623099895865,0.6326265098665136,33.666666666666664,0.3029999999999994,0.006768648083555533,attentive,0,6
88.93333333333334,True,-3.248217093012548,-7.299643008431737,33.666666666666664,0.3029999999999994,0.006755381745488501,attentive,0,6
88.96666666666667,True,-9.873153319343965,-3.791177243648515,33.666666666666664,0.3029999999999994,0.0067244039661094835,attentive,0,6
89.0,True,-0.5854413173142716,-9.074080766960037,33.666666666666664,0.3029999999999994,0.006722147214049687,attentive,0,6
89.03333333333333,True,-5.9013507389205095,-9.09326397147848,33.666666666666664,0.3029999999999994,0.006717067300390013,attentive,0,6
89.06666666666666,True,0.06416569442992848,-6.064869053319132,33.666666666666664,0.3029999999999994,0.006715465868228347,attentive,0,6
89.1,True,-3.9326397555372123,-5.2588609033941704,33.666666666666664,0.3029999999999994,0.006700370663447697,attentive,0,6
89.13333333333333,True,3.3867604912254947,3.4195492858524137,33.666666666666664,0.3029999999999994,0.00669477715840293,attentive,0,6
89.16666666666667,True,-8.355582859546605,-7.874927077613163,33.666666666666664,0.3029999999999994,0.006684867709329074,attentive,0,6
89.2,True,-3.7919278637363276,-3.217123556466193,33.666666666666664,0.3029999999999994,0.006681808923125343,attentive,0,6
89.23333333333333,True,-4.233597518011326,-3.1512569196955473,33.666666666666664,0.3029999999999994,0.006672546490539484,attentive,0,6
89.26666666666667,True,-2.821247115824164,-8.496408878702361,33.666666666666664,0.3029999999999994,0.006667220227848017,attentive,0,6
89.3,True,-1.9708809312192468,-7.6725261854016615,33.666666666666664,0.3029999999999994,0.006665853015646025,attentive,0,6
89.33333333333333,True,1.613900973340864,-8.927534732069779,33.666666666666664,0.3029999999999994,0.006677716186417327,attentive,0,6
89.36666666666666,True,2.187053246773608,0.9032801112077098,33.666666666666664,0.3029999999999994,0.0066642568640949825,attentive,0,6
89.4,True,0.5798623440213659,-12.196362109049737,33.666666666666664,0.3029999999999994,0.006670624384157702,attentive,0,6
89.43333333333334,True,2.2497942659992822,-0.899921226443392,33.666666666666664,0.3029999999999994,0.006666997158684432,attentive,0,6
89.46666666666667,True,2.701903747938882,0.78438276742596,33.666666666666664,0.3029999999999994,0.006662586202182686,attentive,0,6
89.5,True,-2.954545176116312,3.140360894264017,33.666666666666664,0.3029999999999994,0.0066393268727432874,attentive,0,6
89.53333333333333,True,-0.673116449882335,-10.221441067858784,33.666666666666664,0.3029999999999994,0.0066422163373396036,attentive,0,6
89.56666666666666,True,-4.983562093208252,-2.5882574439675023,33.666666666666664,0.3029999999999994,0.006625305261124461,attentive,0,6
89.6,True,-6.593668544787076,-1.273089254016175,33.666666666666664,0.3029999999999994,0.006602752992745735,attentive,0,6
89.63333333333333,True,2.566768274924636,-1.2932838740705472,33.666666666666664,0.3029999999999994,0.00661335475764936,attentive,0,6
89.66666666666667,True,-3.874359052494002,2.1895771635467605,33.666666666666664,0.3029999999999994,0.006594103822704098,attentive,0,6
89.7,True,8.343920674455452,-3.2567327554849923,33.666666666666664,0.3029999999999994,0.006629056181435455,attentive,0,6
89.73333333333333,True,-4.956604042681846,-1.6530443260065728,33.666666666666664,0.3029999999999994,0.006597330461447778,attentive,0,6
89.76666666666667,True,1.13369933344409,-6.513838139917711,33.666666666666664,0.3029999999999994,0.0065969404828747896,attentive,0,6
89.8,True,-1.8848104004904842,-7.374148451091024,33.666666666666664,0.3029999999999994,0.006604852191900548,attentive,0,6
89.83333333333333,True,0.7929910079975828,-8.373866999056371,33.666666666666664,0.3029999999999994,0.006606617644374921,attentive,0,6
89.86666666666666,True,-1.6931482085936,-10.0280409658021,33.666666666666664,0.3029999999999994,0.006611564721695654,attentive,0,6
89.9,True,-0.8209569926307698,1.3252073981815586,33.666666666666664,0.3029999999999994,0.006602981483592108,attentive,0,6
89.93333333333334,True,5.777782050960686,-4.904348591442552,33.666666666666664,0.3029999999999994,0.0066130950269947765,attentive,0,6
89.96666666666667,True,0.8816344214300249,-2.1783565560634632,33.666666666666664,0.3029999999999994,0.006619470744055417,attentive,0,6
90.0,False,-3.787067006362572,-2.20310986522533,33.666666666666664,0.3029999999999994,0.006608760221601752,attentive,0,6
90.03333333333333,False,-2.761642491890155,-2.735695432674601,33.666666666666664,0.30522222222222145,0.0066004922280969375,attentive,0,6
90.06666666666666,False,-6.567237330790358,-0.9439572967977332,33.666666666666664,0.3074444444444436,0.006590130624983062,attentive,0,6
90.1,False,-3.4809452891635067,-0.6339767406098109,33.666666666666664,0.30966666666666565,0.006578402381388961,attentive,0,6
90.13333333333333,False,0.9181210262535515,-1.6542019229037939,33.666666666666664,0.31188888888888777,0.006572167420456854,attentive,0,6
90.16666666666667,False,3.22361096676366,-6.38480335583269,33.666666666666664,0.3141111111111108,0.006587347660309916,attentive,0,6
90.2,False,-1.7201179108880953,-0.17702941155238205,33.666666666666664,0.3163333333333329,0.006567496200306637,attentive,0,6
90.23333333333333,False,1.2658536324451226,-6.059469381189514,33.666666666666664,0.318555555555555,0.006573872172194655,attentive,0,6
90.26666666666667,False,6.2931318973015316,-4.530501803912475,33.666666666666664,0.3207777777777771,0.006576761233760872,attentive,0,6
90.3,False,-4.041509409980152,-2.4913457710465154,33.666666666666664,0.3229999999999992,0.00656590058844463,attentive,0,6
90.33333333333333,False,-8.011951278962876,-4.727195433056327,33.666666666666664,0.3252222222222213,0.0065474916668444485,attentive,0,6
90.36666666666666,False,4.866496499594879,-8.981142905863328,33.666666666666664,0.32744444444444337,0.006554529249100546,attentive,0,6
90.4,False,1.2803014624344284,-4.846212173423439,33.666666666666664,0.32966666666666644,0.0065544260381303066,attentive,0,6
90.43333333333334,False,-2.42887626175217,-2.208959550972308,33.666666666666664,0.3318888888888885,0.006535205971250072,attentive,0,6
90.46666666666667,False,-0.5753512915019161,2.0535147327542296,33.666666666666664,0.33411111111111064,0.006547182071260314,attentive,0,6
90.5,False,-7.7477078935583314,-2.093916232085637,33.666666666666664,0.3363333333333327,0.006508039893168791,attentive,0,6
90.53333333333333,False,1.5477692276362571,-0.5544107724340441,33.666666666666664,0.33855555555555483,0.006496863473369747,attentive,0,6
90.56666666666666,False,-3.220605203759874,-5.621109950090867,33.666666666666664,0.3407777777777769,0.006489909096230618,attentive,0,6
90.6,False,-7.555170006535556,0.878590345348051,33.666666666666664,0.342999999999999,0.006472985020613152,attentive,0,6
90.63333333333333,False,-0.09490069778809263,-1.1263464519957118,33.666666666666664,0.3452222222222211,0.0064624266840759455,attentive,0,6
90.66666666666667,False,4.143767849932237,-3.467092205521617,33.666666666666664,0.3474444444444441,0.006481793448167126,attentive,0,6
90.7,False,-0.4404613008770375,-8.68315990839286,33.666666666666664,0.34966666666666624,0.006482369494573453,attentive,0,6
90.73333333333333,False,-0.3237537137855049,-1.0168767655751494,33.666666666666664,0.35188888888888836,0.006472035328396292,attentive,2,7
90.76666666666667,False,-6.5551746811518266,0.04373858702867128,33.666666666666664,0.35411111111111043,0.006436547162255827,attentive,2,7
90.8,False,2.6513635302584193,-3.712827524298064,33.666666666666664,0.3563333333333325,0.006443527072954891,attentive,2,7
90.83333333333333,False,-4.937035193481139,-8.524679140070148,33.666666666666664,0.35855555555555463,0.006444531804553337,attentive,2,7
90.86666666666666,False,1.0366749741336734,-2.881371006994149,33.666666666666664,0.36077777777777675,0.006449859619556381,attentive,2,7
90.9,False,2.0067755653967865,-8.949977771530044,33.666666666666664,0.36299999999999977,0.0064556612712460245,attentive,2,7
90.93333333333334,False,-2.741032106009319,0.16317283163528407,33.666666666666664,0.3652222222222219,0.006432730726689819,attentive,2,7
90.96666666666667,False,0.09727481227722579,-4.508176667778075,33.666666666666664,0.36744444444444396,0.006434748380364079,attentive,2,7
91.0,True,-3.3261322076202475,-2.9378357266691357,33.611111111111114,0.3040444444444439,0.006418858444299794,attentive,0,7
91.03333333333333,True,-6.320710861230321,-3.4649544997243744,33.55555555555556,0.30382222222222166,0.006405641949338587,attentive,0,7
91.06666666666666,True,2.607760099964394,-3.387650292436251,33.5,0.3035999999999994,0.006410442855292193,attentive,0,7
91.1,True,-1.4977555385906027,-1.2189428518112306,33.44444444444444,0.3033777777777772,0.006392423376698055,attentive,0,7
91.13333333333333,True,0.36968756606612296,-2.767274199864396,33.38888888888889,0.30315555555555496,0.006394285678520784,attentive,0,7
91.16666666666667,True,-1.6501339208299872,-11.845619057195599,33.33333333333333,0.3029333333333327,0.006401163389948431,attentive,0,7
91.2,True,-2.731015728721112,-1.6027682030277126,33.27777777777778,0.30271111111111054,0.006389744477245837,attentive,0,7
91.23333333333333,True,-1.0602139390455512,2.8244940611852742,33.22222222222222,0.3024888888888883,0.006368549376333422,attentive,0,7
91.26666666666667,True,-7.762191903587939,-1.7903177733280735,33.166666666666664,0.30226666666666613,0.0063398146697204345,attentive,0,7
91.3,True,-4.159392675775975,-1.4716809520217171,33.111111111111114,0.3020444444444439,0.006324113554120599,attentive,0,7
91.33333333333333,True,0.9849870427756224,4.529427933965806,33.05555555555556,0.30182222222222166,0.00632007515559204,attentive,0,7
91.36666666666666,True,1.573748812094454,0.4256161467754809,33.0,0.3015999999999994,0.006320604053367365,attentive,0,7
91.4,True,-9.314836973193675,-2.619535565297379,32.94444444444444,0.3013777777777772,0.0062986981422411955,attentive,0,7
91.43333333333334,True,2.1842026023728844,-4.938890009780705,32.88888888888889,0.301155555555555,0.006298742378517709,attentive,0,7
91.46666666666667,True,1.5676609696823522,-6.397564942625182,32.83333333333333,0.3009333333333327,0.006309060426265151,attentive,0,7
91.5,False,1.1173721930032814,-2.3462318180925603,32.88888888888889,0.29572222222222166,0.006303573235119368,attentive,0,7
91.53333333333333,False,-0.6904893621112735,-11.207223931144068,32.94444444444444,0.29816666666666586,0.006301959853672599,attentive,0,7
91.56666666666666,False,-1.6945508647004641,-6.3392731776237685,33.0,0.3006111111111102,0.006292469534847978,attentive,0,7
91.6,False,-6.890615895063384,-5.877900911200989,33.05555555555556,0.3030555555555545,0.0062745622699907555,attentive,0,7
91.63333333333333,False,-6.651114963836482,4.709148786898676,33.111111111111114,0.3054999999999989,0.006244079039050547,attentive,0,7
91.66666666666667,False,-1.9355319938687163,-4.10864974269695,33.166666666666664,0.30794444444444413,0.006239062144236342,attentive,0,7
91.7,False,1.3950850118350724,-4.948393539455956,33.22222222222222,0.3103888888888885,0.006257167201198181,attentive,0,7
91.73333333333333,False,-3.2220806011519354,-3.8081431380477566,33.27777777777778,0.3128333333333328,0.006243419349219816,attentive,0,7
91.76666666666667,False,-2.396071756912767,1.7594806593698529,33.33333333333333,0.31527777777777705,0.0062277967091277295,attentive,0,7
91.8,False,-5.565645217553689,-2.037812307657876,33.38888888888889,0.3177222222222214,0.006207692026217515,attentive,0,7
91.83333333333333,False,0.4223306746396114,-7.064517804660571,33.44444444444444,0.3201666666666657,0.006205213995712845,attentive,0,7
91.86666666666666,False,1.7296633013710614,2.1170582373447058,33.5,0.32261111111111,0.006200252512548328,attentive,0,7
91.9,False,-1.392844749584432,-0.3460154349908495,33.55555555555556,0.3250555555555553,0.0061918735524568,attentive,0,7
91.93333333333334,False,-0.33296236238541943,-6.097699103505352,33.611111111111114,0.3274999999999996,0.006186774094262257,attentive,0,7
91.96666666666667,False,4.378520588086066,-1.6416432938458843,33.666666666666664,0.329944444444444,0.006187350283836386,attentive,0,7
92.0,False,-7.115230413443337,-3.5900360266276854,33.72222222222222,0.3323888888888883,0.006167771558819974,attentive,0,7
92.03333333333333,False,-6.028469338424468,-0.19865338067694038,33.77777777777778,0.33483333333333265,0.006150535796532865,attentive,0,7
92.06666666666666,False,-2.08813962854478,-3.665284208335661,33.83333333333333,0.33727777777777684,0.006149197610146329,attentive,0,7
92.1,False,-6.909878884570807,-3.2256911762529508,33.88888888888889,0.33972222222222126,0.006130510008986805,attentive,0,7
92.13333333333333,False,1.256479762755636,-0.7359854110693544,33.94444444444444,0.3421666666666655,0.006137306762883904,attentive,0,7
92.16666666666667,False,-2.004003547464432,-2.8532430105484994,34.0,0.34461111111111076,0.006127528938431892,attentive,0,7
92.2,False,-5.053897250431674,-2.571257029394183,34.05555555555556,0.3470555555555551,0.006099449491598313,attentive,0,7
92.23333333333333,False,-7.560817506646414,-4.498353552641275,34.11111111111111,0.3494999999999995,0.006071274562261404,attentive,0,7
92.26666666666667,False,-6.6819487302673135,1.2439775052159057,34.166666666666664,0.3519444444444438,0.006059846873173474,attentive,0,7
92.3,True,3.442153138374274,-6.971159469449027,34.166666666666664,0.300666666666666,0.0060738973681138024,attentive,0,7
92.33333333333333,True,-6.543156677307128,-7.356405519850163,34.166666666666664,0.300666666666666,0.0060591633027110405,attentive,0,7
92.36666666666666,True,-3.9386249135667173,-1.0763367802641963,34.166666666666664,0.300666666666666,0.006050903701801636,attentive,0,7
92.4,True,-1.3228189439915488,-3.5993815169910888,34.166666666666664,0.300666666666666,0.006040495404562437,attentive,0,7
92.43333333333334,True,6.0000676049505905,3.1783950876834646,34.166666666666664,0.300666666666666,0.0060471532159131515,attentive,0,7
92.46666666666667,True,-5.997126875851653,-0.8880468025564854,34.166666666666664,0.300666666666666,0.006010068222811172,attentive,0,7
92.5,True,-2.713289700696735,-11.37905038906027,34.11111111111111,0.30044444444444385,0.006023629956598575,attentive,0,7
92.53333333333333,True,-4.607010544709703,-8.05866393853306,34.05555555555556,0.3002222222222216,0.006014839324476328,attentive,0,7
92.56666666666666,True,7.933504670469842,-8.9620954229534,34.0,0.2999999999999994,0.006041014715119321,attentive,0,7
92.6,True,5.8024321499551785,-10.367167790129923,33.94444444444444,0.29977777777777714,0.006064653129941476,attentive,0,7
92.63333333333333,True,-7.013364812486301,-5.087194381829887,33.88888888888889,0.2995555555555549,0.006048939378825647,attentive,0,7
92.66666666666667,True,-10.10531643678766,-12.698532708963771,33.83333333333333,0.2993333333333327,0.006019591242515737,attentive,0,7
92.7,True,-2.8994844089176346,-1.176537309635791,33.77777777777778,0.2991111111111105,0.005992983314022889,attentive,0,7
92.73333333333333,True,-0.6519836653278119,-10.370201939321554,33.72222222222222,0.29888888888888826,0.005997377069180589,attentive,0,7
92.76666666666667,True,7.851465953015449,0.2944199427239531,33.666666666666664,0.2986666666666661,0.006001371494068619,attentive,0,7
92.8,True,-5.301837982258462,-3.4458002921234696,33.611111111111114,0.29844444444444385,0.005989564951588569,attentive,0,7
92.83333333333333,True,2.1856297414742367,-11.563685467973663,33.55555555555556,0.2982222222222216,0.006006621177082735,attentive,0,7
92.86666666666666,True,-3.2035667841148996,-4.944266399554477,33.5,0.2979999999999994,0.006002464743134586,attentive,0,7
92.9,True,-4.292779333116831,-2.5881619434822003,33.5,0.3014999999999994,0.0059860785353525086,attentive,0,7
92.93333333333334,True,-2.0438503854678967,-4.443010517965975,33.5,0.3014999999999994,0.005977979999539585,attentive,0,7
92.96666666666667,True,-13.018601616742941,-1.3244902108837673,33.5,0.3014999999999994,0.005931012859023304,attentive,0,7
93.0,False,1.0111404340444614,-4.014374579868024,33.55555555555556,0.30172222222222156,0.00592611592979303,attentive,0,7
93.03333333333333,False,2.695588287395478,-10.06433723383343,33.611111111111114,0.30416666666666586,0.005925818824998045,attentive,0,7
93.06666666666666,False,-7.606061202478229,-2.3646492373443904,33.666666666666664,0.3066111111111102,0.005913011465730812,attentive,0,7
93.1,False,-3.381787272841615,3.0638014643913456,33.72222222222222,0.30905555555555453,0.005898422497996186,attentive,0,7
93.13333333333333,False,2.351808830900798,-0.494412586720709,33.77777777777778,0.3114999999999989,0.005895391214451638,attentive,0,7
93.16666666666667,False,-2.0254981396655056,-3.3743261379588096,33.83333333333333,0.3139444444444441,0.0058857010795929175,attentive,0,7
93.2,False,1.5696528116293644,0.031587249418421504,33.88888888888889,0.3163888888888885,0.005883812136354478,attentive,0,7
93.23333333333333,False,2.915092019534864,-8.517126454568661,33.94444444444444,0.31883333333333275,0.005895776529559094,attentive,0,7
93.26666666666667,False,-1.6507563797978688,-0.9842031003351277,34.0,0.3212777777777771,0.0058883555769852465,attentive,0,7
93.3,False,-0.18920647088133724,-0.5607567235833377,34.05555555555556,0.32372222222222136,0.005878608606861027,attentive,0,7
93.33333333333333,False,0.5506806510799274,-11.663646869251293,34.11111111111111,0.3261666666666657,0.0058928406482029756,attentive,0,7
93.36666666666666,False,-5.1110044704267095,-0.5028512819355044,34.166666666666664,0.32861111111111,0.005864906591747276,attentive,0,7
93.4,False,-1.477242731077518,-2.380850291518418,34.22222222222222,0.3310555555555553,0.005863114559966523,attentive,0,7
93.43333333333334,False,1.950058586793233,-6.384961874944196,34.27777777777778,0.33349999999999963,0.005859851478838344,attentive,0,7
93.46666666666667,False,-1.909785745712613,-3.8706848626433294,34.333333333333336,0.335944444444444,0.005848131471442883,attentive,0,7
93.5,False,-2.7037853712763917,-5.8560738522864275,34.38888888888889,0.3383888888888883,0.00584236942342076,attentive,0,7
93.53333333333333,False,-2.0814700276456066,-1.112016235609103,34.44444444444444,0.3408333333333326,0.005830369910885379,attentive,0,7
93.56666666666666,False,-11.86101034202457,-6.01860285833915,34.5,0.34327777777777685,0.005786169553564226,attentive,0,7
93.6,False,-7.156882109651019,-1.5364460108265807,34.55555555555556,0.34572222222222115,0.005769734727646584,attentive,0,7
93.63333333333333,False,0.5489353477890582,-7.477425590480788,34.61111111111111,0.3481666666666655,0.005783657606511727,attentive,0,7
93.66666666666667,False,-1.2454745575789739,-0.699374110892935,34.66666666666667,0.35061111111111076,0.005766656902463377,attentive,0,7
93.7,False,-3.4124619028378076,-0.6903532505076453,34.72222222222222,0.3530555555555551,0.005746743306785273,attentive,0,7
93.73333333333333,False,3.265160510424078,-8.832559160469618,34.77777777777778,0.3554999999999995,0.00576748457216454,attentive,0,7
93.76666666666667,False,-2.4456095786611693,-3.768463300404081,34.833333333333336,0.3579444444444438,0.005755138415750108,attentive,0,7
93.8,True,-4.501097335709558,-4.216127583991972,34.833333333333336,0.30653333333333277,0.0057499197263307916,attentive,0,7
93.83333333333333,True,-1.040930010977867,-1.992267572418152,34.833333333333336,0.30653333333333277,0.005749041198861289,attentive,0,7
93.86666666666666,True,-9.56778326483711,-5.663914469927155,34.833333333333336,0.30653333333333277,0.005725620472568741,attentive,0,7
93.9,True,-0.8088578960603794,-4.949276233842913,34.833333333333336,0.30653333333333277,0.005734823391659195,attentive,0,7
93.93333333333334,True,5.3486798970150105,-10.750210676872943,34.833333333333336,0.30653333333333277,0.0057586839514736,attentive,0,7
93.96666666666667,True,-3.7925898967370184,-4.033677076264778,34.833333333333336,0.30653333333333277,0.005745948590276603,attentive,0,7
94.0,True,-8.147428783847355,-1.711998764794036,34.833333333333336,0.30653333333333277,0.005762709975950697,attentive,0,7
94.03333333333333,True,-4.238247442751491,-6.417441323693513,34.833333333333336,0.30653333333333277,0.0057729421782401185,attentive,0,7
94.06666666666666,True,0.08519173125296042,-5.56549391850024,34.833333333333336,0.30653333333333277,0.005779788091984045,attentive,0,7
94.1,True,-5.618736607944042,-7.249186233651978,34.833333333333336,0.30653333333333277,0.0058051872260205155,attentive,0,7
94.13333333333333,True,-3.2837758830806694,-0.7634447216729634,34.833333333333336,0.30653333333333277,0.005819285584897184,attentive,0,7
94.16666666666667,True,3.488123412610027,-1.6544096751065225,34.833333333333336,0.30653333333333277,0.005818949166965415,attentive,0,7
94.2,True,-6.131630174770948,-3.9612866217614426,34.833333333333336,0.30653333333333277,0.005848360532268292,attentive,0,7
94.23333333333333,True,3.0862266786444623,-15.981628075269736,34.833333333333336,0.30653333333333277,0.006091116627652793,attentive,0,7
94.26666666666667,True,-1.1978624373659552,-9.341108050148485,34.833333333333336,0.30653333333333277,0.006096183902348572,attentive,0,7
94.3,True,-3.343122808608494,-3.62993763525537,34.833333333333336,0.30653333333333277,0.00611281909598841,attentive,0,7
94.33333333333333,True,-8.383772473715815,-5.123187759521782,34.833333333333336,0.30653333333333277,0.00613648675214548,attentive,0,7
94.36666666666666,True,-2.8773121338004417,-5.866104005160266,34.833333333333336,0.30653333333333277,0.006146102965073547,attentive,0,7
94.4,True,1.743999783843594,-1.4671428151889345,34.833333333333336,0.30653333333333277,0.0061401884229632135,attentive,0,7
94.43333333333334,True,5.221861863376733,-3.338585466673407,34.833333333333336,0.30653333333333277,0.006137357631664097,attentive,0,7
94.46666666666667,True,-10.301771905996056,0.43786175810824135,34.833333333333336,0.30653333333333277,0.006166353446817113,attentive,0,7
94.5,False,2.530100207184204,-7.88678866274001,34.88888888888889,0.30675555555555495,0.006175129630857828,attentive,0,7
94.53333333333333,False,0.29868607380316603,-3.558410783259003,34.94444444444444,0.3091999999999992,0.006182837909338529,attentive,0,7
94.56666666666666,False,-5.480013339374028,-3.422029685048937,35.0,0.31164444444444356,0.0062099807636889,attentive,0,7
94.6,False,-1.3134564593128193,-6.039420840231893,35.05555555555556,0.31408888888888786,0.006219232826776623,attentive,0,7
94.63333333333333,False,2.749672767939475,-1.308351233960194,35.11111111111111,0.3165333333333322,0.006209767876293033,attentive,0,7
94.66666666666667,False,-4.525393326734086,0.882361976958733,35.16666666666667,0.31897777777777747,0.0062299564544291645,attentive,0,7
94.7,False,-1.9809062819356995,-11.758261901349817,35.22222222222222,0.32142222222222183,0.006261583915837211,attentive,0,7
94.73333333333333,False,2.4670200652058103,-8.454482345892,35.27777777777778,0.32386666666666614,0.00626128172549245,attentive,0,7
94.76666666666667,False,0.9576118525154849,-6.127809071193347,35.333333333333336,0.32631111111111044,0.0062694422321971,attentive,0,7
94.8,False,-2.7044666852351735,-5.234455837762789,35.388888888888886,0.3287555555555547,0.006283583393683477,attentive,0,7
94.83333333333333,False,-7.841163035655062,-3.952948795811019,35.44444444444444,0.33119999999999905,0.006310098864717783,attentive,0,7
94.86666666666666,False,-6.046951094917904,-6.774395776403389,35.5,0.33364444444444336,0.0063304467744684095,attentive,0,7
94.9,False,4.254118885384333,0.05361679350726467,35.55555555555556,0.33608888888888866,0.006329263264379153,attentive,0,7
94.93333333333334,False,-9.53723937403895,-1.6979585719251085,35.61111111111111,0.33853333333333296,0.006352870083053791,attentive,0,7
94.96666666666667,False,-5.766035666210109,0.7568842803822946,35.66666666666667,0.3409777777777773,0.006375228251126776,attentive,0,7
95.0,False,-6.290518221029063,-0.845443066198635,35.66666666666667,0.3431999999999994,0.006393914914692237,attentive,0,7
95.03333333333333,False,0.025093220536263505,-6.502279888740526,35.66666666666667,0.3454222222222215,0.006397719045423972,attentive,0,7
95.06666666666666,False,-3.673856230119388,-4.268650041337099,35.66666666666667,0.3476444444444436,0.006397326246490433,attentive,0,7
95.1,False,-3.615118863096154,-2.4650110773418414,35.66666666666667,0.34986666666666566,0.006408744436396061,attentive,0,7
95.13333333333333,False,8.938244499237854,-4.988405517763756,35.66666666666667,0.3520888888888878,0.0063885349310541005,attentive,0,7
95.16666666666667,False,-3.1554755842975077,-2.122100950481829,35.66666666666667,0.3543111111111108,0.006400186474701593,attentive,0,7
95.2,False,-0.2150032129644679,0.7029517070782596,35.66666666666667,0.3565333333333329,0.006400133856597969,attentive,0,7
95.23333333333333,False,-1.1908306513902702,-3.528951245369334,35.66666666666667,0.35875555555555505,0.006401541334731893,attentive,0,7
95.26666666666667,False,-2.6968236582562004,-3.850132679518491,35.66666666666667,0.3609777777777771,0.0064059311958179965,attentive,0,7
95.3,True,-6.9814954479669735,0.8077497520896229,35.61111111111111,0.3093675213675207,0.006431373572062534,attentive,0,7
95.33333333333333,True,3.426066552747455,-5.762299094589058,35.55555555555556,0.30914529914529854,0.0064274162478055365,attentive,0,7
95.36666666666666,True,1.5282148675638094,-2.916154261189015,35.5,0.3089230769230763,0.006419953287529045,attentive,0,7
95.4,True,0.9456140397420922,-8.064229567941322,35.5,0.31239999999999934,0.006429858440349612,attentive,0,7
95.43333333333334,True,1.6670407011028532,-3.8628467622620453,35.5,0.31239999999999934,0.00643752882680333,attentive,0,7
95.46666666666667,True,-1.3154690352105813,-7.723063923579599,35.5,0.31239999999999934,0.006465014935822226,attentive,0,7
95.5,True,-1.8382390291939832,-2.9200007605582874,35.5,0.31239999999999934,0.006481072874143953,attentive,0,7
95.53333333333333,True,-11.229389691370889,-6.15556872285265,35.5,0.31239999999999934,0.0065142548835193225,attentive,0,7
95.56666666666666,True,4.368153310473906,-10.19704061368077,35.5,0.31239999999999934,0.006523686475604117,attentive,0,7
95.6,True,-5.1093671111165655,-7.381663911494501,35.5,0.31239999999999934,0.006556977580699058,attentive,0,7
95.63333333333333,True,-4.731432415637167,-6.773339950074105,35.5,0.31239999999999934,0.006576214827036614,attentive,0,7
95.66666666666667,True,-4.890398418889591,-6.6585372299100385,35.5,0.31239999999999934,0.006607026511887237,attentive,0,7
95.7,True,-4.882105723829531,-9.602830003873173,35.5,0.31239999999999934,0.006635527417205923,attentive,0,7
95.73333333333333,True,-5.486759681569961,-5.653195458106415,35.5,0.31239999999999934,0.006646763818288695,attentive,0,7
95.76666666666667,True,-0.9877160541285945,-2.116663943853024,35.5,0.31239999999999934,0.006663758077845643,attentive,0,7
95.8,True,-0.8268468444302115,-3.592277276289509,35.5,0.31239999999999934,0.006690137074835521,attentive,0,7
95.83333333333333,True,-1.5373381644793143,-8.357096197042777,35.5,0.31239999999999934,0.006715201058160825,attentive,0,7
95.86666666666666,True,1.2442823028507666,-1.9429566202292587,35.5,0.31239999999999934,0.006733653614823274,attentive,0,7
95.9,True,-5.480243737920624,-2.65278114243384,35.5,0.31239999999999934,0.0067420111743811215,attentive,0,7
95.93333333333334,True,-8.295141790810574,-3.6915333198221716,35.5,0.31239999999999934,0.006768146232317213,attentive,0,7
95.96666666666667,True,5.488251639270084,-6.963998315220953,35.5,0.31239999999999934,0.006769106350219639,attentive,0,7
96.0,False,-3.32604650502865,-3.6969382016565504,35.55555555555556,0.3126222222222216,0.006797502856814435,attentive,0,7
96.03333333333333,False,-7.035732601265845,-5.882397997668264,35.61111111111111,0.3150666666666659,0.006830148375200803,attentive,0,7
96.06666666666666,False,-6.292967646594146,-5.302583152922671,35.66666666666667,0.31751111111111024,0.006855421195924309,attentive,0,7
96.1,False,0.7254318807463345,0.4384241048477726,35.72222222222222,0.31995555555555455,0.0068624304279348335,attentive,0,7
96.13333333333333,False,1.5458654915307852,-4.697656669147598,35.77777777777777,0.3223999999999988,0.006870285407113038,attentive,0,7
96.16666666666667,False,-6.2932645892676815,-6.197801324782247,35.833333333333336,0.3248444444444441,0.0068980350570560555,attentive,0,7
96.2,False,-7.404454812072635,2.2261076835847975,35.888888888888886,0.3272888888888884,0.006913686724823191,attentive,0,7
96.23333333333333,False,-2.0406958815441425,-8.978750823396712,35.94444444444444,0.3297333333333327,0.0069258303856526236,attentive,0,7
96.26666666666667,False,3.649954106584216,2.784369778433515,36.0,0.3321777777777771,0.00693048639307746,attentive,0,7
96.3,False,1.7719801920128535,-9.150487616018541,36.05555555555556,0.3346222222222214,0.006932710104131197,attentive,0,7
96.33333333333333,False,-2.9476775908469204,-3.308173951042137,36.11111111111111,0.33706666666666574,0.0069525018234665725,attentive,0,7
96.36666666666666,False,-5.564152275202408,-4.909365296536848,36.16666666666667,0.33951111111111004,0.006971868873330455,attentive,0,7
96.4,False,-1.9501028385298624,-0.3909829236829232,36.22222222222222,0.34195555555555535,0.006978933014545494,attentive,0,7
96.43333333333334,False,-6.436501238285435,3.493675291386257,36.27777777777778,0.34439999999999965,0.0069915467658903255,attentive,0,7
96.46666666666667,False,-2.571083645090338,-4.7333170191909355,36.333333333333336,0.34684444444444396,0.007016223756850951,attentive,0,7
96.5,False,-0.8632893643582453,-7.225580179068771,36.388888888888886,0.3492888888888882,0.007027836262712785,attentive,0,7
96.53333333333333,False,2.9537631250068515,-6.5400573464977665,36.44444444444444,0.35173333333333257,0.007028148982338709,attentive,2,8
96.56666666666666,False,-1.776763460711196,-2.145645688486354,36.5,0.35417777777777687,0.007041473819703842,attentive,2,8
96.6,False,1.1918737933498071,-1.5518001513529276,36.55555555555556,0.3566222222222212,0.007041664645982403,attentive,2,8
96.63333333333333,False,-4.1965587005529645,-7.084462490231606,36.611111111111114,0.35906666666666553,0.007070334467250435,attentive,2,8
96.66666666666667,False,-1.6864901301084578,3.3408035917842005,36.666666666666664,0.3615111111111108,0.007067238494671906,attentive,2,8
96.7,False,-3.3125541212259777,-3.921361107605499,36.72222222222222,0.36395555555555514,0.007082262668878523,attentive,2,8
96.73333333333333,False,-2.8526022555891126,1.0387737865440583,36.77777777777778,0.3663999999999994,0.0070929842439274235,attentive,2,8
96.76666666666667,False,-0.906479934723655,2.1159114264969183,36.833333333333336,0.36884444444444375,0.007097242570803757,attentive,2,8
96.8,False,4.2023226063320855,-10.154470003343501,36.888888888888886,0.371288888888888,0.007107209847225195,attentive,2,8
96.83333333333333,False,-2.878367993357715,-1.1971475906835711,36.94444444444444,0.37373333333333236,0.007119715069494352,attentive,2,8
96.86666666666666,False,-3.784048855190968,-8.631391801328476,37.0,0.3761777777777767,0.007141967184669358,attentive,2,8
96.9,False,-6.854899834128934,-1.4739488685615396,37.05555555555556,0.37862222222222197,0.007154554647032076,attentive,2,8
96.93333333333334,False,-8.01330332639167,-2.6355929180661786,37.111111111111114,0.38106666666666633,0.007198336140380864,attentive,2,8
96.96666666666667,False,-2.0613996007032145,-0.5484642988496802,37.166666666666664,0.38351111111111064,0.007208303774304117,attentive,2,8
97.0,False,-3.4795433487839653,-3.823178988170172,37.22222222222222,0.38595555555555494,0.007230684226849707,attentive,2,8
97.03333333333333,False,6.941840479979858,-12.306598492145419,37.27777777777778,0.38839999999999925,0.007239557139508283,attentive,2,8
97.06666666666666,False,1.4257518164960248,-5.647679540703715,37.333333333333336,0.39084444444444355,0.007250249769078279,attentive,2,8
97.1,False,-2.159820108809838,-5.055704142556093,37.388888888888886,0.39328888888888786,0.007270932805991977,attentive,2,8
97.13333333333333,False,-0.18841016657876408,-1.654005043205284,37.44444444444445,0.3957333333333322,0.0072780502773916065,attentive,2,8
97.16666666666667,False,-3.247274565480051,-0.4350028091564129,37.5,0.39817777777777746,0.007274500637370588,attentive,2,8
97.2,False,-5.748841881453324,-6.062639163648551,37.55555555555555,0.40062222222222177,0.007296205515929196,fatigued,2,8
97.23333333333333,False,-0.2910365964020525,-12.64682413849874,37.611111111111114,0.40306666666666613,0.0073159213746611645,fatigued,2,8
97.26666666666667,False,-5.606316585741997,-1.9267189113386833,37.666666666666664,0.40551111111111043,0.007346700511795883,fatigued,2,8
97.3,False,5.492093936525024,0.061631074946309816,37.72222222222222,0.4079555555555548,0.00733459395885763,fatigued,2,8
97.33333333333333,False,-5.930970455680324,-5.12867933600125,37.77777777777778,0.41039999999999904,0.00735353616167944,fatigued,2,8
97.36666666666666,False,-7.345081477288965,-0.11813758431431154,37.833333333333336,0.41284444444444335,0.007375452913074736,fatigued,2,8
97.4,False,-4.580232923800526,-8.206558748195153,37.888888888888886,0.4152888888888886,0.007407909093296218,fatigued,2,8
97.43333333333334,False,-7.12081410038627,-15.945459626389507,37.94444444444444,0.41773333333333296,0.007668766985631389,fatigued,2,8
97.46666666666667,False,-5.439171033408161,1.0128213251712648,38.0,0.42017777777777726,0.0076865552885397445,fatigued,2,8
97.5,False,-2.835118021467675,-5.7124057656989375,38.0,0.42239999999999933,0.007701969815719683,fatigued,2,8
97.53333333333333,False,1.9937997366009017,-9.85893956728329,38.0,0.42462222222222146,0.0077111851610752015,fatigued,2,8
97.56666666666666,False,-0.9874533494737507,-1.997288504464461,38.0,0.4268444444444435,0.007722833606675834,fatigued,2,8
97.6,False,6.428306718526587,0.07141212263203922,38.0,0.42906666666666565,0.007700362349648044,fatigued,2,8
97.63333333333333,False,-2.128488383095771,-3.9074515040166786,38.0,0.4312888888888877,0.007704034558598852,fatigued,2,8
97.66666666666667,False,-2.674269984076398,-11.255898909795906,38.0,0.4335111111111108,0.007730972989192681,fatigued,2,8
97.7,False,-3.981045493293237,2.953541344206714,38.0,0.43573333333333286,0.007731044840861407,fatigued,2,8
97.73333333333333,False,-1.184918753003862,-0.2873112093385113,38.0,0.437955555555555,0.007730793213631644,fatigued,2,8
97.76666666666667,False,-2.92037924667086,-6.612597718616913,38.0,0.44017777777777706,0.0077516564873537286,fatigued,2,8
97.8,False,4.580841237966248,-5.588454038805494,38.0,0.4423999999999992,0.00775177908387586,fatigued,2,8
97.83333333333333,False,-8.026935565242077,0.7695706039265344,38.0,0.44462222222222125,0.007797795231285162,fatigued,2,8
97.86666666666666,False,-10.091120125150633,-9.320427926537047,38.0,0.4468444444444434,0.007831444276647977,fatigued,2,8
97.9,False,-1.8704191699288517,-9.45058028004711,38.05555555555556,0.4530555555555553,0.0078477024066647,fatigued,2,8
97.93333333333334,False,-3.915061067211954,-6.395321324851938,38.111111111111114,0.4554999999999997,0.007867374491955379,fatigued,2,8
97.96666666666667,False,-2.2471193884102556,-0.778087338456078,38.166666666666664,0.45794444444444393,0.007875977661142756,fatigued,2,8
98.0,False,-2.2090539140135577,0.5401797546658509,38.22222222222222,0.4603888888888883,0.007872995320300395,fatigued,2,8
98.03333333333333,False,6.2423877644527215,-0.9204987435515015,38.27777777777778,0.46283333333333254,0.007850985398065256,fatigued,3,9
98.06666666666666,False,1.9146391040886108,-8.862317251708452,38.333333333333336,0.4652777777777769,0.007869234648943653,fatigued,3,9
98.1,False,-1.8964510591822394,-3.8124768457004707,38.388888888888886,0.4677222222222212,0.007877382903425168,fatigued,3,9
98.13333333333333,False,-1.713727034912412,-2.719441986688181,38.44444444444444,0.4701666666666655,0.007883429690991553,fatigued,3,9
98.16666666666667,False,-3.4319816999557986,0.0445285062657117,38.5,0.4726111111111108,0.007888072247121552,fatigued,3,9
98.2,False,-0.9845457808115488,-3.15956595789717,38.55555555555556,0.4750555555555551,0.007897812173845536,fatigued,3,9
98.23333333333333,False,0.5975154017909066,-5.929723109060601,38.611111111111114,0.4774999999999995,0.007909546355744241,fatigued,3,9
98.26666666666667,False,-5.718503621407428,-1.4606585569212602,38.666666666666664,0.47994444444444373,0.007936411469766388,fatigued,3,9
98.3,False,1.3037803845697171,-3.8980076005390027,38.72222222222222,0.48238888888888803,0.007946483542273989,fatigued,3,9
98.33333333333333,False,1.211107798136739,-3.917703778248758,38.77777777777778,0.48483333333333234,0.007965316489169713,fatigued,3,9
98.36666666666666,False,-7.218208401974976,-14.084319735138,38.83333333333333,0.4872777777777767,0.008014018853737731,fatigued,3,9
98.4,False,-8.900083075311551,-3.1696337406757467,38.88888888888889,0.48972222222222195,0.008034796141759594,fatigued,3,9
98.43333333333334,False,-5.3709169728007025,-5.472674006115618,38.94444444444444,0.4921666666666663,0.008049247236075885,fatigued,3,9
98.46666666666667,False,-3.6063681737154307,-7.499408376704862,39.0,0.49461111111111067,0.008066424804817863,fatigued,3,9
98.5,False,4.522967166115664,-3.102692673984578,39.05555555555556,0.497055555555555,0.008056035578906216,fatigued,3,9
98.53333333333333,False,-10.763270037558923,2.2988202382532927,39.111111111111114,0.4994999999999993,0.008094540472690204,fatigued,3,9
98.56666666666666,False,-9.281765110950891,-7.4378848148781636,39.166666666666664,0.5019444444444436,0.008127746147511584,fatigued,3,9
98.6,False,1.180537357717072,-6.714534992375394,39.22222222222223,0.504388888888888,0.008131956203765608,fatigued,3,9
98.63333333333333,False,2.692059150464143,-7.513761341968436,39.27777777777778,0.5068333333333321,0.00813350954895796,fatigued,3,9
98.66666666666667,False,5.995197241693612,-8.982122369502694,39.33333333333333,0.5092777777777775,0.008140413287730913,fatigued,3,9
98.7,False,-15.184483611965803,-10.451879889321226,39.38888888888889,0.5117222222222217,0.0081987767338104,fatigued,3,9
98.73333333333333,False,4.8423769938099,-6.066811787288308,39.44444444444444,0.5141666666666661,0.008201494466865732,fatigued,3,9
98.76666666666667,False,5.925141509808659,-3.5202255039432675,39.5,0.5166111111111105,0.008198384386033637,fatigued,3,9
98.8,False,-3.204074965227738,-0.24158502526869574,39.55555555555556,0.5190555555555547,0.008213181639643645,fatigued,3,9
98.83333333333333,False,-0.8997406724775774,-1.6112783809335531,39.611111111111114,0.5214999999999991,0.008202334340319592,fatigued,3,9
98.86666666666666,False,-9.963788169725696,1.9026605965662675,39.666666666666664,0.5239444444444434,0.008224585944616192,fatigued,3,9
98.9,False,-4.540344711501252,0.9214069794934909,39.72222222222222,0.5263888888888886,0.00823736748312724,fatigued,3,9
98.93333333333334,False,-0.6862599052901228,-2.1996175415104036,39.77777777777778,0.5288333333333329,0.008229116096112618,fatigued,3,9
98.96666666666667,False,-5.729168972752031,-6.72379454957196,39.83333333333333,0.5312777777777773,0.008262591924821405,fatigued,3,9
99.0,False,0.16512358354577406,-2.95499238600833,39.88888888888889,0.5337222222222215,0.008269541149647966,fatigued,3,9
99.03333333333333,False,-2.3501903869327747,-3.6805994899279812,39.94444444444444,0.5339444444444439,0.008292951339838324,fatigued,3,9
99.06666666666666,False,3.6795090089424196,-8.245192742068934,40.0,0.534166666666666,0.008297755301520776,fatigued,3,9
99.1,False,4.832922682746188,-9.187110374733248,40.05555555555556,0.5343888888888884,0.00830934619241672,fatigued,3,9
99.13333333333333,False,7.816598922966778,-4.144304283779972,40.11111111111111,0.5346111111111105,0.008287314173651581,fatigued,3,9
99.16666666666667,False,3.6228609529832565,-1.9147331499917342,40.166666666666664,0.5348333333333326,0.008286031642061573,fatigued,3,9
99.2,False,-7.257567318498048,-0.3459724089641214,40.22222222222222,0.535055555555555,0.008307724582759772,fatigued,3,9
99.23333333333333,False,5.0190451306617,-4.075555007617834,40.27777777777778,0.5352777777777771,0.00828767419336548,fatigued,3,9
99.26666666666667,False,3.659622052322561,-6.675903015251013,40.33333333333333,0.5354999999999994,0.008278172126022994,fatigued,3,9
99.3,False,-3.8026492178636406,-4.4868210265884905,40.38888888888889,0.5357222222222215,0.008298399310477125,fatigued,3,9
99.33333333333333,False,-3.43342770980253,-3.9475471621757205,40.44444444444444,0.5359444444444439,0.008319616744996674,fatigued,3,9
99.36666666666666,False,-9.483889621807036,-3.8888434606697704,40.5,0.536166666666666,0.008349542638990192,fatigued,3,9
99.4,False,3.287604597438023,-4.0758687488285315,40.55555555555556,0.5363888888888884,0.008346715702257751,fatigued,3,9
99.43333333333334,False,-2.3404186253240975,-6.825578329595878,40.61111111111111,0.5366111111111105,0.008376937654719419,fatigued,3,9
99.46666666666667,False,-2.4908054767750447,-4.573163097195882,40.666666666666664,0.5368333333333326,0.008392798841303135,fatigued,3,9
99.5,False,-6.296163899459467,-4.6956654256076185,40.72222222222222,0.537055555555555,0.008422844728596494,fatigued,3,9
99.53333333333333,False,-0.58940986017193,-5.1338311636174945,40.77777777777778,0.5372777777777771,0.008429027384889267,fatigued,3,9
99.56666666666666,False,-4.672100064404459,-1.4928370220091929,40.833333333333336,0.5374999999999994,0.008439883700064361,fatigued,3,9
99.6,False,3.0461346284083244,-4.844033453271478,40.88888888888889,0.5377222222222215,0.00844872947861444,fatigued,3,9
99.63333333333333,False,-1.9877017117248599,-11.293379714184258,40.94444444444444,0.5379444444444439,0.00847439710756403,fatigued,3,9
99.66666666666667,False,0.4070745409146379,-2.317835886259091,41.0,0.538166666666666,0.008491750257011987,fatigued,3,9
99.7,False,-5.098222764035938,1.4901857671383842,41.05555555555556,0.5383888888888884,0.008509775014058144,fatigued,3,9
99.73333333333333,False,-6.140926182596037,-7.12139467588761,41.11111111111111,0.5386111111111105,0.008536304260698385,fatigued,3,9
99.76666666666667,False,2.704385677372165,-5.810377355705758,41.16666666666667,0.5388333333333328,0.008537854495035085,fatigued,3,9
99.8,True,0.9665214389877692,-1.680875710543666,41.16666666666667,0.36226666666666607,0.008525571840814141,attentive,3,9
99.83333333333333,True,-0.7769822373513808,-3.186830411984622,41.16666666666667,0.36226666666666607,0.008545037229353401,attentive,3,9
99.86666666666666,True,-2.158603916762829,-3.3524884905838452,41.16666666666667,0.36226666666666607,0.00856296020210082,attentive,3,9
99.9,True,-3.5492666875662993,-1.628430860804261,41.16666666666667,0.36226666666666607,0.008573807853947232,attentive,3,9
99.93333333333334,True,-0.6531675955491332,-3.4447769290303887,41.16666666666667,0.36226666666666607,0.008577343866637385,attentive,3,9
99.96666666666667,True,-1.04372279328425,-9.129351896425817,41.16666666666667,0.36226666666666607,0.008597397136807378,attentive,3,9
100.0,True,-6.396960928612937,-4.075489347008159,41.11111111111111,0.3620444444444438,0.008626635354570015,attentive,3,9
100.03333333333333,True,2.3749298597478394,-6.895710719490281,41.05555555555556,0.3618222222222216,0.008630686949559438,attentive,3,9
100.06666666666666,True,0.4315890110097973,-7.332126989272181,41.0,0.36159999999999937,0.00864142582556903,attentive,3,9
100.1,True,-4.763575970831435,-6.00498552075508,40.94444444444444,0.36137777777777713,0.008653628766229746,attentive,3,9
100.13333333333333,True,1.2746428137220012,-10.271142286386478,40.88888888888889,0.3611555555555549,0.008657545166635722,attentive,3,9
100.16666666666667,True,-3.083611628422405,-1.045008590186502,40.833333333333336,0.36093333333333266,0.008668323219804397,attentive,3,9
100.2,True,0.9282651362250824,-1.1854750402435141,40.77777777777778,0.3607111111111104,0.008675026773471525,attentive,3,9
100.23333333333333,True,-5.999473120022239,-5.581223395269241,40.72222222222222,0.3604888888888882,0.008698222812688373,attentive,3,9
100.26666666666667,True,2.549966465619141,-6.546557955455013,40.666666666666664,0.36026666666666596,0.008706057627427943,attentive,3,9
100.3,True,-6.003114839569531,-8.230052888130587,40.61111111111111,0.3600444444444438,0.00873926489883389,attentive,3,9
100.33333333333333,True,-3.692568931922873,1.1391754072242142,40.55555555555556,0.3598222222222216,0.008757008312563049,attentive,3,9
100.36666666666666,True,-1.4373402980734393,-4.918774338022987,40.5,0.35959999999999936,0.008769728631302156,attentive,3,9
100.4,True,2.8359047886332256,1.0539013963545099,40.5,0.36200000000000004,0.008759356076892785,attentive,3,9
100.43333333333334,True,-6.295348127056404,0.7120043919703445,40.5,0.36200000000000004,0.008770870826816282,attentive,3,9
100.46666666666667,True,-5.390481664910936,-2.369297902764872,40.5,0.36200000000000004,0.008781779359976823,attentive,3,9
100.5,False,7.4411821415967125,-2.1073621235677003,40.55555555555556,0.3622222222222222,0.008781189498742781,attentive,3,9
100.53333333333333,False,0.549467643378496,1.9788235554537117,40.61111111111111,0.36466666666666653,0.008784564762182557,attentive,3,9
100.56666666666666,False,-12.459846520683769,-2.6126536251551697,40.666666666666664,0.3671111111111109,0.00882635707119825,attentive,3,9
100.6,False,-3.8036234395480744,-7.063529010167112,40.72222222222222,0.3695555555555552,0.008852562474837972,attentive,3,9
100.63333333333333,False,4.869483837598528,-7.149378421626013,40.77777777777778,0.37199999999999955,0.008857872927769872,attentive,3,9
100.66666666666667,False,-12.774602706161433,-2.22813948329208,40.833333333333336,0.3744444444444448,0.008894869423090571,attentive,3,9
100.7,False,3.8672734089952963,-6.891606629833387,40.88888888888889,0.3768888888888891,0.00890136651396855,attentive,3,9
100.73333333333333,False,-3.0282688730993685,-4.36808334114596,40.94444444444444,0.3793333333333334,0.008917523059562197,attentive,3,9
100.76666666666667,False,1.4726752134335417,-4.381839229425999,41.0,0.3817777777777777,0.00892777783795445,attentive,3,9
100.8,False,3.021530303332246,-7.161561437956072,41.05555555555556,0.384222222222222,0.00892865220299112,attentive,3,9
100.83333333333333,False,-5.9312850370260675,0.7940687797651185,41.11111111111111,0.3866666666666664,0.008948255445021518,attentive,3,9
100.86666666666666,False,0.7883345373962223,2.3940796475737542,41.16666666666667,0.3891111111111107,0.008956092317831288,attentive,3,9
100.9,False,-6.419068013988714,-10.696250520933711,41.22222222222222,0.391555555555556,0.00899094487373521,attentive,3,9
100.93333333333334,False,-5.034081187437481,-5.553339458160655,41.27777777777778,0.3940000000000003,0.00901172048097322,attentive,3,9
100.96666666666667,False,-7.62079636212649,-2.03069179392032,41.333333333333336,0.3964444444444446,0.009031090594336997,attentive,3,9
101.0,False,4.390453429666858,-9.233756832534525,41.388888888888886,0.3988888888888889,0.009023661785902266,attentive,3,9
101.03333333333333,False,6.779028619556224,1.7431528624847772,41.44444444444444,0.40133333333333326,0.009012236101003896,fatigued,3,9
101.06666666666666,False,-4.744234240724168,-7.809436622638076,41.5,0.4037777777777775,0.0090399875792096,fatigued,3,9
101.1,False,1.7681591534353163,-2.950300978712918,41.55555555555556,0.4062222222222218,0.009036269636364272,fatigued,3,9
101.13333333333333,False,-8.560807467041313,-5.765888836580926,41.61111111111111,0.4086666666666662,0.009065855670270738,fatigued,3,9
101.16666666666667,False,-4.980893309392067,-7.967260758352992,41.66666666666667,0.4111111111111114,0.009089622936554102,fatigued,3,9
101.2,False,-2.22302325794367,-3.297150810137667,41.72222222222222,0.4135555555555558,0.009108229706153012,fatigued,3,9
101.23333333333333,False,2.378134662362112,-3.568943779276073,41.77777777777778,0.41600000000000015,0.009107149056651496,fatigued,3,9
101.26666666666667,False,11.327462989084394,-11.2465075873185,41.833333333333336,0.4184444444444444,0.009094713180472058,fatigued,3,9
101.3,True,-8.505337801787263,-2.529741170475574,41.833333333333336,0.36733333333333335,0.009112321504708098,attentive,3,9
101.33333333333333,True,-2.77141467824776,-2.7602387115289257,41.833333333333336,0.36733333333333335,0.00912902255009033,attentive,3,9
101.36666666666666,True,-2.568720564934771,2.484407017051046,41.833333333333336,0.36733333333333335,0.009134690471126593,attentive,3,9
101.4,True,-1.6157457152278396,-12.491343769359794,41.833333333333336,0.36733333333333335,0.009163869530379138,attentive,3,9
101.43333333333334,True,-11.598801768099962,-0.7627686946983525,41.833333333333336,0.36733333333333335,0.009185950187127031,attentive,3,9
101.46666666666667,True,0.10221912395944899,-4.011541290190328,41.833333333333336,0.36733333333333335,0.009188296639947326,attentive,3,9
101.5,True,-12.589374348551045,-2.700763219246626,41.833333333333336,0.36733333333333335,0.009231410842751635,attentive,3,9
101.53333333333333,True,-1.8652767352314648,-3.615861053249196,41.833333333333336,0.36733333333333335,0.009246731876257184,attentive,2,10
101.56666666666666,True,-8.160411511344313,-6.6595198721030116,41.833333333333336,0.36733333333333335,0.009281055582165222,attentive,2,10
101.6,True,-2.2321623911094735,-1.8544187575435225,41.833333333333336,0.36733333333333335,0.009289207443058493,attentive,2,10
101.63333333333333,True,-2.004178221102856,-1.445025068264083,41.833333333333336,0.36733333333333335,0.00929875417613306,attentive,2,10
101.66666666666667,True,-3.92131883147822,-1.467523513330113,41.833333333333336,0.36733333333333335,0.009319306333975564,attentive,2,10
101.7,True,4.034129192934923,-6.1256937606383355,41.833333333333336,0.36733333333333335,0.009337253360129073,attentive,2,10
101.73333333333333,True,1.4442096744896797,-3.470176474064168,41.833333333333336,0.36733333333333335,0.009344014584227038,attentive,2,10
101.76666666666667,True,3.5791753742403287,-6.7427122403192445,41.833333333333336,0.36733333333333335,0.009319783158008585,attentive,2,10
101.8,True,-2.151006315467124,-6.366020096203481,41.833333333333336,0.36733333333333335,0.009345995386967062,attentive,2,10
101.83333333333333,True,-1.9110815416574494,-4.103263794351462,41.833333333333336,0.36733333333333335,0.009360586290778199,attentive,2,10
101.86666666666666,True,1.275877632082124,-9.998045744824955,41.833333333333336,0.36733333333333335,0.009378864227287918,attentive,2,10
101.9,True,-5.713033396743963,-7.244788734667654,41.833333333333336,0.36733333333333335,0.009392776260321143,attentive,2,10
101.93333333333334,True,-6.045352878911208,-3.780702713848755,41.833333333333336,0.36733333333333335,0.009412307950609886,attentive,2,10
101.96666666666667,True,-9.111821143137234,-1.0605714553427967,41.833333333333336,0.36733333333333335,0.009424737111750937,attentive,2,10
102.0,False,3.1912156503645868,-0.03153025689082867,41.888888888888886,0.3675555555555556,0.009424188074251563,attentive,2,10
102.03333333333333,False,-3.905753630140386,-1.5966926688357503,41.94444444444444,0.3699999999999999,0.009446306457942377,attentive,2,10
102.06666666666666,False,-4.972705963600546,-0.3029371634731426,42.0,0.3724444444444442,0.009464068693894582,attentive,2,10
102.1,False,-0.9956070401196442,-5.342533789096601,42.05555555555556,0.3748888888888885,0.009477779135673874,attentive,2,10
102.13333333333333,False,-3.6192369042265575,-2.1333135067185856,42.11111111111111,0.37733333333333285,0.009504747450687249,attentive,2,10
102.16666666666667,False,-2.311007200099401,-3.78465897734006,42.16666666666667,0.3797777777777781,0.009503824686656937,attentive,2,10
102.2,False,-5.145793597396208,-4.192039821667585,42.22222222222222,0.38222222222222246,0.009521013903344961,attentive,2,10
102.23333333333333,False,0.7494869257650463,-5.1568587745080325,42.27777777777778,0.38466666666666677,0.009528537492299718,attentive,2,10
102.26666666666667,False,3.964871530794384,-12.794176558584908,42.333333333333336,0.3871111111111111,0.009526298953007965,attentive,2,10
102.3,False,5.080735090106436,-2.070611408130673,42.388888888888886,0.3895555555555554,0.00951375240702867,attentive,2,10
102.33333333333333,False,10.712507508832672,-1.156228739765162,42.44444444444444,0.3919999999999997,0.00947350743959745,attentive,2,10
102.36666666666666,False,-8.014754615888606,-3.8790214652763297,42.5,0.394444444444444,0.009509714615585776,attentive,2,10
102.4,False,1.7046793694075364,-3.753000596999084,42.55555555555556,0.3968888888888893,0.009497798076363355,attentive,2,10
102.43333333333334,False,-5.614638058923012,-8.711577879528168,42.611111111111114,0.3993333333333336,0.009523666859922827,attentive,2,10
102.46666666666667,False,13.996140113722406,-2.81859178765262,42.66666666666667,0.40177777777777796,0.00950731779691968,fatigued,2,10
102.5,False,-5.6691637363589535,-9.492473984708102,42.66666666666667,0.404,0.00952634601582511,fatigued,2,10
102.53333333333333,False,0.7810306481344886,-0.07377681484923038,42.66666666666667,0.40622222222222215,0.009538223659801698,fatigued,2,10
102.56666666666666,False,-3.9112516491508194,-0.6952463906339026,42.66666666666667,0.4084444444444442,0.009549511884993573,fatigued,2,10
102.6,False,-2.4729837595888315,-3.246218743715425,42.66666666666667,0.4106666666666663,0.00957130834490593,fatigued,2,10
102.63333333333333,False,6.617282358066499,-10.761242444354092,42.66666666666667,0.4128888888888884,0.009572817105930961,fatigued,2,10
102.66666666666667,False,-5.466373271094167,-5.128066536887609,42.66666666666667,0.41511111111111143,0.009588416324422658,fatigued,2,10
102.7,False,13.640617856093423,-6.934453671210991,42.66666666666667,0.41733333333333356,0.009574980893708802,fatigued,2,10
102.73333333333333,False,-3.190358887912841,-3.5031284496149717,42.66666666666667,0.4195555555555557,0.00959057556344199,fatigued,2,10
102.76666666666667,False,2.9422278510373743,-9.419186432143114,42.66666666666667,0.42177777777777775,0.009608030188383881,fatigued,2,10
102.8,True,-2.337806815185212,-5.479965172480529,42.611111111111114,0.36967521367521305,0.009635370666806404,attentive,2,10
102.83333333333333,True,-14.696723285101367,-0.8052337775958973,42.55555555555556,0.3694529914529908,0.009675733108601241,attentive,2,10
102.86666666666666,True,-6.2853654118059605,-1.6155312176084422,42.5,0.3692307692307686,0.009690777391201333,attentive,2,10
102.89999999999999,True,-3.805544490808776,-3.6923650426973937,42.5,0.3692307692307686,0.009706595566752381,attentive,2,10
102.93333333333334,True,-4.8527069881504925,-3.645969861023749,42.5,0.37,0.00973029770665305,attentive,2,10
102.96666666666667,True,0.9844744356872726,-5.720529075567257,42.5,0.37,0.009738695235896244,attentive,2,10
103.0,True,3.42782121375282,0.8041350431722893,42.5,0.37,0.009732484593178256,attentive,2,10
103.03333333333333,True,-2.508234717813802,-5.514076255327537,42.5,0.37,0.009749615734142807,attentive,2,10
103.06666666666666,True,2.0306923310325744,0.6605475668678524,42.5,0.37,0.009743338405542153,attentive,2,10
103.1,True,-1.245269136437905,-4.406638577034346,42.5,0.37,0.00976619383528166,attentive,2,10
103.13333333333333,True,-8.750545145760292,-7.638627306143077,42.5,0.37,0.009805962082062667,attentive,2,10
103.16666666666667,True,-3.6922677168095577,-4.613860734277493,42.5,0.37,0.009825126984143517,attentive,2,10
103.2,True,-3.951104266271281,-4.717556685598992,42.5,0.37,0.009839624755308769,attentive,2,10
103.23333333333333,True,-2.1253215365487703,-7.213737149965823,42.5,0.37,0.0098642362766723,attentive,2,10
103.26666666666667,True,-1.307156890397165,0.48837315928727154,42.5,0.37,0.009862810222686948,attentive,2,10
103.3,True,6.308802924220103,-2.9839935543041416,42.5,0.37,0.009865197651037836,attentive,2,10
103.33333333333333,True,-0.6152784948479464,-1.316303270167225,42.5,0.37,0.009870867035484295,attentive,2,10
103.36666666666666,True,4.789796915258899,-5.804438828838716,42.5,0.37,0.00986724937984707,attentive,2,10
103.39999999999999,True,-7.298139247432815,-6.561772035451408,42.5,0.37,0.009891680638951501,attentive,2,10
103.43333333333334,True,0.7249333465085515,-5.931848564607557,42.5,0.37,0.009872594591095435,attentive,2,10
103.46666666666667,True,-1.992262249884865,-13.23726616067373,42.5,0.37,0.009892149828053679,attentive,2,10
103.5,False,-4.02233124747362,-4.330707245130463,42.55555555555556,0.37022222222222223,0.009901308051053943,attentive,2,10
103.53333333333333,False,2.060923597344523,-5.985389239988942,42.611111111111114,0.37266666666666654,0.009899825961870258,attentive,2,10
103.56666666666666,False,-1.2787265118386735,0.27554508848813697,42.66666666666667,0.3751111111111109,0.00990309374648582,attentive,2,10
103.6,False,-11.997369417283076,-8.366464878386733,42.72222222222222,0.3775555555555552,0.009953243672170098,attentive,2,10
103.63333333333333,False,1.116085519903887,-8.997202043880387,42.77777777777778,0.37999999999999956,0.009963028385478499,attentive,2,10
103.66666666666667,False,-6.248573554421857,-4.327613859237358,42.833333333333336,0.38244444444444475,0.009969432487310149,attentive,2,10
103.7,False,6.08637639554034,-9.14798140632366,42.888888888888886,0.3848888888888891,0.009957436704675443,attentive,2,10
103.73333333333333,False,0.1972878943783205,-2.1310187934558082,42.94444444444444,0.38733333333333336,0.009965028384163008,attentive,2,10
103.76666666666667,False,-0.8644034699836679,-6.376648613113625,43.0,0.3897777777777777,0.009970919991352167,attentive,2,10
103.8,False,-2.841043165759099,-2.41706833718894,43.05555555555556,0.39222222222222203,0.009992276412324076,attentive,2,10
103.83333333333333,False,1.3141805078533177,-10.978337315965387,43.111111111111114,0.3946666666666664,0.010008807922923656,attentive,2,10
103.86666666666666,False,-11.915685693194924,-3.2975833741152245,43.166666666666664,0.3971111111111107,0.010027908237560591,attentive,2,10
103.89999999999999,False,-4.965359384663583,-4.7880773183767324,43.22222222222222,0.39955555555555505,0.010049292552607269,attentive,2,10
103.93333333333334,False,-4.045507823597476,-3.02655949873471,43.27777777777778,0.40200000000000025,0.010055545170639588,fatigued,2,10
103.96666666666667,False,-4.109310358111104,-1.1187931832681346,43.333333333333336,0.4044444444444446,0.010066104029072724,fatigued,2,10
104.0,False,-4.827134138265433,-2.941638358748671,43.388888888888886,0.4068888888888889,0.010095809669658073,fatigued,2,10
104.03333333333333,False,-5.76608204339288,-5.081170118076398,43.44444444444445,0.40933333333333327,0.010129685221255206,fatigued,2,10
104.06666666666666,False,-5.045065154414738,-3.4598700043288897,43.5,0.4117777777777775,0.010141121616801002,fatigued,2,10
104.1,False,3.8425515171212936,-7.986906460217532,43.55555555555555,0.4142222222222218,0.010139191086802108,fatigued,2,10
104.13333333333333,False,-4.4936430704055095,-8.973418863541488,43.611111111111114,0.4166666666666662,0.010159350541073248,fatigued,2,10
104.16666666666667,False,-1.6875737729058573,-7.364857127583425,43.666666666666664,0.41911111111111143,0.010185267784745041,fatigued,2,10
104.2,False,2.755580286732246,-6.368119097917893,43.72222222222222,0.4215555555555558,0.010204545291821833,fatigued,2,10
104.23333333333333,False,2.034612780866335,-10.24395891162845,43.77777777777778,0.42400000000000004,0.010210476013869044,fatigued,2,10
104.26666666666667,False,-4.690095922461638,-3.8789129792439203,43.833333333333336,0.4264444444444444,0.010224934457802022,fatigued,2,10
104.3,False,-2.7608722983317184,-0.005742754414335138,43.888888888888886,0.42888888888888876,0.010237921463843176,fatigued,2,10
104.33333333333333,False,-7.3580097149411285,-4.659602769846758,43.94444444444445,0.43133333333333307,0.010261655052538617,fatigued,2,10
104.36666666666666,False,1.801407498476373,-2.0639604250750128,44.0,0.4337777777777774,0.010276082093093677,fatigued,2,10
104.39999999999999,False,-6.44804257631996,-5.622198817612579,44.05555555555555,0.4362222222222217,0.010299486261066196,fatigued,2,10
104.43333333333334,False,-14.78581125078348,-2.832542125564962,44.111111111111114,0.438666666666667,0.010346270525609887,fatigued,2,10
104.46666666666667,False,-3.80516968792897,-2.1875284038945817,44.166666666666664,0.4411111111111113,0.01035889542606764,fatigued,2,10
104.5,False,-6.966855081229641,-11.985594120644981,44.22222222222222,0.4435555555555556,0.010401539568883319,fatigued,2,10
104.53333333333333,False,-11.948402909527516,-4.587216573280465,44.27777777777778,0.4459999999999999,0.01042951416021184,fatigued,2,10
104.56666666666666,False,-1.131606718740147,-7.211529644930772,44.333333333333336,0.4484444444444442,0.01044869648372482,fatigued,2,10
104.6,False,7.289531843692197,-0.2971568532401392,44.388888888888886,0.4508888888888885,0.010440012905493082,fatigued,2,10
104.63333333333333,False,0.9928907687577972,-1.9859685357138885,44.44444444444444,0.4533333333333328,0.010451228391426032,fatigued,2,10
104.66666666666667,False,-0.9482061799685884,-1.354557172550027,44.5,0.4557777777777781,0.01045353582140313,fatigued,2,10
104.7,False,-1.4629509359172634,-10.000834885645283,44.55555555555556,0.4582222222222224,0.010465394301515087,fatigued,2,10
104.73333333333333,False,-0.14479251884867628,-2.8600922984239325,44.611111111111114,0.4606666666666668,0.010475647144148812,fatigued,2,10
104.76666666666667,False,-0.30718574757906447,-8.251156151975467,44.666666666666664,0.4631111111111111,0.010488448327153836,fatigued,2,10
104.8,False,3.129512189703827,-2.999305649129573,44.72222222222222,0.4655555555555554,0.010497023307201193,fatigued,2,10
104.83333333333333,False,-0.7404731904405082,-12.313143542871083,44.77777777777778,0.4679999999999997,0.010519085001635186,fatigued,2,10
104.86666666666666,False,2.3727570588960702,-3.1545879778090127,44.83333333333333,0.470444444444444,0.010514548242763412,fatigued,2,10
104.89999999999999,False,3.0152991960465325,-4.776337798861247,44.888888888888886,0.4728888888888883,0.010509180469665091,fatigued,2,10
104.93333333333334,False,-0.27324973244379924,-4.873558257981429,44.94444444444444,0.4753333333333336,0.010515063618325446,fatigued,2,10
104.96666666666667,False,-7.52971080582912,0.06922424073297329,45.0,0.4777777777777779,0.010534648069052223,fatigued,2,10
105.0,False,-5.57968960229623,-5.252789804201184,45.0,0.48,0.010566292945110998,fatigued,2,10
105.03333333333333,False,-2.1892910337160787,-3.4373973590633793,45.0,0.4822222222222221,0.010584000317317798,fatigued,2,10
105.06666666666666,False,-5.606482048670545,-12.89973663157674,45.0,0.4844444444444442,0.01059556213635526,fatigued,2,10
105.1,False,2.4499116830565604,-3.019455816195659,45.0,0.4866666666666663,0.01058529500236567,fatigued,2,10
105.13333333333333,False,1.367507262468358,-1.0789400760942405,45.0,0.4888888888888884,0.010580288869318841,fatigued,2,10
105.16666666666667,False,0.7187781733836358,-7.43849464985506,45.0,0.49111111111111144,0.010599861840309772,fatigued,2,10
105.2,False,1.7994874824461582,-1.7994137340110674,45.0,0.4933333333333335,0.01058268876858277,fatigued,2,10
105.23333333333333,False,-10.090130702823044,-4.763225590766011,45.0,0.49555555555555564,0.010598544510177967,fatigued,2,10
105.26666666666667,False,9.321654069389968,-1.8008923441866402,45.0,0.4977777777777777,0.010588005975270426,fatigued,2,10
105.3,False,-1.3213146082316714,2.6121311236321176,45.0,0.49999999999999983,0.01059341130501211,fatigued,2,10
105.33333333333333,False,1.4103893889475307,2.7490779399793546,45.0,0.5022222222222219,0.010594736975480544,fatigued,2,10
105.36666666666666,False,-2.2532853294241293,-3.3864761694223438,45.0,0.504444444444444,0.0106139423473325,fatigued,2,10
105.39999999999999,False,0.12315810602648125,-3.211674857266023,45.0,0.5066666666666662,0.010616053859431141,fatigued,2,10
105.43333333333334,False,-3.3014120992707503,-8.968857149159486,45.0,0.5088888888888892,0.010655569464186497,fatigued,2,10
105.46666666666667,False,3.1378672473473213,-5.3592905307338174,45.0,0.5111111111111113,0.01065700313519215,fatigued,2,10
105.5,False,-8.18451129405946,-0.9649120548953749,45.0,0.5133333333333333,0.010676198651862413,fatigued,2,10
105.53333333333333,False,-1.7221128978090716,-4.387388832882296,45.0,0.5155555555555554,0.010687127379854238,fatigued,3,11
105.56666666666666,False,-0.9207682693847228,0.34476535640558925,45.0,0.5177777777777776,0.010682458541778612,fatigued,3,11
105.6,False,8.393293393954293,-1.5291897555921845,45.0,0.5199999999999996,0.01066121605936948,fatigued,3,11
105.63333333333333,False,-6.271712540793855,-6.2746625583786235,45.0,0.5222222222222217,0.010682652029885024,fatigued,3,11
105.66666666666667,False,-6.7482948588009295,-2.370683177967278,45.0,0.5244444444444447,0.010709161649613644,fatigued,3,11
105.7,False,-2.6887663123825716,-1.5093127179084829,45.0,0.5266666666666668,0.010718788026169573,fatigued,3,11
105.73333333333333,False,-5.020637470042502,-4.623969331657246,45.0,0.528888888888889,0.010736820425266552,fatigued,3,11
105.76666666666667,False,-7.77196370763088,-11.832137855718544,45.0,0.5311111111111111,0.010780696822516738,fatigued,3,11
105.8,False,3.809496833196138,-5.243359449329539,45.0,0.5333333333333332,0.010774376143808353,fatigued,3,11
105.83333333333333,False,-2.182380017052178,3.704741665947876,45.0,0.5355555555555552,0.01076987633589382,fatigued,3,11
105.86666666666666,False,2.4113519546243665,-5.9812207170909915,45.0,0.5377777777777774,0.010764371365084336,fatigued,3,11
105.89999999999999,False,12.64381160552818,-10.176914293372342,45.0,0.5399999999999995,0.010760056781199163,fatigued,3,11
105.93333333333334,False,1.6896658353034397,-3.1334817423361403,45.0,0.5422222222222225,0.010768647919208426,fatigued,3,11
105.96666666666667,False,0.592195046543978,-8.158013083167218,45.0,0.5444444444444446,0.010782501438441101,fatigued,3,11
106.0,False,5.340336471970791,-3.0971625141603387,45.0,0.5466666666666666,0.010780031005907336,fatigued,3,11
106.03333333333333,False,4.553187801241526,-3.1911799882276397,45.0,0.5488888888888888,0.010769941706875718,fatigued,3,11
106.06666666666666,False,-2.499435981582594,-6.4506133549828,45.0,0.5511111111111109,0.010782745227566828,fatigued,3,11
106.1,False,-0.7882669838596861,-9.26381240188736,45.0,0.553333333333333,0.01079572655448588,fatigued,3,11
106.13333333333333,False,2.1440578033373154,-13.338303537422723,45.0,0.555555555555555,0.01079845340813925,fatigued,3,11
106.16666666666667,False,3.331928140293941,-6.641601272677468,45.0,0.5577777777777781,0.010798991156571857,fatigued,3,11
106.2,False,-4.9643422059076645,-6.2971494301102595,45.0,0.5600000000000002,0.010817686458262966,fatigued,3,11
106.23333333333333,False,3.7610229931025945,-3.8407767296277138,45.0,0.5622222222222223,0.01081415352530518,fatigued,3,11
106.26666666666667,False,5.265160650835263,-6.511917458381444,45.0,0.5644444444444444,0.010812143168411774,fatigued,3,11
106.3,False,-6.477420572011836,-7.200294996695462,45.0,0.5666666666666664,0.010835253688503256,fatigued,3,11
106.33333333333333,False,-7.971868042008638,-12.725280534936031,45.0,0.5688888888888886,0.010871923877373483,fatigued,3,11
106.36666666666666,False,2.229570431527944,4.382538568446918,45.0,0.5711111111111107,0.010856972679958544,fatigued,3,11
106.39999999999999,False,3.4388631371024703,-4.984628651942418,45.0,0.5733333333333328,0.010838658861170414,fatigued,3,11
106.43333333333334,False,-7.859721344275269,-2.567293170700906,45.0,0.5755555555555558,0.010868993130678527,fatigued,3,11
106.46666666666667,False,0.7064904588013636,-4.2570216587818495,45.0,0.577777777777778,0.010877607380950666,fatigued,3,11
106.5,False,1.8921936607543375,3.5638842446898558,45.05555555555556,0.5802222222222215,0.01087979469802787,fatigued,3,11
106.53333333333333,False,1.9630180545980775,-6.469942365482016,45.111111111111114,0.5804444444444438,0.010885061465626426,fatigued,3,11
106.56666666666666,False,-14.7518938734506,-3.987133469159097,45.166666666666664,0.580666666666666,0.010914613343294209,fatigued,3,11
106.6,False,-3.569404350517045,-2.390550848751637,45.22222222222222,0.5808888888888881,0.010925773605710143,fatigued,3,11
106.63333333333333,False,0.59580525494742,-8.493661134423991,45.27777777777778,0.5811111111111105,0.0109435851920168,fatigued,3,11
106.66666666666667,False,-13.32975085509685,-2.2715953364259,45.33333333333333,0.5813333333333326,0.010986054190761702,fatigued,3,11
106.7,False,-10.353014331617322,-3.456391773805754,45.38888888888889,0.5815555555555549,0.011025434243582995,fatigued,3,11
106.73333333333333,False,-4.641894319059405,-4.957916530454276,45.44444444444444,0.5817777777777771,0.011032563921856925,fatigued,3,11
106.76666666666667,False,3.0651779172602005,-5.215760169034854,45.5,0.5819999999999994,0.011036764392953825,fatigued,3,11
106.8,False,-6.60266613451132,-0.2212440134870466,45.55555555555556,0.5822222222222215,0.011055409017017893,fatigued,3,11
106.83333333333333,False,-4.47852389646914,-5.059504731680658,45.611111111111114,0.5824444444444438,0.011050433664259379,fatigued,3,11
106.86666666666666,False,-1.119685343155373,-3.87441306922175,45.666666666666664,0.582666666666666,0.011073530120637054,fatigued,3,11
106.89999999999999,False,3.9333883755000354,-1.1708669162883556,45.72222222222222,0.5828888888888881,0.011070357230353503,fatigued,3,11
106.93333333333334,False,0.7499986372701979,-13.015315512632139,45.77777777777778,0.5831111111111105,0.01107925360348217,fatigued,3,11
106.96666666666667,False,-8.76524696589022,-8.782611372894223,45.83333333333333,0.5833333333333326,0.011106937177559548,fatigued,3,11
107.0,False,-13.027700435297595,-4.015832252063595,45.88888888888889,0.5835555555555549,0.011142779170674126,fatigued,3,11
107.03333333333333,False,6.95864625718177,-3.819815472781068,45.94444444444444,0.5837777777777771,0.011123027381067766,fatigued,3,11
107.06666666666666,False,1.9598415314818851,-2.5160190643477343,46.0,0.5839999999999994,0.011116302136967288,fatigued,3,11
107.1,False,5.127605466932141,-1.6904593205678817,46.05555555555556,0.5842222222222215,0.011112712853478646,fatigued,3,11
107.13333333333333,False,-0.44583350547839307,-2.6274508527478435,46.111111111111114,0.5844444444444438,0.01113082409298554,fatigued,3,11
107.16666666666667,False,-1.4596362667983862,-3.733963525030533,46.166666666666664,0.584666666666666,0.011142076823878428,fatigued,3,11
107.2,False,4.932802095480279,-1.3484573634692856,46.22222222222222,0.5848888888888881,0.011125026670114318,fatigued,3,11
107.23333333333333,False,3.727534148677111,-3.1257748310499958,46.27777777777778,0.5851111111111105,0.011117370180220566,fatigued,3,11
107.26666666666667,False,-3.4127163771837203,-1.2287378843178995,46.33333333333333,0.5853333333333326,0.011142938199292365,fatigued,3,11
107.3,True,-3.5211422755162527,-3.6624131977326746,46.33333333333333,0.3853333333333333,0.011154527123427058,attentive,2,12
107.33333333333333,True,-4.042629919717447,4.002725736065424,46.33333333333333,0.3853333333333333,0.011138500389269688,attentive,2,12
107.36666666666666,True,9.425297841524255,2.340515063616892,46.33333333333333,0.3853333333333333,0.011112920927578075,attentive,2,12
107.39999999999999,True,7.57124192996753,-0.5071339512045534,46.33333333333333,0.3853333333333333,0.011094568977119466,attentive,2,12
107.43333333333334,True,-1.6780323378309774,-3.245410266676596,46.33333333333333,0.3853333333333333,0.011115448813160586,attentive,2,12
107.46666666666667,True,0.43635870513822894,-8.512609181730943,46.33333333333333,0.3853333333333333,0.01112726828233096,attentive,2,12
107.5,True,-15.914937347247676,-1.9974892933178197,46.27777777777778,0.3851111111111111,0.011180310460480252,attentive,2,12
107.53333333333333,True,4.802693906810267,-9.004115747908827,46.22222222222222,0.3848888888888889,0.011175198237638741,attentive,2,12
107.56666666666666,True,-5.40333584558629,-12.102121750504192,46.166666666666664,0.3846666666666667,0.01119958167253322,attentive,2,12
107.6,True,-16.262629623725516,-13.889311274963479,46.111111111111114,0.3844444444444445,0.011261406304158849,attentive,2,12
107.63333333333333,True,-1.3351331974510585,-1.7227816006404724,46.05555555555556,0.38422222222222224,0.01126120056036479,attentive,2,12
107.66666666666667,True,-2.1910344170668075,2.2336847581271613,46.0,0.384,0.01125044244441761,attentive,2,12
107.7,True,-3.4213437054944453,-5.1129243834735645,45.94444444444444,0.3837777777777778,0.011273576520108474,attentive,2,12
107.73333333333333,True,-8.3692015588626,-7.428679800879217,45.88888888888889,0.3835555555555556,0.011296366772921599,attentive,2,12
107.76666666666667,True,-1.4763875969260534,-4.502821954229305,45.83333333333333,0.3833333333333333,0.011320087413791875,attentive,2,12
107.8,True,1.4132347784029196,-2.77513110364778,45.77777777777778,0.3831111111111111,0.011329205334718078,attentive,2,12
107.83333333333333,True,2.357819789166798,-7.412608494199089,45.72222222222222,0.3828888888888889,0.01134809842614395,attentive,2,12
107.86666666666666,True,7.485823465017029,-11.179950378823829,45.666666666666664,0.3826666666666667,0.011335876642312647,attentive,2,12
107.89999999999999,True,-5.843171297567151,-3.249036306561436,45.666666666666664,0.3826666666666667,0.011358030316536464,attentive,2,12
107.93333333333334,True,-4.451422862488688,-10.387616844934781,45.666666666666664,0.3826666666666667,0.01137589676606866,attentive,2,12
107.96666666666667,True,4.11589285081525,2.952739624558779,45.666666666666664,0.3826666666666667,0.011358332349956434,attentive,2,12
108.0,False,3.4544134282509926,-0.014533100686207945,45.72222222222222,0.3828888888888889,0.011358802043731884,attentive,2,12
108.03333333333333,False,-5.149828470861718,-9.486041347163422,45.77777777777778,0.3853333333333332,0.011387218228407346,attentive,2,12
108.06666666666666,False,-9.064730737252093,-6.3633315450591965,45.83333333333333,0.3877777777777775,0.011415823115491011,attentive,2,12
108.1,False,5.3985596336376105,-2.44959934033662,45.88888888888889,0.39022222222222186,0.01141334016148428,attentive,2,12
108.13333333333333,False,-1.0467264497969095,-8.340472246545824,45.94444444444444,0.39266666666666616,0.01143724124797026,attentive,2,12
108.16666666666667,False,-7.25582637432539,-3.002476686571228,46.0,0.3951111111111114,0.011454721171543036,attentive,2,12
108.2,False,-15.092200705273633,-10.833091374040198,46.05555555555556,0.3975555555555558,0.011502190961958016,attentive,2,12
108.23333333333333,False,-3.145052579757244,-1.6838081424603404,46.111111111111114,0.4000000000000001,0.011502494396973605,fatigued,2,12
108.26666666666667,False,-11.362429878152552,-6.037622807158933,46.166666666666664,0.40244444444444444,0.011533619752936698,fatigued,2,12
108.3,False,4.104563670713626,-6.194969773355454,46.22222222222222,0.4048888888888887,0.011511303799823312,fatigued,2,12
108.33333333333333,False,-5.289193129954465,-7.905190508215498,46.27777777777778,0.40733333333333305,0.011549860413961936,fatigued,2,12
108.36666666666666,False,-10.392645001811838,-1.4401145016719687,46.33333333333333,0.4097777777777773,0.011594020850429971,fatigued,2,12
108.39999999999999,False,-2.477516340097497,-8.077215437989082,46.38888888888889,0.4122222222222217,0.011614730850502214,fatigued,2,12
108.43333333333334,False,-0.4645406034036863,-8.42902901582676,46.44444444444444,0.4146666666666669,0.011609382594810029,fatigued,2,12
108.46666666666667,False,0.6706333555487842,-11.273663802253058,46.5,0.41711111111111127,0.011617691175312845,fatigued,2,12
108.5,False,1.67993119456545,-1.019118749684527,46.55555555555556,0.41955555555555557,0.011588253315712145,fatigued,2,12
108.53333333333333,False,-3.0392526010577043,-8.992914391596248,46.61111111111111,0.42199999999999993,0.011621905334525149,fatigued,2,12
108.56666666666666,False,-3.100522608181442,-6.2488554230763445,46.666666666666664,0.4244444444444442,0.011630585567385356,fatigued,2,12
108.6,False,-6.484004524847566,-1.5437992386987038,46.72222222222222,0.42688888888888854,0.011670034660835318,fatigued,2,12
108.63333333333333,False,-1.4508050424627137,-8.255215196469257,46.77777777777778,0.42933333333333284,0.011688053968693735,fatigued,2,12
108.66666666666667,False,0.6544022417994066,-2.0625855888949425,46.833333333333336,0.43177777777777815,0.011693011194121456,fatigued,2,12
108.7,False,-4.029854878735387,-7.091802034534929,46.88888888888889,0.43422222222222245,0.011714119861133868,fatigued,2,12
108.73333333333333,False,-6.283360219938261,-4.644443083949887,46.94444444444444,0.43666666666666676,0.011761539042353344,fatigued,2,12
108.76666666666667,False,-3.2469939390508538,-12.10958491653595,47.0,0.43911111111111106,0.011796235209235537,fatigued,2,12
108.8,True,1.9458888444905735,-6.145553899765055,47.0,0.388,0.011793607293460209,attentive,2,12
108.83333333333333,True,-3.075625509020367,-6.613228778529005,47.0,0.388,0.011827099244347668,attentive,2,12
108.86666666666666,True,-4.535391365167217,-12.446782054464324,47.0,0.388,0.011853430272196267,attentive,2,12
108.89999999999999,True,1.1017118691541845,-7.715406505406017,47.0,0.388,0.011866572564653864,attentive,2,12
108.93333333333334,True,1.4595294641806145,-8.41114973486838,47.0,0.388,0.011873828361666318,attentive,2,12
108.96666666666667,True,-0.38344436321337416,-5.551767688496277,47.0,0.388,0.011886198717911862,attentive,2,12
109.0,True,0.5723142146116917,-2.186447152836227,47.0,0.388,0.011869957267441653,attentive,2,12
109.03333333333333,True,-3.7149381614319537,-6.5070071081427745,47.0,0.388,0.011882628450103606,attentive,2,12
109.06666666666666,True,-11.46168710221036,-2.6826060820884345,47.0,0.388,0.011921323848524887,attentive,2,12
109.1,True,0.5793813287917635,1.0200117114249334,47.0,0.388,0.011925703652236077,attentive,2,12
109.13333333333333,True,1.8425622565564848,-5.74164010817749,47.0,0.388,0.0119344883338461,attentive,2,12
109.16666666666667,True,-1.357881157941791,-8.322807747824182,47.0,0.388,0.01194908096141593,attentive,2,12
109.2,True,-4.723454617448975,-5.232414882941582,47.0,0.388,0.011975114224096906,attentive,2,12
109.23333333333333,True,-11.490595775568266,0.8636563818672816,47.0,0.388,0.012003646044477899,attentive,2,12
109.26666666666667,True,0.02957821339168354,-0.5988874792463101,47.0,0.388,0.012020836879497378,attentive,2,12
109.3,True,-3.9662517336370757,-5.309740490309938,47.0,0.388,0.012053050521011403,attentive,2,12
109.33333333333333,True,-2.802246770111384,-3.068220509650012,47.0,0.388,0.012053539070186498,attentive,2,12
109.36666666666666,True,-7.184004278383068,-7.769545775025506,47.0,0.388,0.012068487046148227,attentive,2,12
109.39999999999999,True,-1.888665236700077,-6.223072080293673,47.0,0.388,0.012080580889208962,attentive,2,12
109.43333333333334,True,-5.81963682886598,-3.0266047858566774,47.0,0.388,0.012104699188498491,attentive,2,12
109.46666666666667,True,-3.4296339360060015,-5.147039132790672,47.0,0.388,0.012138348653058207,attentive,2,12
109.5,False,1.0028667507564735,-5.53742635870003,47.05555555555556,0.38822222222222225,0.012153872732122357,attentive,2,12
109.53333333333333,False,-3.7915460482835557,-4.581930523606011,47.11111111111111,0.39066666666666655,0.012153967432974415,attentive,2,12
109.56666666666666,False,-2.428325056849558,-4.128450488515213,47.16666666666667,0.3931111111111109,0.01218262200315536,attentive,2,12
109.6,False,-4.6162326994830165,-6.9329879028523695,47.22222222222222,0.39555555555555516,0.012207260498159603,attentive,2,12
109.63333333333333,False,-0.02604974246967018,-9.052872326441985,47.27777777777778,0.3979999999999995,0.012223031563543083,attentive,2,12
109.66666666666667,False,-2.349528545966577,-4.892945165254372,47.333333333333336,0.40044444444444477,0.012236717888867786,fatigued,2,12
109.7,False,-7.393494261128015,-1.5808311418033734,47.38888888888889,0.40288888888888913,0.012250005715734402,fatigued,2,12
109.73333333333333,False,2.4923259809141367,-9.914965326171918,47.44444444444444,0.4053333333333334,0.012255428996912447,fatigued,2,12
109.76666666666667,False,3.3559034705504764,-2.777572404475178,47.5,0.40777777777777774,0.01224528508351186,fatigued,2,12
109.8,False,-0.08491143465198747,-4.6582448784513915,47.55555555555556,0.41022222222222204,0.012264746112626677,fatigued,2,12
109.83333333333333,False,-5.780958176889566,-10.980983373940441,47.61111111111111,0.4126666666666664,0.012282298440996722,fatigued,2,12
109.86666666666666,False,2.112534334402917,-5.7559056435361216,47.66666666666667,0.4151111111111107,0.01229842045982956,fatigued,2,12
109.89999999999999,False,-10.882056139883375,-6.104883207276029,47.72222222222222,0.417555555555555,0.012325523978972418,fatigued,2,12
109.93333333333334,False,-1.683796209990073,-4.374983322744334,47.77777777777778,0.42000000000000026,0.012322956643701477,fatigued,2,12
109.96666666666667,False,-5.814047082212011,-1.4789863287227885,47.833333333333336,0.4224444444444446,0.01233892537225897,fatigued,2,12
110.0,False,3.9449362974390834,-9.164365053492762,47.833333333333336,0.4246666666666667,0.012336641212477198,fatigued,2,12
110.03333333333333,False,-3.8408072930394077,-4.592719907494348,47.833333333333336,0.4268888888888888,0.01235217297613643,fatigued,2,12
110.06666666666666,False,3.960105539623398,1.8725665749366405,47.833333333333336,0.4291111111111109,0.012355044710602517,fatigued,2,12
110.1,False,-1.4598785010390467,1.3543191081460346,47.833333333333336,0.431333333333333,0.012358454081958424,fatigued,2,12
110.13333333333333,False,-4.967450592682418,-6.962632993830993,47.833333333333336,0.4335555555555551,0.012390632029754682,fatigued,2,12
110.16666666666667,False,5.599464329685533,-1.2377160524427544,47.833333333333336,0.43577777777777815,0.012372413936964467,fatigued,2,12
110.2,False,-6.508662553491975,-2.832427782177836,47.833333333333336,0.4380000000000002,0.012393243065635405,fatigued,2,12
110.23333333333333,False,-2.024415469805729,-3.4871890850202014,47.833333333333336,0.4402222222222223,0.012405995860364822,fatigued,2,12
110.26666666666667,False,-8.92709892739078,-5.79754184398084,47.833333333333336,0.4424444444444444,0.012424670115045127,fatigued,2,12
110.3,True,-0.007910115305457266,-4.7550608099360465,47.77777777777778,0.39111111111111113,0.01242595287919195,attentive,2,12
110.33333333333333,True,-7.206609160187609,-10.27841201939317,47.72222222222222,0.3908888888888889,0.012468672992656468,attentive,2,12
110.36666666666666,True,4.982383344422566,0.9266425825260916,47.66666666666667,0.3906666666666667,0.01244744720961002,attentive,2,12
110.39999999999999,True,-8.166607170790575,-2.614864171333677,47.66666666666667,0.3906666666666667,0.012467493491013186,attentive,2,12
110.43333333333334,True,5.193686685151316,-11.50538242592355,47.66666666666667,0.3906666666666667,0.012466285538622035,attentive,2,12
110.46666666666667,True,-6.545845912838551,1.6042192031716889,47.66666666666667,0.3906666666666667,0.0124769788757477,attentive,2,12
110.5,True,-6.258295131666326,0.3973573904954657,47.66666666666667,0.3906666666666667,0.012492139770868587,attentive,2,12
110.53333333333333,True,5.788184826799615,-13.588768055355803,47.66666666666667,0.3906666666666667,0.012499626688441894,attentive,2,12
110.56666666666666,True,-3.50705505916238,-8.216088207883942,47.66666666666667,0.3906666666666667,0.012525818849005707,attentive,2,12
110.6,True,-2.8470672408107762,-4.852131919896876,47.66666666666667,0.3906666666666667,0.012539509943918099,attentive,2,12
110.63333333333333,True,2.668460717323266,-1.9835614924098945,47.66666666666667,0.3906666666666667,0.012527612003407936,attentive,2,12
110.66666666666667,True,-1.2860747749839265,-4.565808233642307,47.66666666666667,0.3906666666666667,0.012545348357513735,attentive,2,12
110.7,True,3.357263778065124,-15.701279384315523,47.66666666666667,0.3906666666666667,0.01278748372201165,attentive,2,12
110.73333333333333,True,-4.409136702771761,-5.6133238627233,47.66666666666667,0.3906666666666667,0.012807615672358007,attentive,2,12
110.76666666666667,True,9.68136266017689,-7.947316986235453,47.66666666666667,0.3906666666666667,0.012808364373762128,attentive,2,12
110.8,True,4.023332063819401,0.1333483767365644,47.66666666666667,0.3906666666666667,0.012790076385077247,attentive,2,12
110.83333333333333,True,-6.843448220709894,-5.51046460732697,47.66666666666667,0.3906666666666667,0.012823438319526238,attentive,2,12
110.86666666666666,True,5.518253306253712,-2.021140920254621,47.66666666666667,0.3906666666666667,0.012816505779494482,attentive,2,12
110.89999999999999,True,-6.178879603967822,-2.248649707000007,47.66666666666667,0.3906666666666667,0.012827136339463653,attentive,2,12
110.93333333333334,True,-0.19974665252875212,-0.559762637400083,47.66666666666667,0.3906666666666667,0.012828088595554501,attentive,2,12
110.96666666666667,True,-9.855617063325843,-5.821357799796542,47.66666666666667,0.3906666666666667,0.012871094664207366,attentive,2,12
111.0,False,-0.7582208964725733,-6.227215358013067,47.72222222222222,0.3908888888888889,0.012887614964341303,attentive,2,12
111.03333333333333,False,-3.049856501887293,-10.375190071636238,47.77777777777778,0.3933333333333332,0.012900258992962085,attentive,2,12
111.06666666666666,False,-10.17216615486573,-5.144454070195804,47.833333333333336,0.39577777777777756,0.012929965443733357,attentive,2,12
111.1,False,-0.8484391258051737,-7.099989586770276,47.888888888888886,0.3982222222222218,0.01292789096283682,attentive,2,12
111.13333333333333,False,2.2975333749669122,-5.897503299909934,47.94444444444444,0.40066666666666617,0.012926785448931517,fatigued,2,12
111.16666666666667,False,-1.3909320266287792,-7.374808557259671,48.0,0.4031111111111114,0.012948488041958254,fatigued,2,12
111.2,False,5.376749336177948,-4.71275818447977,48.05555555555556,0.4055555555555558,0.012938066883278651,fatigued,2,12
111.23333333333333,False,-1.9196318331579716,-7.166723990626003,48.11111111111111,0.40800000000000003,0.012954161729632659,fatigued,2,12
111.26666666666667,False,-6.223087161572038,-11.26647705415667,48.16666666666667,0.41044444444444445,0.012973209087359813,fatigued,2,12
111.3,False,4.06039886983472,-2.8372046553873083,48.22222222222222,0.4128888888888887,0.012955985880551827,fatigued,2,12
111.33333333333333,False,-4.768320816373473,-4.674383828519847,48.27777777777777,0.415333333333333,0.012970000133277197,fatigued,2,12
111.36666666666666,False,3.8918566551111686,-6.550479468266524,48.333333333333336,0.41777777777777736,0.012959884839987917,fatigued,2,12
111.39999999999999,False,4.349952381973996,-4.613934509353958,48.388888888888886,0.42022222222222166,0.012958386417560551,fatigued,2,12
111.43333333333334,False,0.9062202386375524,-7.797777574557351,48.44444444444444,0.4226666666666669,0.012975938243051682,fatigued,2,12
111.46666666666667,False,2.39424099800568,-2.984411566946674,48.5,0.4251111111111113,0.01297715327492865,fatigued,2,12
111.5,False,-9.865040084855199,-3.4013924820767887,48.55555555555556,0.4275555555555556,0.013004593484764824,fatigued,2,12
111.53333333333333,False,-4.776516432282634,-3.6770811588093633,48.61111111111111,0.4299999999999999,0.013016249548385136,fatigued,2,12
111.56666666666666,False,1.5697454550682834,-7.982817228264185,48.66666666666667,0.43244444444444424,0.013015525669108647,fatigued,2,12
111.6,False,-6.310906754646549,-7.712052300313507,48.72222222222222,0.43488888888888855,0.013037223592353282,fatigued,2,12
111.63333333333333,False,-5.628721953982764,-2.33154896763006,48.77777777777778,0.43733333333333285,0.013062340726927423,fatigued,2,12
111.66666666666667,False,-3.4269681946975137,-10.1391387045934,48.833333333333336,0.43977777777777816,0.013088768369834441,fatigued,2,12
111.7,False,-3.5828523232555036,0.7637301473399098,48.888888888888886,0.4422222222222224,0.013106406238790051,fatigued,2,12
111.73333333333333,False,3.4599670288383177,-8.057901688414496,48.94444444444444,0.44466666666666677,0.013120395189807385,fatigued,2,12
111.76666666666667,False,0.6156112230488289,-4.627236382560403,49.0,0.44711111111111107,0.013128242205954228,fatigued,2,12
111.8,True,-3.3447759644909105,-1.7276178724293154,49.0,0.396,0.013144717285455618,attentive,2,12
111.83333333333333,True,-2.1274431910376235,-15.594687964603466,49.0,0.396,0.0133946124538831,attentive,2,12
111.86666666666666,True,-7.187059723879074,-8.566886118760655,49.0,0.396,0.0134295282365986,attentive,2,12
111.89999999999999,True,-10.852146508571314,-6.580449285939448,49.0,0.396,0.013465488330725073,attentive,2,12
111.93333333333334,True,-1.600151857581298,5.389312041970499,49.0,0.396,0.013462985030276202,attentive,2,12
111.96666666666667,True,8.221527314487496,-10.279707069664529,49.0,0.396,0.013457945291396602,attentive,2,12
112.0,False,-2.1303671407641804,-10.72310071291992,49.05555555555556,0.39622222222222225,0.01347635073831338,attentive,2,12
112.03333333333333,False,-5.315016056151293,-4.892704766761556,49.111111111111114,0.39866666666666656,0.01349593833703264,attentive,2,12
112.06666666666666,False,-12.359142265764415,3.2592782743963555,49.166666666666664,0.40111111111111086,0.013529215373566635,fatigued,2,12
112.1,False,8.148881394134902,-9.139551358039668,49.22222222222222,0.40355555555555517,0.013527465883740925,fatigued,2,12
112.13333333333333,False,-0.4613577381252151,-1.1324364256455457,49.27777777777778,0.40599999999999953,0.01354172305025096,fatigued,2,12
112.16666666666667,False,-2.341908818157584,-7.681982821661972,49.333333333333336,0.4084444444444448,0.013541772477634642,fatigued,2,12
112.2,False,-1.2093338160334426,-2.8681830838446065,49.388888888888886,0.4108888888888891,0.013538097025075775,fatigued,2,12
112.23333333333333,False,-5.2991262548033555,-5.554044644826677,49.44444444444444,0.4133333333333334,0.013554486148053076,fatigued,2,12
112.26666666666667,False,-1.470410154963783,-4.632338074024781,49.5,0.41577777777777775,0.01356010399312072,fatigued,2,12
112.3,False,5.366462046892391,-6.534028478836303,49.55555555555556,0.41822222222222205,0.013562134384990142,fatigued,2,13
112.33333333333333,False,-4.5145817829006845,-3.511296845042163,49.611111111111114,0.4206666666666664,0.013581249024127226,fatigued,2,13
112.36666666666666,False,-1.0874140182234238,-11.170753987216177,49.666666666666664,0.42311111111111066,0.013584345211788492,fatigued,2,13
112.39999999999999,False,-3.3563093417703675,-2.1939366072545448,49.72222222222222,0.425555555555555,0.013589967456971705,fatigued,2,13
112.43333333333334,False,3.0470348450947746,-12.721293200838264,49.77777777777778,0.42800000000000027,0.013612743463774795,fatigued,2,13
112.46666666666667,False,-5.865331415831005,-1.7061533019715989,49.833333333333336,0.43044444444444463,0.01361730297404124,fatigued,2,13
112.5,False,-3.7673712610936043,-4.374583806006165,49.833333333333336,0.4326666666666667,0.013621150467328423,fatigued,2,13
112.53333333333333,False,0.9876591459887301,-3.715025306286631,49.833333333333336,0.4348888888888888,0.013617456429395929,fatigued,2,13
112.56666666666666,False,4.9256890476229245,-5.023373380881058,49.833333333333336,0.4371111111111109,0.013612507903863803,fatigued,2,13
112.6,False,2.860249863350628,-3.4146570826295495,49.833333333333336,0.439333333333333,0.013607285799067543,fatigued,2,13
112.63333333333333,False,12.43589969136182,-5.879470285313353,49.833333333333336,0.4415555555555551,0.013586314302886848,fatigued,2,13
112.66666666666667,False,-1.0859432499903303,-6.955047464914446,49.833333333333336,0.44377777777777816,0.013619523977784917,fatigued,2,13
112.7,False,-1.558956697091943,0.6111727667828433,49.833333333333336,0.44600000000000023,0.013622810267121198,fatigued,2,13
112.73333333333333,False,3.662779279713833,-12.754089119350194,49.833333333333336,0.4482222222222223,0.013624360964214577,fatigued,2,13
112.76666666666667,False,1.3131950696570567,3.002842230745478,49.833333333333336,0.4504444444444444,0.013613655816437446,fatigued,2,13
112.8,False,-9.200096823683042,-7.448959214200256,49.833333333333336,0.45266666666666655,0.013644517635419462,fatigued,2,13
112.83333333333333,False,1.9679675880327803,-5.450041519015241,49.833333333333336,0.4548888888888886,0.013654925136699391,fatigued,2,13
112.86666666666666,False,-4.4518422518323995,-0.910974971524042,49.833333333333336,0.4571111111111107,0.01367711445346286,fatigued,2,13
112.89999999999999,False,-1.7363825677795828,-1.1660399868057603,49.888888888888886,0.459555555555555,0.01368032661793329,fatigued,2,13
112.93333333333334,False,-2.8981910961306374,-13.328927288579266,49.94444444444445,0.4620000000000003,0.013704668798361705,fatigued,2,13
112.96666666666667,False,6.55594362648204,1.4307810281822935,50.0,0.4644444444444446,0.013679788943124103,fatigued,2,13
113.0,False,3.90406050300619,-9.18461654566606,50.05555555555555,0.4668888888888889,0.013683999100783663,fatigued,2,13
113.03333333333333,False,-2.0858790454496954,-0.9027400631844706,50.11111111111111,0.4693333333333332,0.013687074803062476,fatigued,2,13
113.06666666666666,False,-3.570831268400039,-3.515369665374304,50.16666666666667,0.4717777777777776,0.013705001650575643,fatigued,2,13
113.1,False,-3.8653530523901747,-5.272586451535067,50.22222222222222,0.4742222222222219,0.013723882108998489,fatigued,2,13
113.13333333333333,False,-1.5332864473617513,-7.822740166231404,50.27777777777778,0.4766666666666662,0.013727629053985653,fatigued,2,13
113.16666666666667,False,-6.0101217660925474,-5.7653272808555975,50.33333333333333,0.47911111111111143,0.01373903609101582,fatigued,2,13
113.2,False,1.4820104340696865,-5.5279729185454975,50.38888888888889,0.4815555555555558,0.01374229844669624,fatigued,2,13
113.23333333333333,False,0.46558961294224677,-2.7395668722070408,50.44444444444445,0.4840000000000001,0.013754062624030056,fatigued,2,13
113.26666666666667,False,-4.055128347861826,-6.541100067315051,50.5,0.4864444444444444,0.013768015181662556,fatigued,2,13
113.3,False,-4.569076664637879,-3.0684146052190284,50.55555555555556,0.48888888888888876,0.013773273561187073,fatigued,2,13
113.33333333333333,False,-6.883933106389922,-8.102613020638792,50.61111111111111,0.491333333333333,0.013800614212876162,fatigued,2,13
113.36666666666666,False,5.623475945589652,-3.599548221894863,50.66666666666667,0.4937777777777774,0.01377998006336973,fatigued,2,13
113.39999999999999,False,1.9688317045057016,-2.8016937225023986,50.72222222222222,0.4962222222222217,0.013759172893491305,fatigued,2,13
113.43333333333334,False,-2.53485049069221,-4.275541375179394,50.77777777777778,0.4986666666666669,0.013765264937010576,fatigued,2,13
113.46666666666667,False,-11.92732149592444,-9.876144595286112,50.83333333333333,0.5011111111111113,0.013795654858820368,fatigued,2,13
113.5,False,-0.17678356218244673,-5.9267177103512285,50.888888888888886,0.5035555555555555,0.013817549904866116,fatigued,2,13
113.53333333333333,False,1.4805906477931197,-8.106653653407113,50.94444444444445,0.5059999999999999,0.013831355997267366,fatigued,2,13
113.56666666666666,False,-7.060268907671973,-6.624487774265925,51.0,0.5084444444444443,0.013846994023326875,fatigued,2,13
113.6,False,-3.5727690640830634,-2.9195101693786314,51.05555555555556,0.5108888888888885,0.013847926731477781,fatigued,2,13
113.63333333333333,False,0.5820435286842152,-9.74186476308684,51.11111111111111,0.5133333333333329,0.013861645976907895,fatigued,2,13
113.66666666666667,False,-2.3827765467501876,-6.901857854317351,51.16666666666667,0.5157777777777781,0.013864710120789554,fatigued,2,13
113.7,False,-2.678494479973422,-3.6740897841925824,51.22222222222222,0.5182222222222225,0.01386574723490582,fatigued,2,13
113.73333333333333,False,5.370568065139011,-6.459874211335313,51.27777777777778,0.5206666666666667,0.013849569939397953,fatigued,2,13
113.76666666666667,False,-1.1913125803590277,-2.1504024241613013,51.33333333333333,0.5231111111111111,0.01385913786091064,fatigued,2,13
113.8,False,-8.299359611355095,-8.422927263054294,51.388888888888886,0.5255555555555553,0.01390087460998216,fatigued,2,13
113.83333333333333,False,9.591301765998699,-4.633224626510186,51.44444444444445,0.5279999999999997,0.013878276957663579,fatigued,2,13
113.86666666666666,False,3.0273690588361677,-7.320388411159129,51.5,0.530444444444444,0.013885839228595178,fatigued,2,13
113.89999999999999,False,-0.8019834039038165,1.3218848474887235,51.55555555555556,0.5328888888888884,0.013889038495881368,fatigued,2,13
113.93333333333334,False,-5.780249479608082,-4.175799349358904,51.61111111111111,0.5353333333333335,0.013905390632485403,fatigued,2,13
113.96666666666667,False,2.4496451973883056,-7.511897753184505,51.66666666666667,0.537777777777778,0.0139095972946354,fatigued,2,13
114.0,False,2.606074987248573,-1.049466743687585,51.72222222222223,0.5402222222222223,0.013905108117015147,fatigued,2,13
114.03333333333333,False,-6.91441904525166,-7.289526399674876,51.77777777777778,0.5426666666666666,0.013942846364203582,fatigued,3,14
114.06666666666666,False,-6.469743214442191,-6.064954458622872,51.83333333333333,0.5451111111111109,0.01397175802360134,fatigued,3,14
114.1,False,0.5789500408097057,-1.6500993380040083,51.888888888888886,0.5475555555555551,0.013979453514106793,fatigued,3,14
114.13333333333333,False,-7.161853060236665,2.246218540323973,51.94444444444445,0.5499999999999995,0.013983169763521599,fatigued,3,14
114.16666666666667,False,-6.674954650129182,2.375948370456496,52.0,0.5524444444444447,0.013989210197228997,fatigued,3,14
114.2,False,-0.4808490096127932,-6.481493545736716,52.05555555555556,0.5548888888888891,0.01399605297104602,fatigued,3,14
114.23333333333333,False,-3.5900601902848854,-2.7817228958691604,52.11111111111111,0.5573333333333335,0.013998106774749287,fatigued,3,14
114.26666666666667,False,8.115420145061018,-9.724648143123831,52.166666666666664,0.5597777777777777,0.01398190818295795,fatigued,3,14
114.3,False,-1.6346737036287045,1.0928622181588912,52.22222222222223,0.5622222222222221,0.013989063712240377,fatigued,3,14
114.33333333333333,False,-5.191222675345528,-5.683512072608649,52.27777777777778,0.5646666666666664,0.014017687716690997,fatigued,3,14
114.36666666666666,False,-5.963904077676762,-7.662056696469614,52.33333333333333,0.5671111111111107,0.014035362322134644,fatigued,3,14
114.39999999999999,False,-1.7352891988123367,-6.088959649067987,52.388888888888886,0.569555555555555,0.014042331685519844,fatigued,3,14
114.43333333333334,False,-10.385990806636931,-7.798246928514716,52.44444444444445,0.5720000000000003,0.014080869692046348,fatigued,3,14
114.46666666666667,False,0.7758489662626402,-13.302634466162015,52.5,0.5744444444444446,0.01409087718474847,fatigued,3,14
114.5,False,0.7852176411770186,-4.4167861297607045,52.55555555555556,0.576888888888889,0.014098253116454617,fatigued,3,14
114.53333333333333,False,-3.7305213751591566,-12.197242424613043,52.61111111111111,0.5793333333333333,0.014116271450831126,fatigued,3,14
114.56666666666666,False,6.54915428219185,-7.156418738454116,52.666666666666664,0.5817777777777775,0.01410673336596413,fatigued,3,14
114.6,False,-3.718708228682079,-1.5030021505984528,52.72222222222223,0.5842222222222219,0.01412128772705422,fatigued,3,14
114.63333333333333,False,-2.8218574957301534,-1.3062906522552442,52.77777777777778,0.5866666666666662,0.014127017969597276,fatigued,3,14
114.66666666666667,False,-0.8227160867562034,-7.3780396251501585,52.83333333333333,0.5891111111111115,0.014151806544330483,fatigued,3,14
114.7,False,-0.195267835972737,-9.51527890596575,52.888888888888886,0.5915555555555557,0.014153657787148085,fatigued,3,14
114.73333333333333,False,-11.205979976172546,-7.483423344173746,52.94444444444445,0.5940000000000001,0.014176405854763487,fatigued,3,14
114.76666666666667,False,-4.416733474183941,-2.8050287563744685,53.0,0.5964444444444444,0.014188343808365117,fatigued,3,14
114.8,False,6.771827118915497,-0.3067001947706851,53.05555555555556,0.5988888888888888,0.014168626518281041,fatigued,3,14
114.83333333333333,False,-7.708305589016279,-5.6806296153058575,53.11111111111111,0.601333333333333,0.014188091713429926,fatigued,3,14
114.86666666666666,False,5.481869621916771,-4.498657097391014,53.166666666666664,0.6037777777777773,0.014177596529107704,fatigued,3,14
114.89999999999999,False,3.6483651257806837,-8.304174072076691,53.22222222222223,0.6062222222222217,0.014169402518717154,fatigued,3,14
114.93333333333334,False,-0.8263070431710284,-1.4083122711171243,53.27777777777778,0.6086666666666669,0.014180498902322012,fatigued,3,14
114.96666666666667,False,-4.520976021768986,3.269709934843135,53.333333333333336,0.6111111111111113,0.014184871843707076,fatigued,3,14
115.0,True,-3.899401572459195,-3.0471463918097648,53.27777777777778,0.41311111111111115,0.014200009803739937,fatigued,3,14
115.03333333333333,True,7.1170270273122185,-4.5645073855260545,53.22222222222223,0.4128888888888889,0.01417475168509834,fatigued,3,14
115.06666666666666,True,-1.03663023087868,-11.774965188053331,53.166666666666664,0.4126666666666667,0.014173985652293821,fatigued,3,14
115.1,True,-0.7598455390111092,-1.6916373766131674,53.11111111111111,0.41244444444444445,0.01417413328541188,fatigued,3,14
115.13333333333333,True,-2.9237579135942147,-8.637236099777654,53.05555555555556,0.41222222222222227,0.014191980831884755,fatigued,3,14
115.16666666666667,True,-0.8797180023528933,0.14187581880902922,53.0,0.41200000000000003,0.014202526810745674,fatigued,3,14
115.2,True,1.8428102464187002,-6.916328442865858,52.94444444444445,0.4117777777777778,0.014206549431248633,fatigued,3,14
115.23333333333333,True,-3.20723802130346,-4.0113128884747296,52.888888888888886,0.41155555555555556,0.014218446561121157,fatigued,3,14
115.26666666666667,True,2.4303555059831075,-10.729201168927501,52.83333333333333,0.41133333333333333,0.014223257095445039,fatigued,3,14
115.3,True,4.828205503661739,-11.525939121478192,52.77777777777778,0.41111111111111115,0.014230350170551414,fatigued,3,14
115.33333333333333,True,1.6440266000624246,-4.419236111523564,52.72222222222223,0.4108888888888889,0.014233737286308498,fatigued,3,14
115.36666666666666,True,1.5280113836584883,-8.974017055602745,52.666666666666664,0.4106666666666667,0.014251355722195708,fatigued,3,14
115.39999999999999,True,0.9965865175846185,-3.3531758589154586,52.666666666666664,0.4106666666666667,0.014257328434364254,fatigued,3,14
115.43333333333334,True,9.88377724408365,-10.105688569124757,52.666666666666664,0.4106666666666667,0.01425322142585743,fatigued,3,14
115.46666666666667,True,3.679995506962677,1.6738954262431855,52.666666666666664,0.4106666666666667,0.0142421536105412,fatigued,3,14
115.5,False,-4.041319028852813,-2.3522299871540526,52.72222222222223,0.4108888888888889,0.01425035687472878,fatigued,3,14
115.53333333333333,False,-5.901921458772519,-11.030325450867796,52.77777777777778,0.4133333333333332,0.014284869697185646,fatigued,3,14
115.56666666666666,False,-9.467644904863105,-8.920051266935833,52.83333333333333,0.4157777777777775,0.014311576071691784,fatigued,3,14
115.6,False,6.830865874536201,-1.9384788918768496,52.888888888888886,0.41822222222222183,0.014276117586151313,fatigued,3,14
115.63333333333333,False,-1.5230681570217537,-3.822725367731066,52.94444444444445,0.4206666666666662,0.014298758107326028,fatigued,3,14
115.66666666666667,False,8.013912536108142,-6.252883318964997,53.0,0.42311111111111144,0.014289185211172424,fatigued,3,14
115.7,False,-4.610922014218895,-3.8409218095997737,53.05555555555556,0.4255555555555558,0.01431179368615851,fatigued,3,14
115.73333333333333,False,-1.7407628099472667,-7.22361659060526,53.11111111111111,0.42800000000000005,0.014334727630812135,fatigued,3,14
115.76666666666667,False,-0.75452327873121,-3.7638462895630562,53.166666666666664,0.4304444444444444,0.01435045207604807,fatigued,3,14
115.8,False,5.233853647704864,-7.395994355013759,53.22222222222223,0.4328888888888887,0.014349457026945686,fatigued,3,14
115.83333333333333,False,-6.002897784079811,-0.17454147657492403,53.27777777777778,0.4353333333333331,0.014368633248319333,fatigued,3,14
115.86666666666666,False,-4.739452394928561,-2.074203322296758,53.333333333333336,0.4377777777777773,0.014381812678187578,fatigued,3,14
115.89999999999999,False,-1.6175393425715308,-1.065575051586399,53.388888888888886,0.4402222222222217,0.014375837072325112,fatigued,3,14
115.93333333333334,False,-10.175092714434749,-2.7694819957521744,53.44444444444445,0.44266666666666693,0.014396559143244558,fatigued,3,14
115.96666666666667,False,3.4183644895322263,-6.11760916591309,53.5,0.4451111111111113,0.014401135558177567,fatigued,3,14
116.0,False,-4.112715482448279,-0.5645290600756621,53.55555555555556,0.4475555555555556,0.014418729651875739,fatigued,3,14
116.03333333333333,False,11.122214010169467,-6.892778093499932,53.61111111111111,0.4499999999999999,0.014416375417467753,fatigued,3,14
116.06666666666666,False,-0.41502784010628546,-6.124099377871633,53.666666666666664,0.4524444444444442,0.014427841880705271,fatigued,3,14
116.1,False,2.6604531128840057,-2.486843800751106,53.72222222222223,0.45488888888888857,0.01441881091881345,fatigued,3,14
116.13333333333333,False,2.3554518687262607,-5.416866868058107,53.77777777777778,0.45733333333333287,0.01440562531343549,fatigued,3,14
116.16666666666667,False,3.476163842301804,0.6251677053928715,53.833333333333336,0.45977777777777806,0.014405885120636187,fatigued,3,14
116.2,False,-7.7219766443115,-5.3439016927382905,53.888888888888886,0.4622222222222224,0.0144197151071185,fatigued,3,14
116.23333333333333,False,3.6947872153857366,-8.278148196281533,53.94444444444444,0.4646666666666668,0.014401428930675838,fatigued,3,14
116.26666666666667,False,-11.522047997294186,-3.715546714268373,54.0,0.4671111111111111,0.014441939334129437,fatigued,3,14
116.3,True,-3.2362121909131067,2.6323758339016283,54.0,0.41600000000000004,0.014466050089656837,fatigued,3,14
116.33333333333333,True,1.4467647446262446,-1.5163327824036088,54.0,0.41600000000000004,0.014456067708212122,fatigued,3,14
116.36666666666666,True,-3.9760216707461096,-3.6852867039351462,54.0,0.41600000000000004,0.014469086254042399,fatigued,3,14
116.39999999999999,True,-6.125895006819857,-2.9348395826594325,54.0,0.41600000000000004,0.014479841715579178,fatigued,3,14
116.43333333333334,True,-4.31091944000234,5.552298550545321,54.0,0.41600000000000004,0.014491343878157271,fatigued,3,14
116.46666666666667,True,-3.1705329184543833,-9.597894821611312,54.0,0.41600000000000004,0.014511023237633763,fatigued,3,14
116.5,True,2.211286362294239,-3.228357259075045,54.0,0.41600000000000004,0.014505773284720984,fatigued,3,14
116.53333333333333,True,-4.052189697204119,-7.445110198830147,54.0,0.41600000000000004,0.014536689052514215,fatigued,3,14
116.56666666666666,True,-4.005092534777049,-3.6276407523008904,54.0,0.41600000000000004,0.014548097218922982,fatigued,3,14
116.6,True,2.872268047920374,-6.850937038157374,54.0,0.41600000000000004,0.01454280239753838,fatigued,3,14
116.63333333333333,True,-6.173435135008614,3.9892788643294264,54.0,0.41600000000000004,0.014562675443397713,fatigued,3,14
116.66666666666667,True,0.5191673615438607,-8.59335076347265,54.0,0.41600000000000004,0.01458176726084991,fatigued,3,14
116.7,True,0.1253736313919529,-0.030633630330871853,54.0,0.41600000000000004,0.01458323952254892,fatigued,3,14
116.73333333333333,True,-6.0934337985976645,-8.393065028145497,54.0,0.41600000000000004,0.014606489361058987,fatigued,3,14
116.76666666666667,True,8.209294411204473,-1.9746371405024425,54.0,0.41600000000000004,0.01458850657693546,fatigued,3,14
116.8,True,-2.879553052435308,-1.942171279877726,54.0,0.41600000000000004,0.014607677167327958,fatigued,3,14
116.83333333333333,True,-7.955529060989316,-10.275219041459135,54.0,0.41600000000000004,0.014626950520509921,fatigued,3,14
116.86666666666666,True,2.380136307689435,-2.543368417408201,54.0,0.41600000000000004,0.014619594628481976,fatigued,3,14
116.89999999999999,True,0.44167429895017385,-0.8547667785547155,54.0,0.41600000000000004,0.014621302112395476,fatigued,3,14
116.93333333333334,True,2.1147683355204445,-4.246326327996057,54.0,0.41600000000000004,0.014617778889421344,fatigued,3,14
116.96666666666667,True,2.670969545921325,-5.413898433868829,54.0,0.41600000000000004,0.014614686463906536,fatigued,3,14
117.0,False,7.3445942904767785,-1.665261028907882,54.05555555555556,0.41622222222222227,0.014588882046664033,fatigued,3,14
117.03333333333333,False,-4.544777888022297,-3.5248338376625554,54.11111111111111,0.4186666666666665,0.014603641248676856,fatigued,3,14
117.06666666666666,False,2.9945909985467067,0.6007158379031088,54.166666666666664,0.4211111111111109,0.0145879019763128,fatigued,3,14
117.1,False,-5.784109009574117,-3.9219467769321654,54.22222222222223,0.4235555555555552,0.014614256362211414,fatigued,3,14
117.13333333333333,False,-6.531437565928885,-4.692796976379779,54.27777777777778,0.42599999999999955,0.01462792006105606,fatigued,3,14
117.16666666666667,False,-0.9431138988995866,-4.091080537337394,54.333333333333336,0.42844444444444474,0.01463880967063337,fatigued,3,14
117.2,False,3.761596324385386,-3.0959707118897635,54.388888888888886,0.4308888888888891,0.014618743489662222,fatigued,3,14
117.23333333333333,False,-4.738231640183296,-11.111842259176347,54.44444444444444,0.4333333333333334,0.01463705536591225,fatigued,3,14
117.26666666666667,False,-2.9890835678921004,-8.761335561389762,54.50000000000001,0.43577777777777776,0.014649608115949857,fatigued,3,14
117.3,False,1.6356841165919827,5.221809100726308,54.55555555555556,0.43822222222222207,0.01462661986783775,fatigued,2,15
117.33333333333333,False,-1.7759234711378533,-1.4785353018912737,54.61111111111111,0.4406666666666664,0.014625220423904649,fatigued,2,15
117.36666666666666,False,3.752322426326387,-4.6997165792815565,54.666666666666664,0.4431111111111107,0.014614544267845772,fatigued,2,15
117.39999999999999,False,-9.792314207185878,-6.231272557497819,54.72222222222223,0.44555555555555504,0.014648604814013455,fatigued,2,15
117.43333333333334,False,1.7849617007033372,1.812896522747491,54.77777777777778,0.4480000000000003,0.01465841362229363,fatigued,2,15
117.46666666666667,False,-0.04566796210483448,-5.723110996027022,54.833333333333336,0.4504444444444446,0.014675164396586246,fatigued,2,15
117.5,False,-6.975072008112219,0.15920343418710647,54.833333333333336,0.45266666666666666,0.014692070392378897,fatigued,2,15
117.53333333333333,False,-3.1467141125287856,-3.7747420821969193,54.833333333333336,0.4548888888888888,0.014684150224485592,fatigued,2,15
117.56666666666666,False,6.1384532650934105,-7.3208970761091035,54.833333333333336,0.45711111111111086,0.014693176233659662,fatigued,2,15
117.6,False,0.22369052012596546,-3.8797730345973123,54.833333333333336,0.4593333333333329,0.014707570637822279,fatigued,2,15
117.63333333333333,False,-3.3728721216409596,-7.5143234217272745,54.833333333333336,0.46155555555555505,0.014729176757723084,fatigued,2,15
117.66666666666667,False,2.4522245492925645,-9.502644890681006,54.833333333333336,0.46377777777777807,0.014727163057382038,fatigued,2,15
117.7,False,-1.5226035227401926,-3.9507657439632338,54.833333333333336,0.4660000000000002,0.01472863190795959,fatigued,2,15
117.73333333333333,False,-4.676567084109541,-9.28520580229471,54.833333333333336,0.4682222222222223,0.014741011094689317,fatigued,2,15
117.76666666666667,False,3.0884376680096866,-3.213360175640933,54.833333333333336,0.4704444444444444,0.014736036739096752,fatigued,2,15
117.8,True,-10.245470110819777,-7.484227127452026,54.77777777777778,0.41911111111111116,0.014776744486634888,fatigued,2,15
117.83333333333333,True,0.22427899435010512,-0.5550443632966484,54.72222222222223,0.4188888888888889,0.01476372301198877,fatigued,2,15
117.86666666666666,True,-4.650119579970616,-8.186829111825816,54.666666666666664,0.4186666666666667,0.014787170085377145,fatigued,2,15
117.89999999999999,True,-8.273132550821574,-6.399522669692246,54.666666666666664,0.4186666666666667,0.014814484288317394,fatigued,2,15
117.93333333333334,True,0.9004005472067177,-2.4210158827519646,54.666666666666664,0.4186666666666667,0.014798677458213389,fatigued,2,15
117.96666666666667,True,2.6506483447906914,-8.45801443324041,54.666666666666664,0.4186666666666667,0.014784946428804636,fatigued,2,15
118.0,True,-5.050802893700709,-7.49993979521882,54.666666666666664,0.4186666666666667,0.014805186660241733,fatigued,2,15
118.03333333333333,True,-0.8724317444668206,-2.921348308703565,54.666666666666664,0.4186666666666667,0.014805735395001914,fatigued,2,15
118.06666666666666,True,-2.914359634799958,-9.26971531210418,54.666666666666664,0.4186666666666667,0.014816963110252478,fatigued,2,15
118.1,True,0.24922337768093494,0.17635256568358137,54.666666666666664,0.4186666666666667,0.014812347626679248,fatigued,2,15
118.13333333333333,True,-8.423502744132291,-2.908753709682815,54.666666666666664,0.4186666666666667,0.014823368865908022,fatigued,2,15
118.16666666666667,True,4.582487341782449,-5.300272036505946,54.666666666666664,0.4186666666666667,0.014819065392132699,fatigued,2,15
118.2,True,-2.1534007166603453,-1.7394838106381858,54.666666666666664,0.4186666666666667,0.014826747762561893,fatigued,2,15
118.23333333333333,True,-0.9000386182239556,-6.605972364892082,54.666666666666664,0.4186666666666667,0.01482174913752649,fatigued,2,15
118.26666666666667,True,-5.382098028052351,3.104748852289834,54.666666666666664,0.4186666666666667,0.01482982954824912,fatigued,2,15
118.3,True,-0.7920632980271606,-10.217482767768843,54.666666666666664,0.4186666666666667,0.014827908533932746,fatigued,2,15
118.33333333333333,True,-7.367282881978765,-0.18397529327761752,54.666666666666664,0.4186666666666667,0.014853764450834693,fatigued,2,15
118.36666666666666,True,2.7739547422194275,-6.453290896168552,54.666666666666664,0.4186666666666667,0.01485745896635992,fatigued,2,15
118.39999999999999,True,0.38179614479106927,-9.651520122546273,54.666666666666664,0.4186666666666667,0.014870521238715047,fatigued,2,15
118.43333333333334,True,-5.630462078329343,-7.759541355686386,54.666666666666664,0.4186666666666667,0.01488943508492742,fatigued,2,15
118.46666666666667,True,-0.8578670615660899,-2.8444766176801655,54.666666666666664,0.4186666666666667,0.014872784186213848,fatigued,2,15
118.5,False,2.9427665662764886,-6.095326121674459,54.72222222222223,0.4188888888888889,0.01485900723590554,fatigued,2,15
118.53333333333333,False,-0.6204536987492975,-6.199275636343825,54.77777777777778,0.4213333333333332,0.014883272917795867,fatigued,2,15
118.56666666666666,False,-5.31486831897435,-2.276109100722987,54.833333333333336,0.42377777777777753,0.014899111399276238,fatigued,2,15
118.6,False,4.996020425748897,-14.858496321758691,54.888888888888886,0.42622222222222184,0.014905121425716074,fatigued,2,15
118.63333333333333,False,-5.386366228958658,-2.7385036780294247,54.94444444444444,0.4286666666666662,0.014928903144835573,fatigued,2,15
118.66666666666667,False,0.40148585309209317,-4.148498299835291,55.00000000000001,0.43111111111111144,0.014937383110322555,fatigued,2,15
118.7,False,2.979401732909512,-5.281228536167552,55.05555555555556,0.4335555555555558,0.014937730840624237,fatigued,2,15
118.73333333333333,False,-10.046646000648167,-2.9567034855460714,55.111111111111114,0.43600000000000005,0.014960744770404774,fatigued,2,15
118.76666666666667,False,9.355392665713929,-3.51051703423812,55.166666666666664,0.4384444444444444,0.014942880324081429,fatigued,2,15
118.8,False,-7.200242377097689,-4.568448088361672,55.222222222222214,0.44088888888888866,0.014952458554575132,fatigued,2,15
118.83333333333333,False,-10.35953118756836,-8.429145255109377,55.27777777777778,0.4433333333333331,0.014995113094586182,fatigued,2,15
118.86666666666666,False,9.000413626253675,-6.537781945082817,55.333333333333336,0.44577777777777733,0.014967427020786232,fatigued,2,15
118.89999999999999,False,0.8937203760712368,3.688105066272784,55.388888888888886,0.4482222222222217,0.014967813880389726,fatigued,2,15
118.93333333333334,False,-4.341480450081776,-0.5489216903532119,55.44444444444444,0.45066666666666694,0.015006555579574676,fatigued,2,15
118.96666666666667,False,6.01427533304853,-3.091032979134367,55.50000000000001,0.4531111111111113,0.015013423682825015,fatigued,2,15
119.0,False,8.590083386723268,9.78016685370688,55.55555555555556,0.4555555555555556,0.014970208177447703,fatigued,2,15
119.03333333333333,False,1.626793791434698,-10.356340191610752,55.611111111111114,0.4579999999999999,0.015010525937195986,fatigued,2,15
119.06666666666666,False,1.1203517372262328,0.4879130881609086,55.666666666666664,0.4604444444444442,0.015007863379762466,fatigued,2,15
119.1,False,-0.4297400198314433,-10.044738112962388,55.722222222222214,0.46288888888888846,0.015007018894933439,fatigued,2,15
119.13333333333333,False,0.7139485563385305,-9.361993671722637,55.77777777777778,0.4653333333333329,0.015011963939369008,fatigued,2,15
119.16666666666667,False,-2.9221067047310525,-8.561638398670626,55.833333333333336,0.46777777777777807,0.015017015109907474,fatigued,2,15
119.2,False,-4.101342761109425,-2.3523620703674526,55.888888888888886,0.47022222222222243,0.015029676615736448,fatigued,2,15
119.23333333333333,False,-3.048435216564541,-3.80668368482267,55.94444444444444,0.4726666666666668,0.015032368674384436,fatigued,2,15
119.26666666666667,False,4.872045155239964,-2.562424842184461,56.00000000000001,0.4751111111111111,0.015025258932239197,fatigued,2,15
119.3,True,-0.663875298692657,1.0352611493355957,56.00000000000001,0.42400000000000004,0.015018904434902986,fatigued,2,15
119.33333333333333,True,-1.878861883346924,-5.423398144096574,56.00000000000001,0.42400000000000004,0.015045975136118632,fatigued,2,15
119.36666666666666,True,-6.784436538284231,-10.217638041721468,56.00000000000001,0.42400000000000004,0.015060397538957201,fatigued,2,15
119.39999999999999,True,0.7041502154547424,-4.839220132225727,56.00000000000001,0.42400000000000004,0.015060342152963705,fatigued,2,15
119.43333333333334,True,1.4032967989075176,-7.294548615332627,56.00000000000001,0.42400000000000004,0.015068908423563286,fatigued,2,15
119.46666666666667,True,-3.438444007629149,-6.036933006752482,56.00000000000001,0.42400000000000004,0.015100380185634815,fatigued,2,15
119.5,True,-4.683385343005204,-9.253648406958561,56.00000000000001,0.42400000000000004,0.015112342370907257,fatigued,2,15
119.53333333333333,True,0.5047754478126512,0.5275600194044392,56.00000000000001,0.42400000000000004,0.015121899358506862,fatigued,2,15
119.56666666666666,True,-2.5580840509965217,-6.650980981085938,56.00000000000001,0.42400000000000004,0.015115931775085592,fatigued,2,15
119.6,True,9.390077331404541,-2.959085019764017,56.00000000000001,0.42400000000000004,0.015088476688442251,fatigued,2,15
119.63333333333333,True,-9.920187550343984,-9.96312300549512,56.00000000000001,0.42400000000000004,0.01513253377656402,fatigued,2,15
119.66666666666667,True,1.2512470949224466,-5.233257450842909,56.00000000000001,0.42400000000000004,0.015127740579879149,fatigued,2,15
119.7,True,1.2058821931594994,-10.156091356452897,56.00000000000001,0.42400000000000004,0.01513399031401887,fatigued,2,15
119.73333333333333,True,0.059017990732111114,-1.970080610250832,56.00000000000001,0.42400000000000004,0.015154190493633679,fatigued,2,15
119.76666666666667,True,3.809075077527064,-2.9566265092543063,56.00000000000001,0.42400000000000004,0.015147775943730164,fatigued,2,15
119.8,True,-8.098124876105693,2.0447540382656904,56.00000000000001,0.42400000000000004,0.01514673367996927,fatigued,2,15
119.83333333333333,True,-0.0526926651640065,-3.105916569772016,56.00000000000001,0.42400000000000004,0.01515621494330578,fatigued,2,15
119.86666666666666,True,-3.389030339281755,0.21166275649556887,56.00000000000001,0.42400000000000004,0.015152174967595017,fatigued,2,15
119.89999999999999,True,-3.7931976837177275,-9.955813921000445,56.00000000000001,0.42400000000000004,0.015157313778674042,fatigued,2,15
119.93333333333334,True,-6.1725305892250155,-10.854511609040053,56.00000000000001,0.42400000000000004,0.01517828733384135,fatigued,2,15
119.96666666666667,True,3.329563451658432,-1.4060888813154246,56.00000000000001,0.42400000000000004,0.015161072203296728,fatigued,2,15
