time,eyes_open,yaw,pitch,perclos,fatigue_score,distraction_score,driver_state,alert_level,total_alerts
0.0,False,0.683985559332445,0.6842820472999411,100.0,0.6000000000000001,0.0045605625910329585,fatigued,3,1
0.03333333333333333,False,1.6771852470927446,-1.532728395811088,100.0,0.6022222222222223,0.006189764401512807,fatigued,3,1
0.06666666666666667,False,0.5999582184032863,2.99901060387253,100.0,0.6044444444444446,0.005979868374087656,fatigued,3,1
0.1,False,0.2769403031290683,0.5528797675848075,100.0,0.6066666666666668,0.005099768154922932,fatigued,3,1
0.13333333333333333,True,-1.7197287872551998,-1.004209946586182,80.0,0.5466666666666666,0.0021048511812287543,fatigued,2,2
0.16666666666666666,True,1.2919351786941242,-1.3768076991240246,66.66666666666666,0.4933333333333333,0.002201102894825526,fatigued,2,2
0.2,True,0.10122186751579171,-0.3391620891916209,57.14285714285714,0.4552380952380953,0.00185388282088259,fatigued,2,2
0.23333333333333334,True,-0.4031422499153323,-0.3025134342969594,50.0,0.4266666666666667,0.00148221106117957,fatigued,2,2
0.26666666666666666,True,0.9534949087694136,2.2561828204643026,44.44444444444444,0.40444444444444444,0.0021878109051220716,fatigued,2,2
0.3,True,0.49210226393399487,-1.4744458392804454,40.0,0.3866666666666667,0.001860087300962652,attentive,2,2
0.3333333333333333,True,-2.397883621299661,-1.3364222638605292,36.36363636363637,0.37212121212121213,0.0008052671122688119,attentive,2,2
0.36666666666666664,True,-1.6374233212394445,-0.722713210713647,33.33333333333333,0.36,0.0003258067602445283,attentive,2,2
0.4,True,-2.0228232581610928,2.1977435922789796,30.76923076923077,0.34974358974358977,0.0008221284332710749,attentive,0,2
0.43333333333333335,True,2.490247140441378,-0.7624989681336553,28.57142857142857,0.34095238095238095,0.00014818125625089263,attentive,0,2
0.4666666666666667,True,-1.9227575637854386,0.23698913017878886,26.666666666666668,0.33333333333333337,0.00046651293975837673,attentive,0,2
0.5,True,-1.349843701839172,3.600912681247452,25.0,0.3266666666666667,0.001312439226152061,attentive,0,2
0.5333333333333333,True,0.8831823181858925,1.3294672579220628,23.52941176470588,0.3207843137254902,0.0011781261503065515,attentive,0,2
0.5666666666666667,True,-0.2242053057058443,-0.7421976727597914,22.22222222222222,0.3155555555555556,0.001076404689937903,attentive,0,2
0.6,True,0.35611444071996123,-1.8826262931380469,21.052631578947366,0.31087719298245614,0.0007162599782361456,attentive,0,2
0.6333333333333333,True,3.217719135384763,1.014434888400233,20.0,0.3066666666666667,0.0006764593912396071,attentive,0,2
0.6666666666666666,True,-2.726815533270817,0.8345181450124355,19.047619047619047,0.3028571428571429,0.000739806205619452,attentive,0,2
0.7,True,-0.700460417909212,-0.4605977249954003,18.181818181818183,0.29939393939393943,0.0008011607832249338,attentive,0,2
0.7333333333333333,True,-1.923236694744624,-0.8060207881109309,17.391304347826086,0.296231884057971,0.0010600912420584698,attentive,0,2
0.7666666666666666,True,-2.5813282972275884,-1.5494996504608356,16.666666666666664,0.29333333333333333,0.0013504723425277316,attentive,0,2
0.8,True,0.9788773409241704,-0.24031115729743102,16.0,0.2906666666666667,0.0011010698186803315,attentive,0,2
0.8333333333333334,True,-0.16163885892030377,1.472353814488818,15.384615384615385,0.2882051282051282,0.0012121937600412954,attentive,0,2
0.8666666666666667,True,2.594553844405684,2.3613303706613564,14.814814814814813,0.28592592592592597,0.000934558820932769,attentive,0,2
0.9,True,-0.7696151915428979,-3.090299639889833,14.285714285714285,0.28380952380952384,0.0007780809855181831,attentive,0,2
0.9333333333333333,True,-1.2764710658923557,-4.6416399330340266,13.793103448275861,0.28183908045977013,0.0010087587579176453,attentive,0,2
0.9666666666666667,True,4.259397852783941,-1.1018576464806578,13.333333333333334,0.28,0.0004257306467954109,attentive,0,2
1.0,True,-1.4669442080883452,-1.2794615251838843,12.903225806451612,0.27827956989247316,0.0007140296539855644,attentive,0,2
1.0333333333333332,True,0.587007182518188,-1.65896532114533,12.5,0.2637634408602151,0.0007253933770283039,attentive,0,2
1.0666666666666667,True,-2.3350129745055943,3.0703898450989824,12.121212121212121,0.2501515151515152,0.0008111313624996487,attentive,0,2
1.1,True,-0.4720613416621422,0.6063369100098586,11.76470588235294,0.2373618538324421,0.0008093520592440659,attentive,0,2
1.1333333333333333,True,0.08584942720027551,-1.0773013715632977,11.428571428571429,0.2253221288515406,0.000843726287212505,attentive,0,2
1.1666666666666667,True,-0.5629540979419184,-2.7323357545342497,11.11111111111111,0.21396825396825395,0.0010584526527169778,attentive,0,2
1.2,True,-4.4727049629877635,0.32805812298133746,10.81081081081081,0.20324324324324325,0.0015474044911116655,attentive,0,2
1.2333333333333334,True,-0.41438767071859456,0.7378738562487183,10.526315789473683,0.1930962541488857,0.001511999196619749,attentive,0,2
1.2666666666666666,True,-1.0443921621060144,0.6160386615065704,10.256410256410255,0.18348178137651824,0.0015571471182281003,attentive,0,2
1.3,True,3.5604826523393975,-1.0884736825370456,10.0,0.17435897435897432,0.0011830800168200783,attentive,0,2
1.3333333333333333,True,-4.3664266812817445,0.892341647878329,9.75609756097561,0.16569105691056912,0.001579184391189516,attentive,0,2
1.3666666666666667,True,-0.7791993796031028,0.2030864296490124,9.523809523809524,0.15744483159117303,0.0016132944098943794,attentive,0,2
1.4,True,2.3485147032105083,0.957459264700738,9.30232558139535,0.1495902547065338,0.0012835542984951944,attentive,0,2
1.4333333333333333,True,3.6268052377492506,-1.6601939365237404,9.090909090909092,0.14210007047216353,0.0009718868250963258,attentive,0,2
1.4666666666666666,True,0.24535512878593665,-3.9155522812506924,8.88888888888889,0.13494949494949499,0.0011194173412635096,attentive,0,2
1.5,True,1.8180762413000826,-1.917401715471353,8.695652173913043,0.12811594202898552,0.0010120507436452782,attentive,0,2
1.5333333333333332,True,1.6352694956410003,-1.1893834219790975,8.51063829787234,0.12157878507554734,0.0008921179585888585,attentive,0,2
1.5666666666666667,True,-0.16085079325791612,-0.5423494311780177,8.333333333333332,0.11531914893617023,0.0009135345297151945,attentive,0,2
1.6,True,-1.745598384023803,-2.1374675518898165,8.16326530612245,0.10931972789115647,0.001150159191010686,attentive,0,2
1.6333333333333333,True,0.5530493502670865,0.21785067634722313,8.0,0.10356462585034017,0.0010683138126624102,attentive,0,2
1.6666666666666667,True,1.3435039313753372,0.260143271537182,7.8431372549019605,0.09803921568627452,0.0009189503115736982,attentive,0,2
1.7,True,2.8124734611556175,-0.4545534280842259,7.6923076923076925,0.09273001508295628,0.0006803212032645027,attentive,0,2
1.7333333333333334,True,-1.077458057516214,-1.4830972221399787,7.547169811320755,0.08762457668118044,0.0008200222009879149,attentive,0,2
1.7666666666666666,True,2.07470768461395,0.4484700394466425,7.4074074074074066,0.08271139063591895,0.0007526842065338205,attentive,0,2
1.8,True,4.199958138010671,-2.3072634137875947,7.2727272727272725,0.077979797979798,0.0011716123599426575,attentive,0,2
1.8333333333333333,True,3.0137931154041433,-1.8023021423763272,7.142857142857142,0.07341991341991347,0.0014614005667367216,attentive,0,2
1.8666666666666667,True,-1.2757512870690866,-1.4387715514320556,7.017543859649122,0.06902255639097742,0.0013923806338814529,attentive,0,2
1.9,True,0.6257043023948582,0.5792593727176196,6.896551724137931,0.06477918935269207,0.0013941269153690179,attentive,0,2
1.9333333333333333,True,-1.6560142766203858,-0.6613251794595933,6.779661016949152,0.060681862458601216,0.0012706594771130012,attentive,0,2
1.9666666666666666,True,-1.0862841936513612,-0.4057201190925017,6.666666666666667,0.056723163841807894,0.001184042994412591,attentive,0,2
2.0,True,-1.3539703929359,0.2948106748871731,6.557377049180328,0.05289617486338798,0.0010552426006696172,attentive,0,2
2.033333333333333,True,1.3424996717721962,-2.500244967106725,6.451612903225806,0.052473118279569894,0.0012240736092843049,attentive,0,2
2.0666666666666664,True,-2.9859936671898013,0.5195532168739099,6.349206349206349,0.05206349206349206,0.000975665366764677,attentive,0,2
2.1,True,-2.881600221937652,0.4759647179561216,6.25,0.051666666666666666,0.0009139236492830498,attentive,0,2
2.1333333333333333,True,-0.5614256965651275,-2.2201438063359165,6.153846153846154,0.05128205128205129,0.0010141537196177094,attentive,0,2
2.1666666666666665,True,-2.1450450148819002,2.0019463675036886,6.0606060606060606,0.05090909090909092,0.0010758296283191284,attentive,0,2
2.2,True,1.7999048073545918,3.336234523136345,5.970149253731343,0.05054726368159204,0.0008297212545019101,attentive,0,2
2.2333333333333334,True,-3.422825101813683,0.10186933507798875,5.88235294117647,0.050196078431372554,0.0010379044670516982,attentive,0,2
2.2666666666666666,True,-0.5686201141093523,-1.9731798790494282,5.797101449275362,0.04985507246376812,0.0011230369339468632,attentive,0,2
2.3,True,-0.6204336429922465,0.562392543287801,5.714285714285714,0.049523809523809526,0.0011285324298967235,attentive,0,2
2.3333333333333335,True,1.0326090367160408,-3.9844224580255547,5.633802816901409,0.0492018779342723,0.0011727066017633886,attentive,0,2
2.3666666666666667,True,-2.9210552267086567,-0.34578076878285074,5.555555555555555,0.04888888888888889,0.0013474033070537171,attentive,0,2
2.4,True,1.8362887363164462,1.0642581903258215,5.47945205479452,0.04858447488584475,0.0011847498169126856,attentive,0,2
2.433333333333333,True,0.3270452484981657,-0.6683570380923952,5.405405405405405,0.048288288288288295,0.0011691681089092427,attentive,0,2
2.466666666666667,True,1.9081643047186456,-0.46402899684568155,5.333333333333334,0.048,0.0010542518048618124,attentive,0,2
2.5,True,0.14425334977339788,1.278523107523097,5.263157894736842,0.047719298245614036,0.0009945604855852712,attentive,0,2
2.533333333333333,True,-0.43583374992841767,0.5817148839038235,5.194805194805195,0.047445887445887444,0.0009900121565070501,attentive,0,2
2.5666666666666664,True,-2.2857171717952642,-1.8480663286931174,5.128205128205128,0.04717948717948718,0.0011602114500072062,attentive,0,2
2.6,True,0.5839427994482382,-2.1789908774093067,5.063291139240507,0.046919831223628694,0.001173967009107335,attentive,0,2
2.6333333333333333,True,-3.6878107907442743,1.5697233650537292,5.0,0.046666666666666676,0.0013205673719500163,attentive,0,2
2.6666666666666665,True,-1.4284078745873956,-0.5524396055171295,4.938271604938271,0.046419753086419754,0.0013977964539065159,attentive,0,2
2.7,True,2.3160146659662333,0.8483268106808375,4.878048780487805,0.046178861788617895,0.0012322310190319569,attentive,0,2
2.7333333333333334,True,0.9558839438692494,0.03200659935415378,4.819277108433735,0.04594377510040161,0.00116534270723391,attentive,0,2
2.7666666666666666,True,-1.030232684201985,0.9016153852800156,4.761904761904762,0.04571428571428572,0.001182126986727791,attentive,0,2
2.8,True,-3.105855536796879,2.363362545543684,4.705882352941177,0.045490196078431376,0.0012688300294473353,attentive,0,2
2.8333333333333335,True,1.93003133720944,-1.8814277948549476,4.651162790697675,0.04527131782945737,0.00120294867562782,attentive,0,2
2.8666666666666667,True,1.0822032226823635,2.391275973469471,4.597701149425287,0.04505747126436782,0.0010727568666146219,attentive,0,2
2.9,True,-1.5981448872453239,-1.4749631860535652,4.545454545454546,0.04484848484848485,0.0011785273810228955,attentive,0,2
2.933333333333333,True,1.7608374759021084,-1.6083586156978171,4.49438202247191,0.04464419475655431,0.0011175123084244758,attentive,0,2
2.966666666666667,True,3.0112021649476386,-0.39901697952692694,4.444444444444445,0.044444444444444446,0.0009662464346180718,attentive,0,2
3.0,False,-0.6363017809422442,1.0974965844735958,5.4945054945054945,0.04864468864468865,0.0009599044585944518,attentive,0,2
3.033333333333333,False,4.1031044222041375,2.014620542752554,6.521739130434782,0.05497584541062802,0.0007025907775913519,attentive,0,2
3.0666666666666664,False,1.744836839627462,1.2619112249586397,7.526881720430108,0.06121863799283153,0.0005814975696073693,attentive,0,2
3.1,False,-3.0574262405003196,-1.2849630005738442,8.51063829787234,0.0673758865248227,0.0007502479614572787,attentive,0,2
3.1333333333333333,True,1.5326426906041102,-0.21677280121205494,8.421052631578947,0.11567002612915268,0.000675718741278286,attentive,0,2
3.1666666666666665,True,-0.25634757389732027,2.4964221358528285,8.333333333333332,0.11263157894736843,0.0006227603981849198,attentive,0,2
3.2,True,-1.3637656038757007,-0.5973084465614412,8.24742268041237,0.10965635738831614,0.0006925106267102264,attentive,0,2
3.2333333333333334,True,-1.3331022742813192,1.1823953845484287,8.16326530612245,0.10674240830352762,0.0007190906580479726,attentive,0,2
3.2666666666666666,True,1.1784429824758667,-0.07875632507426222,8.080808080808081,0.10388785817357248,0.0006606906482612372,attentive,0,2
3.3,True,-0.382129614552561,-0.6538745331362867,8.0,0.1010909090909091,0.0006855978253839895,attentive,0,2
3.3333333333333335,True,4.185756036902861,0.46009551266266274,7.920792079207921,0.09834983498349835,0.0004844949297208173,attentive,0,2
3.3666666666666667,True,-0.928023533898828,0.7523402155546393,7.8431372549019605,0.0956629780625121,0.0005037908803497638,attentive,0,2
3.4,True,-1.90784426722129,-0.9513259532541207,7.766990291262135,0.09302874547877404,0.0006017479157659302,attentive,0,2
3.433333333333333,True,-3.1672259530750706,-0.8811263447578265,7.6923076923076925,0.09044560617376156,0.0007501409005696332,attentive,0,2
3.466666666666667,True,0.8685263031370866,-0.6833809839110648,7.6190476190476195,0.08791208791208789,0.0007206967730009677,attentive,0,2
3.5,True,1.468436416351728,-0.7853370581458251,7.547169811320755,0.08542677448337825,0.0006687921750469202,attentive,0,2
3.533333333333333,True,-0.7327354095707288,2.6761213779417634,7.476635514018691,0.08298830306236407,0.0006373984671015116,attentive,0,2
3.5666666666666664,True,-1.599755292925831,-0.34368425262794355,7.4074074074074066,0.08059536171685708,0.0007044018730332796,attentive,0,2
3.6,True,-1.6489167856589386,-2.2697439455692248,7.339449541284404,0.07824668705402651,0.0008114476767850049,attentive,0,2
3.6333333333333333,True,1.1899793620167007,0.864986210409157,7.2727272727272725,0.0759410619961079,0.0007385164366032714,attentive,0,2
3.6666666666666665,True,0.08278614817301014,2.3520828823677147,7.207207207207207,0.07367731367731371,0.0006814596282912553,attentive,0,2
3.6999999999999997,True,-0.7493903995663141,0.038183576491371815,7.142857142857142,0.07145431145431147,0.0007043552709482034,attentive,0,2
3.7333333333333334,True,-3.221309589216804,-0.7115450239232484,7.079646017699115,0.06927096502317738,0.000838813566531884,attentive,0,2
3.7666666666666666,True,2.6383654780656522,1.2902633643508075,7.017543859649122,0.06712622263623663,0.0007034439675957932,attentive,0,2
3.8,True,1.5993826875871684,-0.8152712632155791,6.956521739130435,0.06501906941266207,0.0006512692062938248,attentive,0,2
3.8333333333333335,True,-0.19399025283251858,-0.08712470720937841,6.896551724137931,0.06294852573713143,0.0006547564490149397,attentive,0,2
3.8666666666666667,True,1.519063608117092,-1.7045573847397062,6.837606837606838,0.06091364574123195,0.0006238312783871867,attentive,0,2
3.9,True,1.2547914104868119,-0.8883354693174434,6.779661016949152,0.058913515862668436,0.0005880126074468775,attentive,0,2
3.933333333333333,True,4.852503982720809,-1.330278814516501,6.722689075630252,0.05694725347766223,0.00047839396416520023,attentive,0,2
3.966666666666667,True,1.4608111771416703,-0.4953202413759013,6.666666666666667,0.05501400560224089,0.0005376840625315873,attentive,0,2
4.0,True,0.13479863877322415,-1.1727571407489061,6.6115702479338845,0.0531129476584022,0.0005597299135904696,attentive,0,2
4.033333333333333,True,-1.0488459404692905,2.0730672014292963,6.557377049180328,0.052896174863387976,0.00047917185268912924,attentive,0,2
4.066666666666666,True,1.0693451221675065,-0.20619276561365202,6.504065040650407,0.05268292682926829,0.0005176407899292115,attentive,0,2
4.1,True,-3.7171955420384375,-0.3825631368569048,6.451612903225806,0.05247311827956989,0.0004880766931276129,attentive,0,2
4.133333333333333,True,-0.389972417160207,-1.4687610034945957,6.4,0.05226666666666666,0.0005241490722548589,attentive,0,2
4.166666666666667,True,2.017301885589435,-1.6244813810832253,6.349206349206349,0.05206349206349206,0.0004929010775449412,attentive,0,2
4.2,True,-3.652402255489086,1.1681187484717999,6.299212598425196,0.051863517060367445,0.0005811014643350226,attentive,0,2
4.233333333333333,True,1.1396422253618634,1.5238776312908962,6.25,0.051666666666666666,0.0005105344896654847,attentive,0,2
4.266666666666667,True,1.8962125264809333,1.3217721427875406,6.2015503875969,0.05147286821705426,0.0004184769924027995,attentive,0,2
4.3,True,-1.2791243611834036,1.038555471465955,6.153846153846154,0.05128205128205128,0.00044123560102364735,attentive,0,2
4.333333333333333,True,1.0417016466483837,-1.116524296632471,6.106870229007633,0.051094147582697196,0.00042146571099608264,attentive,0,2
4.366666666666666,True,-0.8917520226040698,3.531755304168775,6.0606060606060606,0.050909090909090904,0.0003888409495666404,attentive,0,2
4.4,True,-0.6235246654412285,-1.0088973878036205,6.015037593984962,0.05072681704260651,0.00042361067874594003,attentive,0,2
4.433333333333334,True,-2.56850814177634,-1.3898397166924248,5.970149253731343,0.05054726368159203,0.0005286891396880534,attentive,0,2
4.466666666666667,True,-0.4465955078782358,-0.1137927947617139,5.9259259259259265,0.05037037037037037,0.0005413487890322272,attentive,0,2
4.5,True,0.029566667034259263,-0.3590136183978266,5.88235294117647,0.05019607843137254,0.0005422682878764234,attentive,0,2
4.533333333333333,True,-0.9770371071477352,-3.614296466945622,5.839416058394161,0.0500243309002433,0.0006286324395665564,attentive,0,2
4.566666666666666,True,3.778574990154531,-0.72805954184173,5.797101449275362,0.04985507246376811,0.0005141078818166002,attentive,0,2
4.6,True,-1.6779810942452598,-1.0204215666831338,5.755395683453238,0.04968824940047961,0.0005803754311108637,attentive,0,2
4.633333333333333,True,1.3262029217502782,1.6483565801663091,5.714285714285714,0.04952380952380952,0.0005079638221002803,attentive,0,2
4.666666666666667,True,1.3912632900198334,0.5867856321192311,5.673758865248227,0.04936170212765957,0.0004512593944863476,attentive,0,2
4.7,True,6.019967538645874,2.576199382833205,5.633802816901409,0.0492018779342723,0.0005151068684493612,attentive,0,2
4.733333333333333,True,0.267558199193874,2.264359795029247,5.594405594405594,0.049044289044289036,0.0004846322532598708,attentive,0,2
4.766666666666667,True,4.653308592142702,-0.4213691687384191,5.555555555555555,0.048888888888888885,0.0006313899976897609,attentive,0,2
4.8,True,1.9033162473860405,1.092929942124559,5.517241379310345,0.04873563218390804,0.0006686248950642762,attentive,0,2
4.833333333333333,True,0.8810846876542561,-1.2643054860952576,5.47945205479452,0.04858447488584475,0.0007101103388789618,attentive,0,2
4.866666666666666,True,0.25588387935518303,1.8676721461108696,5.442176870748299,0.04843537414965986,0.0006847822354791729,attentive,0,2
4.9,True,2.3477065833717066,-0.1820758736718884,5.405405405405405,0.04828828828828828,0.000753390899660099,attentive,0,2
4.933333333333334,True,1.1427431364836054,-1.4808083672569101,5.369127516778524,0.048143176733780754,0.000804506018755954,attentive,0,2
4.966666666666667,True,3.91213414314978,-2.5276697401381787,5.333333333333334,0.048,0.0009525046901336955,attentive,0,2
5.0,True,-2.7654844276940107,-0.05615991201833474,5.298013245033113,0.047858719646799115,0.0008656255723422334,attentive,0,2
5.033333333333333,True,-1.4265882997108812,1.4341760646511874,5.263157894736842,0.04771929824561403,0.0007972500727570441,attentive,0,2
5.066666666666666,True,1.1175658401197823,2.467773275724626,5.228758169934641,0.04758169934640523,0.0007886603250703959,attentive,0,2
5.1,True,-0.8334577688703572,-1.3415357665593817,5.194805194805195,0.047445887445887444,0.000778843919334999,attentive,0,2
5.133333333333333,True,-2.3879073537101494,1.2886115791636508,5.161290322580645,0.04731182795698924,0.0006868739401194475,attentive,0,2
5.166666666666667,True,5.170894738287409,-2.8161148966910865,5.128205128205128,0.047179487179487174,0.0008699054372734668,attentive,0,2
5.2,True,0.8875541801629219,1.6217917457516813,5.095541401273886,0.04704883227176221,0.0008665347248573466,attentive,0,2
5.233333333333333,True,-0.3731046107305698,-2.3777141068962786,5.063291139240507,0.046919831223628694,0.0008839969507258323,attentive,0,2
5.266666666666667,True,-0.6905445113435846,-0.14618026418724722,5.031446540880504,0.04679245283018868,0.0008611778398058246,attentive,0,2
5.3,True,-1.4780693120153536,1.0939359928458277,5.0,0.04666666666666666,0.0007995444419615311,attentive,0,2
5.333333333333333,True,-0.8578251180426123,0.050931573266637865,4.968944099378882,0.04654244306418219,0.0007701948655883834,attentive,0,2
5.366666666666666,True,-0.7433615612015938,0.44738275138898576,4.938271604938271,0.04641975308641975,0.0007389096315238163,attentive,0,2
5.4,True,-4.966153394362815,-1.5084807569209635,4.9079754601226995,0.04629856850715746,0.0006195321895880237,attentive,0,2
5.433333333333334,True,1.238703805027466,-1.510732714290089,4.878048780487805,0.04617886178861788,0.0006697943960789507,attentive,0,2
5.466666666666667,True,-0.09479877458901201,-2.7034311062152767,4.848484848484849,0.04606060606060605,0.0006995913803052366,attentive,0,2
5.5,True,-2.209701164154164,-0.6954994160886961,4.819277108433735,0.0459437751004016,0.0006455255297917561,attentive,0,2
5.533333333333333,True,-0.33745880038665405,2.946465932704439,4.790419161676647,0.04582834331337325,0.0005934713711505846,attentive,0,2
5.566666666666666,True,2.2326802812503215,2.201613884329724,4.761904761904762,0.04571428571428571,0.0006198825425944093,attentive,0,2
5.6,True,0.6549944353915843,1.4946314738714301,4.733727810650888,0.04560157790927021,0.0006137866879296395,attentive,0,2
5.633333333333333,True,0.18699660574286456,1.1298048804078697,4.705882352941177,0.04549019607843137,0.0006002962869036202,attentive,0,2
5.666666666666667,True,0.39229097717373657,0.07663792227794122,4.678362573099415,0.045380116959064326,0.0006059858347004091,attentive,0,2
5.7,True,-0.5724551883240526,0.8679214052937383,4.651162790697675,0.045271317829457355,0.0005764570826647886,attentive,0,2
5.733333333333333,True,-1.8977726841791305,0.6495998472955867,4.624277456647398,0.04516377649325626,0.0005160261140989182,attentive,0,2
5.766666666666667,True,-3.676143309626525,-0.20259861138254376,4.597701149425287,0.04505747126436781,0.00042174897796590384,attentive,0,2
5.8,True,3.5761485152369064,0.35054667036948645,4.571428571428571,0.04495238095238095,0.0005057104169502807,attentive,0,2
5.833333333333333,True,0.8649274678384108,-2.090745056945972,4.545454545454546,0.044848484848484846,0.0005510769612052701,attentive,0,2
5.866666666666666,True,2.0862902980173876,-0.710476087771606,4.519774011299435,0.0447457627118644,0.0006092699561991686,attentive,0,2
5.9,True,-0.564899772154184,-0.6718164079845989,4.49438202247191,0.044644194756554303,0.0006001294491253434,attentive,0,2
5.933333333333334,True,3.7817673757159773,-0.865052727227773,4.4692737430167595,0.0445437616387337,0.00070141472816387,attentive,0,2
5.966666666666667,True,-0.03574757896164111,-0.6786984181377188,4.444444444444445,0.04444444444444444,0.000705014316219928,attentive,0,2
6.0,False,1.1862320570649294,-1.7398793364192338,4.972375690607735,0.0465561694290976,0.0007516083863028025,attentive,0,2
6.033333333333333,False,-1.6823835155841302,-0.3136395044617157,5.4945054945054945,0.05086691086691086,0.0007102243655391541,attentive,0,2
6.066666666666666,False,-1.5249993839657203,1.7230934504859028,6.0109289617486334,0.05515482695810563,0.0006483823111018746,attentive,0,2
6.1,False,-0.3932224771696677,-1.0362965408846476,6.521739130434782,0.05942028985507243,0.0006478760254321823,attentive,0,2
6.133333333333333,True,2.3031366785133773,-2.0812063778288508,6.486486486486487,0.05261261261261258,0.000724704079767451,attentive,0,2
6.166666666666667,True,-3.3386724036480206,1.1908816928712296,6.451612903225806,0.05247311827956986,0.0006268027256926287,attentive,0,2
6.2,True,3.3060670848594276,-1.386819567516272,6.417112299465241,0.052335115864527604,0.0007185067365146542,attentive,0,2
6.233333333333333,True,-2.557799678509095,-0.1646742143160411,6.382978723404255,0.052198581560283654,0.0006561633183806857,attentive,0,2
6.266666666666667,True,-3.0919350995452786,0.7984648959180703,6.349206349206349,0.052063492063492034,0.0005705947282774529,attentive,0,2
6.3,True,-1.4933616540222134,1.659366764162621,6.315789473684211,0.05192982456140348,0.0005132513633659689,attentive,0,2
6.333333333333333,True,-0.4862810975878758,-1.6613755202523688,6.282722513089005,0.051797556719022655,0.0005185783000915293,attentive,0,2
6.366666666666666,True,4.451907016068704,1.426258848376634,6.25,0.05166666666666664,0.000602423149035043,attentive,0,2
6.4,True,-2.504124633884585,-0.5219816999207525,6.217616580310881,0.051537132987910156,0.0005476464307286044,attentive,0,2
6.433333333333334,True,-1.7650723966145319,-1.601136682613938,6.185567010309279,0.05140893470790375,0.0005227271981462104,attentive,0,2
6.466666666666667,True,1.849617548977945,-2.2023344651327177,6.153846153846154,0.05128205128205125,0.0005873008998433365,attentive,0,2
6.5,True,-1.9699600526450514,-0.23958536836863054,6.122448979591836,0.05115646258503398,0.0005423505580989944,attentive,0,2
6.533333333333333,True,7.865812448873049,3.2713304988419294,6.091370558375635,0.051032148900169175,0.0006801535659699433,attentive,0,2
6.566666666666666,True,1.6181309782975124,-1.259670474298833,6.0606060606060606,0.050909090909090876,0.0007271778457253572,attentive,0,2
6.6,True,-0.19522809929458357,1.2148317622338876,6.030150753768844,0.050787269681742006,0.0007055975219799695,attentive,0,2
6.633333333333333,True,-1.9389709820036443,1.0449168478552946,6.0,0.05066666666666664,0.0006473711031271523,attentive,0,2
6.666666666666667,True,0.9523041976348964,-0.8605392801229474,5.970149253731343,0.050547263681592,0.000674721359390121,attentive,0,2
6.7,True,-0.5890351060267511,-2.5445353836798814,5.9405940594059405,0.0504290429042904,0.0006864137747905701,attentive,0,2
6.733333333333333,True,-0.2941705701277033,-0.3574951103339777,5.911330049261084,0.05031198686371097,0.0006805053760103053,attentive,0,2
6.766666666666667,True,1.6079042522893956,-0.48704946691503737,5.88235294117647,0.05019607843137251,0.000717505708823913,attentive,0,2
6.8,True,0.7172841661501597,-1.235536504622244,5.853658536585367,0.0500813008130081,0.0007429499068504909,attentive,0,2
6.833333333333333,True,-0.23777184013884944,-2.1057078435191805,5.825242718446602,0.04996763754045304,0.0007569287278338648,attentive,0,2
6.866666666666666,True,-2.3448042632987987,0.6193721542571261,5.797101449275362,0.04985507246376808,0.0006962781791663397,attentive,0,2
6.8999999999999995,True,-2.894380609292075,-1.8272246458131112,5.769230769230769,0.04974358974358971,0.0006506065792368965,attentive,0,2
6.933333333333334,True,-0.33987088944675153,-2.3234328404218534,5.741626794258373,0.049633173843700126,0.0006649704080606258,attentive,0,2
6.966666666666667,True,-0.3961206739241488,-0.4729821254497003,5.714285714285714,0.04952380952380949,0.0006584254778381298,attentive,0,2
7.0,True,-0.20197166455092413,1.4441574070216285,5.687203791469194,0.04941548183254341,0.0006358410418070541,attentive,0,2
7.033333333333333,True,0.7200292979121429,0.008951670393765846,5.660377358490567,0.0493081761006289,0.0006478429124214917,attentive,0,2
7.066666666666666,True,0.6326835160668763,-0.20550533105019458,5.633802816901409,0.049201877934272276,0.0006601469609618597,attentive,0,2
7.1,True,1.5374007472133868,-0.5827846657881246,5.607476635514018,0.04909657320872271,0.0006950433267747574,attentive,0,2
7.133333333333333,True,1.3195234684011359,0.24146416467085036,5.5813953488372094,0.04899224806201547,0.0007165917843983522,attentive,0,2
7.166666666666667,True,2.2881870995565956,1.0842338742618385,5.555555555555555,0.04888888888888886,0.0007492015994381886,attentive,0,2
7.2,True,2.1270237599204393,2.5149502213178403,5.529953917050691,0.0487864823348694,0.0007635585536499229,attentive,0,2
7.233333333333333,True,1.5583960785410627,-0.036657306814795704,5.5045871559633035,0.04868501529051985,0.0007922012459511915,attentive,0,2
7.266666666666667,True,4.072101585608548,0.5761196597188118,5.47945205479452,0.04858447488584472,0.0008653782419006612,attentive,0,2
7.3,True,-1.2185657517548378,0.4636133308430481,5.454545454545454,0.04848484848484845,0.0008321442515652267,attentive,0,2
7.333333333333333,True,0.06746238081862006,2.445488409145317,5.429864253393665,0.0483861236802413,0.0008051454726742018,attentive,0,2
7.366666666666666,True,2.6506986582679204,3.4629367579133308,5.405405405405405,0.04828828828828825,0.0008199216998605793,attentive,0,2
7.3999999999999995,True,0.0739302482895618,0.29784761154603434,5.381165919282512,0.048191330343796676,0.0008147502810274536,attentive,0,2
7.433333333333334,True,1.0389972642100398,0.3505337418160772,5.357142857142857,0.048095238095238066,0.0008282505107907636,attentive,0,2
7.466666666666667,True,0.1800196435485187,-2.3001077740776177,5.333333333333334,0.04799999999999997,0.0008508424548037887,attentive,0,2
7.5,True,-1.5531211173901958,-0.9218424702730159,5.3097345132743365,0.047905604719763975,0.000825598808105961,attentive,0,2
7.533333333333333,True,-0.947979444512985,-1.1599665649729722,5.286343612334802,0.04781204111600584,0.0008147567935420778,attentive,0,2
7.566666666666666,True,1.0891996677921172,-0.45763107929600516,5.263157894736842,0.047719298245614,0.0008368756030721586,attentive,0,2
7.6,True,0.744183135083404,-1.0106655886412903,5.240174672489083,0.047627365356622965,0.0008574717975158814,attentive,0,2
7.633333333333333,True,1.1670707295519582,-0.9873140861211092,5.217391304347826,0.047536231884057936,0.0008858350171906918,attentive,0,2
7.666666666666667,True,0.5254024574705813,3.501255634425573,5.194805194805195,0.047445887445887416,0.0008584268740716903,attentive,0,2
7.7,True,1.8708274160623373,-1.7850179174600207,5.172413793103448,0.04735632183908042,0.0009076642366794722,attentive,0,2
7.733333333333333,True,1.9532853029075212,0.02033678601432662,5.150214592274678,0.04726752503576535,0.000940833382252147,attentive,0,2
7.766666666666667,True,1.5260545509527954,0.31608534296795077,5.128205128205128,0.047179487179487146,0.0009627958583862796,attentive,0,2
7.8,True,0.2778247727364421,-0.9394353971044004,5.106382978723404,0.047092198581560246,0.0009728367738123173,attentive,0,2
7.833333333333333,True,-0.8856642467500838,-1.7893053585388583,5.084745762711865,0.04700564971751409,0.0009688838577748705,attentive,0,2
7.866666666666666,True,2.323988699743719,0.460933398595722,5.063291139240507,0.046919831223628666,0.0010040554120636,attentive,0,2
7.8999999999999995,True,0.4570402622742859,-1.1309240214295735,5.042016806722689,0.04683473389355739,0.0010189310386793753,attentive,0,2
7.933333333333334,True,-2.513551450914111,-1.6080556943115454,5.02092050209205,0.04675034867503483,0.0009828774247795855,attentive,0,2
7.966666666666667,True,-0.6233866519574783,-0.8570602549456126,5.0,0.046666666666666634,0.0009751736480192137,attentive,0,2
8.0,True,2.0170669003626154,2.645438094633308,4.979253112033195,0.046583679114799416,0.0009839322239941631,attentive,0,2
8.033333333333333,True,1.4070872359575888,1.0749354540256841,4.958677685950414,0.04650137741046829,0.0009958373618921624,attentive,0,2
8.066666666666666,True,-0.11523965344119469,-2.21837430711875,4.938271604938271,0.04641975308641972,0.0010099184609994771,attentive,0,2
8.1,True,1.389371003455525,-0.026019345695626146,4.918032786885246,0.04633879781420762,0.0010313237255273181,attentive,0,2
8.133333333333333,True,-1.9239095460579723,1.3658473236855553,4.8979591836734695,0.046258503401360514,0.000979824749633542,attentive,0,2
8.166666666666666,True,-1.9787941706662628,-2.0251423708263365,4.878048780487805,0.04617886178861785,0.0009583851190297366,attentive,0,2
8.2,True,-4.362413618975225,-0.33022170280252444,4.8582995951417,0.04609986504723343,0.0008789800012725499,attentive,0,2
8.233333333333333,True,-1.721522851814996,-0.11188395732935878,4.838709677419355,0.04602150537634406,0.0008455866074833626,attentive,0,2
8.266666666666666,True,-0.4106272862500849,-0.8815271007426879,4.819277108433735,0.045943775100401575,0.0008427285847691726,attentive,0,2
8.3,True,1.0638614163279385,3.404459169545837,4.8,0.04586666666666664,0.000828008902991074,attentive,0,2
8.333333333333334,True,-1.250742757461217,1.4460923217231103,4.780876494023905,0.04579017264276225,0.0007897602810965055,attentive,0,2
8.366666666666667,True,-1.2904028303601207,-1.3310229417179213,4.761904761904762,0.04571428571428568,0.0007756053000956612,attentive,0,2
8.4,True,-0.4449991648800127,1.0956829676805522,4.743083003952568,0.04563899868247691,0.0007550984605481546,attentive,0,2
8.433333333333334,True,1.944577313615899,-2.0800259465023974,4.724409448818897,0.04556430446194222,0.0008043494340082378,attentive,0,2
8.466666666666667,True,2.3934575773893534,-2.128042839672485,4.705882352941177,0.04549019607843134,0.0008614561943493925,attentive,0,2
8.5,True,2.584175794503134,1.0453493495431352,4.6875,0.04541666666666663,0.0008938810810855547,attentive,0,2
8.533333333333333,True,1.0084447224162103,1.3401151230724468,4.669260700389105,0.045343709468223053,0.0008962548626270288,attentive,0,2
8.566666666666666,True,0.5480385630766245,3.1631799550002464,4.651162790697675,0.04527131782945733,0.0008749765033072255,attentive,0,2
8.6,True,0.7044720208750324,2.8965702687402017,4.633204633204633,0.04519948519948516,0.0008588343698582475,attentive,0,2
8.633333333333333,True,-1.226534423667259,0.01821742850817935,4.615384615384616,0.0451282051282051,0.0008344090558216756,attentive,0,2
8.666666666666666,True,1.8326321579889617,-2.334896801504932,4.597701149425287,0.04505747126436778,0.0008822990263824513,attentive,0,2
8.7,True,-1.492641637321765,-0.4672592979002992,4.580152671755725,0.04498727735368953,0.000857574187208445,attentive,0,2
8.733333333333333,True,-0.08600150067854315,-1.0794242089656063,4.562737642585551,0.044917617237008836,0.0008619807171904029,attentive,0,2
8.766666666666666,True,1.1816997618814464,-1.3200310632517023,4.545454545454546,0.04484848484848482,0.0008897209466877001,attentive,0,2
8.8,True,2.397125742490565,-0.08699863742523793,4.528301886792453,0.044779874213836446,0.0009272964242256197,attentive,0,2
8.833333333333334,True,-0.5764764198800775,0.9459111752777647,4.511278195488721,0.04471177944862152,0.0009062759780607121,attentive,0,2
8.866666666666667,True,2.7231629351896363,-0.6591283973810488,4.49438202247191,0.044644194756554276,0.0009536969524896177,attentive,0,2
8.9,True,-1.8640332816230527,0.3070516145245386,4.477611940298507,0.044577114427860665,0.0009166796904134073,attentive,0,2
8.933333333333334,True,-0.39564085496923507,1.1914201493303844,4.4609665427509295,0.044510532837670355,0.0008968927617066342,attentive,0,2
8.966666666666667,True,2.3886813646046288,0.2098462740670845,4.444444444444445,0.04444444444444441,0.0009311636646891379,attentive,0,2
9.0,False,1.376303000377461,1.9399347389181325,4.797047970479705,0.04585485854858545,0.0009343916073929235,attentive,0,2
9.033333333333333,False,2.3365106376279585,2.7950711064984106,5.147058823529411,0.049477124183006496,0.0009462990742673573,attentive,0,2
9.066666666666666,False,0.8515081910676203,1.1236519510339527,5.4945054945054945,0.053089133089133045,0.0009475488084772145,attentive,0,2
9.1,False,2.9088895465281377,-0.8722482924144566,5.839416058394161,0.056690997566909915,0.0009983487307939705,attentive,0,2
9.133333333333333,True,-1.9397058261855917,0.17069418868352926,5.818181818181818,0.049939393939393895,0.0009619902437643784,attentive,0,2
9.166666666666666,True,2.1669133478798317,-2.553933411052446,5.797101449275362,0.049855072463768066,0.0010139617775576002,attentive,0,2
9.2,True,-0.43562489246534775,-0.4852983331472718,5.776173285198556,0.04977135980746084,0.0010072049845236302,attentive,0,2
9.233333333333333,True,-1.9956946814877847,-3.7405714227336677,5.755395683453238,0.04968824940047957,0.0010015770054406764,attentive,0,2
9.266666666666666,True,-2.3084605197651342,-1.250457892974096,5.734767025089606,0.04960573476702504,0.0009711733989173433,attentive,0,2
9.3,True,1.170371824601526,0.5405123094096517,5.714285714285714,0.04952380952380947,0.0009819924728084592,attentive,0,2
9.333333333333334,True,3.809119007735628,2.605118627892232,5.6939501779359425,0.04944246737841039,0.0010181429099362978,attentive,0,2
9.366666666666667,True,1.3449223356683018,2.4424493719457727,5.673758865248227,0.04936170212765953,0.001016482003631487,attentive,0,2
9.4,True,-4.269913215661129,-1.3894081357263963,5.6537102473498235,0.04928150765606591,0.0009567424261110313,attentive,0,2
9.433333333333334,True,-4.203212284412064,0.14894817178514622,5.633802816901409,0.049201877934272255,0.0008864301660769216,attentive,0,2
9.466666666666667,True,-1.9561979470624495,-2.5530089633896194,5.614035087719298,0.049122807017543804,0.0008727203765605872,attentive,0,2
9.5,True,-3.268198428723834,0.7062600660529591,5.594405594405594,0.049044289044288994,0.0008133934061413726,attentive,0,2
9.533333333333333,True,3.1608985971889956,-0.2562675872837871,5.574912891986063,0.04896631823461087,0.0008614928079911455,attentive,0,2
9.566666666666666,True,-2.0680894159887773,1.4239467545553746,5.555555555555555,0.04888888888888884,0.0008155993099191628,attentive,0,2
9.6,True,3.7196131331514866,-1.2621645677946933,5.536332179930796,0.048811995386389806,0.0008796852087629462,attentive,0,2
9.633333333333333,True,-2.230976432905431,0.7988757217110367,5.517241379310345,0.048735632183908,0.0008363389487517186,attentive,0,2
9.666666666666666,True,1.3457785302266068,0.7453456806966611,5.498281786941581,0.048659793814432944,0.0008483271797774402,attentive,0,2
9.7,True,-3.075953203152903,-0.8381160229362716,5.47945205479452,0.0485844748858447,0.000804982144661235,attentive,0,2
9.733333333333333,True,2.0456169957750547,-0.32639551429063623,5.460750853242321,0.0485096700796359,0.0008357397293464317,attentive,0,2
9.766666666666666,True,3.7059668488269795,0.1069981390947761,5.442176870748299,0.048435374149659816,0.0008881120096212111,attentive,0,2
9.8,True,0.4753991644566431,1.365143566926906,5.423728813559322,0.04836158192090391,0.000881980215705255,attentive,0,2
9.833333333333334,True,1.910685489304171,-3.32755406905431,5.405405405405405,0.04828828828828824,0.0009326711612802948,attentive,0,2
9.866666666666667,True,0.36763847262733396,0.2933643837412172,5.387205387205387,0.04821548821548817,0.0009328373456344834,attentive,0,2
9.9,True,-1.9012591244501684,0.06802166545186582,5.369127516778524,0.04814317673378071,0.0009008439323616442,attentive,0,2
9.933333333333334,True,-0.6666164573456774,1.8095400098589884,5.351170568561873,0.04807134894091411,0.000874473418098448,attentive,0,2
9.966666666666667,True,0.16949223351225687,2.645196742214828,5.333333333333334,0.04799999999999995,0.0008544754528144878,attentive,0,2
10.0,True,-1.316151451339292,2.323140357019982,5.3156146179401995,0.04792912513842741,0.0008150516269491125,attentive,0,2
10.033333333333333,True,0.26518681276958983,-1.070111491651535,5.298013245033113,0.04785871964679907,0.0008241297129319205,attentive,0,2
10.066666666666666,True,1.749465619475505,0.9542803455465168,5.2805280528052805,0.04778877887788774,0.0008400724523714887,attentive,0,2
10.1,True,2.127489032364501,1.3415575527600367,5.263157894736842,0.04771929824561398,0.0008586059897136072,attentive,0,2
10.133333333333333,True,-3.981854530545483,-1.9080978017887085,5.245901639344262,0.047650273224043665,0.0008116698588963147,attentive,0,2
10.166666666666666,True,0.1677164270978099,-1.324559203120876,5.228758169934641,0.04758169934640518,0.0008210724777838467,attentive,0,2
10.2,True,-2.5140649247478826,1.7325028266290783,5.211726384364821,0.0475135722041259,0.0007694610750250514,attentive,0,2
10.233333333333333,True,2.1178272191797585,-0.8700846382785934,5.194805194805195,0.047445887445887396,0.0008038007690573519,attentive,0,2
10.266666666666666,True,1.6831421904934978,1.8601617099527328,5.177993527508091,0.04737864077669898,0.0008120309907399011,attentive,0,2
10.3,True,1.3653086515152566,0.7354697267956957,5.161290322580645,0.0473118279569892,0.0008237136690940363,attentive,0,2
10.333333333333334,True,-1.348985824221416,0.758250399556742,5.144694533762058,0.047245444801714845,0.000796368951701454,attentive,0,2
10.366666666666667,True,0.3985964578409593,1.19169983674293,5.128205128205128,0.047179487179487126,0.0007910066087575317,attentive,0,2
10.4,True,-1.146981399900124,1.2521563098653237,5.111821086261981,0.04711395101171454,0.0007633028665949014,attentive,0,2
10.433333333333334,True,1.5827074659456,0.680281273925684,5.095541401273886,0.04704883227176217,0.0007784596066373489,attentive,0,2
10.466666666666667,True,-1.6838508535468335,-1.8547664706366036,5.079365079365079,0.046984126984126934,0.000765315041844094,attentive,0,2
10.5,True,0.2688288890626081,0.14846751395456542,5.063291139240507,0.046919831223628646,0.0007656300804892474,attentive,0,2
10.533333333333333,True,-0.5480886682439098,-2.6759369046613215,5.047318611987381,0.04685594111461615,0.0007742892184629826,attentive,0,2
10.566666666666666,True,-2.882618121650494,-1.2215509603945582,5.031446540880504,0.04679245283018864,0.0007401025278185746,attentive,0,2
10.6,True,-1.0895773658822878,1.3445697761232174,5.015673981191222,0.04672936259143151,0.0007132354386830391,attentive,0,2
10.633333333333333,True,-1.643943777496652,-0.07641375558731939,5.0,0.04666666666666662,0.0006887046765523908,attentive,0,2
10.666666666666666,True,-1.6118889922081157,1.71877632224396,4.984423676012461,0.04660436137071646,0.0006523428114702948,attentive,0,2
10.7,True,-0.7656473260888189,-4.106548463447042,4.968944099378882,0.04654244306418215,0.0006680895302149999,attentive,0,2
10.733333333333333,True,-2.496830869162658,0.6524667107564469,4.953560371517028,0.04648090815273473,0.0006271760886073047,attentive,0,2
10.766666666666666,True,-0.26795945476967165,1.5046834637477118,4.938271604938271,0.0464197530864197,0.0006112444588874121,attentive,0,2
10.8,True,2.8347173278082924,-1.88088715854269,4.923076923076923,0.046358974358974306,0.0006609898387688475,attentive,0,2
10.833333333333334,True,-2.478923257221597,-0.22714860593875535,4.9079754601226995,0.04629856850715741,0.0006267148330704807,attentive,0,2
10.866666666666667,True,0.9914303107555376,-0.13392306906271528,4.892966360856269,0.04623853211009169,0.000639183484213478,attentive,0,2
10.9,True,-0.28741329969629936,-1.2709381823905461,4.878048780487805,0.04617886178861784,0.0006419509572155234,attentive,0,2
10.933333333333334,True,0.17535982605409894,-0.03307274918592461,4.86322188449848,0.04611955420466054,0.0006425920546187461,attentive,0,2
10.966666666666667,True,1.362176181538918,0.7987982737479158,4.848484848484849,0.04606060606060601,0.0006536115001726282,attentive,0,2
11.0,True,0.0009681903970695071,-2.510697546175872,4.833836858006042,0.046002014098690786,0.000668505818748609,attentive,0,2
11.033333333333333,True,1.801370267382846,0.36612422807649647,4.819277108433735,0.045943775100401554,0.0006881563454437383,attentive,0,2
11.066666666666666,True,-0.48681962159717523,-1.441228839993072,4.804804804804805,0.04588588588588584,0.0006892101942348564,attentive,0,2
11.1,True,-0.5904515777272131,1.0474153047402606,4.790419161676647,0.04582834331337321,0.0006723208858675884,attentive,0,2
11.133333333333333,True,4.679690307610418,1.4053594800979716,4.776119402985075,0.045771144278606915,0.0007230769504545366,attentive,0,2
11.166666666666666,True,1.8403926186944868,0.7460770371964425,4.761904761904762,0.045714285714285666,0.0007403343814895101,attentive,0,2
11.2,True,-0.6224967455520671,-0.9662118107443624,4.747774480712167,0.04565776458951529,0.0007362992205793218,attentive,0,2
11.233333333333333,True,-3.3342222757385125,-2.1299944395635513,4.733727810650888,0.04560157790927016,0.0007042822267517467,attentive,0,2
11.266666666666666,True,0.1477961336714099,-0.05071677621075076,4.71976401179941,0.045545722713864256,0.0007044748327269371,attentive,0,2
11.3,True,1.1236039367356563,-0.6036597674691705,4.705882352941177,0.04549019607843133,0.0007210359697610112,attentive,0,2
11.333333333333334,True,-2.8799132068661666,-0.1187701763074211,4.69208211143695,0.04543499511241442,0.0006821599683024427,attentive,0,2
11.366666666666667,True,-0.015053396654303016,1.909773427853836,4.678362573099415,0.04538011695906428,0.0006675605387579426,attentive,0,2
11.4,True,-2.680093510891274,2.536239550743997,4.664723032069971,0.0453255587949465,0.0006144550718647284,attentive,0,2
11.433333333333334,True,2.403194007548863,-0.8454806593184383,4.651162790697675,0.045271317829457314,0.0006491796448109625,attentive,0,2
11.466666666666667,True,-0.9371058828721305,-0.2905536115498709,4.63768115942029,0.04521739130434778,0.0006370972680357014,attentive,0,2
11.5,True,3.5525640128584377,-0.22637109131168745,4.624277456647398,0.045163776493256216,0.0006823432882438739,attentive,0,2
11.533333333333333,True,1.1507610364901606,0.1051412676979494,4.610951008645533,0.04511047070124875,0.0006944427203640957,attentive,0,2
11.566666666666666,True,1.5874603179167488,1.81716965448383,4.597701149425287,0.045057471264367766,0.0007011173803716682,attentive,0,2
11.6,True,-0.9945382740269464,-1.515159024043887,4.584527220630372,0.04500477554918811,0.0006960908261203007,attentive,0,2
11.633333333333333,True,0.2173179751760047,0.7624622871356863,4.571428571428571,0.0449523809523809,0.0006920205581295843,attentive,0,2
11.666666666666666,True,-1.5759127413916472,-1.1612041732563916,4.5584045584045585,0.04490028490028485,0.0006774461322942869,attentive,0,2
11.7,True,1.4098323934403567,-2.088409606452542,4.545454545454546,0.044848484848484804,0.0007065068875581809,attentive,0,2
11.733333333333333,True,0.5711128103397696,-0.0680218267990674,4.53257790368272,0.0447969782813975,0.0007121242583361313,attentive,0,2
11.766666666666666,True,-1.1172124079998946,1.9868059278699297,4.519774011299435,0.044745762711864354,0.0006836139842612978,attentive,0,2
11.8,True,1.2624194075388804,0.29001838689214254,4.507042253521127,0.044694835680751124,0.0006956777973146189,attentive,0,2
11.833333333333334,True,0.7581028589045271,0.6965539256538209,4.49438202247191,0.04464419475655426,0.0006988400743643296,attentive,0,2
11.866666666666667,True,-0.5313757828100986,0.09132704032157216,4.481792717086835,0.04459383753501396,0.0006896987320711101,attentive,0,2
11.9,True,0.9094191747129695,0.43266357801108835,4.4692737430167595,0.04454376163873365,0.0006963766361181794,attentive,0,2
11.933333333333334,True,-0.34035790915664993,1.0370574501463181,4.456824512534819,0.04449396471680589,0.0006838037933158716,attentive,0,2
11.966666666666667,True,0.43335907790514155,1.406685722986495,4.444444444444445,0.0444444444444444,0.0006785712052037214,attentive,0,2
12.0,False,-1.1624200488651668,2.4254815403221697,4.7091412742382275,0.04550323176361953,0.0006474497605721783,attentive,0,2
12.033333333333333,False,-0.644165994316279,-0.14820935826422071,4.972375690607735,0.04877839165131977,0.0006386623141472192,attentive,0,2
12.066666666666666,False,-0.853517936185459,1.1624049764608109,5.234159779614325,0.052047750229568354,0.0006193367011065216,attentive,0,2
12.1,False,-1.7345340913165876,0.4062845456190485,5.4945054945054945,0.05531135531135524,0.0005939761745879003,attentive,0,2
12.133333333333333,True,-0.23840482431911447,0.21594385888327927,5.47945205479452,0.04858447488584469,0.0005881311652357782,attentive,0,2
12.166666666666666,True,-0.37823852151279563,-1.1764742958801686,5.46448087431694,0.048524590163934365,0.000589074323878756,attentive,0,2
12.2,True,-2.496738797973153,-1.552320108789561,5.449591280653951,0.04846503178928241,0.0005666326591321489,attentive,0,2
12.233333333333333,True,-3.346742491668265,-0.13543552288147015,5.434782608695652,0.04840579710144921,0.000525491148521856,attentive,0,2
12.266666666666666,True,4.304076384811273,2.590979752856092,5.420054200542006,0.04834688346883463,0.0005603041686960903,attentive,0,2
12.3,True,-2.4356052389733285,2.6011793558994887,5.405405405405405,0.048288288288288225,0.0005139106148837216,attentive,0,2
12.333333333333334,True,-1.5976129185507526,2.7197094261280688,5.3908355795148255,0.04823000898472591,0.00047709602943941346,attentive,0,2
12.366666666666667,True,0.4728307815034391,0.26921731855253095,5.376344086021505,0.048172043010752626,0.00047985439880146016,attentive,0,2
12.4,True,-2.1079602161514623,-1.2971790869842335,5.361930294906166,0.04811438784629127,0.0004611789396130219,attentive,0,2
12.433333333333334,True,-2.6231313261587883,0.3476204547364191,5.347593582887701,0.04805704099821741,0.00042670827039210783,attentive,0,2
12.466666666666667,True,-0.9497572685991518,-2.554711087728286,5.333333333333334,0.047999999999999945,0.00042945302789642497,attentive,0,2
12.5,True,0.5643598793218566,4.680770263627531,5.319148936170213,0.047943262411347456,0.0004073176592939592,attentive,0,2
12.533333333333333,True,2.1571960172006213,0.2665400734491441,5.305039787798409,0.047886825817860246,0.00043009725855284406,attentive,0,2
12.566666666666666,True,-0.8678350492795692,0.8214919134037593,5.291005291005291,0.04783068783068777,0.0004139261487450153,attentive,0,2
12.6,True,-3.0297096318110657,-1.5621667223014741,5.277044854881266,0.047774846086191675,0.0003864648804468275,attentive,0,2
12.633333333333333,True,0.2820479881851557,-1.4064252720268797,5.263157894736842,0.047719298245613974,0.00039697138367604463,attentive,0,2
12.666666666666666,True,-2.4209481594347615,1.9363871703284903,5.2493438320209975,0.04766404199475059,0.000356394418894171,attentive,0,2
12.7,True,0.1513214937146589,1.2853642327064279,5.2356020942408374,0.04760907504362996,0.0003497446298669489,attentive,0,2
12.733333333333333,True,-0.20676588667824186,1.4782746113434384,5.221932114882506,0.047554395126196636,0.0003378549201591447,attentive,0,2
12.766666666666666,True,-1.8532799037124081,-0.23548649773007785,5.208333333333334,0.047499999999999945,0.0003168878598364228,attentive,0,2
12.8,True,0.5746067909229357,-1.1788864578531248,5.194805194805195,0.04744588744588739,0.0003295025813531477,attentive,0,2
12.833333333333334,True,-2.786869300881609,0.13138917992181917,5.181347150259067,0.047392055267702876,0.00029580422819659074,attentive,0,2
12.866666666666667,True,1.298028795668547,-3.4843119075756652,5.167958656330749,0.047338501291989604,0.0003299544297252976,attentive,0,2
12.9,True,-1.641750579652815,1.9428418964895615,5.154639175257731,0.04728522336769753,0.00029917079542305487,attentive,0,2
12.933333333333334,True,-0.048738212816949664,-1.446975688079279,5.141388174807198,0.0472322193658954,0.00030611094055019,attentive,0,2
12.966666666666667,True,0.8966479275605492,2.64023463604305,5.128205128205128,0.04717948717948712,0.0003005001787030701,attentive,0,2
13.0,True,2.577260214606001,-0.5411632272059967,5.115089514066496,0.04712702472293259,0.0003321026713203001,attentive,0,2
13.033333333333333,True,-0.19494213936974278,-3.540429293304989,5.1020408163265305,0.047074829931972734,0.0003491157031370312,attentive,0,2
13.066666666666666,True,-1.472217518476756,-1.0955452303923066,5.089058524173027,0.047022900763358716,0.00033777280309194854,attentive,0,2
13.1,True,1.0650748984283211,-1.0073128958900264,5.0761421319796955,0.04697123519458539,0.0003546112967826157,attentive,0,2
13.133333333333333,True,1.1906312006878332,-0.05299342226932624,5.063291139240507,0.04691983122362864,0.00036740837548918565,attentive,0,2
13.166666666666666,True,2.390135185397583,-0.9229689924921844,5.05050505050505,0.04686868686868681,0.0003984852867928738,attentive,0,2
13.2,True,2.738468780623684,-2.8510070653819928,5.037783375314862,0.046817800167926055,0.00044409752439473533,attentive,0,2
13.233333333333333,True,1.7990053984767764,0.8289219393491827,5.025125628140704,0.04676716917922942,0.00045844283411906113,attentive,0,2
13.266666666666666,True,2.0248184301706527,1.528201803921641,5.012531328320802,0.04671679197994981,0.0004713369348211835,attentive,0,2
13.299999999999999,True,0.21673651578039085,-2.2679085603289266,5.0,0.046666666666666606,0.00048516626799462897,attentive,0,2
13.333333333333334,True,1.9288261056043468,0.5596186223730346,4.987531172069826,0.04661679135494591,0.0005022330940862781,attentive,0,2
13.366666666666667,True,0.25023251051815715,-0.9816883807783614,4.975124378109453,0.04656716417910442,0.0005091769774996326,attentive,0,2
13.4,True,-0.6071829942027991,-0.1874279053309712,4.962779156327544,0.04651778329197678,0.0005022507700392,attentive,0,2
13.433333333333334,True,1.2867938821516098,-0.9507287215985144,4.9504950495049505,0.04646864686468641,0.000520393254304239,attentive,0,2
13.466666666666667,True,-3.6085573105696604,-1.8950737194432696,4.938271604938271,0.04641975308641969,0.0004899064621718223,attentive,0,2
13.5,True,1.4151135509994597,-0.1673646303605603,4.926108374384237,0.04637110016420355,0.0005051069757152385,attentive,0,2
13.533333333333333,True,1.9908020984209245,-1.1130761994736116,4.914004914004914,0.04632268632268626,0.0005316829094157223,attentive,0,2
13.566666666666666,True,0.26361505318303174,-1.3347252705994652,4.901960784313726,0.04627450980392151,0.0005405211341854852,attentive,0,2
13.6,True,-2.641354358705928,-2.55002112543347,4.88997555012225,0.04622656886715561,0.0005243520382747987,attentive,0,2
13.633333333333333,True,0.7055455069606303,0.021199741864085093,4.878048780487805,0.046178861788617825,0.0005306064168917825,attentive,0,2
13.666666666666666,True,0.7652026819821641,-1.780457655207302,4.866180048661801,0.04613138686131381,0.0005472167987872695,attentive,0,2
13.7,True,0.8088500864700374,-1.6142792315252117,4.854368932038835,0.04608414239482195,0.0005633210697959588,attentive,0,2
13.733333333333333,True,1.2754128661008715,-0.14375746682083917,4.842615012106537,0.04603712671509276,0.0005764557952068516,attentive,0,2
13.766666666666666,True,-0.7901554111367165,1.6236506616630597,4.830917874396135,0.045990338164251146,0.0005578655290137245,attentive,0,2
13.799999999999999,True,-0.9139580919952743,1.4887301172982834,4.819277108433735,0.04594377510040155,0.000538761455175197,attentive,0,2
13.833333333333334,True,1.1720129547400262,-0.9860012866342855,4.807692307692308,0.04589743589743584,0.0005552549623401837,attentive,0,2
13.866666666666667,True,-3.465259455981101,0.5263224383506537,4.796163069544365,0.045851318944844066,0.0005141853855569918,attentive,0,2
13.9,True,-1.072822063469577,0.7275324652916916,4.784688995215311,0.04580542264752785,0.000497680547621152,attentive,0,2
13.933333333333334,True,1.0267778515431516,-0.6390005396646732,4.77326968973747,0.04575974542561649,0.0005107730959972934,attentive,0,2
13.966666666666667,True,7.1939444978715095,-1.7951289792520282,4.761904761904762,0.04571428571428565,0.0005951814033083847,attentive,0,2
14.0,True,-0.6817185427806566,1.5312810758016253,4.750593824228028,0.045669041963578724,0.0005784880816253459,attentive,0,2
14.033333333333333,True,2.583249673366058,0.3221804754007444,4.739336492890995,0.045624012638230585,0.000602627098131928,attentive,0,2
14.066666666666666,True,-3.4501300981984997,0.0038838627978729154,4.7281323877068555,0.045579196217494025,0.0005649316620754308,attentive,0,2
14.1,True,-0.15882534715506513,-1.139992458161796,4.716981132075472,0.0455345911949685,0.0005679092433957544,attentive,0,2
14.133333333333333,True,0.45689109695944513,0.4303895090722752,4.705882352941177,0.045490196078431314,0.0005691005298026487,attentive,0,2
14.166666666666666,True,1.00367016999644,-0.49091179410541674,4.694835680751173,0.0454460093896713,0.0005807967055756643,attentive,0,2
14.2,True,3.085299898782794,-3.5255660463491925,4.683840749414521,0.04540202966432469,0.0006298979667071019,attentive,0,2
14.233333333333333,True,1.8565710750963524,0.5000640887430674,4.672897196261682,0.045358255451713334,0.0006451088907799546,attentive,0,2
14.266666666666666,True,2.947267656447205,3.2598760423352022,4.662004662004662,0.04531468531468526,0.0006572526891208415,attentive,0,2
14.299999999999999,True,-0.6356075752599204,1.4796748589626305,4.651162790697675,0.0452713178294573,0.0006415077086578604,attentive,0,2
14.333333333333334,True,-3.643023625857247,-0.4840314087040237,4.640371229698376,0.045228151585460105,0.0006049483154539083,attentive,0,2
14.366666666666667,True,-1.3195437670395906,1.7120459191716084,4.62962962962963,0.04518518518518513,0.0005811655984003844,attentive,0,2
14.4,True,-1.0122099005770444,1.451785852947825,4.618937644341801,0.04514241724403381,0.0005619829955090215,attentive,0,2
14.433333333333334,True,-0.315793148511311,0.8331657564556756,4.6082949308755765,0.04509984639016891,0.0005531880932998184,attentive,0,2
14.466666666666667,True,-0.5519644835795552,-0.5916660244109453,4.597701149425287,0.04505747126436775,0.0005492994721772995,attentive,0,2
14.5,True,2.4326643114193436,-2.1324123280023475,4.587155963302752,0.04501529051987761,0.0005837059767051345,attentive,0,2
14.533333333333333,True,0.8267425052569939,1.071999236951583,4.576659038901601,0.044973302822273006,0.0005853272230008127,attentive,0,2
14.566666666666666,True,2.225911587963931,-0.8136353113401873,4.5662100456621,0.044931506849315,0.0006107055144108465,attentive,0,2
14.6,True,0.3143631799449296,-0.6012135610095954,4.555808656036446,0.04488990129081239,0.0006155403533853571,attentive,0,2
14.633333333333333,True,0.211987399840946,-1.4202903501607715,4.545454545454546,0.04484848484848479,0.0006234558684905049,attentive,0,2
14.666666666666666,True,1.7867401632269324,-0.7988811390481872,4.535147392290249,0.044807256235827604,0.0006440746960273218,attentive,0,2
14.7,True,-0.1078422250357601,0.04642398533651982,4.524886877828054,0.044766214177978825,0.0006412997234349622,attentive,0,2
14.733333333333333,True,0.5709793955082739,0.7022039545068595,4.514672686230249,0.044725357411587605,0.0006420580377613427,attentive,0,2
14.766666666666666,True,-1.2979707619419585,0.16850021109300345,4.504504504504505,0.04468468468468463,0.0006267759163801139,attentive,0,2
14.799999999999999,True,-1.4846057410150046,0.5954477766760604,4.49438202247191,0.04464419475655425,0.0006075663861874691,attentive,0,2
14.833333333333334,True,-0.3133407225311522,-3.4315047555415124,4.484304932735426,0.04460388639760831,0.0006201793330569004,attentive,0,2
14.866666666666667,True,-2.20158820040417,-1.5425054650591825,4.47427293064877,0.04456375838926169,0.0006045703266655269,attentive,0,2
14.9,True,-1.7150551110912327,-0.0937793616631602,4.464285714285714,0.044523809523809466,0.00058667157910839,attentive,0,2
14.933333333333334,True,-1.3946694120827252,-0.4593229262069301,4.4543429844097995,0.0444840386043058,0.0005738330831491854,attentive,0,2
14.966666666666667,True,-0.49037076840689925,0.9566687172251285,4.444444444444445,0.044444444444444384,0.0005629904404753283,attentive,0,2
15.0,False,-2.4800057970758305,-2.4154238937374406,4.656319290465632,0.045291943828529135,0.0005492041216843546,attentive,0,2
15.033333333333333,False,3.479759840779306,-1.1164145343522955,4.867256637168142,0.048357915437561384,0.0005876937596447919,attentive,0,2
15.066666666666666,False,0.3559826711548287,0.4497214629585454,5.077262693156733,0.05142016188373797,0.000587682877562432,attentive,0,2
15.1,False,2.6011028298685095,-1.8446306254505889,5.286343612334802,0.054478707782672456,0.0006208810126103249,attentive,0,2
15.133333333333333,True,-2.279082646930726,0.7750660148374398,5.274725274725275,0.0477655677655677,0.0005934689111970231,attentive,0,2
15.166666666666666,True,-0.5179963207048144,-1.596919654801778,5.263157894736842,0.04771929824561397,0.0005949010067299349,attentive,0,2
15.2,True,0.18134679830269512,-1.260974007151374,5.25164113785558,0.04767323121808892,0.0006014945498893237,attentive,0,2
15.233333333333333,True,-1.2892597099566223,-1.5302418126622697,5.240174672489083,0.04762736535662293,0.0005950949858199342,attentive,0,2
15.266666666666666,True,3.83729087364748,-0.27545628057244936,5.228758169934641,0.04758169934640517,0.0006322881365546155,attentive,0,2
15.299999999999999,True,0.39469146445414016,-1.8372070348700573,5.217391304347826,0.04753623188405791,0.0006436024375320492,attentive,0,2
15.333333333333334,True,-2.675086222857641,0.5586232204064383,5.206073752711497,0.047490961677512586,0.0006137233497373461,attentive,0,2
15.366666666666667,True,-0.7766767947969819,-0.9453920616751772,5.194805194805195,0.04744588744588738,0.0006094706463448469,attentive,0,2
15.4,True,-1.7776492840549412,0.9396798683972736,5.183585313174946,0.047401007919366384,0.0005865801244952556,attentive,0,2
15.433333333333334,True,-0.9470400629357864,-0.44639173709241675,5.172413793103448,0.047356321839080395,0.0005783825696829854,attentive,0,2
15.466666666666667,True,-0.1709272139772122,0.536650103009761,5.161290322580645,0.04731182795698918,0.000572940387186825,attentive,0,2
15.5,True,-0.6331399973432448,-0.5520415872237378,5.150214592274678,0.04726752503576531,0.00056830490038808,attentive,0,2
15.533333333333333,True,3.051459876424048,-0.6726587664366324,5.139186295503212,0.04722341184867945,0.000599329603286534,attentive,0,2
15.566666666666666,True,-0.3985908663404941,-1.2559119407296315,5.128205128205128,0.04717948717948711,0.0006002271905921831,attentive,0,2
15.6,True,1.243606444226805,-3.1969653858285385,5.11727078891258,0.04713574982231693,0.0006258802398151904,attentive,0,2
15.633333333333333,True,-1.362506837451158,0.7241177067945292,5.106382978723404,0.04709219858156022,0.0006082406299352202,attentive,0,2
15.666666666666666,True,-0.06749977238146056,-0.43413630881694637,5.095541401273886,0.04704883227176215,0.0006083606038940934,attentive,0,2
15.7,True,1.987235608013882,1.6316771924161906,5.084745762711865,0.04700564971751406,0.0006181018079988921,attentive,0,2
15.733333333333333,True,3.516831998668986,0.7514855657457173,5.07399577167019,0.046962649753347366,0.0006463096192180264,attentive,0,2
15.766666666666666,True,0.5630313882590374,0.283242717929604,5.063291139240507,0.04691983122362863,0.0006488974332355621,attentive,0,2
15.799999999999999,True,1.5727682826984464,-2.679034918966391,5.052631578947368,0.04687719298245607,0.0006747807906129061,attentive,0,2
15.833333333333334,True,0.9433553913583586,1.0447766669417522,5.042016806722689,0.046834733893557356,0.0006772937820227996,attentive,0,2
15.866666666666667,True,-0.46759712117109664,-1.3382975139495583,5.031446540880504,0.046792452830188624,0.0006777518349913395,attentive,0,2
15.9,True,2.442842019588817,-1.2281071171952456,5.02092050209205,0.0467503486750348,0.0007047569620514361,attentive,0,2
15.933333333333334,True,0.24707462538864852,1.7399481179538308,5.010438413361169,0.046708420320111285,0.0006975060249134186,attentive,0,2
15.966666666666667,True,-3.9586044299536627,1.8253800373035662,5.0,0.046666666666666606,0.0006509483091336874,attentive,0,2
16.0,True,3.4734237452055017,-0.501640793176998,4.98960498960499,0.04662508662508656,0.0006840070365279024,attentive,0,2
16.03333333333333,True,-0.7493576057688642,2.631083945754014,4.979253112033195,0.04658367911479938,0.0006635478280275368,attentive,0,2
16.066666666666666,True,0.40781582542551725,-0.6699068360980753,4.968944099378882,0.046542443064182135,0.0006690087986479036,attentive,0,2
16.1,True,0.980094972731661,0.7507704854735567,4.958677685950414,0.04650137741046825,0.000673179439146518,attentive,0,2
16.133333333333333,True,-0.8395076576005898,0.4048261612311318,4.948453608247423,0.046460481099656295,0.0006622434839389658,attentive,0,2
16.166666666666668,True,-0.3843822435565465,2.137898987566595,4.938271604938271,0.046419753086419685,0.0006475902007087317,attentive,0,2
16.2,True,1.6729339445998357,-1.7005376474386247,4.9281314168377826,0.04637919233401773,0.0006692876223209579,attentive,0,2
16.233333333333334,True,0.2043131645025492,-0.5593091562566729,4.918032786885246,0.04633879781420759,0.0006723238520805996,attentive,0,2
16.266666666666666,True,1.841458248128471,-1.3977972983506517,4.9079754601226995,0.0462985685071574,0.000694037862810758,attentive,0,2
16.3,True,3.4443242469854845,1.0862688259082995,4.8979591836734695,0.04625850340136048,0.0007189361060297957,attentive,0,2
16.333333333333332,True,-1.8183421205285337,-1.9094163155119235,4.887983706720977,0.04621860149355051,0.0007096544170808996,attentive,0,2
16.366666666666667,True,-3.1251913700930767,-1.0476295511100917,4.878048780487805,0.046178861788617825,0.00068471269315695,attentive,0,2
16.4,True,1.2525057562609827,2.6259017184315785,4.86815415821501,0.04613928329952664,0.0006827789049314361,attentive,0,2
16.433333333333334,True,-0.02357470183806392,-0.798922082472068,4.8582995951417,0.0460998650472334,0.0006847785548260686,attentive,0,2
16.466666666666665,True,-3.488029814924963,-0.9197274412039833,4.848484848484849,0.046060606060605996,0.000656206242645069,attentive,0,2
16.5,True,1.5548342624136682,-1.9421695140469697,4.838709677419355,0.04602150537634402,0.0006775169291579903,attentive,0,2
16.53333333333333,True,3.478499958151788,2.0425061931463255,4.82897384305835,0.0459825620389,0.0006981277545773337,attentive,0,2
16.566666666666666,True,0.009934181870977766,0.4196019685050669,4.819277108433735,0.04594377510040154,0.0006949421629025328,attentive,0,2
16.6,True,0.6294987660740505,-0.5344698343025341,4.809619238476954,0.04590514362057442,0.0007015364331904173,attentive,0,2
16.633333333333333,True,-0.04110507999787353,1.0053374209208976,4.8,0.045866666666666604,0.0006952998155199625,attentive,0,2
16.666666666666668,True,2.0443697956180227,-0.8926339090491473,4.790419161676647,0.045828343313373196,0.0007160072388213651,attentive,0,2
16.7,True,5.268530285883731,-0.03586412174130643,4.780876494023905,0.04579017264276222,0.0007613844917476119,attentive,0,2
16.733333333333334,True,-2.264839559673429,0.07396293507883425,4.7713717693836974,0.0457521537442014,0.0007395322051308143,attentive,0,2
16.766666666666666,True,-1.3773303222823199,-0.6452664282544172,4.761904761904762,0.04571428571428565,0.0007287641993608889,attentive,0,2
16.8,True,-1.6879548702061562,-0.23224434565411983,4.752475247524752,0.045676567656765615,0.000713487590848367,attentive,0,2
16.833333333333332,True,-0.37408024091678443,-0.40458829066778845,4.743083003952568,0.04563899868247688,0.0007105686553760458,attentive,0,2
16.866666666666667,True,0.48966457757582843,-0.32657311031994796,4.733727810650888,0.04560157790927015,0.0007148910150979497,attentive,0,2
16.9,True,-1.527067574951763,-1.5199610985466987,4.724409448818897,0.04556430446194219,0.000706772576742084,attentive,0,2
16.933333333333334,True,0.3045045501044476,0.9512885773230662,4.715127701375246,0.045527177472167585,0.0007038896815809922,attentive,0,2
16.966666666666665,True,2.5919567302019035,1.6074062627628871,4.705882352941177,0.045490196078431314,0.0007180934150926673,attentive,0,2
17.0,True,-0.9095371909776481,0.8296872512295483,4.6966731898238745,0.0454533594259621,0.0007051692851949655,attentive,0,2
17.03333333333333,True,-2.438032138649569,1.0710409793148912,4.6875,0.045416666666666605,0.0006779799126474318,attentive,0,2
17.066666666666666,True,0.012951331406758363,1.771144244177635,4.678362573099415,0.045380116959064264,0.0006690982468815429,attentive,0,2
17.1,True,-0.926705997980245,2.196504156735894,4.669260700389105,0.045343709468223026,0.0006502871341976126,attentive,0,2
17.133333333333333,True,-1.4484854951738781,-3.1189778273510647,4.660194174757281,0.045307443365695727,0.0006499823990373725,attentive,0,2
17.166666666666668,True,1.6433988133617428,-1.4370495542225792,4.651162790697675,0.0452713178294573,0.0006690666156669128,attentive,0,2
17.2,True,-1.410489504213612,-1.1164937703000093,4.642166344294004,0.04523533204384263,0.0006604460903491508,attentive,0,2
17.233333333333334,True,-0.061275681777996395,2.0959731306756013,4.633204633204633,0.045199485199485134,0.0006496536182990062,attentive,0,2
17.266666666666666,True,-1.856874369913972,-1.4154482091951615,4.624277456647398,0.0451637764932562,0.000638561155619206,attentive,0,2
17.3,True,-1.18427116460824,-0.527776156504917,4.615384615384616,0.04512820512820506,0.0006294666312912564,attentive,0,2
17.333333333333332,True,0.2872897474531432,-0.3657615569902743,4.606525911708253,0.04509277031349962,0.0006322692803329092,attentive,0,2
17.366666666666667,True,0.753606959823132,-0.7373139550821078,4.597701149425287,0.04505747126436775,0.0006406132850097015,attentive,0,2
17.4,True,0.1061961062984293,1.548360625005866,4.588910133843212,0.04502230720203945,0.0006337118854317821,attentive,0,2
17.433333333333334,True,0.4367723961832835,-1.6089526592818897,4.580152671755725,0.0449872773536895,0.0006430304906192468,attentive,0,2
17.466666666666665,True,2.29907409755297,0.3821991655428215,4.571428571428571,0.04495238095238089,0.0006596509575347365,attentive,0,2
17.5,True,0.11841400037034934,-0.328397623103304,4.562737642585551,0.04491761723700881,0.0006607848092159928,attentive,0,2
17.53333333333333,True,-3.054094952789543,-0.08484634267032477,4.554079696394687,0.04488298545224535,0.0006341320715939984,attentive,0,2
17.566666666666666,True,0.9347327649189333,-1.215739863840895,4.545454545454546,0.04484848484848479,0.0006459159350681629,attentive,0,2
17.6,True,1.7561262671805824,-0.6192240435603231,4.536862003780719,0.04481411468178948,0.0006620504211305062,attentive,0,2
17.633333333333333,True,1.289783820696238,3.446874923084282,4.528301886792453,0.04477987421383642,0.0006571647608739001,attentive,0,2
17.666666666666668,True,-1.8468805432328732,0.8636178807059711,4.519774011299435,0.04474576271186434,0.0006368546411435592,attentive,0,2
17.7,True,1.362912014466288,1.5785835045847145,4.511278195488721,0.04471177944862149,0.0006404496951779504,attentive,0,2
17.733333333333334,True,-0.6741349019954428,-0.5448904970606561,4.50281425891182,0.04467792370231388,0.0006358985937822435,attentive,0,2
17.766666666666666,True,1.0205504519228188,0.8240658013468087,4.49438202247191,0.04464419475655425,0.0006397724212283394,attentive,0,2
17.8,True,-2.0889054253724066,-0.5478975492307187,4.485981308411215,0.04461059190031146,0.0006234990634253618,attentive,0,2
17.833333333333332,True,0.9454917507759255,-0.16235268078687393,4.477611940298507,0.04457711442786064,0.0006308488213183855,attentive,0,2
17.866666666666667,True,1.555726042354552,-2.257757782123556,4.4692737430167595,0.04454376163873364,0.0006518930087681655,attentive,0,2
17.9,True,1.100449724822938,-1.5602954684096302,4.4609665427509295,0.04451053283767033,0.0006662170197723369,attentive,0,2
17.933333333333334,True,-4.484920136770555,-3.0525045152933457,4.452690166975881,0.04447742733457012,0.0006405846412229849,attentive,0,2
17.966666666666665,True,-2.0462388016795865,-2.8146452929393764,4.444444444444445,0.044444444444444384,0.0006341398041901859,attentive,0,2
18.0,False,0.4855529933992964,-0.14320786094284252,4.621072088724584,0.04515095502156494,0.0006375448193302798,attentive,0,2
18.03333333333333,False,0.15059316599316291,-0.948247558728768,4.797047970479705,0.04807708077080752,0.0006414912675550295,attentive,0,2
18.066666666666666,False,-0.6984591341511033,0.8323700741827609,4.972375690607735,0.051000613873541975,0.0006311865431315192,attentive,0,2
18.1,False,0.16349068656922275,-0.7690416357132002,5.147058823529411,0.05392156862745101,0.0006345034919241763,attentive,0,2
18.133333333333333,True,-1.6920992461846154,-0.3227705607734027,5.137614678899083,0.047217125382262935,0.0006208563787622529,attentive,0,2
18.166666666666668,True,-0.5540661190493338,3.0297608139864414,5.128205128205128,0.04717948717948711,0.0006028780376042223,attentive,0,2
18.2,True,2.5569240555284303,-1.9320029141771649,5.118829981718465,0.047141986593540464,0.0006304001010139812,attentive,0,2
18.233333333333334,True,-0.10110801080253726,-1.8242273806289733,5.109489051094891,0.047104622871046165,0.0006358272352944661,attentive,0,2
18.266666666666666,True,-3.4944333330485637,0.7900776138440957,5.100182149362477,0.04706739526411652,0.0006031817524536496,attentive,0,2
18.3,True,1.9336656812952329,-1.4583244511018245,5.090909090909091,0.047030303030302964,0.000623602859625723,attentive,0,2
18.333333333333332,True,3.3051693881867847,1.7872224770503857,5.081669691470054,0.046993345432546824,0.0006419230653627328,attentive,0,2
18.366666666666667,True,-0.6166628827216507,-0.22898074632904597,5.072463768115942,0.04695652173913037,0.000636716904338065,attentive,0,2
18.4,True,0.002495940392745668,-0.1686153301500816,5.063291139240507,0.04691983122362863,0.0006362631555093869,attentive,0,2
18.433333333333334,True,2.1056310532187754,-1.5880399548683615,5.054151624548736,0.046883273164861544,0.0006583770088640869,attentive,0,2
18.466666666666665,True,3.4239434465679297,-0.3775239411447762,5.045045045045045,0.046846846846846785,0.0006861213178942841,attentive,0,2
18.5,True,-1.06119714801984,-1.5720017721374941,5.0359712230215825,0.04681055155875294,0.0006826874764995815,attentive,0,2
18.53333333333333,True,-1.9863253595984127,-1.0764989914311118,5.026929982046679,0.04677438659485332,0.0006699072606919194,attentive,0,2
18.566666666666666,True,-1.5875855682258615,-0.6364321913373859,5.017921146953405,0.046738351254480226,0.000658596240331801,attentive,0,2
18.6,True,1.1936885059049407,-0.10773247802751881,5.008944543828265,0.04670244484197966,0.0006673370122725209,attentive,0,2
18.633333333333333,True,0.10283324302462282,-1.1822888615944118,5.0,0.046666666666666606,0.0006716530983523663,attentive,0,2
18.666666666666668,True,0.5520106826934708,0.7684381349873948,4.991087344028521,0.046631016042780686,0.0006717851614782962,attentive,0,2
18.7,True,0.8769986707664126,2.4891945367556536,4.98220640569395,0.0465954922894424,0.0006676827474099368,attentive,0,2
18.733333333333334,True,0.2515587942378987,-1.6203102668718876,4.9733570159857905,0.04656009473060976,0.000674878210678195,attentive,0,2
18.766666666666666,True,0.7708211031149538,1.2432628793473326,4.964539007092199,0.0465248226950354,0.0006748572655721169,attentive,0,2
18.8,True,-1.0289543646260566,2.1305390585064465,4.95575221238938,0.04648967551622413,0.0006571890903222997,attentive,0,2
18.833333333333332,True,-0.551975583927568,-1.9064196034455574,4.946996466431095,0.046454652532390985,0.0006591786205340995,attentive,0,2
18.866666666666667,True,-4.46603128487354,-0.2373637201298897,4.938271604938271,0.046419753086419685,0.0006239392349614657,attentive,0,2
18.9,True,-1.7849519248130312,-0.9921795994389788,4.929577464788732,0.046384976525821534,0.0006127557572387748,attentive,0,2
18.933333333333334,True,-2.8443514480994034,0.14518704774339042,4.92091388400703,0.04635032220269472,0.0005888946752832989,attentive,0,2
18.966666666666665,True,-1.5730048709547466,-0.37388700943074904,4.912280701754386,0.046315789473684144,0.0005770540306971147,attentive,0,2
19.0,True,-1.8588260967111734,2.1457901401348756,4.903677758318739,0.04628137769994156,0.0005532240379071908,attentive,0,2
19.03333333333333,True,1.2886664683045577,1.0935700307012934,4.895104895104895,0.046247086247086185,0.0005580212876696213,attentive,0,2
19.066666666666666,True,3.999313715501894,3.7949481119337616,4.886561954624781,0.046212914485165735,0.0005733502376002735,attentive,0,2
19.1,True,1.1065842780940274,-0.11805252047977263,4.878048780487805,0.046178861788617825,0.0005813766157255067,attentive,0,2
19.133333333333333,True,-3.568179500117202,-0.05612059677571798,4.869565217391305,0.046144927536231825,0.0005530022857524239,attentive,0,2
19.166666666666668,True,-1.809114646602243,-0.33377098002819827,4.861111111111112,0.04611111111111105,0.0005393706910696891,attentive,0,2
19.2,True,-4.523894808804,-0.5899952190766928,4.852686308492201,0.04607741190063541,0.0005058620786702564,attentive,0,2
19.233333333333334,True,-0.790075188906262,0.2910536697815933,4.844290657439446,0.046043829296424386,0.000497792713107028,attentive,0,2
19.266666666666666,True,0.8143047307433035,0.8718570134801555,4.8359240069084635,0.046010362694300456,0.0004998374098144096,attentive,0,2
19.3,True,-1.8304006588605097,-0.44665615583134793,4.827586206896552,0.04597701149425281,0.00048666088875576536,attentive,0,2
19.333333333333332,True,5.390245999276397,-0.22271045496028435,4.819277108433735,0.04594377510040154,0.000527908565380638,attentive,0,2
19.366666666666667,True,1.2648260774373465,-2.9284933337507804,4.810996563573884,0.045910652920962136,0.0005478420767750794,attentive,0,2
19.4,True,-1.7161446149903712,-1.6854531623537503,4.802744425385934,0.04587764436821034,0.0005402439635592388,attentive,0,2
19.433333333333334,True,-0.09814965986436108,-0.14622622050580206,4.794520547945205,0.04584474885844743,0.0005391283513719307,attentive,0,2
19.466666666666665,True,-1.8808087609334625,-0.9930284786538027,4.786324786324787,0.045811965811965755,0.0005276898070173989,attentive,0,2
19.5,True,-3.553133577372225,-2.811038730611905,4.778156996587031,0.045779294653014724,0.0005105009983814857,attentive,0,2
19.53333333333333,True,0.9030975734260047,-0.852290897788599,4.770017035775128,0.04574673480976711,0.0005196956249019055,attentive,0,2
19.566666666666666,True,-0.28192207067677305,-0.8158785970630933,4.761904761904762,0.04571428571428565,0.0005197642999756156,attentive,0,2
19.6,True,0.2591184449778616,-1.7202439832522418,4.753820033955857,0.045681946802490034,0.0005273273519968151,attentive,0,2
19.633333333333333,True,-2.5799858554394675,1.0689353422198193,4.745762711864407,0.045649717514124236,0.000502972533309443,attentive,0,2
19.666666666666668,True,0.11874516457066525,-0.008195064545101263,4.737732656514383,0.04561759729272413,0.000503045282900333,attentive,0,2
19.7,True,0.4122804823223942,1.4683955934099409,4.72972972972973,0.04558558558558552,0.0004997787475922613,attentive,0,2
19.733333333333334,True,0.13224915153115127,0.29741677556450197,4.721753794266442,0.045553681843732374,0.0004988125909165306,attentive,0,2
19.766666666666666,True,1.295808979627039,3.941664926423627,4.713804713804714,0.04552188552188546,0.0004929221583198902,attentive,0,2
19.8,True,0.25566790079695056,-1.3492656586706355,4.705882352941177,0.045490196078431314,0.0004990427427793508,attentive,0,2
19.833333333333332,True,-0.06833690669665853,1.2312251277521622,4.697986577181208,0.04545861297539144,0.0004931051284042718,attentive,0,2
19.866666666666667,True,0.17602153935797613,0.8422216878281842,4.690117252931323,0.04542713567839189,0.0004904545573382224,attentive,0,2
19.9,True,-1.1630003842665215,-0.05982870584973035,4.682274247491638,0.045395763656633156,0.00048121309835091105,attentive,0,2
19.933333333333334,True,-0.44155994194554354,0.8914375285598088,4.674457429048414,0.04536449638286026,0.00047382633037944445,attentive,0,2
19.966666666666665,True,3.4395457325212493,0.7773845481316451,4.666666666666667,0.04533333333333327,0.0004956355343358892,attentive,0,2
20.0,True,1.6312575233551354,0.2857464438843898,4.658901830282862,0.045302273987798056,0.0005058175739453355,attentive,0,2
20.03333333333333,True,1.3108080543923413,-0.6810390364464497,4.651162790697675,0.0452713178294573,0.0005171687634505246,attentive,0,2
20.066666666666666,True,-0.4599035381434368,-2.1677030329227494,4.643449419568822,0.04524046434494189,0.0005209099464727584,attentive,0,2
20.1,True,0.2639478503606437,1.0102108830385412,4.635761589403973,0.04520971302428249,0.0005182729904086304,attentive,0,2
20.133333333333333,True,-1.497832990632905,0.5406568381672886,4.628099173553719,0.04517906336088148,0.0005044270926487884,attentive,0,2
20.166666666666668,True,-2.298423462653489,3.1970743872553147,4.62046204620462,0.045148514851485085,0.00047501413517077497,attentive,0,2
20.2,True,0.060363960216124425,0.7380647063497072,4.612850082372323,0.04511806699615589,0.00047197150970218894,attentive,0,2
20.233333333333334,True,1.2935257342571087,-1.0638865124924246,4.605263157894736,0.04508771929824555,0.0004845393123397645,attentive,0,2
20.266666666666666,True,-2.3676406002936465,0.8648071253538261,4.597701149425287,0.04505747126436775,0.0004633091316556046,attentive,0,2
20.3,True,0.8995041206781884,0.35696322114033174,4.590163934426229,0.04502732240437152,0.00046780296011087244,attentive,0,2
20.333333333333332,True,-1.2810049834610269,-0.2582363962252549,4.582651391162029,0.04499727223131472,0.0004586584432796424,attentive,0,2
20.366666666666667,True,0.575981164894891,-3.5727409404694193,4.57516339869281,0.04496732026143785,0.00047506478667391755,attentive,0,2
20.4,True,1.6225801194456657,-1.2302728467923352,4.567699836867863,0.04493746601413806,0.0004905139580775079,attentive,0,2
20.433333333333334,True,2.4992164478028704,0.6417114218553804,4.5602605863192185,0.04490770901194348,0.0005054831589194025,attentive,0,2
20.466666666666665,True,1.1891160441705535,0.779017755093981,4.5528455284552845,0.04487804878048774,0.0005104397873267499,attentive,0,2
20.5,True,-3.139962529258888,-0.13077009503332637,4.545454545454546,0.04484848484848479,0.00048742805259449336,attentive,0,2
20.53333333333333,True,-1.7710538376884464,0.5906049087686857,4.538087520259319,0.04481901674770388,0.0004717534435261948,attentive,0,2
20.566666666666666,True,-0.27297942775454614,0.3456286833312108,4.53074433656958,0.044789644012944926,0.0004677840922553314,attentive,0,2
20.6,True,-1.137258798370522,0.5749628417451691,4.523424878836833,0.044760366182013935,0.0004567986918604253,attentive,0,2
20.633333333333333,True,-2.099552323102058,-0.11589564415591747,4.516129032258064,0.04473118279569886,0.0004414267620633451,attentive,0,2
20.666666666666668,True,-1.6696520747049592,0.09797644144494257,4.508856682769726,0.04470209339774551,0.0004284157667733706,attentive,0,2
20.7,True,2.8738581396730916,0.06594927759208727,4.501607717041801,0.04467309753483381,0.0004480262701913988,attentive,0,2
20.733333333333334,True,1.6880249394107394,-3.1470680612680106,4.49438202247191,0.04464419475655425,0.00047057489198024615,attentive,0,2
20.766666666666666,True,2.7253964628172795,0.04210015792357122,4.487179487179487,0.04461538461538456,0.0004890824919315277,attentive,0,2
20.8,True,-1.2330996865002346,1.3872191375656335,4.4799999999999995,0.0445866666666666,0.0004745989163513133,attentive,0,2
20.833333333333332,True,2.7808080447966157,1.3547221414222876,4.472843450479233,0.04455804046858354,0.0004887747219452531,attentive,0,2
20.866666666666667,True,-1.0383455231089982,-0.678894876902332,4.4657097288676235,0.0445295055821371,0.00048304108808315495,attentive,0,2
20.9,True,-3.2269626473936492,-0.39359202262712145,4.45859872611465,0.0445010615711252,0.0004608269983386482,attentive,0,2
20.933333333333334,True,-2.0020129920883214,-0.9678426073445029,4.451510333863275,0.04447270800211971,0.00044936769600307304,attentive,0,2
20.966666666666665,True,-0.3713063278376683,1.1497278823000743,4.444444444444445,0.044444444444444384,0.00044197949141338416,attentive,0,2
21.0,False,-0.16064360507233252,-1.51921991395078,4.595879556259905,0.04505018489170622,0.0004454978641292499,attentive,0,2
21.03333333333333,False,-4.279020419534084,-2.693469400902105,4.746835443037975,0.0478762306610406,0.0004241721064744532,attentive,0,2
21.066666666666666,False,-3.948361264844717,-2.020097480288316,4.897314375987362,0.050700368615060484,0.00040287141313650473,attentive,0,2
21.1,False,1.3610503547297563,-0.555093975412603,5.047318611987381,0.0535226077812829,0.0004137228065783578,attentive,0,2
21.133333333333333,True,0.9245333487741605,-2.05863179230202,5.039370078740157,0.04682414698162723,0.0004267465099095567,attentive,0,2
21.166666666666668,True,1.578716887968909,-0.7678406295729937,5.031446540880504,0.04679245283018861,0.0004397906695044257,attentive,0,2
21.2,True,2.6297669990932926,-0.5717090553672335,5.023547880690738,0.04676085818942955,0.00045944298854254476,attentive,0,2
21.233333333333334,True,2.226873229833212,2.7843536906965753,5.015673981191222,0.046729362591431484,0.0004645375319912585,attentive,0,2
21.266666666666666,True,0.045558188141946315,-2.2195514606469846,5.007824726134586,0.04669796557120494,0.00047184626420316883,attentive,0,2
21.3,True,-2.2677189907541617,0.978439832603818,5.0,0.0466666666666666,0.0004519635953385729,attentive,0,2
21.333333333333332,True,-1.738312628563747,1.4408915615625268,4.99219968798752,0.04663546541861668,0.00043421043036512047,attentive,0,2
21.366666666666667,True,-2.2032082152913373,-0.880059672395822,4.984423676012461,0.04660436137071644,0.00042132794005064777,attentive,0,2
21.4,True,0.03630697069380618,0.4292556949904982,4.976671850699844,0.04657335406946597,0.00041944012485581214,attentive,0,2
21.433333333333334,True,2.867389832634757,-1.6251975117892057,4.968944099378882,0.04654244306418212,0.0004441855669568253,attentive,0,2
21.466666666666665,True,1.1028099570211012,-0.8368179165918674,4.961240310077519,0.046511627906976674,0.00045397903577854286,attentive,0,2
21.5,True,-2.424823489937006,-1.2354167186822773,4.953560371517028,0.04648090815273471,0.00044084342921751055,attentive,0,2
21.53333333333333,True,2.0687515338237956,0.840410881883107,4.945904173106646,0.04645028335909318,0.0004514864401830492,attentive,0,2
21.566666666666666,True,-1.8053400072735393,1.7722476165881007,4.938271604938271,0.046419753086419685,0.0004323297305492442,attentive,0,2
21.6,True,1.24857123808108,-0.9677569687342116,4.930662557781202,0.04638931689779141,0.0004435276455163704,attentive,0,2
21.633333333333333,True,-0.6417390533924867,0.1554166999109524,4.923076923076923,0.04635897435897429,0.0004379259968080685,attentive,0,2
21.666666666666668,True,-0.3687749732760291,2.6811194862386043,4.915514592933948,0.04632872503840239,0.000425583494226214,attentive,0,2
21.7,True,0.9283588146207641,-1.5215247437530892,4.9079754601226995,0.0462985685071574,0.00043644487732298577,attentive,0,2
21.733333333333334,True,2.2986266089061926,0.17477040226603932,4.900459418070445,0.04626850433894837,0.0004508266456427102,attentive,0,2
21.766666666666666,True,-5.801030771980738,0.4665887513074757,4.892966360856269,0.04623853211009167,0.00040912932221148963,attentive,0,2
21.8,True,0.5776333437898052,0.9848803240357632,4.885496183206107,0.04620865139949103,0.00040908276807594655,attentive,0,2
21.833333333333332,True,-0.1135251267807328,-0.14150093302710468,4.878048780487805,0.04617886178861782,0.0004081693650740207,attentive,0,2
21.866666666666667,True,-0.9047114869429961,-0.008893022714779049,4.87062404870624,0.04614916286149156,0.00040145803016634424,attentive,0,2
21.9,True,-1.7396302365101357,-0.09574305667900385,4.86322188449848,0.04611955420466052,0.00038942096995048443,attentive,0,2
21.933333333333334,True,1.001402896925602,0.9421645804295392,4.855842185128983,0.04609003540718253,0.0003924066444638681,attentive,0,2
21.966666666666665,True,-0.4661343562764405,0.4000496992203296,4.848484848484849,0.04606060606060599,0.0003873261683635922,attentive,0,2
22.0,True,-2.3301257634267065,-1.8018669343047247,4.841149773071105,0.046031265758951015,0.0003771305678649796,attentive,0,2
22.03333333333333,True,0.8276805250708675,3.5691096035472984,4.833836858006042,0.046002014098690765,0.00037013675346771603,attentive,0,2
22.066666666666666,True,-0.4767685489139608,0.6204545098133374,4.826546003016592,0.04597285067873297,0.00036430282302795834,attentive,0,2
22.1,True,-0.3858955186653562,0.8603343976111822,4.819277108433735,0.04594377510040154,0.00035829190701288315,attentive,0,2
22.133333333333333,True,3.4676122246579077,-2.129902248688348,4.8120300751879705,0.04591478696741848,0.00038804594323626953,attentive,0,2
22.166666666666668,True,0.04168606650103344,-0.9590580935661509,4.804804804804805,0.04588588588588582,0.00039094153733741025,attentive,0,2
22.2,True,-0.15873414187985094,0.5927220271756795,4.7976011994003,0.0458570714642678,0.0003873229666136481,attentive,0,2
22.233333333333334,True,0.6891794548349107,0.3824307482987482,4.790419161676647,0.04582834331337318,0.0003900562760826932,attentive,0,2
22.266666666666666,True,0.9311764793449789,-1.7124205704690874,4.783258594917788,0.04579970104633775,0.00040134758385522874,attentive,0,2
22.3,True,0.8398327621726802,-1.0446920468014818,4.776119402985075,0.0457711442786069,0.0004097845694552685,attentive,0,2
22.333333333333332,True,-3.880919000961755,1.5771877848735256,4.769001490312966,0.04574267262791846,0.0003782448150487379,attentive,0,2
22.366666666666667,True,-1.7448111608667902,0.39164761591319336,4.761904761904762,0.045714285714285645,0.0003648470633806866,attentive,0,2
22.4,True,0.08876647469037517,-1.6624742475562675,4.75482912332838,0.04568598315998012,0.0003703805816848494,attentive,0,2
22.433333333333334,True,-0.5705293690009149,-0.08586022706577993,4.747774480712167,0.04565776458951526,0.00036635199687543886,attentive,0,2
22.466666666666665,True,-0.38426270657300987,-2.4200180315060242,4.7407407407407405,0.04562962962962956,0.00037124626591170573,attentive,0,2
22.5,True,3.1087268070991025,2.045576004459474,4.733727810650888,0.04560157790927015,0.0003844113441170918,attentive,0,2
22.53333333333333,True,4.178859525406395,-0.21757406173399646,4.726735598227474,0.0455736090595765,0.0004119915443721192,attentive,0,2
22.566666666666666,True,1.5748555312519552,1.6898236677630614,4.71976401179941,0.045545722713864235,0.0004161688344402064,attentive,0,2
22.6,True,-1.4379912146071063,-0.02012839137042121,4.712812960235641,0.04551791850760916,0.00040620931876898434,attentive,0,2
22.633333333333333,True,-2.1535658183269386,-0.6370277777203175,4.705882352941177,0.0454901960784313,0.0003936181486631687,attentive,0,2
22.666666666666668,True,-1.3396628421627352,-3.4337127749102443,4.698972099853157,0.04546255506607923,0.0003955018455914974,attentive,0,2
22.7,True,-0.28922464422121524,-1.2783423887259058,4.69208211143695,0.045434995112414396,0.0003972024557895011,attentive,0,2
22.733333333333334,True,0.06420349299132108,-1.3130050998275522,4.685212298682284,0.04540751586139573,0.0004013107069061593,attentive,0,2
22.766666666666666,True,0.86224187591637,-0.40805818193557725,4.678362573099415,0.04538011695906426,0.00040765233171337345,attentive,0,2
22.8,True,-1.7376173962281778,-1.0576950327835137,4.671532846715328,0.045352798053527904,0.00039921442965678357,attentive,0,2
22.833333333333332,True,0.8923681368518595,0.7881339531859934,4.664723032069971,0.04532555879494648,0.00040186086900622373,attentive,0,2
22.866666666666667,True,-0.5761852670868574,1.123475777370524,4.657933042212519,0.04529839883551667,0.0003939142938724794,attentive,0,2
22.9,True,-0.08951708919244117,2.0667167654084344,4.651162790697675,0.04527131782945729,0.00038608802650802227,attentive,0,2
22.933333333333334,True,1.5253369857516137,-0.261265912463366,4.644412191582003,0.045244315432994606,0.0003962096206768272,attentive,0,2
22.966666666666665,True,2.210247081808665,-0.9562261322024239,4.63768115942029,0.04521739130434775,0.00041295173329040273,attentive,0,2
23.0,True,-1.5940437563803067,0.04881439972140915,4.630969609261939,0.045190545103714355,0.0004019444003029041,attentive,0,2
23.03333333333333,True,-2.2396852172728376,2.9271329342157486,4.624277456647398,0.04516377649325619,0.0003775790234599441,attentive,0,2
23.066666666666666,True,0.7682404463984887,-1.1304025280931267,4.617604617604617,0.045137085137085066,0.00038558599110571337,attentive,0,2
23.1,True,-1.0977515269025728,0.38511832655429457,4.610951008645533,0.045110470701248725,0.0003767671147805227,attentive,0,2
23.133333333333333,True,-0.3530112048657014,1.7281370777968945,4.60431654676259,0.04508393285371695,0.0003684419199310279,attentive,0,2
23.166666666666668,True,4.019310363567754,-1.3185025806833404,4.597701149425287,0.045057471264367745,0.0003977884219867427,attentive,0,2
23.2,True,1.7448815815292378,0.13154376436957943,4.591104734576758,0.045031085604973625,0.00040792460757193275,attentive,0,2
23.233333333333334,True,5.538849088599489,0.04676762431909245,4.584527220630372,0.04500477554918808,0.0004424593559943221,attentive,0,2
23.266666666666666,True,1.946747792318262,0.9690872030894193,4.57796852646638,0.04497854077253212,0.00045112348465860334,attentive,0,2
23.3,True,2.5409694523799264,-0.4949579001219822,4.571428571428571,0.04495238095238088,0.0004681834568388747,attentive,0,2
23.333333333333332,True,2.2110882323050296,0.4387316321203315,4.56490727532097,0.04492629576795047,0.0004801433943152172,attentive,0,2
23.366666666666667,True,1.96730995384471,2.4772478999724434,4.5584045584045585,0.04490028490028483,0.00048407282603498656,attentive,0,2
23.4,True,1.1446939098886326,0.5147602865180494,4.551920341394026,0.0448743480322427,0.000488993941133907,attentive,0,2
23.433333333333334,True,2.452698670604672,1.082817131905265,4.545454545454546,0.044848484848484776,0.0005003655728756804,attentive,0,2
23.466666666666665,True,-1.8978712625977388,-0.8652041869615188,4.539007092198582,0.04482269503546092,0.0004904185189874911,attentive,0,2
23.5,True,-0.5179806208783735,1.3854225931036361,4.53257790368272,0.044796978281397476,0.00048210227042468106,attentive,0,2
23.53333333333333,True,-3.934180610322049,-0.24032074483218316,4.526166902404526,0.0447713342762847,0.0004574441327616196,attentive,0,2
23.566666666666666,True,1.0459171551983208,-0.4695650972695212,4.519774011299435,0.04474576271186434,0.00046483757139289216,attentive,0,2
23.6,True,1.112066063451518,0.545356185776151,4.513399153737659,0.044720263281617226,0.0004694437429459405,attentive,0,2
23.633333333333333,True,-0.6745971376536145,-1.0298411470502853,4.507042253521127,0.044694835680751104,0.0004677830142680607,attentive,0,2
23.666666666666668,True,1.8102834948169848,-1.5284953249269309,4.50070323488045,0.044669479606188396,0.00048321842592031973,attentive,0,2
23.7,True,0.5282837786551035,-1.882645897897537,4.49438202247191,0.044644194756554234,0.0004917133234345007,attentive,0,2
23.733333333333334,True,0.17034663929640406,-5.45336618335412,4.488078541374474,0.04461898083216449,0.0005090821514426086,attentive,0,2
23.766666666666666,True,0.20937710820481956,-2.1718623756607625,4.481792717086835,0.04459383753501393,0.0005164320724632161,attentive,0,2
23.8,True,0.6971642584745255,-1.317809793458061,4.475524475524476,0.0445687645687645,0.0005241391241424661,attentive,0,2
23.833333333333332,True,-0.4385342764232418,1.1484680880121996,4.4692737430167595,0.04454376163873364,0.000517120504506455,attentive,0,2
23.866666666666667,True,0.6881256105928136,0.5312321172172612,4.463040446304045,0.04451882845188278,0.0005190182726048292,attentive,0,2
23.9,True,2.0356211903046173,0.6440751491327112,4.456824512534819,0.044493964716805876,0.0005289025468505871,attentive,0,2
23.933333333333334,True,-1.0459990544321116,1.9223012724052269,4.450625869262865,0.044469170143718054,0.0005157598933894459,attentive,0,2
23.966666666666665,True,3.7624002179556557,0.5359494731454882,4.444444444444445,0.04444444444444437,0.0005366140878670404,attentive,0,2
24.0,False,-0.27203029631966746,1.2010361987963845,4.5769764216366156,0.04497457235321306,0.0005304911933348293,attentive,0,2
24.03333333333333,False,-1.463689361868929,-2.623720151279456,4.7091412742382275,0.047725453985841604,0.0005288218193444966,attentive,0,2
24.066666666666666,False,3.2166823048492548,1.5311709700693843,4.840940525587829,0.05047487321346235,0.00054315783846521,attentive,0,2
24.1,False,-2.047181113631451,-2.3091495784041256,4.972375690607735,0.053222836095764295,0.0005369281463959402,attentive,0,2
24.133333333333333,True,3.9659280225436384,-3.1537142482114904,4.9655172413793105,0.04652873563218384,0.0005701663153688768,attentive,0,2
24.166666666666668,True,0.33876281718585527,-1.5169960398821711,4.958677685950414,0.04650137741046825,0.0005760982003775633,attentive,0,2
24.2,True,-0.16611275208154772,1.2307084552445176,4.951856946354883,0.046474094452086126,0.0005705283451136858,attentive,0,2
24.233333333333334,True,0.07649070631421492,0.6873681815583498,4.945054945054945,0.04644688644688638,0.0005681134350885603,attentive,0,2
24.266666666666666,True,-2.6724736498845094,-0.9455353255668022,4.938271604938271,0.046419753086419685,0.0005539233329090388,attentive,0,2
24.3,True,-3.1165776997118466,-0.4264374062397245,4.931506849315069,0.04639269406392687,0.0005354880711343263,attentive,0,2
24.333333333333332,True,0.43500675552247053,-2.4885036881362566,4.924760601915184,0.046365709074327334,0.0005449653399203752,attentive,0,2
24.366666666666667,True,0.3001064085626789,-0.32431428612254787,4.918032786885246,0.04633879781420758,0.0005470275521252438,attentive,0,2
24.4,True,1.8671623940639441,-2.5618503532933845,4.911323328785812,0.04631195998180985,0.0005653692612141172,attentive,0,2
24.433333333333334,True,-1.5422177219740174,-0.49272747680818557,4.904632152588556,0.046285195277020824,0.0005567524760652035,attentive,0,2
24.466666666666665,True,0.215013201840143,0.31909177160188784,4.8979591836734695,0.04625850340136048,0.0005563303929748001,attentive,0,2
24.5,True,-1.590901673129533,0.35621487483997444,4.891304347826087,0.04623188405797095,0.000544892087123539,attentive,0,2
24.53333333333333,True,-2.0938672178743127,-0.9631754593302535,4.884667571234735,0.04620533695160554,0.0005344299721962845,attentive,0,2
24.566666666666666,True,0.04031229573472125,-0.016485778094454534,4.878048780487805,0.04617886178861782,0.0005339982253792883,attentive,0,2
24.6,True,3.5785938150675287,3.1653163222428,4.871447902571042,0.04615245827695076,0.0005452794525826308,attentive,0,2
24.633333333333333,True,1.6103839420861572,-3.605663520667428,4.864864864864865,0.04612612612612606,0.000565042382466047,attentive,0,2
24.666666666666668,True,0.8968400966146663,-1.2999002272204354,4.8582995951417,0.046099865047233395,0.0005735573362772332,attentive,0,2
24.7,True,1.3630117714414216,-0.07806138944519267,4.8517520215633425,0.046073674752919964,0.0005811823261873957,attentive,0,2
24.733333333333334,True,-2.9880941036395257,-1.0616629992763353,4.8452220726783315,0.04604755495737992,0.0005657013713353334,attentive,0,2
24.766666666666666,True,-2.877368466740947,-0.5693790189243406,4.838709677419355,0.046021505376344016,0.0005494530931643106,attentive,0,2
24.8,True,-2.0546118135210336,1.2847354892515908,4.832214765100671,0.04599552572706928,0.0005326262087251828,attentive,0,2
24.833333333333332,True,-4.325967660485008,0.3086990014554279,4.825737265415549,0.04596961572832879,0.0005052198455546384,attentive,0,2
24.866666666666667,True,0.8395706296385773,-3.5981491673348387,4.819277108433735,0.04594377510040154,0.0005202427266973198,attentive,0,2
24.9,True,3.36311630701076,0.05878231758257353,4.81283422459893,0.045918003565062315,0.0005393554452636452,attentive,0,2
24.933333333333334,True,-0.4066360550052494,1.5663034547468029,4.806408544726302,0.045892300845571804,0.0005315753369262296,attentive,0,2
24.966666666666665,True,1.8137507490150167,2.7771415636075467,4.8,0.0458666666666666,0.0005333861548012095,attentive,0,2
25.0,True,-1.4394268534842722,-0.8729462548390524,4.793608521970706,0.04584110075454942,0.0005267404047737201,attentive,0,2
25.03333333333333,True,-0.9706703966199318,0.4891889445815159,4.787234042553192,0.04581560283687937,0.0005188575356248738,attentive,0,2
25.066666666666666,True,0.18946118977690396,2.8142379405649844,4.780876494023905,0.045790172642762215,0.000510981479989512,attentive,0,2
25.1,True,1.0361684778578535,3.3979315515640494,4.774535809018567,0.045764809902740865,0.0005063969345670432,attentive,0,2
25.133333333333333,True,-2.0867274771002715,-4.100783753493644,4.768211920529802,0.0457395143487858,0.0005055123140482441,attentive,0,2
25.166666666666668,True,-3.111526944170845,0.5295709809532415,4.761904761904762,0.045714285714285645,0.00048499466145971766,attentive,0,2
25.2,True,-1.314957612377204,-1.648682880753079,4.7556142668428,0.045689123734037794,0.00048147351088975384,attentive,0,2
25.233333333333334,True,0.5105403369327299,1.5372308355845505,4.749340369393139,0.04566402814423916,0.00047932512847515555,attentive,0,2
25.266666666666666,True,-1.3168856574824028,-0.5168931525101377,4.743083003952568,0.04563899868247687,0.0004724957492619555,attentive,0,2
25.3,True,0.04190571387287114,1.8792898635701807,4.736842105263158,0.04561403508771923,0.000466624107381861,attentive,0,2
25.333333333333332,True,3.418828680887006,2.7937383194412417,4.730617608409987,0.04558913710030654,0.00047781972190664106,attentive,0,2
25.366666666666667,True,-1.4241711944110012,0.9066182581329659,4.724409448818897,0.045564304461942186,0.0004662420621754863,attentive,0,2
25.4,True,-0.5100134097440083,-0.24158172106922587,4.718217562254259,0.04553953691568363,0.0004633637921117095,attentive,0,2
25.433333333333334,True,-1.2691649218923573,0.2748485305915539,4.712041884816754,0.045514834205933614,0.0004545746935636393,attentive,0,2
25.466666666666665,True,0.657572071958904,-0.17128796246029596,4.705882352941177,0.0454901960784313,0.00045829836384475613,attentive,0,2
25.5,True,-0.7626121148399071,0.797676290852148,4.699738903394255,0.04546562228024362,0.0004509611582043091,attentive,0,2
25.53333333333333,True,1.598697510884106,-0.15124441043546866,4.69361147327249,0.04544111255975656,0.00046007518662966534,attentive,0,2
25.566666666666666,True,1.1537263096542547,-0.14281429146008054,4.6875,0.0454166666666666,0.0004665660230786967,attentive,0,2
25.6,True,-2.731703368423715,-0.4615586292947992,4.681404421326398,0.04539228435197219,0.0004515051855756248,attentive,0,2
25.633333333333333,True,-2.745929038354897,0.3784993893773759,4.675324675324675,0.04536796536796529,0.00043397694661575115,attentive,0,2
25.666666666666668,True,1.0082607488782338,0.7120210782626437,4.669260700389105,0.04534370946822301,0.0004371739801753901,attentive,0,2
25.7,True,2.3265118192560252,0.040465546847988275,4.66321243523316,0.045319516407599236,0.00044988506192721836,attentive,0,2
25.733333333333334,True,-1.276586323638531,-0.8607079091607392,4.657179818887451,0.045295385942216396,0.0004444375615219185,attentive,0,2
25.766666666666666,True,-0.14048072172008694,0.5454186193260675,4.651162790697675,0.04527131782945729,0.0004414907427867732,attentive,0,2
25.8,True,1.6802099966132897,1.287769461488264,4.645161290322581,0.045247311827956924,0.0004468641612741833,attentive,0,2
25.833333333333332,True,0.6791054385541436,-2.1537559793459815,4.639175257731959,0.04522336769759443,0.00045634548425207814,attentive,0,2
25.866666666666667,True,1.5822267279331674,0.19525028900860944,4.633204633204633,0.04519948519948513,0.0004642500965756711,attentive,0,2
25.9,True,-2.0640839151125836,0.0911739601145902,4.627249357326478,0.045175664095972505,0.000451601555205209,attentive,0,2
25.933333333333334,True,-0.16993712219415852,1.1855547218905131,4.621309370988447,0.045151904150620384,0.0004466703052661955,attentive,0,2
25.966666666666665,True,2.3755697176121284,-0.7465816243136725,4.615384615384616,0.04512820512820506,0.0004617606739903212,attentive,0,2
26.0,True,-3.358385869484775,0.6083813466286015,4.609475032010243,0.04510456679470757,0.0004403267704794554,attentive,0,2
26.03333333333333,True,-2.370063633671832,-1.8818432412405417,4.603580562659847,0.045080988917305984,0.00043164126018443164,attentive,0,2
26.066666666666666,True,4.0698943650646235,1.9496948590253589,4.597701149425287,0.045057471264367745,0.0004486580199517677,attentive,0,2
26.099999999999998,True,-3.1862963848446753,-0.7476751403313883,4.591836734693878,0.04503401360544211,0.00043214210799503235,attentive,0,2
26.133333333333333,True,-0.5675473050860579,2.050424217124656,4.585987261146497,0.04501061571125258,0.00042257386234494164,attentive,0,2
26.166666666666668,True,0.8644177873259414,-1.2713077980637826,4.580152671755725,0.044987277353689493,0.0004305184061240212,attentive,0,2
26.2,True,0.6360021389643653,1.1356272528272529,4.5743329097839895,0.044963998305802555,0.00043035645142218773,attentive,0,2
26.233333333333334,True,0.357206153274886,-2.1749956428328776,4.568527918781726,0.0449407783417935,0.0004379586723647784,attentive,0,2
26.266666666666666,True,-0.9935513977800285,0.8150535709794906,4.562737642585551,0.0449176172370088,0.00042951130503875764,attentive,0,2
26.3,True,-5.855922683963306,1.2032507446757732,4.556962025316456,0.04489451476793242,0.0003926382355595175,attentive,0,2
26.333333333333332,True,-0.9430753790004752,-1.0630898564617086,4.551201011378002,0.044871470712178604,0.0003898295598816386,attentive,0,2
26.366666666666667,True,1.0095529630560542,1.6023540846725988,4.545454545454546,0.044848484848484776,0.0003905066882191604,attentive,0,2
26.4,True,-3.780488440787095,-3.8200985297820607,4.539722572509458,0.044825556956704427,0.00037953119049885563,attentive,0,2
26.433333333333334,True,-1.8760623498964204,-0.5575019738390593,4.534005037783375,0.0448026868178001,0.0003701121819299269,attentive,0,2
26.466666666666665,True,-2.8574245100759055,1.8224508196060099,4.528301886792453,0.044779874213836404,0.0003485780091231448,attentive,0,2
26.5,True,-2.8706566176791526,-0.7789210692135364,4.522613065326634,0.04475711892797313,0.0003342864059119494,attentive,0,2
26.53333333333333,True,-1.6493853082713248,-1.1875077280023447,4.51693851944793,0.04473442074445831,0.00032798028080055757,attentive,0,2
26.566666666666666,True,-3.1180240821057796,-0.46933904241201296,4.511278195488721,0.04471177944862148,0.0003115104945344484,attentive,0,2
26.599999999999998,True,2.6498402545631325,2.554128610305513,4.505632040050062,0.04468919482686684,0.0003187566972219196,attentive,0,2
26.633333333333333,True,1.4267471389346482,-0.3291369005387822,4.5,0.04466666666666659,0.0003271988935126369,attentive,0,2
26.666666666666668,True,-0.8650012449766501,-1.2918574360670783,4.49438202247191,0.044644194756554234,0.0003255748553493218,attentive,0,2
26.7,True,2.957170380805934,-1.7485992554363015,4.488778054862843,0.04462177888611797,0.0003464017640003081,attentive,0,2
26.733333333333334,True,-2.2726201005045805,-0.19695392460297234,4.483188044831881,0.04459941884599412,0.00033393693192557085,attentive,0,2
26.766666666666666,True,2.667219245532423,-1.5583839106821027,4.477611940298507,0.04457711442786062,0.00035257305901893857,attentive,0,2
26.8,True,2.567905094773281,0.2942724324746149,4.472049689440994,0.04455486542443057,0.000365500263658037,attentive,0,2
26.833333333333332,True,-0.8022942863588646,-0.30755979944724754,4.466501240694789,0.044532671629445755,0.0003614707519626508,attentive,0,2
26.866666666666667,True,-0.8307263980822183,1.5308230188057155,4.4609665427509295,0.044510532837670314,0.0003522323170091788,attentive,0,2
26.9,True,1.4621814303225686,0.38004110758834025,4.455445544554455,0.04448844884488441,0.0003587939705031355,attentive,0,2
26.933333333333334,True,0.14516063874625712,-2.2450833353983737,4.449938195302843,0.044466419447877964,0.00036531490808359003,attentive,0,2
26.966666666666665,True,1.4206445106785044,0.043937245544080475,4.444444444444445,0.04444444444444437,0.0003725383924928502,attentive,0,2
27.0,False,1.4132497945649656,-0.7125516444088444,4.562268803945746,0.04491574188244958,0.0003817763948408896,attentive,0,2
27.03333333333333,False,-1.7079262573457912,-2.971475818044245,4.679802955665025,0.04760810071154879,0.0003800900892187611,attentive,0,2
27.066666666666666,False,0.30770563773218024,0.664602882709646,4.797047970479705,0.05029930299302984,0.0003794881153294794,attentive,0,2
27.099999999999998,False,-2.360880975007753,0.2983817037569135,4.914004914004914,0.052989352989352784,0.00036531690783379097,attentive,0,2
27.133333333333333,True,-2.4232552479171034,0.8794094091100798,4.9079754601226995,0.046298568507157384,0.00034925606935125655,attentive,0,2
27.166666666666668,True,0.32540812713553624,0.7999194041205264,4.901960784313726,0.04627450980392149,0.0003484220051326903,attentive,0,2
27.2,True,0.7723395854826671,0.8352627806300569,4.8959608323133414,0.04625050999591995,0.00034992513715506363,attentive,0,2
27.233333333333334,True,2.634031397704505,0.016125630746691086,4.88997555012225,0.04622656886715559,0.00036376504710600784,attentive,0,2
27.266666666666666,True,-1.5644625519543547,2.1262861166778433,4.884004884004884,0.046202686202686125,0.0003490617355016549,attentive,0,2
27.3,True,-0.29554115892584093,2.0718576888935534,4.878048780487805,0.04617886178861781,0.00034141941087368477,attentive,0,2
27.333333333333332,True,2.295326071876477,2.419503580300257,4.872107186358099,0.04615509541209899,0.0003468802576149476,attentive,0,2
27.366666666666667,True,-2.301596898074567,2.398936320557226,4.866180048661801,0.046131386861313795,0.00032752847001658837,attentive,0,2
27.4,True,-1.6151367975302573,1.8995309395349245,4.860267314702309,0.046107735925475825,0.00031327926697594327,attentive,0,2
27.433333333333334,True,-1.0891936205511383,-2.5091292985739013,4.854368932038835,0.046084142394821934,0.00031379104256206103,attentive,0,2
27.466666666666665,True,-1.9622581784253932,0.2843760503043754,4.848484848484849,0.04606060606060598,0.0003020736058582009,attentive,0,2
27.5,True,3.0012726516849377,-1.1330193044749606,4.842615012106537,0.04603712671509274,0.000320905006141248,attentive,0,2
27.53333333333333,True,-0.7527880824684756,-1.8082509711690826,4.836759371221282,0.04601370415155172,0.00032133028507035875,attentive,0,2
27.566666666666666,True,2.5535239704955854,0.4731029365944833,4.830917874396135,0.04599033816425113,0.00033337898709965305,attentive,0,2
27.599999999999998,True,4.063046915814353,3.262338216434686,4.8250904704463204,0.045967028548451874,0.00034601465275036793,attentive,0,2
27.633333333333333,True,-1.8377065209048629,-0.05919166884049993,4.819277108433735,0.04594377510040153,0.0003359157826922504,attentive,0,2
27.666666666666668,True,1.0429589348337802,-1.0544081048528322,4.813477737665464,0.04592057761732844,0.000343909268110913,attentive,0,2
27.7,True,2.0579425081810467,0.09135799114556784,4.807692307692308,0.04589743589743582,0.00035424518652588783,attentive,0,2
27.733333333333334,True,1.5491393224793,0.08239497424898982,4.8019207683073235,0.04587434973989589,0.0003618654968814246,attentive,0,2
27.766666666666666,True,-2.59505556188262,1.458724006113592,4.796163069544365,0.04585131894484405,0.00034371555122867894,attentive,0,2
27.8,True,1.2054455690894952,-0.5195897574026067,4.790419161676647,0.04582834331337318,0.0003511029335241644,attentive,0,2
27.833333333333332,True,-2.1905295974045322,0.11249298845211585,4.784688995215311,0.045805422647527835,0.00033873837078267837,attentive,0,2
27.866666666666667,True,3.3876799641799225,-0.45355267075247685,4.778972520908005,0.04578255675029861,0.00035752631803413233,attentive,0,2
27.9,True,-1.0156456997593373,-0.6904954635245069,4.77326968973747,0.04575974542561647,0.0003535441308712855,attentive,0,2
27.933333333333334,True,-0.103967932018376,0.2160359511127849,4.767580452920143,0.04573698847834716,0.00035199978793911334,attentive,0,2
27.966666666666665,True,2.7325192733639003,0.031012568727133753,4.761904761904762,0.04571428571428564,0.00036595647067305,attentive,0,2
28.0,True,-0.22497472077913291,0.7463524081190953,4.756242568370987,0.045691636940150535,0.00036236026969146663,attentive,0,2
28.03333333333333,True,0.4732280192175144,-1.9382381879896808,4.750593824228028,0.0456690419635787,0.00036954325228598633,attentive,0,2
28.066666666666666,True,-0.37008752222904695,-0.9586200643230244,4.744958481613286,0.04564650059311973,0.00036968072574410224,attentive,0,2
28.099999999999998,True,-1.0239488071468192,-0.8797901081731018,4.739336492890995,0.04562401263823057,0.0003661671295547779,attentive,0,2
28.133333333333333,True,1.7093719665599338,1.863108599997061,4.733727810650888,0.045601577909270136,0.00036982488136233385,attentive,0,2
28.166666666666668,True,1.6805973503470746,-1.7612950503159794,4.7281323877068555,0.04557919621749401,0.0003828431859444118,attentive,0,2
28.2,True,2.3375127993989446,-1.0857955438983575,4.7225501770956315,0.04555686737504912,0.0003975055018542144,attentive,0,2
28.233333333333334,True,0.3232076076346899,2.8805803668467496,4.716981132075472,0.04553459119496848,0.000391182014885106,attentive,0,2
28.266666666666666,True,0.8207802941414283,-1.3088538084198065,4.7114252061248525,0.045512367491165995,0.00039844384577112713,attentive,0,2
28.3,True,-1.62633411975067,-2.3311440306722657,4.705882352941177,0.0454901960784313,0.0003955658746876602,attentive,0,2
28.333333333333332,True,-1.7703346548428027,0.5075826121018985,4.700352526439483,0.04546807677242452,0.00038452982150735747,attentive,0,2
28.366666666666667,True,-2.9950307382975914,2.209838211057633,4.694835680751173,0.04544600938967128,0.00036269117229679115,attentive,0,2
28.4,True,-0.1716180120650493,3.4020372722360586,4.6893317702227435,0.04542399374755757,0.00035250885023374644,attentive,0,2
28.433333333333334,True,0.3655748883470303,-0.3348587509677581,4.683840749414521,0.045402029664324675,0.0003548699731717028,attentive,0,2
28.466666666666665,True,0.09005591450859207,2.8789392375799747,4.678362573099415,0.04538011695906425,0.00034744042438290476,attentive,0,2
28.5,True,3.060261430750895,0.7886207771579755,4.672897196261682,0.04535825545171332,0.00036087644175925856,attentive,0,2
28.53333333333333,True,-1.078156052641145,0.8252144865596915,4.667444574095683,0.045336444963049324,0.00035272417677641496,attentive,0,2
28.566666666666666,True,-0.06466170311677076,0.24040694744736368,4.662004662004662,0.045314685314685244,0.0003513554737636455,attentive,0,2
28.599999999999998,True,-2.577449478872651,0.26438677540379013,4.656577415599535,0.04529297632906473,0.0003369268210761724,attentive,0,2
28.633333333333333,True,-0.6194863217508318,0.626063515905071,4.651162790697675,0.045271317829457286,0.00033171583082064005,attentive,0,2
28.666666666666668,True,-0.41692393693526086,-2.586594765231076,4.645760743321719,0.045249709639953464,0.0003358543642249278,attentive,0,2
28.7,True,0.3251337500909819,0.3847876439789224,4.640371229698376,0.04522815158546009,0.00033614914481864215,attentive,0,2
28.733333333333334,True,0.03194421635731785,2.0719576481748616,4.634994206257242,0.045206643491695564,0.0003305888607176286,attentive,0,2
28.766666666666666,True,3.606128109389375,1.438933157510395,4.62962962962963,0.045185185185185106,0.0003450553166691343,attentive,0,2
28.8,True,1.3025684471459769,-0.6110503931989328,4.624277456647398,0.04516377649325619,0.00035291893232742536,attentive,0,2
28.833333333333332,True,-0.37570278522912687,-0.4480899404321921,4.618937644341801,0.0451424172440338,0.00035173307359102955,attentive,0,2
28.866666666666667,True,0.46642124739083823,-0.13258403655011333,4.61361014994233,0.04512110726643591,0.00035405819635974886,attentive,0,2
28.9,True,-1.8362410838080991,-0.5891434627063656,4.6082949308755765,0.045099846390168896,0.0003457564429207532,attentive,0,2
28.933333333333334,True,1.0703668580293486,-0.33247345739220585,4.602991944764097,0.04507863444572298,0.00035168309366653144,attentive,0,2
28.966666666666665,True,0.317757571550223,1.9934589631472517,4.597701149425287,0.04505747126436774,0.0003478102936353775,attentive,0,2
29.0,True,3.303335847106188,0.412027719540589,4.5924225028702645,0.04503635667814765,0.0003632156497842125,attentive,0,2
29.03333333333333,True,-2.473403129287863,1.093956859450024,4.587155963302752,0.0450152905198776,0.0003474047166536603,attentive,0,2
29.066666666666666,True,-0.33716845122759004,-0.4225471001295621,4.581901489117984,0.04499427262313853,0.0003463658419563974,attentive,0,2
29.099999999999998,True,-0.7473875768075469,0.6228264062886851,4.576659038901601,0.04497330282227299,0.0003405853532994328,attentive,0,2
29.133333333333333,True,0.5631519848802186,0.8775458363150899,4.571428571428571,0.044952380952380876,0.00034082787958377716,attentive,0,2
29.166666666666668,True,1.7214417019157233,-0.7758610004068899,4.5662100456621,0.04493150684931499,0.00035114084726116336,attentive,0,2
29.2,True,4.142064729993207,-0.23942969259907904,4.561003420752566,0.04491068034967685,0.00037233822663863196,attentive,0,2
29.233333333333334,True,0.6482226629924644,1.724870352474817,4.555808656036446,0.04488990129081237,0.00037082980540735565,attentive,0,2
29.266666666666666,True,-0.8504850131045917,2.070181044577635,4.550625711035267,0.04486916951080766,0.00036087398570511795,attentive,0,2
29.3,True,1.9120100088143617,-0.35037629003679255,4.545454545454546,0.044848484848484776,0.0003710053064477902,attentive,0,2
29.333333333333332,True,0.020549123604982754,-0.8466628955984496,4.540295119182747,0.044827847143397576,0.0003728234644876613,attentive,0,2
29.366666666666667,True,1.211463313476615,-1.4447740283008823,4.535147392290249,0.04480725623582758,0.00038214553578076965,attentive,0,2
29.4,True,-2.3301217459658385,-0.7247662983788702,4.530011325028313,0.044786711966779844,0.00037180844584833183,attentive,0,2
29.433333333333334,True,0.08569943841516432,1.4483215800037939,4.524886877828054,0.04476621417797881,0.00036817788651247153,attentive,0,2
29.466666666666665,True,-0.27899360225947145,1.7320313291624356,4.519774011299435,0.044745762711864326,0.00036201166282731905,attentive,0,2
29.5,True,-1.2096341710163492,1.7636598416390026,4.514672686230249,0.044725357411587584,0.0003511116542194836,attentive,0,2
29.53333333333333,True,2.280514801024307,-1.1249245938546317,4.509582863585118,0.04470499812100706,0.0003649609688919237,attentive,0,2
29.566666666666666,True,-1.4995394132255704,-1.2598217138751298,4.504504504504505,0.04468468468468461,0.00036019748153312157,attentive,0,2
29.599999999999998,True,0.6999816000925132,-0.17662924612435152,4.499437570303712,0.04466441694788144,0.00036373329850504873,attentive,0,2
29.633333333333333,True,1.9076304558416375,2.0926547567336056,4.49438202247191,0.044644194756554234,0.00036762574836927443,attentive,0,2
29.666666666666668,True,-3.383920626616834,0.18616925372748946,4.489337822671156,0.044624017957351214,0.00034986931466500374,attentive,0,2
29.7,True,3.470478750675705,4.634510316387126,4.484304932735426,0.04460388639760829,0.00035522309142973975,attentive,0,2
29.733333333333334,True,-1.8325361687354633,-1.406841640438859,4.479283314669653,0.0445837999253452,0.0003492057190565272,attentive,0,2
29.766666666666666,True,-0.744587853193711,1.1281644718030255,4.47427293064877,0.04456375838926167,0.0003423091673494284,attentive,0,2
29.8,True,0.3399223135769802,-2.5827275189386634,4.4692737430167595,0.04454376163873362,0.0003500274367989265,attentive,0,2
29.833333333333332,True,-0.6400021526573975,3.5094602136474573,4.464285714285714,0.04452380952380945,0.00033775814893800946,attentive,0,2
29.866666666666667,True,-2.8609116612142365,-0.23765073501823258,4.459308807134894,0.04450390189520617,0.0003237951518999013,attentive,0,2
29.9,True,1.3428427260478202,-0.12577896389477533,4.4543429844097995,0.04448403860430579,0.00033039192645480217,attentive,0,2
29.933333333333334,True,0.039874747892673014,3.1493855577047865,4.4493882091212456,0.044464219503151575,0.0003224366368025365,attentive,0,2
29.966666666666665,True,-0.7012942606991911,-1.1583095370784944,4.444444444444445,0.04444444444444437,0.0003214752158867809,attentive,0,2
30.0,False,-2.3529942628584206,-1.0043159172263896,4.550499445061043,0.04486866444691076,0.000311988629487374,attentive,0,2
30.03333333333333,False,-2.270580255254599,0.5467228248361822,4.656319290465632,0.04751416605075122,0.00029910792434173543,attentive,0,2
30.066666666666666,False,2.522032622598488,-0.19247097073416738,4.761904761904762,0.05015873015873007,0.00031166344950471654,attentive,0,2
30.099999999999998,False,-0.8825993315610885,-2.4324672040432214,4.867256637168142,0.052802359882005684,0.00031295897553383135,attentive,0,2
30.133333333333333,True,3.208026471997442,3.1288552598785935,4.861878453038674,0.046114180478821286,0.00032068485925421455,attentive,0,2
30.166666666666668,True,-1.513183322236169,2.1977145062195005,4.856512141280353,0.046092715231788,0.00030751736026634057,attentive,0,2
30.2,True,-1.0243661600133898,-0.5733317531420753,4.851157662624035,0.04607129731716273,0.0003035634624861015,attentive,0,2
30.233333333333334,True,3.2673172283586047,-1.564247529746631,4.845814977973569,0.046049926578560864,0.0003230501938330058,attentive,0,2
30.266666666666666,True,2.0281923964160593,0.5538693188628137,4.84048404840484,0.046028602860285955,0.00033125736382871407,attentive,0,2
30.3,True,-1.9748809901438402,1.6622889764819275,4.835164835164836,0.04600732600732593,0.0003171887026065101,attentive,0,2
30.333333333333332,True,-4.1821202816487855,0.8915550310863967,4.829857299670691,0.04598609586534935,0.000294262661600151,attentive,0,2
30.366666666666667,True,-4.014044249611608,-0.38131637752965075,4.824561403508771,0.04596491228070168,0.00027530751949631654,attentive,0,2
30.4,True,1.774161644183063,-0.8408418561209203,4.819277108433735,0.04594377510040153,0.00028568911073573167,attentive,0,2
30.433333333333334,True,-1.0543614189138273,1.1834251397167188,4.814004376367615,0.045922684172137046,0.0002773722907080744,attentive,0,2
30.466666666666665,True,-1.9315848683597685,1.4498437365532253,4.808743169398907,0.045901639344262224,0.00026416565803268543,attentive,0,2
30.5,True,-1.143586072871199,-4.8614467294171115,4.8034934497816595,0.045880640465793224,0.0002701224752028941,attentive,0,2
30.53333333333333,True,2.132688951247539,2.8089531357815356,4.79825517993457,0.04585968738640487,0.00027335734652937475,attentive,0,2
30.566666666666666,True,0.4991468826439095,1.3012991488813177,4.793028322440087,0.045838779956426934,0.00027232608003329215,attentive,0,2
30.599999999999998,True,0.8114656975668505,0.08531535387086242,4.787812840043525,0.045817918026840695,0.0002757478411389574,attentive,0,2
30.633333333333333,True,3.0716842649828155,1.3122047800603494,4.782608695652174,0.04579710144927529,0.000287117592881452,attentive,0,2
30.666666666666668,True,0.8783415109926076,0.4949556650090591,4.7774158523344195,0.04577633007600426,0.0002898501889489619,attentive,0,2
30.7,True,5.789719641931642,0.7272607331018446,4.772234273318872,0.04575560375994207,0.00031569194832648526,attentive,0,2
30.733333333333334,True,-0.8150266886347444,-0.08061420903148411,4.7670639219935,0.04573492235464059,0.0003116194780123287,attentive,0,2
30.766666666666666,True,0.9989305475783584,1.6407785090812699,4.761904761904762,0.04571428571428564,0.00031214101197329523,attentive,0,2
30.8,True,-1.955504661985586,-0.029596860946019196,4.756756756756757,0.04569369369369362,0.00030247884760473516,attentive,0,2
30.833333333333332,True,0.4448253034021137,-1.827831875781206,4.751619870410368,0.04567314614830806,0.00030867363282470944,attentive,0,2
30.866666666666667,True,-1.7383488555875053,-1.9528900830463782,4.746494066882416,0.045652642934196255,0.0003046877506171109,attentive,0,2
30.9,True,1.5952736109371268,-1.0349272404833827,4.741379310344827,0.045632183908045895,0.00031447789662903596,attentive,0,2
30.933333333333334,True,-3.386283799646681,-1.5603739212723724,4.736275565123789,0.04561176892716175,0.00030167151286751445,attentive,0,2
30.966666666666665,True,1.7221625515512113,-0.3081036913336909,4.731182795698925,0.04559139784946229,0.00031031351194432623,attentive,0,2
31.0,True,0.1369226247182182,0.23784330714575197,4.726100966702471,0.045571070533476477,0.00031006613364599884,attentive,0,2
31.03333333333333,True,1.902776308038693,2.540198830165722,4.721030042918455,0.04555078683834041,0.0003127505018524151,attentive,0,2
31.066666666666666,True,-3.5648709271674894,-1.5613166822533753,4.715969989281887,0.04553054662379413,0.00029915240039257187,attentive,0,2
31.099999999999998,True,2.6609492885878567,-0.6932721955700728,4.710920770877944,0.04551034975017837,0.0003131437213361101,attentive,0,2
31.133333333333333,True,-0.11779749279266472,-0.7256138766796016,4.705882352941177,0.0454901960784313,0.0003139734402107222,attentive,0,2
31.166666666666668,True,2.1150954691856434,-0.15384997502093772,4.700854700854701,0.045470085470085395,0.0003240464527114283,attentive,0,2
31.2,True,-0.36497078146828027,0.8014990222793749,4.695837780149413,0.045450017787264235,0.00032006860025337984,attentive,0,2
31.233333333333334,True,-0.040982436839832305,-1.050850948949667,4.690831556503198,0.045429992892679384,0.0003220227703674666,attentive,0,2
31.266666666666666,True,-0.4303021285525101,-2.3074247226925784,4.685835995740149,0.045410010649627186,0.0003251038500477936,attentive,0,2
31.3,True,0.9622366243432556,-1.251589380776681,4.680851063829787,0.04539007092198574,0.00033226641718004345,attentive,0,2
31.333333333333332,True,-0.9758188301931371,-0.14848394762574485,4.675876726886291,0.045370173574211754,0.0003276550732185567,attentive,0,2
31.366666666666667,True,-0.2384917630179042,-0.017091342908832848,4.670912951167728,0.0453503184713375,0.0003262223368041304,attentive,0,2
31.4,True,0.03228799955887853,-1.7134245435376463,4.665959703075292,0.04533050547896776,0.00033006633466225115,attentive,0,2
31.433333333333334,True,2.0489556750067712,-0.653872918516294,4.661016949152542,0.045310734463276756,0.0003409026209568175,attentive,0,2
31.466666666666665,True,3.021876386627002,0.08874425161700614,4.656084656084656,0.045291005291005215,0.0003545454248185611,attentive,0,2
31.5,True,1.2652626841812114,-0.36478776343882807,4.651162790697675,0.045271317829457286,0.00036097194041788665,attentive,0,2
31.53333333333333,True,-1.1477099453478365,0.5640302505947621,4.646251319957761,0.04525167194649764,0.0003538808046335889,attentive,0,2
31.566666666666666,True,1.306154217285768,-2.380375817248373,4.641350210970464,0.04523206751054845,0.0003652109450220905,attentive,0,2
31.599999999999998,True,-3.031612433655081,0.2938915271100959,4.636459430979979,0.04521250439058651,0.0003499399900526954,attentive,0,2
31.633333333333333,True,2.6226779691288415,0.6570755336922602,4.631578947368421,0.04519298245614027,0.00036030445182823155,attentive,0,2
31.666666666666668,True,-0.21253740508751337,-0.5730491483904735,4.6267087276550996,0.04517350157728699,0.00036027135762305043,attentive,0,2
31.7,True,2.395221720856636,0.29566453860332725,4.621848739495799,0.045154061624649786,0.0003703849355693147,attentive,0,2
31.733333333333334,True,-1.9828829877986474,0.25398803952860927,4.616998950682056,0.04513466246939482,0.00036015658711150404,attentive,0,2
31.766666666666666,True,-1.087820953358801,0.5287905298220993,4.612159329140461,0.04511530398322844,0.00035347943150763753,attentive,0,2
31.8,True,3.574117476214885,0.4145601837601115,4.607329842931937,0.045095986038394334,0.00036877811451983356,attentive,0,2
31.833333333333332,True,-0.8196757478877514,-0.2445757126491415,4.602510460251046,0.045076708507670774,0.0003651502067219249,attentive,0,2
31.866666666666667,True,-1.9065774793715948,0.8268962903807315,4.597701149425287,0.04505747126436774,0.0003539941197785863,attentive,0,2
31.9,True,-1.158399372355593,-0.340398955796389,4.592901878914405,0.04503827418232421,0.00034904005542503685,attentive,0,2
31.933333333333334,True,1.525994386921888,-0.4820262208974417,4.588112617309697,0.04501911713590538,0.000356865213505908,attentive,0,2
31.966666666666665,True,3.8948256453640835,0.08830572591001216,4.583333333333333,0.04499999999999992,0.0003743206677159555,attentive,0,2
32.0,True,-3.216888180815268,0.4519751630987957,4.578563995837669,0.04498092265001727,0.00035800850255188676,attentive,0,2
32.03333333333333,True,3.793082942196387,-1.9623850062225627,4.5738045738045745,0.044961884961884885,0.00037969352695582995,attentive,0,2
32.06666666666666,True,1.5836116365469883,2.0055384480484086,4.569055036344756,0.04494288681204561,0.0003819799530269398,attentive,0,2
32.1,True,-5.159319513806363,-0.6166326125216375,4.564315352697095,0.044923928077454975,0.00035921854824604255,attentive,0,2
32.13333333333333,True,-4.9305065951559115,1.721130603410466,4.5595854922279795,0.0449050086355785,0.00033217469760601264,attentive,0,2
32.166666666666664,True,1.4901503882381268,-2.1355316411654894,4.554865424430641,0.044886128364389155,0.00034359948206361335,attentive,0,2
32.2,True,-1.435703688242093,0.4812919830433462,4.550155118924509,0.044867287142364626,0.00033553945879242835,attentive,0,2
32.233333333333334,True,-2.3870707794519777,-0.06382297462689064,4.545454545454546,0.044848484848484776,0.00032437942357494977,attentive,0,2
32.266666666666666,True,-0.3151922664419109,0.3408787725359842,4.540763673890609,0.04482972136222903,0.00032181725399341426,attentive,0,2
32.3,True,1.0264730885073854,-0.5389753068429515,4.536082474226804,0.044810996563573804,0.00032742344808175494,attentive,0,2
32.333333333333336,True,0.06661194761088501,0.8472748501524877,4.531410916580844,0.04479231033298997,0.0003254520749119014,attentive,0,2
32.36666666666667,True,0.12346185399580552,-0.026849984048003345,4.526748971193416,0.04477366255144025,0.00032574315917877213,attentive,0,2
32.4,True,0.24219763850129036,-0.6707513207075444,4.522096608427543,0.044755053100376765,0.00032804660139889246,attentive,0,2
32.43333333333333,True,-0.6839495058224392,-2.0183364150688994,4.517453798767967,0.04473648186173845,0.0003291937983708169,attentive,0,2
32.46666666666667,True,4.409863731907093,-2.2308415987083907,4.512820512820513,0.04471794871794864,0.00035404264589960496,attentive,0,2
32.5,True,-0.025263900879362332,0.9006409038186152,4.508196721311475,0.04469945355191249,0.0003515142126203877,attentive,0,2
32.53333333333333,True,3.391245047899539,1.0521047453171612,4.503582395087001,0.04468099624701459,0.0003641883942530563,attentive,0,2
32.56666666666666,True,-0.3239032050133376,-2.292071717808061,4.4989775051124745,0.044662576687116484,0.0003675521309728189,attentive,0,2
32.6,True,0.3906186008226287,-2.5820122223330277,4.49438202247191,0.044644194756554234,0.0003748109006131333,attentive,0,2
32.63333333333333,True,-0.3803100767938316,2.0282783965822575,4.489795918367347,0.04462585034013598,0.00036810440751688424,attentive,0,2
32.666666666666664,True,0.5345929778561788,-1.4806363619739134,4.485219164118247,0.04460754332313958,0.00037350518978963013,attentive,0,2
32.7,True,-0.007065619663364372,0.9465625014411885,4.480651731160896,0.04458927359131018,0.000370950831165115,attentive,0,2
32.733333333333334,True,-3.8304018556625863,-1.0262683076894232,4.476093591047812,0.044571041030857836,0.00035557508056568,attentive,0,2
32.766666666666666,True,1.5918956625551046,-1.9512166098601806,4.471544715447155,0.044552845528455204,0.0003668103993297177,attentive,0,2
32.8,True,1.4799319919393097,0.2545580969017929,4.467005076142132,0.04453468697123512,0.0003725413439597875,attentive,0,2
32.833333333333336,True,0.6064900413368233,-0.6987212262236375,4.462474645030426,0.04451656524678829,0.00037647205773962833,attentive,0,2
32.86666666666667,True,3.319887735913452,1.1121604314648637,4.4579533941236065,0.04449848024316101,0.0003885360059876959,attentive,0,2
32.9,True,-0.15306882572070019,1.5149285281177638,4.4534412955465585,0.04448043184885282,0.0003840467856047593,attentive,0,2
32.93333333333333,True,0.9519998580688246,-0.6510620767978381,4.448938321536906,0.04446241995281421,0.0003893995341485483,attentive,0,2
32.96666666666667,True,1.8957862020554455,1.6555415642047029,4.444444444444445,0.04444444444444437,0.00039380088330576347,attentive,0,2
33.0,False,1.0135712488613167,2.2588117370338026,4.540867810292633,0.044830137907837124,0.0003928840100311839,attentive,0,2
33.03333333333333,False,3.1761456955003706,0.9799639583756579,4.637096774193548,0.04743727598566288,0.0004045227412769523,attentive,0,2
33.06666666666666,False,-3.491495738705601,1.416352663909431,4.733131923464249,0.050043638804967774,0.0003853185802052387,attentive,0,2
33.1,False,0.5976381413599754,1.138409215429912,4.82897384305835,0.05264922870556675,0.0003850580698233869,attentive,0,2
33.13333333333333,True,0.6332150592439831,1.5563160774839433,4.824120603015075,0.045963149078726895,0.0003840236486275934,attentive,0,2
33.166666666666664,True,-0.6423917189153338,2.7734004233625535,4.819277108433735,0.04594377510040153,0.00037458367874121314,attentive,0,2
33.2,True,-1.0451239037644422,-1.1239498083215942,4.814443329989969,0.04592443998662647,0.00037205417767213734,attentive,0,2
33.233333333333334,True,0.6419411392913416,4.327432606377177,4.809619238476954,0.04590514362057441,0.0003649043787236917,attentive,0,2
33.266666666666666,True,1.5996934600713064,-3.0534701117342076,4.804804804804805,0.04588588588588581,0.0003784482560709304,attentive,0,2
33.3,True,1.3148949123814548,1.5251848596347641,4.8,0.04586666666666659,0.0003805244855151443,attentive,0,2
33.333333333333336,True,1.1509428225775522,-1.3428508042992708,4.795204795204795,0.04584748584748577,0.0003882356641830819,attentive,0,2
33.36666666666667,True,-2.8357588095701196,0.2861704351618357,4.790419161676647,0.04582834331337318,0.00037463532241509696,attentive,0,2
33.4,True,-1.2740301406377268,-0.5594098086311021,4.785643070787637,0.045809238949817144,0.0003698558023802434,attentive,0,2
33.43333333333333,True,-0.2579169039708181,0.031403492671022964,4.780876494023905,0.04579017264276221,0.00036827618216845996,attentive,0,2
33.46666666666667,True,1.0750742944747895,-0.19391359809656297,4.776119402985075,0.04577114427860689,0.00037309284973080454,attentive,0,2
33.5,True,1.349981990912047,-0.10058376317069476,4.7713717693836974,0.045752153744201385,0.00037890830359123295,attentive,0,2
33.53333333333333,True,-3.8322882542704444,-0.6314666408579639,4.766633565044687,0.04573320092684534,0.00036301153959631067,attentive,0,2
33.56666666666666,True,-1.7218525153766076,0.6708096408176674,4.761904761904762,0.04571428571428564,0.0003535806095601793,attentive,0,2
33.6,True,0.32118159916216515,0.09589705127597214,4.757185332011893,0.045695407994714166,0.0003544337201707867,attentive,0,2
33.63333333333333,True,2.7870375828882312,-2.2372952372964843,4.752475247524752,0.0456765676567656,0.0003712695292554866,attentive,0,2
33.666666666666664,True,1.5494965170724242,2.009822686343434,4.747774480712167,0.04565776458951526,0.0003732963433221674,attentive,0,2
33.7,True,3.709229308934538,-1.5185531881721057,4.743083003952568,0.04563899868247687,0.00039255200527110506,attentive,0,2
33.733333333333334,True,1.053547097986966,-0.09270319494724005,4.738400789733465,0.045620269825600454,0.00039699019544012806,attentive,0,2
33.766666666666666,True,2.0202167998915566,-1.8790659535636673,4.733727810650888,0.045601577909270136,0.00040957151028868984,attentive,0,2
33.8,True,-0.5571495149415672,-1.2780086105581872,4.729064039408867,0.045582922824302055,0.0004095264142865993,attentive,0,2
33.833333333333336,True,-0.051680027591490894,2.858493139758516,4.724409448818897,0.04556430446194218,0.00040264509302375914,attentive,0,2
33.86666666666667,True,0.5102775797877781,0.38172391891814955,4.71976401179941,0.04554572271386423,0.0004036450732461927,attentive,0,2
33.9,True,0.5014991361167995,-0.6933541837010881,4.715127701375246,0.04552717747216757,0.0004069515831195259,attentive,0,2
33.93333333333333,True,0.7686292537820414,-0.2677818273426791,4.710500490677134,0.045508668629375124,0.00041048862841993575,attentive,0,2
33.96666666666667,True,1.1906564729407776,-0.28711485169406503,4.705882352941177,0.0454901960784313,0.00041589975677459087,attentive,0,2
34.0,True,2.138263435110889,0.5609820627799934,4.701273261508325,0.045471759712699886,0.0004235793517618434,attentive,0,2
34.03333333333333,True,-2.0564178831053606,1.4402105608755824,4.6966731898238745,0.045453359425962084,0.0004110904258314691,attentive,0,2
34.06666666666666,True,1.0756550950978938,0.233167510005661,4.69208211143695,0.04543499511241439,0.00041485528298052085,attentive,0,2
34.1,True,0.9788512250757885,-0.9781794240572563,4.6875,0.04541666666666659,0.00042082142229663987,attentive,0,2
34.13333333333333,True,-2.217362901269675,0.9654120673960842,4.682926829268292,0.04539837398373976,0.0004087032488332926,attentive,0,2
34.166666666666664,True,-1.437790138290237,-1.538278171300436,4.678362573099415,0.04538011695906425,0.00040540842845803804,attentive,0,2
34.2,True,2.3261881741459165,-0.7565840855550164,4.673807205452775,0.04536189548847769,0.0004167175848813654,attentive,0,2
34.233333333333334,True,-4.792286248668572,1.2583198912921287,4.669260700389105,0.04534370946822301,0.00039287319382683475,attentive,0,2
34.266666666666666,True,-1.3242923980813905,1.279099848798598,4.664723032069971,0.04532555879494647,0.00038400918868228566,attentive,0,2
34.3,True,-2.7625173240146736,1.4059698241153842,4.660194174757281,0.04530744336569571,0.0003686827407706313,attentive,0,2
34.333333333333336,True,-0.7906634042807879,-1.5655433920474544,4.655674102812803,0.0452893630779178,0.0003682911238941125,attentive,0,2
34.36666666666667,True,1.2436230826926933,1.3482518123760168,4.651162790697675,0.045271317829457286,0.0003703868675359235,attentive,0,2
34.4,True,0.8357672784489785,1.5390694861251235,4.646660212971927,0.0452533075185543,0.00037031327601259705,attentive,0,2
34.43333333333333,True,-2.0919918546085583,-1.7432270785213724,4.642166344294004,0.04523533204384261,0.000364709584620159,attentive,0,2
34.46666666666667,True,-3.9608646163213934,1.1371311785892384,4.63768115942029,0.04521739130434775,0.00034490715901777343,attentive,0,2
34.5,True,-0.9529109773130446,1.2343334694649257,4.633204633204633,0.04519948519948512,0.00033783859692929416,attentive,0,2
34.53333333333333,True,2.790257760347592,0.5251186719181045,4.628736740597879,0.04518161362905811,0.00034834619251519126,attentive,0,2
34.56666666666666,True,-1.6701187587705222,2.5779826520369244,4.624277456647398,0.04516377649325619,0.0003353404636429802,attentive,0,2
34.6,True,-1.4058925071998398,-0.10935655296712493,4.619826756496631,0.045145973692653114,0.00032923773308994435,attentive,0,2
34.63333333333333,True,3.013234293366455,2.135741570517527,4.615384615384616,0.04512820512820505,0.0003372346776120061,attentive,0,2
34.666666666666664,True,1.6817240344281086,0.9953916850890365,4.610951008645533,0.045110470701248725,0.0003419658138674054,attentive,0,2
34.7,True,-1.0099319221941983,-3.1867014249839896,4.606525911708253,0.045092770313499606,0.00034412608890335174,attentive,0,2
34.733333333333334,True,-2.0951750601170915,1.6369371641998969,4.6021093000958775,0.045075103867050104,0.0003313804960101152,attentive,0,2
34.766666666666666,True,0.2127070773435724,2.120843046869328,4.597701149425287,0.04505747126436774,0.00032745425055377903,attentive,0,2
34.8,True,-1.2898482229639325,-0.9072794233580408,4.5933014354066986,0.04503987240829338,0.00032358445483805543,attentive,0,2
34.833333333333336,True,-1.4177102907179997,0.6375140566655667,4.588910133843212,0.04502230720203944,0.00031589686689928616,attentive,0,2
34.86666666666667,True,2.4610262526033058,-0.19469020160225786,4.584527220630372,0.04500477554918808,0.000326455264684926,attentive,0,2
34.9,True,-2.9773924875098046,-1.9620383933399164,4.580152671755725,0.04498727735368949,0.0003176773778087854,attentive,0,2
34.93333333333333,True,-1.3963142475380474,-1.8972726514420506,4.575786463298379,0.04496981251986011,0.00031547780008683217,attentive,0,2
34.96666666666667,True,0.28225038464108815,1.1524777101971175,4.571428571428571,0.044952380952380876,0.0003139329493969824,attentive,0,2
35.0,True,1.660881756848821,-0.3779623268550043,4.567078972407232,0.04493498255629552,0.00032145690756026394,attentive,0,2
35.03333333333333,True,0.8559389440281645,-0.008263574652850056,4.562737642585551,0.044917617237008794,0.0003247849300661935,attentive,0,2
35.06666666666666,True,1.3185276538929633,1.0435082121429762,4.5584045584045585,0.044900284900284824,0.00032783947027324885,attentive,0,2
35.1,True,-4.108388058621698,-3.5344689848142528,4.554079696394687,0.04488298545224534,0.00031765639016772043,attentive,0,2
35.13333333333333,True,0.6366937411500233,0.7995858420466311,4.549763033175355,0.044865718799368015,0.0003183532964650937,attentive,0,2
35.166666666666664,True,-0.5793004071679481,0.2792822383458731,4.545454545454546,0.044848484848484776,0.0003150259773655756,attentive,0,2
35.2,True,1.3415886887529824,-1.6861258913485204,4.541154210028382,0.04483128350678012,0.0003239139024765605,attentive,0,2
35.233333333333334,True,-1.7473488754374626,-0.7651055048590147,4.536862003780719,0.04481411468178947,0.0003178745126380174,attentive,0,2
35.266666666666666,True,-0.012013490793821526,0.10982704237612495,4.53257790368272,0.04479697828139747,0.00031729346646311256,attentive,0,2
35.3,True,-1.4942086025172827,-1.043682891897273,4.528301886792453,0.044779874213836404,0.00031291712186553254,attentive,0,2
35.333333333333336,True,3.4302740162605407,-1.55216690985967,4.524033930254477,0.0447628023876845,0.00033024229149071065,attentive,0,2
35.36666666666667,True,-1.917076645257326,-1.7141269235620795,4.519774011299435,0.044745762711864326,0.000325495199215918,attentive,0,2
35.4,True,-1.8457376093354714,-0.4094943580376733,4.51552210724365,0.04472875509564119,0.00031832794992088206,attentive,0,2
35.43333333333333,True,-1.111214794755685,0.5959875921372678,4.511278195488721,0.04471177944862147,0.0003121423510087829,attentive,0,2
35.46666666666667,True,-1.0558411612497454,0.7396437688562882,4.507042253521127,0.0446948356807511,0.00030589970072331666,attentive,0,2
35.5,True,-2.7783605133230105,0.7211364537128572,4.50281425891182,0.04467792370231387,0.0002925256912472183,attentive,0,2
35.53333333333333,True,0.09998574378622489,0.03279131345590629,4.498594189315839,0.044661043423929944,0.00029259971730793955,attentive,0,2
35.56666666666666,True,-1.251382267566563,1.6236080624719467,4.49438202247191,0.044644194756554234,0.00028373987030337513,attentive,0,2
35.6,True,-4.304965292245603,-0.9813448533041516,4.490177736202058,0.044627377611474825,0.0002676162476595261,attentive,0,2
35.63333333333333,True,0.7828965896076158,-0.47713392618762385,4.485981308411215,0.04461059190031145,0.000271608978280411,attentive,0,2
35.666666666666664,True,2.3797808756134664,-0.1547637098756374,4.481792717086835,0.04459383753501393,0.00028155212885801526,attentive,0,2
35.7,True,-0.8582911294200208,-0.9110734105665486,4.477611940298507,0.04457711442786062,0.00027961969248517195,attentive,0,2
35.733333333333334,True,-2.0233266945200548,1.3167032168195822,4.473438956197577,0.0445604224914569,0.00026825138873146374,attentive,0,2
35.766666666666666,True,3.1907107067953397,-1.7902672537306334,4.4692737430167595,0.04454376163873362,0.0002849097283598357,attentive,0,2
35.8,True,1.0477101235626587,-0.8101025459005176,4.465116279069767,0.044527131782945664,0.0002906509447221383,attentive,0,2
35.833333333333336,True,2.4811704029260078,0.27665084751125185,4.4609665427509295,0.044510532837670314,0.00030005800179197685,attentive,0,2
35.86666666666667,True,-0.7932901281897888,2.2230853854921317,4.456824512534819,0.04449396471680586,0.00029191874306366133,attentive,0,2
35.9,True,0.9843148006310396,-1.6594069370983768,4.452690166975881,0.04447742733457011,0.0002991268921133043,attentive,0,2
35.93333333333333,True,1.0246018136616366,-2.086653947925393,4.448563484708063,0.044460920605498847,0.0003073675480165021,attentive,0,2
35.96666666666667,True,-0.27051311518863086,1.4199506448948387,4.444444444444445,0.04444444444444437,0.0003030480165928817,attentive,0,2
36.0,False,-1.5879377052728294,0.15519644465343146,4.532839962997224,0.044798026518655484,0.00029591995931532825,attentive,0,2
36.03333333333333,False,3.169067532146891,-2.595459858743143,4.621072088724584,0.04737317724378702,0.0003139943707783494,attentive,0,2
36.06666666666666,False,-0.32944218446375656,0.18168370762786784,4.7091412742382275,0.04994767620806369,0.0003119796677037508,attentive,0,2
36.1,False,0.1593288019063701,-0.43144209315911697,4.797047970479705,0.05252152521525218,0.0003132295833382428,attentive,0,2
36.13333333333333,True,-0.868160129591142,-1.033415535204244,4.7926267281106,0.045837173579108985,0.0003115012514662914,attentive,0,2
36.166666666666664,True,0.03042355957468485,1.8671526032728436,4.788213627992634,0.04581952117863712,0.0003075182740828592,attentive,0,2
36.2,True,-0.34827560452539785,-1.0621038416947142,4.783808647654094,0.045801901257282965,0.0003079826907429975,attentive,0,2
36.233333333333334,True,0.8654116182490349,-1.960232843518929,4.779411764705882,0.04578431372549012,0.0003152385401490077,attentive,0,2
36.266666666666666,True,1.2744442644870722,-0.1193528118554974,4.775022956841139,0.04576675849403114,0.0003203938998016199,attentive,0,2
36.3,True,-1.8256740327959544,1.5245382752406633,4.770642201834862,0.045749235474006035,0.00030954769471345817,attentive,0,2
36.333333333333336,True,-4.856306911644589,-3.2035527586254364,4.766269477543538,0.04573174457684074,0.00029600587268008456,attentive,0,2
36.36666666666667,True,0.83646616204886,-1.6355472184800364,4.761904761904762,0.04571428571428564,0.00030246756763301845,attentive,0,2
36.4,True,0.6460379355765773,3.3766595791717933,4.757548032936871,0.04569685879841407,0.00029795258519232817,attentive,0,2
36.43333333333333,True,0.46695098735575424,0.018990369298550462,4.753199268738574,0.04567946374162088,0.00029953867688860367,attentive,0,2
36.46666666666667,True,0.15293187581580805,-1.9706898808030244,4.748858447488584,0.04566210045662092,0.0003038852242814698,attentive,0,2
36.5,True,-0.9818673389111127,-0.015536335993875066,4.744525547445255,0.04564476885644761,0.00029965783844863316,attentive,0,2
36.53333333333333,True,0.6750474361975329,-3.434775813523686,4.740200546946217,0.04562746885445146,0.00030907751769226096,attentive,0,2
36.56666666666666,True,-0.6893153021031507,1.8210527222548785,4.735883424408015,0.04561020036429865,0.0003023202454610878,attentive,0,2
36.6,True,0.931139505870227,4.271454509326745,4.731574158325751,0.04559296329996959,0.0002971737089975476,attentive,0,2
36.63333333333333,True,0.003922427541697762,2.3944089632827663,4.7272727272727275,0.04557575757575749,0.00029208220944755114,attentive,0,2
36.666666666666664,True,1.3463744093697847,-2.114268726175294,4.72297910990009,0.04555858310626695,0.00030151924759602917,attentive,0,2
36.7,True,0.5925815780685494,-0.11806176642939768,4.71869328493648,0.04554143980641251,0.0003038736361040919,attentive,0,2
36.733333333333334,True,-2.7853783400416456,-1.5687122902127602,4.71441523118767,0.045524327591417266,0.00029553519039820413,attentive,0,2
36.766666666666666,True,-1.5611814599756009,-1.278693292890216,4.710144927536232,0.045507246376811514,0.000291556405247761,attentive,0,2
36.8,True,2.0930566255411494,-0.4282224882998611,4.705882352941177,0.04549019607843129,0.000300572263180432,attentive,0,2
36.833333333333336,True,0.757562707182123,-1.1092018297702368,4.701627486437613,0.04547317661241704,0.00030557340789753726,attentive,0,2
36.86666666666667,True,0.702671590450104,-3.3484147345282604,4.697380307136405,0.045456187895212205,0.00031484019477272463,attentive,0,2
36.9,True,-1.3464042489567223,1.9464888847541673,4.693140794223827,0.0454392298435619,0.0003052513951932715,attentive,0,2
36.93333333333333,True,0.20566442790611408,0.28344195985079157,4.6889089269612265,0.04542230237451149,0.00030523240665129067,attentive,0,2
36.96666666666667,True,-1.8697985749189858,-1.1097974679049347,4.684684684684685,0.04540540540540532,0.00029969255827306016,attentive,0,2
37.0,True,1.2493521264652194,0.44259948024278944,4.68046804680468,0.04538853885388531,0.00030353542880304273,attentive,0,2
37.03333333333333,True,-0.29637868718035393,-0.3366978310716204,4.676258992805756,0.04537170263788961,0.00030275075556912887,attentive,0,2
37.06666666666666,True,2.1058683306821178,-1.924569877611531,4.672057502246182,0.04535489667565132,0.0003147305273550322,attentive,0,2
37.1,True,1.748709190623003,-0.5825751415432507,4.66786355475763,0.04533812088569711,0.0003225868305377162,attentive,0,2
37.13333333333333,True,3.130686561540722,-0.09254318828850833,4.663677130044843,0.04532137518684596,0.000334961025331195,attentive,0,2
37.166666666666664,True,-1.10822224554025,2.3380094516573546,4.659498207885305,0.045304659498207805,0.0003255918767765616,attentive,0,2
37.2,True,1.1458578263530454,1.003339630412774,4.6553267681289165,0.04528797373918225,0.00032786355623094115,attentive,0,2
37.233333333333334,True,2.5135437680011616,0.07373445725716793,4.651162790697675,0.045271317829457286,0.0003374159602827026,attentive,0,2
37.266666666666666,True,0.9656365113698845,1.402773147553471,4.647006255585344,0.04525469168900796,0.00033816397476598944,attentive,0,2
37.3,True,-0.5029491445722383,-0.08952458654880993,4.642857142857143,0.04523809523809516,0.00033604384085479834,attentive,0,2
37.333333333333336,True,-0.5624636821628825,0.4496373067899311,4.63871543264942,0.04522152839726427,0.0003326227200311283,attentive,0,2
37.36666666666667,True,4.145857203688323,2.525701710335386,4.634581105169341,0.04520499108734395,0.0003437463731763595,attentive,0,2
37.4,True,1.6049226659032383,0.7723155023660404,4.630454140694568,0.04518848322944486,0.0003482637254302648,attentive,0,2
37.43333333333333,True,-0.41611804355235693,1.5643232884392004,4.6263345195729535,0.0451720047449584,0.00034321572611830845,attentive,0,2
37.46666666666667,True,2.1978157146352997,1.3170418494202905,4.622222222222222,0.04515555555555548,0.00034899181007504344,attentive,0,2
37.5,True,2.6844014267747887,-1.4496128020291734,4.618117229129663,0.04513913558318523,0.00036213838465772545,attentive,0,2
37.53333333333333,True,1.1298804569971201,2.2332123154385597,4.614019520851819,0.045122744750073863,0.000361869403735828,attentive,0,2
37.56666666666666,True,0.7542834380819785,-0.02705588262887676,4.609929078014184,0.04510638297872332,0.0003645738590689874,attentive,0,2
37.6,True,-0.5893563977429511,3.8408544394489343,4.605845881310895,0.04509005019191017,0.00035437087615093626,attentive,0,2
37.63333333333333,True,-1.3445303011059142,-0.3594669736975944,4.601769911504425,0.045073746312684286,0.0003494759685348455,attentive,0,2
37.666666666666664,True,0.6610382439339706,1.0706325845436429,4.597701149425287,0.04505747126436774,0.0003496610156268656,attentive,0,2
37.7,True,-0.41941113647682626,1.2092147924688528,4.593639575971731,0.04504122497055351,0.000345331638865078,attentive,0,2
37.733333333333334,True,2.4358922031417753,1.3952795975840953,4.5895851721094445,0.04502500735510436,0.00035184552642261485,attentive,0,2
37.766666666666666,True,0.6243285823180711,1.840334709637009,4.5855379188712515,0.04500881834215159,0.0003503757869911215,attentive,0,2
37.8,True,-1.321210191112433,-2.3156434400967765,4.581497797356828,0.044992657856093896,0.0003494272876347356,attentive,0,2
37.833333333333336,True,-1.1480592429618275,-1.7244594154895205,4.577464788732395,0.04497652582159617,0.00034800142427427047,attentive,0,2
37.86666666666667,True,1.3099334815497143,0.817945514896324,4.573438874230431,0.04496042216358831,0.00035121713971896835,attentive,0,2
37.9,True,-1.2132259847952955,2.066820081313795,4.569420035149385,0.04494434680726413,0.00034213430479653536,attentive,0,2
37.93333333333333,True,-0.02266752472347505,0.4212809396277369,4.56540825285338,0.044928299678080104,0.000340923542088052,attentive,0,2
37.96666666666667,True,-0.6462427840174811,0.008604377877713352,4.56140350877193,0.044912280701754306,0.00033808824863804755,attentive,0,2
38.0,True,-1.2991285641625572,-0.2749205045433383,4.557405784399649,0.04489628980426518,0.00033326698788107244,attentive,0,2
38.03333333333333,True,0.5950479981938934,-1.0868194626488707,4.553415061295972,0.044880326911850475,0.0003374058190048128,attentive,0,2
38.06666666666666,True,-2.2054681389217907,2.253018910982118,4.549431321084865,0.04486439195100604,0.00032415455467628575,attentive,0,2
38.1,True,1.965205930756524,-1.1432855144235679,4.545454545454546,0.04484848484848477,0.00033372686980125143,attentive,0,2
38.13333333333333,True,0.9095342042181259,1.3890208916962297,4.541484716157205,0.04483260553129541,0.0003342700438436182,attentive,0,2
38.166666666666664,True,-1.1731643801718312,1.2912233205746206,4.537521815008725,0.04481675392670149,0.0003269247392078844,attentive,0,2
38.2,True,-2.514640781081776,-1.2070429187107448,4.533565823888405,0.04480092996222021,0.00031923442674814133,attentive,0,2
38.233333333333334,True,-0.7187659295296415,1.0178414673875247,4.529616724738676,0.04478513356562129,0.00031420339922494454,attentive,0,2
38.266666666666666,True,-1.1394288613336252,2.4191282474490077,4.525674499564839,0.04476936466492594,0.0003048438063426943,attentive,0,2
38.3,True,1.8325629001825021,-3.1475880761245056,4.521739130434783,0.04475362318840572,0.0003177433892675934,attentive,0,2
38.333333333333336,True,-2.081918418170287,2.548737019552071,4.5178105994787146,0.044737909064581444,0.00030450744297728927,attentive,0,2
38.36666666666667,True,-2.9077769878863418,2.0421379394869836,4.513888888888888,0.044722222222222136,0.00028908552888662673,attentive,0,2
38.4,True,-0.6581453039201384,0.8234436393371607,4.509973980919341,0.044706562590343946,0.0002847108103067358,attentive,0,2
38.43333333333333,True,0.9044507191067492,-2.54730938849963,4.506065857885615,0.04469093009820905,0.00029285271472051413,attentive,0,2
38.46666666666667,True,-0.5026404666739801,0.6641296099042819,4.5021645021645025,0.0446753246753246,0.00028938721348939055,attentive,0,2
38.5,True,0.5871026520729955,-0.4237358131460738,4.498269896193772,0.04465974625144167,0.00029220866076202,attentive,0,2
38.53333333333333,True,-2.1130635119646093,0.20123047720840573,4.49438202247191,0.04464419475655423,0.0002834525839378953,attentive,0,2
38.56666666666666,True,0.32824107245716283,-0.28851981923056125,4.490500863557859,0.04462867012089802,0.0002850212815033776,attentive,0,2
38.6,True,-4.848581193778787,0.12087332157582198,4.486626402070751,0.04461317227494959,0.0002659506357631611,attentive,0,2
38.63333333333333,True,-1.9941054351352632,1.893774781461234,4.482758620689655,0.044597701149425205,0.00025445319622709753,attentive,0,2
38.666666666666664,True,-1.0046203528635254,-0.1817715245847017,4.478897502153316,0.04458225667527985,0.0002507361455630253,attentive,0,2
38.7,True,0.9217673873558562,-1.72436817356341,4.475043029259897,0.044566838783706174,0.00025734366455857277,attentive,0,2
38.733333333333334,True,1.2467073195694431,0.6614273981140674,4.471195184866724,0.04455144740613348,0.0002606228899182239,attentive,0,2
38.766666666666666,True,0.937979095305724,1.1646300888579477,4.4673539518900345,0.044536082474226725,0.00026175700179544866,attentive,0,2
38.8,True,-0.49573050289721277,1.02479259806249,4.463519313304721,0.04452074391988547,0.00025768634036547276,attentive,0,2
38.833333333333336,True,-0.7726802299297442,-0.5916143106530515,4.459691252144083,0.044505431675242915,0.0002556476420571615,attentive,0,2
38.86666666666667,True,1.1026165686730856,2.2366074242489793,4.455869751499572,0.04449014567266488,0.0002553688346196132,attentive,0,2
38.9,True,0.5669128631794068,-1.1274294097332946,4.4520547945205475,0.04447488584474878,0.0002594524327180022,attentive,0,2
38.93333333333333,True,-1.9264786442652366,-0.09861304298015788,4.448246364414029,0.0444596521243227,0.00025209363062642646,attentive,0,2
38.96666666666667,True,-2.1230792433022985,2.628558660650846,4.444444444444445,0.04444444444444436,0.0002388207734924524,attentive,0,2
39.0,False,-3.601134037911908,-1.1248839232972716,4.526046114432109,0.04477085112439502,0.00022708369502087418,attentive,0,2
39.03333333333333,False,0.21785990261254043,-1.7319993706765682,4.607508532423208,0.04731892301858152,0.0002310001370253153,attentive,0,2
39.06666666666666,False,-2.357897486090617,-1.6637099146445233,4.6888320545609545,0.0498664393293546,0.00022502109919411681,attentive,0,2
39.1,False,0.5927042187478894,-1.3797295645563548,4.770017035775128,0.05241340147643386,0.00022968488588239014,attentive,0,2
39.13333333333333,True,3.821831073955197,-1.9431737365081938,4.76595744680851,0.04573049645390063,0.00024762054108006676,attentive,0,2
39.166666666666664,True,-1.6390215120970257,0.4000394097368155,4.761904761904762,0.04571428571428564,0.00024045971024594568,attentive,0,2
39.2,True,-4.786223861740335,2.934741409070465,4.7578589634664405,0.04569810252053235,0.00021664134717191229,attentive,0,2
39.233333333333334,True,-4.6578273828100265,-0.42059532223755647,4.753820033955857,0.04568194680249002,0.00019967747611058446,attentive,0,2
39.266666666666666,True,0.1259137407122857,-2.7564567250154557,4.749787955894826,0.045665818490245896,0.0002051782382294993,attentive,0,2
39.3,True,4.482146286187145,0.06252795196776664,4.745762711864407,0.045649717514124215,0.00022176851019410052,attentive,0,2
39.333333333333336,True,2.25764826502252,0.4887260052343544,4.741744284504657,0.045633643804685216,0.00022915730442728022,attentive,0,2
39.36666666666667,True,-1.6079539338088908,-1.2388742805897404,4.737732656514383,0.04561759729272412,0.0002252465047017297,attentive,0,2
39.4,True,1.519975493558502,2.2299438966113097,4.733727810650888,0.045601577909270136,0.0002265776705952019,attentive,0,2
39.43333333333333,True,-2.4028011092843045,-1.0233810234212566,4.72972972972973,0.04558558558558551,0.00021928754081495565,attentive,0,2
39.46666666666667,True,-4.715222745257436,-3.023487587494639,4.725738396624473,0.04556962025316448,0.00020708756463795245,attentive,0,2
39.5,True,-0.989859411844835,2.238264013163317,4.721753794266442,0.04555368184373235,0.00019900967023858937,attentive,0,2
39.53333333333333,True,-1.056919277799406,0.7993727343703181,4.717775905644482,0.04553777028924451,0.00019338809270123751,attentive,0,2
39.56666666666666,True,1.6990974477834697,0.4271795211729117,4.713804713804714,0.04552188552188544,0.00019878276298309022,attentive,0,2
39.6,True,0.7615432914094675,-2.0670246978999645,4.7098402018502945,0.04550602747406776,0.00020532543943833085,attentive,0,2
39.63333333333333,True,-3.391797741898593,1.1427523089246967,4.705882352941177,0.04549019607843129,0.00019035112713119902,attentive,0,2
39.666666666666664,True,-2.4369102084420318,0.5886560460987987,4.701931150293871,0.04547439126784207,0.00017999916431714563,attentive,0,2
39.7,True,0.9838178294900467,0.5209150821421401,4.697986577181208,0.045458612975391416,0.0001825452511047952,attentive,0,2
39.733333333333334,True,1.3722516041866542,1.1081902940085366,4.694048616932104,0.045442861134395,0.00018544022651946897,attentive,0,2
39.766666666666666,True,0.1038449614851312,-1.7734133492434268,4.690117252931323,0.04542713567839188,0.00018897206193781987,attentive,0,2
39.8,True,0.6010553723441832,0.776952656065313,4.686192468619247,0.045411436541143574,0.00018960455038180134,attentive,0,2
39.833333333333336,True,1.5607808581051696,0.01749026304547576,4.682274247491638,0.04539576365663314,0.0001952135236361548,attentive,0,2
39.86666666666667,True,2.6026989877236724,-0.17459444721055503,4.678362573099415,0.04538011695906424,0.00020503835671333226,attentive,0,2
39.9,True,4.182555965943572,0.15369300274923794,4.674457429048414,0.04536449638286024,0.0002200989237113232,attentive,0,2
39.93333333333333,True,1.725945493301377,1.3382932968748187,4.670558798999166,0.04534890186266325,0.000223832689208604,attentive,0,2
39.96666666666667,True,4.013536329701331,-0.40123527782711177,4.666666666666667,0.04533333333333325,0.00023925413962913337,attentive,0,2
40.0,True,-0.8793006151960562,3.4247245742700687,4.6627810158201495,0.04531779072994718,0.00022946416799901904,attentive,0,2
40.03333333333333,True,3.02646455594044,0.3468159326148967,4.658901830282862,0.045302273987798035,0.00023982256013003482,attentive,0,2
40.06666666666666,True,2.0654208710301045,-0.15159444784549198,4.655029093931837,0.04528678304239393,0.0002475338671178379,attentive,0,2
40.1,True,2.814631674363843,-0.8619124953209458,4.651162790697675,0.045271317829457286,0.00025930903434531223,attentive,0,2
40.13333333333333,True,2.226703503264398,2.5288411433847786,4.647302904564316,0.04525587828492385,0.0002626430625568173,attentive,0,2
40.166666666666664,True,-2.835400269564314,-1.8004185164920479,4.643449419568822,0.045240464344941875,0.00025529356670130385,attentive,0,2
40.2,True,1.5602193077071251,1.5100806237256519,4.63960231980116,0.045225075945871225,0.00025804690534932557,attentive,0,2
40.233333333333334,True,-2.05963475307636,-1.034115959615479,4.635761589403973,0.04520971302428248,0.0002521578791279415,attentive,0,2
40.266666666666666,True,4.404963825993422,2.1989430773543965,4.631927212572374,0.045194375516956084,0.00026410074013157145,attentive,0,2
40.3,True,0.8179909764860792,-1.981165891724892,4.628099173553719,0.04517906336088146,0.0002705255381327429,attentive,0,2
40.333333333333336,True,-0.34621366511825097,0.18505482565829987,4.624277456647398,0.04516377649325618,0.00026869194120081416,attentive,0,2
40.36666666666667,True,1.7232585564066816,2.1524028164160445,4.62046204620462,0.045148514851485064,0.0002708430283347653,attentive,0,2
40.4,True,4.205595529829218,-1.1265498340900506,4.616652926628195,0.04513327837317936,0.0002880929349592919,attentive,0,2
40.43333333333333,True,-0.4300220006101246,2.4519243941925413,4.612850082372323,0.04511806699615588,0.00028179308100332543,attentive,0,2
40.46666666666667,True,1.1572109156844808,-2.9613800629963727,4.609053497942387,0.04510288065843614,0.000291210538722418,attentive,0,2
40.5,True,0.12191686370047979,4.131901793731654,4.605263157894736,0.04508771929824553,0.0002838656688233759,attentive,0,2
40.53333333333333,True,-4.051105268062512,-0.18203463146592117,4.6014790468364835,0.04507258285401252,0.0002691703059901255,attentive,0,2
40.56666666666666,True,1.1336680343849623,-0.5123763170765068,4.597701149425287,0.04505747126436774,0.00027402085470049016,attentive,0,2
40.6,True,-4.678411171616817,0.12261581516141276,4.5939294503691555,0.04504238446814321,0.00025651516234243666,attentive,0,2
40.63333333333333,True,1.563027839384604,0.03132182270485768,4.590163934426229,0.0450273224043715,0.000261941942001836,attentive,0,2
40.666666666666664,True,-0.9116377916616542,-3.0211353703353687,4.586404586404586,0.04501228501228493,0.00026390751832927476,attentive,0,2
40.7,True,-3.2273090278074026,0.36173744476467196,4.582651391162029,0.0449972722313147,0.0002512959273424997,attentive,0,2
40.733333333333334,True,2.124031868216697,-0.2252956749463935,4.578904333605887,0.04498228400109013,0.00025921866059238724,attentive,0,2
40.766666666666666,True,1.1190106909945603,-1.0391801454855454,4.57516339869281,0.04496732026143783,0.00026495677448165394,attentive,0,2
40.8,True,-1.0317541871370863,2.1123866424560447,4.571428571428571,0.04495238095238087,0.0002571651634789384,attentive,0,2
40.833333333333336,True,-0.8853965811003816,-0.3085473103878389,4.567699836867863,0.04493746601413804,0.00025430496740248663,attentive,0,2
40.86666666666667,True,-4.916526180419926,1.8003995389354617,4.5639771801141,0.044922575387122986,0.00023302834124092466,attentive,0,2
40.9,True,3.5873414607510052,-0.7922190483043935,4.5602605863192185,0.04490770901194346,0.0002472557013861436,attentive,0,2
40.93333333333333,True,1.7102969282522344,3.5196257356804566,4.556550040683483,0.04489286682940052,0.00024687545196059484,attentive,0,2
40.96666666666667,True,-1.622309146566701,-0.8070882544926766,4.5528455284552845,0.04487804878048772,0.00024227089190273938,attentive,0,2
41.0,True,4.047142467194552,1.6732716600537834,4.54914703493095,0.04486325480639039,0.00025366540652134955,attentive,0,2
41.03333333333333,True,1.3768957274554732,0.4604936921182895,4.545454545454546,0.04484848484848477,0.00025759604925197367,attentive,0,2
41.06666666666666,True,-1.2662898884719023,1.4473045915344436,4.5417680454176805,0.04483373884833731,0.0002502142296779597,attentive,0,2
41.1,True,1.4770147697481222,-1.170949104716443,4.538087520259319,0.04481901674770386,0.0002574398414929383,attentive,0,2
41.13333333333333,True,-0.3500288475583008,-1.4457469929401263,4.534412955465587,0.044804318488528935,0.0002585731592961802,attentive,0,2
41.166666666666664,True,0.47305005188465127,-0.9359978560118721,4.53074433656958,0.044789644012944906,0.0002617478087713652,attentive,0,2
41.2,True,3.5506764142786755,0.8648418503494077,4.527081649151172,0.04477499326327127,0.0002727398584691301,attentive,0,2
41.233333333333334,True,3.298871900776072,4.035866309767906,4.523424878836833,0.044760366182013914,0.0002771181470267915,attentive,0,2
41.266666666666666,True,-0.6533056537491903,-1.376899709038831,4.519774011299435,0.044745762711864326,0.0002770205508208518,attentive,0,2
41.3,True,0.46157297742519077,-0.4491530023763217,4.516129032258064,0.04473118279569884,0.00027925646427848146,attentive,0,2
41.333333333333336,True,0.8603528098841431,0.9001465979175011,4.512489927477841,0.044716626376577945,0.00028050078984554296,attentive,0,2
41.36666666666667,True,-0.7810587791243155,-1.3620206367607688,4.508856682769726,0.04470209339774549,0.0002799169246157731,attentive,0,2
41.4,True,-1.914759062732094,-0.5214529779901298,4.505229283990346,0.04468758380262797,0.0002737776061862547,attentive,0,2
41.43333333333333,True,-0.14889522249306905,-1.145129484045114,4.501607717041801,0.04467309753483379,0.00027507117373944356,attentive,0,2
41.46666666666667,True,2.154472994519266,1.1032110781966487,4.497991967871486,0.04465863453815253,0.0002805722052122845,attentive,0,2
41.5,True,2.0033527687721624,-0.6876138501654017,4.49438202247191,0.04464419475655423,0.0002887192747599289,attentive,0,2
41.53333333333333,True,-0.23636905168170966,-0.13926480245069542,4.490777866880514,0.04462977813418864,0.0002878934759992505,attentive,0,2
41.56666666666666,True,2.8503008869709285,0.19899490153114338,4.487179487179487,0.044615384615384536,0.0002974591006577459,attentive,0,2
41.6,True,1.0471022148947884,-1.2108061152001521,4.483586869495596,0.04460101414464897,0.00030310122137599827,attentive,0,2
41.63333333333333,True,-2.455426054886349,1.945899449851571,4.4799999999999995,0.04458666666666658,0.0002906689598484543,attentive,0,2
41.666666666666664,True,1.0578912355914023,2.0346940510848976,4.476418864908074,0.04457234212629888,0.00029058065251772537,attentive,0,2
41.7,True,0.10573985881684603,1.9421206267271929,4.472843450479233,0.04455804046858352,0.00028727677924345047,attentive,0,2
41.733333333333334,True,-0.9888214783975965,-1.2500248910927843,4.4692737430167595,0.04454376163873362,0.0002857570619137316,attentive,0,2
41.766666666666666,True,2.3238174392253845,0.49927327101793995,4.4657097288676235,0.04452950558213708,0.00029288052625817894,attentive,0,2
41.8,True,0.12824975607465816,0.5094269995458687,4.462151394422311,0.04451527224435583,0.0002921992978841856,attentive,0,2
41.833333333333336,True,-0.25632092074521706,-0.08786132589767852,4.45859872611465,0.04450106157112518,0.00029121509724787885,attentive,0,2
41.86666666666667,True,-3.7905584897960107,3.2844297371966444,4.455051710421639,0.04448687350835314,0.0002717744652129629,attentive,0,2
41.9,True,-0.021133471868799204,-1.494245697974637,4.451510333863275,0.044472708002119686,0.0002741233086061641,attentive,0,2
41.93333333333333,True,-1.3390611307812972,2.053759394270528,4.447974583002383,0.04445856499867612,0.00026555347867993355,attentive,0,2
41.96666666666667,True,1.2291980152520139,-0.2964208907415661,4.444444444444445,0.04444444444444436,0.0002702013055861763,attentive,0,2
42.0,False,0.07485287459902548,1.2337186558455717,4.520222045995242,0.044747554850647554,0.00026807670695341336,attentive,0,2
42.03333333333333,False,-2.741419010903542,-0.3526569322824606,4.595879556259905,0.0472724071139283,0.0002588306854572808,attentive,0,2
42.06666666666666,False,-1.9130720010448294,-1.1617959815814625,4.671417260490895,0.04979678015307436,0.0002539378873065569,attentive,0,2
42.1,False,-0.5530129594832782,1.4157211417608038,4.746835443037975,0.052320675105485256,0.00024930353584731756,attentive,0,2
42.13333333333333,True,1.3930669190799632,-1.0839895191645639,4.743083003952568,0.04563899868247686,0.00025590509362719146,attentive,0,2
42.166666666666664,True,-1.9857758357079462,-1.1587783846048443,4.739336492890995,0.04562401263823057,0.000250765668352585,attentive,0,2
42.2,True,-0.009367641720102364,0.38327948619152563,4.73559589581689,0.04560905024993415,0.00024986264402496877,attentive,0,2
42.233333333333334,True,-2.502466596143015,0.18368426214694508,4.73186119873817,0.04559411146161926,0.00024057232568594982,attentive,0,2
42.266666666666666,True,2.7530128427676552,-0.6111936955336496,4.7281323877068555,0.04557919621749401,0.0002510949801549285,attentive,0,2
42.3,True,-1.296889166371059,-0.5941651530002579,4.724409448818897,0.04556430446194218,0.0002473983818682941,attentive,0,2
42.333333333333336,True,-0.4206433550273866,-0.684183292799577,4.720692368214005,0.04554943613952261,0.00024692905292503697,attentive,0,2
42.36666666666667,True,5.589984657928995,-2.81006113392567,4.716981132075472,0.04553459119496847,0.00027117592989213586,attentive,0,2
42.4,True,3.48701441095297,-0.5628177890634117,4.713275726630008,0.045519769573186625,0.00028411966288073305,attentive,0,2
42.43333333333333,True,-2.7862588557355776,0.3906817588706134,4.709576138147567,0.045504971219256854,0.00027349511496753214,attentive,0,2
42.46666666666667,True,-0.26614283084277646,-1.5835750927451748,4.705882352941177,0.04549019607843129,0.0002751129217288816,attentive,0,2
42.5,True,-1.1358536533572965,-1.2951095364969814,4.702194357366771,0.045475444096133674,0.00027319651875954055,attentive,0,2
42.53333333333333,True,-1.030795460401393,1.1174973819397103,4.698512137823023,0.04546071521795868,0.00026745036590791906,attentive,0,2
42.56666666666666,True,-2.536368770372698,1.134827013555217,4.694835680751173,0.04544600938967128,0.00025644720607665637,attentive,0,2
42.6,True,-1.5512149899746257,0.6892984814641225,4.691164972634871,0.04543132655720607,0.00024965869125753053,attentive,0,2
42.63333333333333,True,1.3576221296993338,0.032430463509298624,4.6875,0.04541666666666659,0.0002541213082450711,attentive,0,2
42.666666666666664,True,0.2989644936197225,-0.6940046313661034,4.683840749414521,0.04540202966432467,0.00025616412033613756,attentive,0,2
42.7,True,-1.6645731120000482,2.059766290210164,4.6801872074882995,0.04538741549661979,0.0002466231489921239,attentive,0,2
42.733333333333334,True,-0.852481134476703,0.8053434730011065,4.676539360872954,0.0453728241101584,0.00024208294606668703,attentive,0,2
42.766666666666666,True,-4.133112772223267,-0.6963052308910699,4.672897196261682,0.04535825545171331,0.0002287931266840538,attentive,0,2
42.8,True,-3.254344834345529,0.8559400519882726,4.669260700389105,0.045343709468223005,0.0002158790123257535,attentive,0,2
42.833333333333336,True,-1.6948588690225546,0.6582110448924166,4.665629860031104,0.045329186106791,0.00020871627802735346,attentive,0,2
42.86666666666667,True,-3.1635570133893056,0.5129615997540519,4.662004662004662,0.04531468531468524,0.000196743562924798,attentive,0,2
42.9,True,-0.09730587410103848,-1.0164200707371216,4.658385093167702,0.045300207039337397,0.0001980087004665835,attentive,0,2
42.93333333333333,True,0.6701033305957445,-3.354718930840873,4.654771140418929,0.0452857512283423,0.0002059490878070238,attentive,0,2
42.96666666666667,True,-1.3183179734564092,1.169553332807266,4.651162790697675,0.045271317829457286,0.00019923269440610521,attentive,0,2
43.0,True,-2.3437536076377183,0.6141251413425197,4.647560030983733,0.04525690679060152,0.0001899525720735453,attentive,0,2
43.03333333333333,True,-1.1334164508621472,-2.3580953229889055,4.643962848297214,0.04524251805985544,0.0001899625200677515,attentive,0,2
43.06666666666666,True,0.05174847805845767,3.506580239987537,4.640371229698376,0.04522815158546009,0.00018396687442385514,attentive,0,2
43.1,True,-0.4908763259137685,0.4522469838330554,4.636785162287481,0.04521380731581651,0.00018136205778440586,attentive,0,2
43.13333333333333,True,-0.43956678632474544,3.8061094567464036,4.633204633204633,0.04519948519948512,0.00017318212478500833,attentive,0,2
43.166666666666664,True,-2.2154840879379045,-0.025840583868643394,4.62962962962963,0.045185185185185106,0.0001654951228162834,attentive,0,2
43.2,True,-2.493313802262318,-0.2313593638521586,4.626060138781804,0.0451709072217938,0.00015722005891507582,attentive,0,2
43.233333333333334,True,-2.0145929846804824,0.9087009477724033,4.622496147919876,0.045156651258346094,0.00014864509582032296,attentive,0,2
43.266666666666666,True,-1.869176685219549,-1.0021093686188158,4.618937644341801,0.04514241724403379,0.0001438497245177151,attentive,0,2
43.3,True,-0.013621427619323888,-1.227278053581274,4.615384615384616,0.04512820512820505,0.00014579041310285978,attentive,0,2
43.333333333333336,True,1.6105440698451368,-2.6714543386747276,4.611837048424289,0.04511401486036374,0.00015574333272446494,attentive,0,2
43.36666666666667,True,-0.11229160961739448,-2.190148926561582,4.6082949308755765,0.04509984639016889,0.0001589784943691155,attentive,0,2
43.4,True,0.19864585657293993,-0.8901504256136938,4.604758250191865,0.045085699667434045,0.00016105217359874537,attentive,0,2
43.43333333333333,True,-0.8248309579896485,-0.7978616998697278,4.601226993865031,0.04507157464212671,0.0001594770650537061,attentive,0,2
43.46666666666667,True,-1.3312167312820329,1.5660041158665625,4.597701149425287,0.04505747126436774,0.00015215445584518367,attentive,0,2
43.5,True,-0.13859422457846948,1.6172848474943122,4.594180704441041,0.04504338948443075,0.00014881441364375167,attentive,0,2
43.53333333333333,True,2.72721564527058,1.3142190709071702,4.590665646518746,0.04502932925274157,0.0001557399355913744,attentive,0,2
43.56666666666666,True,-1.8514194534922253,2.6895132385019385,4.587155963302752,0.0450152905198776,0.0001447606030794775,attentive,0,2
43.6,True,2.8345061014140582,1.9986194890819267,4.583651642475172,0.045001273236567274,0.00015088105200972181,attentive,0,2
43.63333333333333,True,-1.0961333852234958,-0.5868317279630426,4.580152671755725,0.04498727735368949,0.00014804249133815558,attentive,0,2
43.666666666666664,True,-1.350483799033346,-0.5567551490308577,4.576659038901601,0.04497330282227299,0.00014429500160150329,attentive,0,2
43.7,True,-1.3136235009282071,3.035416885591288,4.573170731707317,0.04495934959349585,0.00013459378778346755,attentive,0,2
43.733333333333334,True,-0.024118693836851716,-2.0965834850261347,4.56968773800457,0.04494541761868487,0.00013795805772143804,attentive,0,2
43.766666666666666,True,-0.7877134168003699,0.43254718257874114,4.5662100456621,0.04493150684931498,0.0001344572034306311,attentive,0,2
43.8,True,-2.4851994900123913,1.8468996748600608,4.562737642585551,0.044917617237008794,0.000122834382312881,attentive,0,2
43.833333333333336,True,0.8008024558986646,-0.14788383297651733,4.5592705167173255,0.04490374873353589,0.000125695262543771,attentive,0,2
43.86666666666667,True,0.44853467468962654,-0.45680188297267754,4.555808656036446,0.04488990129081237,0.00012788425834940202,attentive,0,2
43.9,True,-2.414196407977216,0.6252819182566017,4.552352048558421,0.04487607486090027,0.00011859202660017212,attentive,0,2
43.93333333333333,True,-0.22105730549711192,-1.8274702297200616,4.548900682335103,0.044862269396006994,0.00012083613275257,attentive,0,2
43.96666666666667,True,-2.165845967492386,0.8838553979187019,4.545454545454546,0.04484848484848477,0.00011196420751243173,attentive,0,2
44.0,True,5.301276633392021,-0.6065355415715146,4.5420136260408785,0.0448347211708301,0.00013073568520605605,attentive,0,2
44.03333333333333,True,0.36037351568766535,-0.07562016196068408,4.53857791225416,0.04482097831568323,0.00013197545009930412,attentive,0,2
44.06666666666666,True,-1.0071091976758089,-1.7978675234593928,4.535147392290249,0.04480725623582758,0.00013151229426754647,attentive,0,2
44.1,True,-0.17641384347283792,1.430402956212556,4.531722054380665,0.04479355488418924,0.00012841996265361796,attentive,0,2
44.13333333333333,True,-0.10924901918415018,1.360463019244619,4.528301886792453,0.0447798742138364,0.00012567488920991638,attentive,0,2
44.166666666666664,True,1.25675359877614,-1.543707213873731,4.524886877828054,0.044766214177978804,0.0001323795326007016,attentive,0,2
44.2,True,-1.208517077923881,-1.0474989491025877,4.52147701582517,0.044752574729967264,0.00012998632152071252,attentive,0,2
44.233333333333334,True,-2.3898713783297048,0.1366118250550451,4.518072289156627,0.04473895582329309,0.00012166160862513218,attentive,0,2
44.266666666666666,True,1.8388140106521385,1.4272507172800282,4.514672686230249,0.04472535741158758,0.00012533292303052124,attentive,0,2
44.3,True,-3.254608552376024,2.688902023615356,4.511278195488721,0.044711779448621466,0.00010987006765252432,attentive,0,2
44.333333333333336,True,0.48448454689931336,-0.9191153197219513,4.507888805409467,0.044698221888304454,0.00011293984456725334,attentive,0,2
44.36666666666667,True,-0.7543862985171896,0.6699723677776304,4.504504504504505,0.0446846846846846,0.00010922017840965027,attentive,0,2
44.4,True,1.2384053420192402,-1.82616559596197,4.50112528132033,0.04467116779194791,0.00011631166328039482,attentive,0,2
44.43333333333333,True,0.19986421032289337,-1.0341981815178343,4.497751124437781,0.04465767116441771,0.0001186131564566191,attentive,0,2
44.46666666666667,True,2.4319084185366453,-2.223249163736801,4.49438202247191,0.04464419475655423,0.00013032133803032636,attentive,0,2
44.5,True,1.3824615284877961,1.3093122604380525,4.491017964071856,0.04463073852295401,0.00013264496776157044,attentive,0,2
44.53333333333333,True,1.7037486377539188,1.2715120387537033,4.487658937920718,0.04461730241834946,0.00013609596917644857,attentive,0,2
44.56666666666666,True,0.3527027706675859,0.9507917153360443,4.484304932735426,0.04460388639760829,0.0001355867026756509,attentive,0,2
44.6,True,-0.621225610245244,1.7126013425787774,4.480955937266617,0.044590490415733056,0.0001305811984365449,attentive,0,2
44.63333333333333,True,-0.04399750034593279,1.784132420147519,4.477611940298507,0.044577114427860616,0.00012737906085754687,attentive,0,2
44.666666666666664,True,0.9618717913355729,1.8567862423960446,4.47427293064877,0.044563758389261666,0.0001273950303047077,attentive,0,2
44.7,True,0.37302248133758265,2.870285069623786,4.470938897168406,0.04455042225534021,0.00012378256487899857,attentive,0,2
44.733333333333334,True,-1.877083946090922,-1.2903084621459306,4.467609828741623,0.04453710598163308,0.00011961352113906069,attentive,0,2
44.766666666666666,True,0.07438150558508891,-0.2768180665805843,4.464285714285714,0.044523809523809445,0.00012022819540036718,attentive,0,2
44.8,True,-1.4240409889979053,0.5275540324151868,4.4609665427509295,0.04451053283767031,0.00011456154740641237,attentive,0,2
44.833333333333336,True,-2.344510834138219,0.7965130349662459,4.457652303120357,0.044497275879148014,0.00010541991392519135,attentive,0,2
44.86666666666667,True,0.5545024826277815,0.9114508072010403,4.4543429844097995,0.04448403860430578,0.00010566756747099386,attentive,0,2
44.9,True,0.2506349349308519,-0.33537934963260574,4.451038575667656,0.04447082096933721,0.00010696842275311117,attentive,0,2
44.93333333333333,True,0.34385311944663105,-2.2988868758843903,4.447739065974797,0.04445762293056577,0.00011180897513683366,attentive,0,2
44.96666666666667,True,-2.9637550060713673,1.0398202004107466,4.444444444444445,0.04444444444444436,0.00010025729735680888,attentive,0,2
45.0,False,3.215794293500812,2.0422211656276663,4.515173945225759,0.04472736244756962,0.00010740303571944296,attentive,0,2
45.03333333333333,False,1.1139425113166044,-0.36500598738182466,4.585798816568047,0.04723208415516087,0.00011158541514735437,attentive,0,2
45.06666666666666,False,-3.4525130352374167,0.2443608173822218,4.656319290465632,0.0497363882729733,9.976049878918181e-05,attentive,0,2
45.1,False,-1.7288975695814621,1.0717562169872856,4.726735598227474,0.05224027572624325,9.225279555496984e-05,attentive,0,2
45.13333333333333,True,-0.5466627937873247,-0.5732655047831701,4.723247232472325,0.045559655596555886,9.133180524616915e-05,attentive,0,2
45.166666666666664,True,-0.732657780610673,0.14651134936299193,4.71976401179941,0.04554572271386423,8.86229782665803e-05,attentive,0,2
45.2,True,0.3481351508088171,-0.10847004330458755,4.716285924834193,0.04553181036600336,8.987551245916568e-05,attentive,0,2
45.233333333333334,True,1.1947434154134924,-1.339562291493557,4.712812960235641,0.045517918507609154,9.591152152758969e-05,attentive,0,2
45.266666666666666,True,-2.840755184232707,2.0442932557317586,4.7093451066961,0.04550404709345099,8.320779524374606e-05,attentive,0,2
45.3,True,1.0098681789675488,-0.049020261962186215,4.705882352941177,0.04549019607843129,8.652693431570292e-05,attentive,0,2
45.333333333333336,True,3.2385045409550233,-0.34398044819442436,4.70242468772961,0.04547636541758503,9.760057691454756e-05,attentive,0,2
45.36666666666667,True,3.868000025469123,0.1865236070704125,4.698972099853157,0.04546255506607921,0.00010984654882555472,attentive,0,2
45.4,True,-0.8165624918747603,-2.0522679100725383,4.695524578136464,0.04544876497921244,0.00011044932371648408,attentive,0,2
45.43333333333333,True,2.441602232107136,0.6666293506941452,4.69208211143695,0.04543499511241439,0.00011723797297983971,attentive,0,2
45.46666666666667,True,-0.9127318418564246,2.5672220097964433,4.688644688644689,0.04542124542124534,0.00011000078489461346,attentive,0,2
45.5,True,-0.3205697016343176,-1.3859538838012453,4.685212298682284,0.04540751586139572,0.00011113192874906286,attentive,0,2
45.53333333333333,True,-1.9893119998444182,0.08454399477589347,4.681784930504755,0.045393806388685606,0.00010444546632135938,attentive,0,2
45.56666666666666,True,1.0832446426125504,1.213519284179701,4.678362573099415,0.04538011695906424,0.00010591715173591555,attentive,0,2
45.6,True,0.4551811751459638,-0.7038373868776325,4.6749452154857565,0.04536644752860961,0.00010846002490998971,attentive,0,2
45.63333333333333,True,0.851226417016972,0.769481588830386,4.671532846715328,0.0453527980535279,0.00010989419236172377,attentive,0,2
45.666666666666664,True,1.3942661585260514,2.8655461760152887,4.6681254558716265,0.04533916849015309,0.00010968920614642926,attentive,0,2
45.7,True,5.6308493188268764,0.9906896960844997,4.664723032069971,0.04532555879494647,0.00012624516468028632,attentive,0,2
45.733333333333334,True,1.4718446936526692,1.9992298739439083,4.6613255644573925,0.045311968924496154,0.00012768183893658693,attentive,0,2
45.766666666666666,True,-0.013692924970994964,0.5986462349578829,4.657933042212519,0.04529839883551666,0.00012657640644035315,attentive,0,2
45.8,True,-1.4947838954033048,-1.9670812194938394,4.654545454545454,0.0452848484848484,0.00012483184732243647,attentive,0,2
45.833333333333336,True,-1.1272928576188392,-1.3569260391628117,4.651162790697675,0.045271317829457286,0.0001232914177239708,attentive,0,2
45.86666666666667,True,1.662319851280447,-3.43731214793468,4.647785039941903,0.045257806826434197,0.00013411441572690758,attentive,0,2
45.9,True,-2.5125007368133394,-1.5058126548494197,4.644412191582003,0.0452443154329946,0.00012834189467247382,attentive,0,2
45.93333333333333,True,-3.4452866856021784,-2.626880581994106,4.641044234952864,0.04523084360647804,0.00012137799709482037,attentive,0,2
45.96666666666667,True,-1.197612212387433,4.608621019427515,4.63768115942029,0.045217391304347744,0.00011001170797582673,attentive,0,2
46.0,True,0.5096779795290814,1.4693171869920487,4.634322954380883,0.04520395848419012,0.00010920799650020841,attentive,0,2
46.03333333333333,True,-0.8514300859460074,0.31213356345648496,4.630969609261939,0.04519054510371434,0.00010588891411755268,attentive,0,2
46.06666666666666,True,3.3544246734123426,1.302331359848995,4.6276211135213305,0.04517715112075191,0.00011449961223858232,attentive,0,2
46.1,True,0.20034891296178448,0.4736741103120598,4.624277456647398,0.04516377649325618,0.00011429970679558958,attentive,0,2
46.13333333333333,True,-0.2357017538725813,0.14684190197614105,4.620938628158845,0.045150421179301965,0.00011322520975944145,attentive,0,2
46.166666666666664,True,4.0638598583958805,-1.0985362625164385,4.617604617604617,0.04513708513708506,0.00012793629623517733,attentive,0,2
46.2,True,3.5793785910062375,-0.6901336645663119,4.6142754145638065,0.04512376832492181,0.00014041938445639491,attentive,0,2
46.233333333333334,True,0.10713193389740375,0.16592750816374405,4.610951008645533,0.04511047070124872,0.00014039560545643604,attentive,0,2
46.266666666666666,True,2.07892017166636,-2.0734253446955533,4.607631389488841,0.04509719222462195,0.0001502637562692876,attentive,0,2
46.3,True,-0.23902707189551453,1.650222492259844,4.60431654676259,0.045083932853716945,0.00014675313224631073,attentive,0,2
46.333333333333336,True,-0.7599015885414534,-1.2147530287238948,4.601006470165349,0.045070692547327984,0.00014616029087260698,attentive,0,2
46.36666666666667,True,-1.3551577335058114,-0.6453490585346768,4.597701149425287,0.04505747126436774,0.00014275872870886234,attentive,0,2
46.4,True,2.2160109253673377,1.380224371747741,4.594400574300072,0.045044268963866874,0.00014752471108274437,attentive,0,2
46.43333333333333,True,1.0386351622500931,2.980420464448376,4.591104734576758,0.04503108560497362,0.00014597914076561473,attentive,0,2
46.46666666666667,True,1.5949753125977884,-0.8192782655403074,4.587813620071684,0.04501792114695333,0.00015226116111988216,attentive,0,2
46.5,True,2.068985532754295,-2.248449526523135,4.584527220630372,0.045004775549188074,0.000162318313411394,attentive,0,2
46.53333333333333,True,2.606132424820493,0.7791479919233992,4.581245526127415,0.04499164877117625,0.00016925392721348182,attentive,0,2
46.56666666666666,True,-0.18659544629845917,1.1066857248782052,4.57796852646638,0.044978540772532105,0.00016678048756204133,attentive,0,2
46.6,True,-0.2469012110656424,-1.150155572827891,4.5746962115797,0.04496545151298539,0.0001677038485838723,attentive,0,2
46.63333333333333,True,1.890307850777688,1.4389084604801086,4.571428571428571,0.04495238095238087,0.0001713010557413525,attentive,0,2
46.666666666666664,True,-1.3855822556991533,0.24207411869745527,4.5681655960028555,0.04493932905067801,0.00016639928065184602,attentive,0,2
46.7,True,2.3062180902584224,-0.3160857583132696,4.56490727532097,0.044926295767950465,0.00017409248442825558,attentive,0,2
46.733333333333334,True,0.10171719749591183,-1.3694243662051544,4.5616535994297935,0.04491328106438576,0.00017645966133995948,attentive,0,2
46.766666666666666,True,0.8714251455689556,-1.0417803099142797,4.5584045584045585,0.04490028490028482,0.0001807414336626078,attentive,0,2
46.8,True,2.887993058861125,-1.1793870519024432,4.555160142348755,0.0448873072360616,0.00019161377771081107,attentive,0,2
46.833333333333336,True,-2.4189859379914203,-0.490947411437149,4.551920341394026,0.04487434803224269,0.0001846069013641767,attentive,0,2
46.86666666666667,True,0.8342569591083824,-0.12411749913077258,4.548685145700071,0.04486140724946687,0.0001873069855649722,attentive,0,2
46.9,True,1.4134514129572338,1.8742908783857775,4.545454545454546,0.04484848484848477,0.00018867744611425323,attentive,0,2
46.93333333333333,True,2.0828777971273955,2.068628311441961,4.5422285308729595,0.044835580790158425,0.000191851048246674,attentive,0,2
46.96666666666667,True,-2.952876769472737,1.2520983343298266,4.539007092198582,0.044822695035460915,0.00018043389325063573,attentive,0,2
47.0,True,-1.0088960270766114,-4.074335769069774,4.5357902197023385,0.04480982754547594,0.000183544923194653,attentive,0,2
47.03333333333333,True,-0.07804441479484192,3.7473493408743472,4.53257790368272,0.04479697828139746,0.00017727165692788934,attentive,0,2
47.06666666666666,True,-2.7668742112672353,-2.2276999473631776,4.529370134465676,0.04478414720452929,0.00017194678357601576,attentive,0,2
47.1,True,0.8692026196580899,-0.902800122875411,4.526166902404526,0.04477133427628469,0.00017597606113311517,attentive,0,2
47.13333333333333,True,1.1036395733943196,0.0879508680991048,4.522968197879859,0.044758539458186024,0.00017918004864969097,attentive,0,2
47.166666666666664,True,0.9110985646895567,0.7860147317463069,4.519774011299435,0.044745762711864326,0.00018067965846723717,attentive,0,2
47.2,True,-3.296374832037904,-0.5704420485225359,4.516584333098095,0.04473300399905897,0.00017110761508628593,attentive,0,2
47.233333333333334,True,-2.156081778322125,-0.7368476981140843,4.513399153737659,0.04472026328161722,0.00016538388168193087,attentive,0,2
47.266666666666666,True,1.3936751116230277,-1.7998800421859902,4.510218463706836,0.04470754052149393,0.00017245115522147386,attentive,0,2
47.3,True,0.3203128454306148,-0.17597952656270377,4.507042253521127,0.0446948356807511,0.0001736076531832489,attentive,0,2
47.333333333333336,True,0.7443802200925096,-0.31761739806722783,4.50387051372273,0.044682148721557506,0.00017631037332449496,attentive,0,2
47.36666666666667,True,-1.4156189635772627,0.20892120290931854,4.50070323488045,0.04466947960618839,0.00017143539473712217,attentive,0,2
47.4,True,0.7121175930195962,-4.548775041016168,4.497540407589599,0.044656828297024984,0.00018064264748862314,attentive,0,2
47.43333333333333,True,0.45514297736557946,2.1915590414805277,4.49438202247191,0.04464419475655423,0.00017851630186109621,attentive,0,2
47.46666666666667,True,-1.8747341380106375,-0.2132631309657504,4.491228070175438,0.04463157894736834,0.00017287647732948917,attentive,0,2
47.5,True,0.7114463342892974,-1.5723622412100822,4.488078541374474,0.04461898083216448,0.00017742293283048717,attentive,0,2
47.53333333333333,True,-1.3690477508699845,-1.8249295343998742,4.484933426769446,0.04460640037374437,0.00017587655536865769,attentive,0,2
47.56666666666666,True,0.07465726558571092,-1.5030437915825203,4.481792717086835,0.044593837535013926,0.00017832475622897204,attentive,0,2
47.6,True,-0.6798520070787042,0.41505348107968154,4.478656403079076,0.04458129227898289,0.0001754400604268725,attentive,0,2
47.63333333333333,True,1.7637996135073744,0.8334922212279979,4.475524475524476,0.04456876456876449,0.00017950402154356975,attentive,0,2
47.666666666666664,True,-0.009026832076593678,-0.695473221536236,4.472396925227113,0.04455625436757504,0.00018043055737350754,attentive,0,2
47.7,True,-2.852048892562033,0.1575006862634185,4.4692737430167595,0.04454376163873362,0.00017120834722110907,attentive,0,2
47.733333333333334,True,0.402029465065734,2.2331623558529,4.466154919748779,0.044531286345661704,0.00016887269213547527,attentive,0,2
47.766666666666666,True,1.4611011080940253,1.972492489618815,4.463040446304045,0.044518828451882764,0.00017022666240528508,attentive,0,2
47.8,True,4.9529025823247865,-0.7577950145163688,4.45993031358885,0.04450638792102199,0.00018662154925171726,attentive,0,2
47.833333333333336,True,-2.4871565449427133,0.06216377285121462,4.456824512534819,0.04449396471680586,0.00017869759914354653,attentive,0,2
47.86666666666667,True,-1.6168279706226156,0.03472154610590677,4.453723034098817,0.04448155880306186,0.00017351892225965924,attentive,0,2
47.9,True,-1.1565115193425564,0.18243486807900094,4.450625869262865,0.04446917014371805,0.0001695418840557016,attentive,0,2
47.93333333333333,True,-0.9124871101806058,1.0943162468681846,4.447533009034052,0.044456798702802794,0.00016491585623537195,attentive,0,2
47.96666666666667,True,1.3708279726927355,-2.545175009148118,4.444444444444445,0.04444444444444436,0.00017296002107985918,attentive,0,2
48.0,False,-4.361896753894925,0.40743076360568786,4.510756419153366,0.04470969234328005,0.00015875837672658369,attentive,0,2
48.03333333333333,False,-0.47582805081161017,1.7268318691892566,4.5769764216366156,0.047196794575435144,0.00015452054464099358,attentive,0,2
48.06666666666666,False,0.9585505607271108,-1.4606595089810743,4.643104643104643,0.04968352968352935,0.00015961521836910144,attentive,0,2
48.1,False,3.890363586683736,0.01921548171122982,4.7091412742382275,0.05216989843028626,0.0001714491439514193,attentive,0,2
48.13333333333333,True,-0.12580526556014912,0.6686679419510021,4.705882352941177,0.04549019607843129,0.00016991522532343095,attentive,0,2
48.166666666666664,True,1.058770220990029,0.13864759021418113,4.702627939142462,0.04547717842323644,0.0001728388936811539,attentive,0,2
48.2,True,-3.6840696606566037,1.5839396854824936,4.69937802349689,0.045464178760654145,0.00015897134164406226,attentive,0,2
48.233333333333334,True,1.2558193554996082,0.5710587780542034,4.696132596685083,0.045451197053406917,0.00016183973149858224,attentive,0,2
48.266666666666666,True,2.2937686239336825,-0.9278515874391658,4.692891649413388,0.045438233264320144,0.00017018657753206458,attentive,0,2
48.3,True,1.0375359805537527,-1.3417840240700865,4.689655172413794,0.04542528735632176,0.00017530576837541806,attentive,0,2
48.333333333333336,True,-0.8201331661569548,0.7178679666572616,4.686423156443833,0.04541235929244192,0.00017157344293742112,attentive,0,2
48.36666666666667,True,0.6412365889656194,0.01755987060393118,4.683195592286501,0.04539944903581259,0.0001733911736659266,attentive,0,2
48.4,True,3.3878474914932624,0.27431615815132177,4.6799724707501715,0.04538655654966727,0.00018321506721442475,attentive,0,2
48.43333333333333,True,0.5301840766593078,-0.2747728206298774,4.676753782668501,0.04537368179734059,0.0001851296235245302,attentive,0,2
48.46666666666667,True,-2.3239809895744195,0.3848252251114254,4.673539518900344,0.04536082474226796,0.0001773158082746695,attentive,0,2
48.5,True,-0.15627975566678098,-1.0877012789922853,4.670329670329671,0.045347985347985266,0.00017837708674526637,attentive,0,2
48.53333333333333,True,-0.5260590822088954,-0.3413177452769378,4.667124227865477,0.045335163578128494,0.00017717054345513258,attentive,0,2
48.56666666666666,True,-2.4835201443757904,-0.23007076964273837,4.663923182441701,0.04532235939643339,0.0001698291377796812,attentive,0,2
48.6,True,-2.622055547111957,-1.959176635313306,4.660726525017135,0.045309572766735126,0.00016470940954738895,attentive,0,2
48.63333333333333,True,-2.5847507883235483,0.6411942711427066,4.657534246575342,0.045296803652967954,0.00015575230896582715,attentive,0,2
48.666666666666664,True,-2.27365406510908,-0.6921019208834489,4.654346338124572,0.045284052019164876,0.00014978182490107795,attentive,0,2
48.7,True,-0.731300540061416,-0.5656445259468207,4.651162790697675,0.045271317829457286,0.0001483160118970021,attentive,0,2
48.733333333333334,True,-2.2256405638966075,1.2644130399282876,4.6479835953520166,0.04525860104807465,0.00013953278660183216,attentive,0,2
48.766666666666666,True,2.105096789173557,2.32793696273763,4.644808743169399,0.04524590163934418,0.00014229457600929826,attentive,0,2
48.8,True,-0.6827036056179401,0.8990732127098442,4.6416382252559725,0.045233219567690476,0.0001387625123260978,attentive,0,2
48.833333333333336,True,-0.01731043383527543,-1.135759145595978,4.638472032742155,0.045220554797635204,0.00014033700853252295,attentive,0,2
48.86666666666667,True,2.558601789386169,3.597522708174262,4.635310156782549,0.045207907293796784,0.00014254336953647428,attentive,0,2
48.9,True,1.8811071006436517,0.5566414861122491,4.632152588555858,0.04519527702089002,0.00014729878612576222,attentive,0,2
48.93333333333333,True,1.9354229127648317,-2.839921778689586,4.628999319264806,0.04518266394372581,0.00015735019396248057,attentive,0,2
48.96666666666667,True,-1.8247692415661756,-0.1255212895606277,4.625850340136054,0.045170068027210804,0.0001519158405522692,attentive,0,2
49.0,True,-3.160091181185877,2.690181551352934,4.622705642420122,0.045157489236347076,0.0001382007169901071,attentive,0,2
49.03333333333333,True,0.45066315298871296,0.19656118834352565,4.619565217391304,0.0451449275362318,0.00013917078763471514,attentive,0,2
49.06666666666666,True,-0.6748376602918298,-0.7734916765162372,4.61642905634759,0.04513238289205695,0.00013820705451484934,attentive,0,2
49.1,True,-1.6909015603572302,-1.2745783971027755,4.613297150610583,0.045119855269108916,0.0001349364109174675,attentive,0,2
49.13333333333333,True,5.8793495859885425,-1.8650165517157484,4.610169491525424,0.04510734463276828,0.00015537030069340724,attentive,0,2
49.166666666666664,True,-1.4012475624937712,1.486300576001664,4.607046070460704,0.0450948509485094,0.00014880795149692835,attentive,0,2
49.2,True,0.08724502444543135,1.4237276434468673,4.603926878808395,0.04508237418190017,0.00014682765935410187,attentive,0,2
49.233333333333334,True,1.231150056852756,-1.5327733905968948,4.600811907983761,0.04506991429860163,0.00015273504329274724,attentive,0,2
49.266666666666666,True,2.1651054902155127,2.271827152582708,4.597701149425287,0.04505747126436774,0.00015572453027098575,attentive,0,2
49.3,True,2.7490098893330526,-0.4410474709913304,4.594594594594595,0.04504504504504497,0.00016453682938665464,attentive,0,2
49.333333333333336,True,1.832503926287818,-2.671361893679502,4.591492234976367,0.04503263560657205,0.00017393337552369588,attentive,0,2
49.36666666666667,True,-0.057389915144202205,1.1152672233118472,4.588394062078273,0.04502024291497968,0.00017197158654096097,attentive,0,2
49.4,True,-0.4031154898143938,0.3366081783182299,4.585300067430883,0.04500786693639012,0.00017014312116014064,attentive,0,2
49.43333333333333,True,-0.47418244899390527,1.8777736651648023,4.5822102425876015,0.04499550763701699,0.000165796456039334,attentive,0,2
49.46666666666667,True,0.6895604003719986,-0.8609864026848817,4.57912457912458,0.0449831649831649,0.00016903700792592012,attentive,0,2
49.5,True,0.6445612097596148,-0.2516268841907752,4.5760430686406455,0.04497083894122917,0.00017122735135368045,attentive,0,2
49.53333333333333,True,-3.4271523780855797,-0.45901952430608195,4.572965702757229,0.044958529477695505,0.00016155487501806926,attentive,0,2
49.56666666666666,True,-0.18245259988823065,-1.2043610618178866,4.56989247311828,0.04494623655913971,0.0001626999708488388,attentive,0,2
49.6,True,-0.31860978311567456,-1.6705524286842992,4.5668233713901945,0.044933960152227365,0.00016413287567022675,attentive,0,2
49.63333333333333,True,-0.23813408448508477,-2.1340043902113095,4.563758389261745,0.044921700223713563,0.00016649510747811572,attentive,0,2
49.666666666666664,True,2.533703378658081,1.2960654428591554,4.560697518443997,0.044909456740442576,0.00017200433844330215,attentive,0,2
49.7,True,-0.917495818920136,-0.2225132801740665,4.557640750670242,0.04489722966934755,0.00016948738832419922,attentive,0,2
49.733333333333334,True,1.3767512557270591,1.0147701251327255,4.554588077695914,0.04488501897745024,0.00017196184402350047,attentive,0,2
49.766666666666666,True,1.5652263647986564,1.899591542488527,4.551539491298527,0.044872824631860694,0.0001736775637279452,attentive,0,2
49.8,True,2.024058894608594,0.6085300137954541,4.5484949832775925,0.044860646599776954,0.00017867411946446567,attentive,0,2
49.833333333333336,True,-1.6393495666808102,2.261796717668598,4.545454545454546,0.04484848484848477,0.00017032459598735747,attentive,0,2
49.86666666666667,True,-3.235256341849871,-0.1631027219898098,4.542418169672679,0.0448363393453573,0.00016084778157348645,attentive,0,2
49.9,True,1.1403176336714438,0.8417390472208597,4.539385847797063,0.044824210057854835,0.00016287495071517748,attentive,0,2
49.93333333333333,True,0.8803898330585335,-1.2084227281992772,4.536357571714476,0.04481209695352449,0.00016716804784140164,attentive,0,2
49.96666666666667,True,1.1716717273490904,0.42491623971091663,4.533333333333333,0.044799999999999916,0.0001698987168687478,attentive,0,2
50.0,True,1.5728432447175709,0.3833638542419464,4.5303131245836115,0.04478791916500103,0.00017387512994536673,attentive,0,2
50.03333333333333,True,0.4433186137826805,-0.8093122017485894,4.527296937416778,0.044775854416333694,0.00017626853965218512,attentive,0,2
50.06666666666666,True,0.07837165776150154,-0.016500004864452154,4.524284763805722,0.044763805721889476,0.0001764074063300057,attentive,0,2
50.1,True,-0.7896267607647268,-2.580717420921905,4.521276595744681,0.04475177304964531,0.0001777698185146155,attentive,0,2
50.13333333333333,True,0.4843440758017755,0.15710891259449805,4.51827242524917,0.044739756367663266,0.00017885004416345638,attentive,0,2
50.166666666666664,True,4.793748042709551,-2.2385406649748942,4.51527224435591,0.04472775564409023,0.0001961815392653015,attentive,0,2
50.2,True,1.3323963623648216,-1.4550092544880147,4.512276045122761,0.04471577084715763,0.00020212641913929438,attentive,0,2
50.233333333333334,True,-1.271714499423763,-1.4519652256995599,4.509283819628647,0.04470380194518117,0.00020038397784580682,attentive,0,2
50.266666666666666,True,1.4993193198635255,0.13964088343033382,4.506295559973492,0.044691848906560555,0.000204461475771241,attentive,0,2
50.3,True,0.27605935498088363,-2.204305275470351,4.503311258278146,0.04467991169977917,0.00020838261826032871,attentive,0,2
50.333333333333336,True,1.0412464315788457,1.1423100767003571,4.500330906684315,0.04466799029340385,0.00020962743127340345,attentive,0,2
50.36666666666667,True,4.497744967733689,1.7511278167756874,4.497354497354497,0.044656084656084574,0.00022013599943127918,attentive,0,2
50.4,True,-1.4051053860378717,1.289649355681131,4.49438202247191,0.04464419475655423,0.00021396882409530074,attentive,0,2
50.43333333333333,True,2.616629018965245,0.5366392882447587,4.491413474240423,0.04463232056362827,0.0002207211105753284,attentive,0,2
50.46666666666667,True,-1.908507447989327,0.6593668195370236,4.488448844884489,0.04462046204620454,0.0002140094036222304,attentive,0,2
50.5,True,-2.0251605066158835,1.6137721138322276,4.485488126649076,0.04460861917326289,0.00020556554938785045,attentive,0,2
50.53333333333333,True,-1.90589110426074,0.351405707466572,4.482531311799605,0.04459679191386501,0.000199331472755297,attentive,0,2
50.56666666666666,True,0.7248863027272502,-0.346717526273667,4.479578392621871,0.04458498023715407,0.00020183006881588594,attentive,0,2
50.6,True,-1.5923321941292614,0.44176971612680316,4.476629361421988,0.04457318411235454,0.000196391903889615,attentive,0,2
50.63333333333333,True,-3.279393039773307,-0.8662659049577357,4.473684210526316,0.04456140350877185,0.00018794030077362204,attentive,0,2
50.666666666666664,True,1.1389005446171274,1.2030297001352928,4.470742932281394,0.04454963839579216,0.0001893870072587573,attentive,0,2
50.7,True,3.2376860858419283,2.002513940070376,4.467805519053877,0.044537888742882094,0.0001957932477002043,attentive,0,2
50.733333333333334,True,-1.283216841062273,0.880298552112313,4.4648719632304665,0.044526154519588454,0.00019063553383764947,attentive,0,2
50.766666666666666,True,2.6052004966872784,-1.203140121967203,4.4619422572178475,0.04451443569553798,0.00019986235670891632,attentive,0,2
50.8,True,-2.2198641270885116,1.0503518289314777,4.4590163934426235,0.044502732240437076,0.00019173118272913122,attentive,0,2
50.833333333333336,True,-0.6921876404194751,-0.9508763052929314,4.456094364351245,0.044491044124071566,0.00019097426120914563,attentive,0,2
50.86666666666667,True,1.9563792690236628,-0.9769393032090613,4.453176162409954,0.0444793713163064,0.00019796510661948145,attentive,0,2
50.9,True,-4.658589188303915,1.3352954927848597,4.450261780104712,0.04446771378708543,0.00018234329427600925,attentive,0,2
50.93333333333333,True,-4.506748735514154,-1.322959062283236,4.4473512099411385,0.04445607150643114,0.00017104674185806107,attentive,0,2
50.96666666666667,True,-3.3095318706893067,0.41630888107456343,4.444444444444445,0.04444444444444436,0.0001607165404691151,attentive,0,2
51.0,False,-1.0687991810679045,1.4784555643321715,4.506858262573481,0.04469409971696051,0.00015536292065682232,attentive,0,2
51.03333333333333,False,1.8561324809091835,-0.4283037525414056,4.569190600522193,0.04716565129097745,0.00016126755570188212,attentive,0,2
51.06666666666666,False,0.26249996317913254,-1.7910708093766248,4.631441617742987,0.049636877582082725,0.00016451971245431968,attentive,0,2
51.1,False,0.040140029126490055,1.9692051178716365,4.69361147327249,0.05210777922642332,0.00016167608080109195,attentive,0,2
51.13333333333333,True,-0.7472177430612134,1.1157293209822177,4.690553745928339,0.04542888165037995,0.00015779201414388582,attentive,0,2
51.166666666666664,True,0.09627352497666611,-1.2610697780695572,4.6875,0.04541666666666659,0.00015979231857336812,attentive,0,2
51.2,True,0.5576620892087769,-0.73140786496381,4.68445022771633,0.04540446757753191,0.00016235839317760918,attentive,0,2
51.233333333333334,True,0.22648290132818813,1.2807735363586823,4.681404421326398,0.04539228435197218,0.0001610567474463099,attentive,0,2
51.266666666666666,True,-1.0670557342420273,-0.28269039731138895,4.678362573099415,0.04538011695906424,0.00015827875797620158,attentive,0,2
51.3,True,0.22202052292958893,-1.7384944572160057,4.675324675324675,0.045367965367965286,0.0001613253814422707,attentive,0,2
51.333333333333336,True,-0.5110798368593509,-1.5066308776415913,4.672290720311486,0.045355829547912535,0.00016191933166546466,attentive,0,2
51.36666666666667,True,0.09828976408289057,0.7012779418111295,4.669260700389105,0.045343709468223005,0.00016108698966676923,attentive,0,2
51.4,True,-1.710052077230726,-1.8155315592329915,4.666234607906675,0.04533160509829329,0.0001586716922798915,attentive,0,2
51.43333333333333,True,-2.2554132995896747,0.6124828584520625,4.66321243523316,0.04531951640759923,0.00015119513540142666,attentive,0,2
51.46666666666667,True,0.8351184784375437,-0.13308529205742356,4.660194174757281,0.04530744336569571,0.00015369104973152648,attentive,0,2
51.5,True,-0.12742884970908214,-1.8756106891456832,4.657179818887451,0.04529538594221639,0.00015592130992607634,attentive,0,2
51.53333333333333,True,0.1933899683075977,1.1559564208646422,4.654169360051713,0.04528334410687344,0.0001547156199544952,attentive,0,2
51.56666666666666,True,1.3754759834502084,-2.6442728685974877,4.651162790697675,0.045271317829457286,0.00016236075748897466,attentive,0,2
51.6,True,0.002594390331694763,0.29372503394366156,4.648160103292446,0.04525930707983637,0.00016184200188442647,attentive,0,2
51.63333333333333,True,1.533111580379394,0.16434697183529068,4.645161290322581,0.04524731182795691,0.00016589798365944513,attentive,0,2
51.666666666666664,True,-0.48206303999613187,-1.1744170976940764,4.642166344294004,0.045235332043842606,0.00016609231982257295,attentive,0,2
51.699999999999996,True,-5.679656055090746,-0.8235202328339546,4.639175257731959,0.04522336769759442,0.00015089968892155966,attentive,0,2
51.733333333333334,True,-0.01904315900334821,-1.577420976447704,4.63618802318094,0.045211418759390345,0.00015300519052909535,attentive,0,2
51.766666666666666,True,-1.470585960886573,-2.1816762082965058,4.633204633204633,0.04519948519948512,0.0001518206516341794,attentive,0,2
51.8,True,0.06716458466049507,2.642835160343368,4.630225080385852,0.04518756698820999,0.00014813815748018473,attentive,0,2
51.833333333333336,True,0.5036277979502151,-1.7073804259070924,4.627249357326478,0.0451756640959725,0.0001519198967703039,attentive,0,2
51.86666666666667,True,1.5350101560172387,-1.9707254615501784,4.624277456647398,0.04516377649325618,0.00015901670947284869,attentive,0,2
51.9,True,0.5252230150502819,-0.18748066442945105,4.621309370988447,0.04515190415062038,0.00016068033688016183,attentive,0,2
51.93333333333333,True,3.365000196464329,0.6934000709034007,4.6183450930083385,0.04514004703869994,0.00016918193216264942,attentive,0,2
51.96666666666667,True,0.09944046583707739,0.3704109888410431,4.615384615384616,0.04512820512820505,0.00016882913739535584,attentive,0,2
52.0,True,-0.8145048766744418,-2.084760386487464,4.612427930813581,0.045116378389920914,0.00016936978444683377,attentive,0,2
52.03333333333333,True,-0.7989754902177375,-0.8536303522366095,4.609475032010243,0.04510456679470756,0.00016820242489184735,attentive,0,2
52.06666666666666,True,1.4924206699530607,0.04478922729231012,4.606525911708253,0.0450927703134996,0.00017227487960345958,attentive,0,2
52.1,True,0.6569412511735062,0.6200583996495455,4.603580562659847,0.04508098891730597,0.0001731505550892168,attentive,0,2
52.13333333333333,True,1.0498679736696614,1.6552696340636026,4.600638977635783,0.04506922257720972,0.00017367103583254033,attentive,0,2
52.166666666666664,True,0.2727028467125344,-1.5919215155071855,4.597701149425287,0.04505747126436774,0.0001765930952093072,attentive,0,2
52.199999999999996,True,0.376863734847872,1.3131927821142046,4.594767070835992,0.04504573495001055,0.00017568700117929562,attentive,0,2
52.233333333333334,True,-2.2647713183170692,-0.24590855790758526,4.591836734693878,0.0450340136054421,0.00016950404592241177,attentive,0,2
52.266666666666666,True,0.6686150638106427,2.670721256531449,4.588910133843212,0.04502230720203944,0.00016750734887606203,attentive,0,2
52.3,True,-0.34032219808711794,-0.003943416073547899,4.585987261146497,0.045010615711252575,0.00016644283466927515,attentive,0,2
52.333333333333336,True,2.0851717082890735,1.760529012441972,4.583068109484405,0.0449989391046042,0.0001697456356149361,attentive,0,2
52.36666666666667,True,2.5081793603868356,-2.0790871746561885,4.580152671755725,0.04498727735368949,0.00017966797143540987,attentive,0,2
52.4,True,-0.028904785735740315,0.770811150288276,4.577240940877305,0.04497563043017581,0.0001783831352287196,attentive,0,2
52.43333333333333,True,1.5914870105306795,-1.821210210601186,4.5743329097839895,0.04496399830580254,0.00018533486729254797,attentive,0,2
52.46666666666667,True,1.482196373436884,0.4835820375381759,4.571428571428571,0.04495238095238087,0.00018871745638468756,attentive,0,2
52.5,True,-2.738045792800518,-1.0409096528533863,4.568527918781726,0.04494077834179349,0.00018234393017470344,attentive,0,2
52.53333333333333,True,2.8041561960764447,0.3804619587209589,4.56563094483196,0.04492919044599442,0.00018959510422508505,attentive,0,2
52.56666666666666,True,0.7306797613661579,-0.6643707191676236,4.562737642585551,0.044917617237008794,0.0001924685198637256,attentive,0,2
52.6,True,1.6948829145300983,-1.0069347599128249,4.559848005066498,0.04490605868693258,0.00019853436991654997,attentive,0,2
52.63333333333333,True,-1.2442519496039182,-1.2265936102073909,4.556962025316456,0.04489451476793241,0.00019663387658959793,attentive,0,2
52.666666666666664,True,-2.975131808499704,-2.1174196309530826,4.554079696394687,0.04488298545224533,0.00019112213404899543,attentive,0,2
52.699999999999996,True,0.6516617255798505,0.4453676868969768,4.551201011378002,0.0448714707121786,0.0001922064869130784,attentive,0,2
52.733333333333334,True,3.47902439170028,2.6033081523624704,4.548325963360708,0.04485997052010942,0.00019819827144586035,attentive,0,2
52.766666666666666,True,1.355739457703963,0.2641069171599133,4.545454545454546,0.04484848484848477,0.0002015066086738309,attentive,0,2
52.8,True,-1.6127870598135758,0.7071776967596936,4.542586750788644,0.04483701366982116,0.00019586562754478768,attentive,0,2
52.833333333333336,True,1.7324016928228547,-1.2833709284074277,4.539722572509458,0.04482555695670442,0.00020239503034940866,attentive,0,2
52.86666666666667,True,-1.8345313114144928,-0.513621701341391,4.536862003780719,0.04481411468178946,0.0001978490404521254,attentive,0,2
52.9,True,1.6969254154465256,0.17740946860708706,4.534005037783375,0.044802686817800086,0.000202225487826996,attentive,0,2
52.93333333333333,True,3.535849339048909,0.853195619648081,4.531151667715545,0.04479127333752876,0.00021079482086514378,attentive,0,2
52.96666666666667,True,0.39922879126001404,1.1807489814649628,4.528301886792453,0.0447798742138364,0.0002101279458569897,attentive,0,2
53.0,True,-1.9421044196836166,1.0066822856617228,4.525455688246386,0.04476848941965213,0.00020316454240609986,attentive,0,2
53.03333333333333,True,1.6609129246468541,-0.18576598202804473,4.522613065326634,0.04475711892797312,0.00020793306248878963,attentive,0,2
53.06666666666666,True,-0.7152405704767123,-0.49546786017629096,4.519774011299435,0.044745762711864326,0.0002064981972326034,attentive,0,2
53.1,True,-1.0386248439889643,-0.17371239868494948,4.51693851944793,0.044734420744458304,0.00020371489669161966,attentive,0,2
53.13333333333333,True,-0.3099859185678637,-0.9081896377124516,4.5141065830721,0.04472309299895499,0.00020398873312082967,attentive,0,2
53.166666666666664,True,4.635127110731344,-0.6187446855102826,4.511278195488721,0.044711779448621466,0.00021763006419444234,attentive,0,2
53.199999999999996,True,2.2193350841023514,-1.2956665927405968,4.508453350031308,0.044700480066791816,0.0002254731077233615,attentive,0,2
53.233333333333334,True,1.4901318319923103,-3.257068788633633,4.505632040050062,0.044689194826866833,0.00023400581465444586,attentive,0,2
53.266666666666666,True,-2.81763021711294,-0.3679114532835145,4.50281425891182,0.04467792370231387,0.0002265391318700155,attentive,0,2
53.3,True,-1.8911292228173586,0.24254741332504712,4.5,0.044666666666666584,0.00022080753677515262,attentive,0,2
53.333333333333336,True,1.115623794180554,-0.7357873430227317,4.497189256714553,0.0446554236935248,0.00022478792617044034,attentive,0,2
53.36666666666667,True,1.072891260084612,-0.270835020434328,4.49438202247191,0.04464419475655423,0.00022799983208502883,attentive,0,2
53.4,True,-0.6429328036236107,-1.8364185998328346,4.491578290704928,0.0446329798294863,0.00022862082476285146,attentive,0,2
53.43333333333333,True,0.9794251924970678,-2.6666515388156316,4.488778054862843,0.04462177888611796,0.00023488658058533205,attentive,0,2
53.46666666666667,True,1.0399376255077655,-0.050740159914523277,4.485981308411215,0.04461059190031144,0.0002376902032224614,attentive,0,2
53.5,True,0.4409736368225052,0.5192817812264077,4.483188044831881,0.04459941884599411,0.0002380440220974697,attentive,0,2
53.53333333333333,True,-0.6688878286629136,-2.7640994967293766,4.4803982576229,0.044588259697158183,0.00023986826883667963,attentive,0,2
53.56666666666666,True,-1.220656149164793,0.5753201685948517,4.477611940298507,0.044577114427860616,0.0002355501743260371,attentive,0,2
53.6,True,1.4167657424696694,-1.1075241569035779,4.474829086389062,0.04456598301222284,0.00024084685005754212,attentive,0,2
53.63333333333333,True,-2.632653056277617,2.495197378145213,4.472049689440994,0.04455486542443056,0.00022998572573286805,attentive,0,2
53.666666666666664,True,-0.32706795925555804,-0.4491345841058767,4.4692737430167595,0.04454376163873362,0.0002295601861632633,attentive,0,2
53.699999999999996,True,-0.053103003866958154,-1.1182220224170676,4.466501240694789,0.04453267162944574,0.0002308128935397585,attentive,0,2
53.733333333333334,True,-0.8626502824048454,-0.5342355146074764,4.463732176069436,0.04452159537094433,0.00022902887362890217,attentive,0,2
53.766666666666666,True,-2.255640399460196,1.3364942406326061,4.4609665427509295,0.04451053283767031,0.00022083551271373487,attentive,0,2
53.8,True,2.5840844045286575,-1.0106332932009134,4.458204334365325,0.044499484004127884,0.00022920073613518247,attentive,0,2
53.833333333333336,True,1.8964991473941715,0.16048834481102958,4.455445544554455,0.044488448844884405,0.0002340541046977739,attentive,0,2
53.86666666666667,True,-0.22662273050659867,-1.1227221442700688,4.452690166975881,0.04447742733457011,0.00023482941196932322,attentive,0,2
53.9,True,0.6228495781183304,-3.034085497358804,4.449938195302843,0.04446641944787796,0.0002405622940160328,attentive,0,2
53.93333333333333,True,-0.7625673170653605,3.4423946019114284,4.4471896232242125,0.04445542515956344,0.0002335953291291351,attentive,0,2
53.96666666666667,True,-1.53194254422225,-2.024746253605638,4.444444444444445,0.04444444444444436,0.00023202570398105963,attentive,0,2
54.0,False,2.7092265572778604,-1.1508344053002286,4.5033929673041335,0.04468023853588312,0.00024088837579278697,attentive,0,2
54.03333333333333,False,2.3663716899841436,1.1852426703114325,4.562268803945746,0.047137964104671665,0.00024560011841581763,attentive,0,2
54.06666666666666,False,-0.9715677608642518,0.11846655864914571,4.621072088724584,0.04959539946600912,0.00024262603457428307,attentive,0,2
54.1,False,-1.3733407457669742,0.6665819296817317,4.679802955665025,0.052052545155993446,0.00023780604943912417,attentive,0,2
54.13333333333333,True,-4.017585647417953,-0.7886208897419517,4.676923076923077,0.045374358974358896,0.00022774989473506733,attentive,0,2
54.166666666666664,True,-0.7785696738456789,0.9708846571596943,4.674046740467404,0.045362853628536204,0.00022415482645915942,attentive,0,2
54.199999999999996,True,-1.2637145307992699,0.6331101502925545,4.671173939766441,0.04535136242573235,0.00021970026266239956,attentive,0,2
54.233333333333334,True,2.240987523219116,0.43430184415357187,4.668304668304668,0.045339885339885255,0.00022509039108730615,attentive,0,2
54.266666666666666,True,1.331121984893029,-0.559974567986558,4.665438919582566,0.04532842234499685,0.00022934784673396509,attentive,0,2
54.3,True,1.7577502317721794,0.679527545932079,4.662576687116564,0.04531697341513284,0.00023307349961274084,attentive,0,2
54.333333333333336,True,-1.8387446875004714,0.10210020387168384,4.659717964438995,0.04530553852442257,0.00022778094200841037,attentive,0,2
54.36666666666667,True,1.037934537609922,1.2860772895238086,4.6568627450980395,0.04529411764705874,0.00022871679489756103,attentive,0,2
54.4,True,-0.26607083481614463,0.6160739590613498,4.654011022657685,0.045282710757297326,0.00022701421860798145,attentive,0,2
54.43333333333333,True,0.2334035751249036,-0.528635949718264,4.651162790697675,0.045271317829457286,0.0002282290788032684,attentive,0,2
54.46666666666667,True,1.5589200686763982,0.7665140092217786,4.648318042813456,0.045259938837920406,0.00023128531127716517,attentive,0,2
54.5,True,-2.8535544478354007,3.369856630621837,4.645476772616137,0.045248573757131136,0.00021881445564504433,attentive,0,2
54.53333333333333,True,-2.394247040037857,1.187918119052475,4.642638973732438,0.04523722256159633,0.00021056782738987774,attentive,0,2
54.56666666666666,True,-1.12713724062022,0.7453783890849172,4.63980463980464,0.045225885225885144,0.0002063697424724299,attentive,0,2
54.6,True,0.1478028580005979,1.7248607307624533,4.636973764490543,0.04521456172462876,0.00020430598896572006,attentive,0,2
54.63333333333333,True,2.0968278133909126,-0.39029154029696767,4.634146341463414,0.04520325203252024,0.00021039272266767695,attentive,0,2
54.666666666666664,True,-1.8289966045224348,2.506088443632516,4.631322364411944,0.04519195612431436,0.00020191718826740907,attentive,0,2
54.699999999999996,True,0.6561810767085493,0.1714262633406393,4.6285018270401945,0.04518067397482736,0.00020333831853585688,attentive,0,2
54.733333333333334,True,0.729028572221369,-2.107903186798554,4.625684723067559,0.04516940555893682,0.00020803765996806108,attentive,0,2
54.766666666666666,True,-3.1088851702215528,-0.2599822260179537,4.622871046228711,0.045158150851581425,0.00019985787480800325,attentive,0,2
54.8,True,-1.5514759032963659,-1.9766055015986588,4.620060790273556,0.04514690982776081,0.00019821480510363626,attentive,0,2
54.833333333333336,True,-0.007633358673085693,-0.7420787412715545,4.6172539489671935,0.04513568246253536,0.0001990756331873797,attentive,0,2
54.86666666666667,True,0.5153679687588486,-0.4997997179848862,4.61445051608986,0.045124468731026025,0.00020101984369883923,attentive,0,2
54.9,True,-0.08552183225616952,1.6053163653499327,4.611650485436893,0.04511326860841416,0.0001985025581547094,attentive,0,2
54.93333333333333,True,1.7707792451182236,-0.04201847736548271,4.6088538508186785,0.0451020820699413,0.0002032114737485808,attentive,0,2
54.96666666666667,True,-0.703248863528909,2.056710760648458,4.6060606060606055,0.04509090909090901,0.00019842406142414563,attentive,0,2
55.0,True,-1.0465005864322192,1.7565363170483217,4.603270745003028,0.0450797496466787,0.00019312245523590466,attentive,0,2
55.03333333333333,True,-0.5874831205042511,1.1404308804336372,4.600484261501211,0.04506860371267143,0.00018989094834015772,attentive,0,2
55.06666666666666,True,2.522243500222772,-1.5358139003376743,4.597701149425287,0.04505747126436774,0.00019862234576441013,attentive,0,2
55.1,True,-1.2138401620384798,-1.8714421645411163,4.594921402660217,0.04504635227730745,0.00019775492911100446,attentive,0,2
55.13333333333333,True,2.1252053179540886,0.7061162140740097,4.59214501510574,0.04503524672708954,0.00020239447889782447,attentive,0,2
55.166666666666664,True,-1.04706956634129,1.7594104897272413,4.5893719806763285,0.0450241545893719,0.00019710109841216447,attentive,0,2
55.199999999999996,True,2.4068939748905915,-0.8045239141427967,4.586602293301147,0.04501307583987117,0.0002045169320735854,attentive,0,2
55.233333333333334,True,3.406587154702776,2.071648056752819,4.583835946924005,0.045002010454362605,0.0002107486619130434,attentive,0,2
55.266666666666666,True,1.5391184617167797,2.3007950440218004,4.581072935503315,0.044990958408679844,0.00021166300787989206,attentive,0,2
55.3,True,-4.426520766714748,-0.822977126633029,4.578313253012048,0.04497991967871478,0.0002007857484952302,attentive,0,2
55.333333333333336,True,-6.169819246747996,2.111596744765647,4.575556893437689,0.04496889424041734,0.00018133081662676477,attentive,0,2
55.36666666666667,True,1.743585710863484,-0.44782846823948796,4.57280385078219,0.04495788206979535,0.00018648311108121647,attentive,0,2
55.4,True,1.4916552002956478,-0.7935476042825504,4.570054119061936,0.04494688314291433,0.0001914178883978294,attentive,0,2
55.43333333333333,True,-1.5042785847308275,1.5254169182472317,4.567307692307692,0.04493589743589735,0.00018524786684669703,attentive,0,2
55.46666666666667,True,-4.020589483653782,1.6959075409335134,4.564564564564565,0.04492492492492484,0.000172140829077832,attentive,0,2
55.5,True,0.32946758411464705,-1.6846706328650547,4.561824729891957,0.044913965586234415,0.00017516356140810988,attentive,0,2
55.53333333333333,True,-4.623648839512924,-1.10009212863261,4.559088182363527,0.044903019396120694,0.0001641977157065477,attentive,0,2
55.56666666666666,True,0.5652821209240823,0.9530106745518803,4.556354916067146,0.04489208633093517,0.00016433582467967366,attentive,0,2
55.6,True,1.2796914819196337,-1.1103199146914389,4.553624925104853,0.044881166367086,0.00016912345767005358,attentive,0,2
55.63333333333333,True,-0.4308458185609988,0.6324798909240654,4.550898203592815,0.044870259481037844,0.00016703393393885252,attentive,0,2
55.666666666666664,True,1.183066454110131,0.40470326049589067,4.548174745661281,0.04485936564931171,0.00016954243101638676,attentive,0,2
55.699999999999996,True,0.6333534764736289,-2.6019206061685525,4.545454545454546,0.04484848484848477,0.0001745827466266452,attentive,0,2
55.733333333333334,True,1.7927099175529688,1.4384311924774291,4.542737597130903,0.044837617055190196,0.00017733020814839125,attentive,0,2
55.766666666666666,True,-0.06305380349255803,0.21133637782832979,4.540023894862605,0.04482676224611701,0.0001767763218103052,attentive,0,2
55.8,True,2.968216970596397,1.252842999528834,4.537313432835822,0.04481592039800987,0.00018288450303332256,attentive,0,2
55.833333333333336,True,-0.14665118076503694,-0.6749745299513296,4.534606205250596,0.04480509148766897,0.0001832814456772582,attentive,0,2
55.86666666666667,True,2.8956132862748336,1.446279873399032,4.531902206320812,0.044794275491949836,0.000188929719775974,attentive,0,2
55.9,True,2.566520647330514,1.5759648032833171,4.529201430274136,0.04478347238776313,0.00019352786322383327,attentive,0,2
55.93333333333333,True,-2.5124334111572786,-0.4583929898545852,4.526503871351995,0.04477268215207457,0.0001873686925919615,attentive,0,2
55.96666666666667,True,-1.6026175792994664,1.6802423272723916,4.523809523809524,0.04476190476190468,0.00018079489180156772,attentive,0,2
56.0,True,-1.3048764660308283,1.2047972209007192,4.521118381915526,0.04475114019432869,0.00017564464015998785,attentive,0,2
56.03333333333333,True,0.325562780799024,-0.8928327946432829,4.5184304399524375,0.04474038842647633,0.0001775800586672799,attentive,0,2
56.06666666666666,True,-0.6677067889667595,1.2828609550437693,4.515745692216281,0.044729649435531704,0.00017401739205425082,attentive,0,2
56.1,True,0.07356707795527888,0.5013671616309532,4.513064133016627,0.04471892319873309,0.0001734466071081637,attentive,0,2
56.13333333333333,True,-1.1182400010598963,1.1395051617457617,4.510385756676557,0.044708209693372816,0.0001688913336006606,attentive,0,2
56.166666666666664,True,1.5935364553983775,1.9906806119571108,4.507710557532621,0.04469750889679707,0.00017036805852318514,attentive,0,2
56.199999999999996,True,-2.4906679215036305,2.3944060647295844,4.5050385299347955,0.04468682078640577,0.00016055127984430443,attentive,0,2
56.233333333333334,True,4.631414346659054,-0.19790180220196119,4.502369668246446,0.04467614533965237,0.00017291105132875693,attentive,0,2
56.266666666666666,True,-3.3525149200977844,-2.172973923243064,4.499703966844287,0.04466548253404373,0.00016684583734276857,attentive,0,2
56.3,True,2.93471557177449,1.2223735352699394,4.497041420118343,0.04465483234713996,0.00017285764139467495,attentive,0,2
56.333333333333336,True,1.3602686646475974,1.408484883048544,4.49438202247191,0.04464419475655423,0.00017447964876390952,attentive,0,2
56.36666666666667,True,1.5025416925308124,-2.506808218239152,4.491725768321513,0.04463356973995264,0.00018161568207275772,attentive,0,2
56.4,True,-2.1543396462398183,-0.09495039519708622,4.48907265209687,0.04462295727505407,0.00017597749088785875,attentive,0,2
56.43333333333333,True,-4.012568930637703,-0.18751174246819496,4.4864226682408495,0.04461235733962998,0.00016559205734501897,attentive,0,2
56.46666666666667,True,-0.3203220892235172,-0.2408965556210355,4.48377581120944,0.044601769911504344,0.00016497027557034672,attentive,0,2
56.5,True,-1.5729957159603103,-0.16218268897904986,4.481132075471698,0.04459119496855338,0.00016096340271008953,attentive,0,2
56.53333333333333,True,-0.660877210529036,-1.4779061906667226,4.478491455509722,0.044580632488705474,0.00016107303177888957,attentive,0,2
56.56666666666666,True,-1.0956106954091727,-0.4596273795812882,4.47585394581861,0.044570082449941026,0.00015871198364966884,attentive,0,2
56.6,True,-0.7700851668345696,2.487460626432869,4.473219540906415,0.044559544830292244,0.00015335059282795102,attentive,0,2
56.63333333333333,True,0.10805304341647384,1.473500962111996,4.470588235294118,0.044549019607843056,0.00015161673316513844,attentive,0,2
56.666666666666664,True,-2.7674486613549782,0.5150374778831885,4.467960023515579,0.0445385067607289,0.00014362383705106508,attentive,0,2
56.699999999999996,True,-1.4707809029417003,0.49829017889627114,4.465334900117509,0.04452800626713662,0.00013904819700477617,attentive,0,2
56.733333333333334,True,-0.47938931437302956,0.7906878646606936,4.462712859659425,0.044517518105304285,0.00013668369229797263,attentive,0,2
56.766666666666666,True,3.089297963593115,1.7716398877786095,4.460093896713615,0.04450704225352105,0.00014235068287944566,attentive,0,2
56.8,True,-2.491234631705574,3.8891282970888548,4.457478005865103,0.044496578690127,0.0001307043415724457,attentive,0,2
56.833333333333336,True,1.001175910213746,-0.4603166862210375,4.4548651817116065,0.044486127393513014,0.0001338355797552527,attentive,0,2
56.86666666666667,True,2.070406915540071,-0.36406391947931593,4.452255418863503,0.044475688342120595,0.0001396217565952834,attentive,0,2
56.9,True,3.0164735438129866,2.1126106042682844,4.449648711943794,0.044465261514441766,0.00014464063077286574,attentive,0,2
56.93333333333333,True,0.15510623563239748,0.49302150599171124,4.447045055588063,0.04445484688901884,0.00014431828850828646,attentive,0,2
56.96666666666667,True,1.0938173458107083,-2.4852959613576244,4.444444444444445,0.04444444444444436,0.0001503065762576696,attentive,0,2
57.0,False,1.8411750557303488,-0.26621224669437726,4.500292226767972,0.044667835573738476,0.00015534706511907505,attentive,0,2
57.03333333333333,False,-0.7926624087476456,-0.08697909083802409,4.55607476635514,0.047113187954309244,0.00015331143180396498,attentive,0,2
57.06666666666666,False,-4.004093222096965,-1.5895719585389063,4.611792177466433,0.049558279820976506,0.00014489526182281842,attentive,0,2
57.1,False,0.9213609367849277,-1.810214423388887,4.667444574095683,0.052003111629716076,0.0001495468026359112,attentive,0,2
57.13333333333333,True,-0.43232889572019756,-2.7778087471048627,4.664723032069971,0.04532555879494647,0.00015193858092483678,attentive,0,2
57.166666666666664,True,2.440685149920034,1.1414393857482714,4.662004662004662,0.04531468531468524,0.0001566932540052248,attentive,0,2
57.199999999999996,True,-0.7642168555674955,-0.2898126595908245,4.6592894583576,0.045303824500096984,0.00015499891243291324,attentive,0,2
57.233333333333334,True,-4.3082512467798715,1.0471291471946509,4.656577415599535,0.045292976329064726,0.00014240884497547022,attentive,0,2
57.266666666666666,True,-2.5153043922026073,1.9147123190718023,4.653868528214078,0.045282140779522896,0.00013334749783085645,attentive,0,2
57.3,True,-2.2350907726838347,-0.48166963580766425,4.651162790697675,0.045271317829457286,0.0001281168540536163,attentive,0,2
57.333333333333336,True,-0.36172235708772915,0.10127559507318937,4.648460197559558,0.04526050745690482,0.0001269774998105112,attentive,0,2
57.36666666666667,True,2.4014444949771847,0.39369524170650605,4.645760743321719,0.045249709639953464,0.0001325937778764979,attentive,0,2
57.4,True,-0.5555291434046074,0.5251155613636813,4.643064422518862,0.04523892435674204,0.00013040658364393547,attentive,0,2
57.43333333333333,True,3.0640876081871693,-1.4987802273438833,4.640371229698376,0.04522815158546009,0.00014016202638830053,attentive,0,2
57.46666666666667,True,4.448800024924693,1.6354361621230002,4.63768115942029,0.045217391304347744,0.00014943621766153937,attentive,0,2
57.5,True,-0.04792581751738575,0.46205105620248066,4.634994206257242,0.04520664349169556,0.00014863133934406165,attentive,0,2
57.53333333333333,True,2.2548748745533045,-1.1360838713925336,4.632310364794441,0.04519590812584435,0.0001558100686984904,attentive,0,2
57.56666666666666,True,2.4246786826708044,-1.7963855938735294,4.62962962962963,0.045185185185185106,0.00016426638097768385,attentive,0,2
57.6,True,-6.432576834615814,-0.04028074387241304,4.626951995373048,0.045174474648158776,0.00014768802123628014,attentive,0,2
57.63333333333333,True,1.6080895755292688,-0.6229638562473088,4.624277456647398,0.04516377649325618,0.00015253411423274708,attentive,0,2
57.666666666666664,True,4.0117223281506185,1.4495910584108294,4.62160600808781,0.04515309069901783,0.00016088537329492778,attentive,0,2
57.699999999999996,True,1.2290655222091333,-1.34076469213529,4.618937644341801,0.04514241724403379,0.00016566661183556268,attentive,0,2
57.733333333333334,True,-1.661702667608433,-1.6448348784105136,4.616272360069244,0.04513175610694356,0.00016341858922591678,attentive,0,2
57.766666666666666,True,0.08284299876858439,-0.04262244193599069,4.61361014994233,0.04512110726643591,0.0001635913049433607,attentive,0,2
57.8,True,-1.5963682870009253,0.10075659600794612,4.610951008645533,0.04511047070124872,0.00015927864499173174,attentive,0,2
57.833333333333336,True,1.7148978362660998,0.995959570874226,4.6082949308755765,0.04509984639016889,0.0001623024042229295,attentive,0,2
57.86666666666667,True,0.3650326185079529,0.1250990237726312,4.605641911341393,0.045089234312032156,0.00016298292636371243,attentive,0,2
57.9,True,-3.739477105630683,-1.655650622386858,4.602991944764097,0.04507863444572297,0.00015544342258447935,attentive,0,2
57.93333333333333,True,-0.7164969324006428,-1.1975234184982462,4.600345025876941,0.045068046770174355,0.00015505313444127308,attentive,0,2
57.96666666666667,True,-0.2091180626957635,-1.2052131771491683,4.597701149425287,0.04505747126436774,0.00015596910269320038,attentive,0,2
58.0,True,2.2029112000447197,-2.7963336777391685,4.595060310166571,0.04504690790733287,0.0001650723894142632,attentive,0,2
58.03333333333333,True,0.33832846127567967,0.3075774801573655,4.5924225028702645,0.04503635667814764,0.00016544845379384935,attentive,0,2
58.06666666666666,True,0.16059197074531725,-1.7389929240649777,4.589787722317843,0.04502581755593796,0.00016798013615675924,attentive,0,2
58.1,True,-1.6091269021667611,0.1900598072539489,4.587155963302752,0.0450152905198776,0.00016354091001907062,attentive,0,2
58.13333333333333,True,-0.21909713763577038,1.2892347070964174,4.584527220630372,0.045004775549188074,0.0001612473444133698,attentive,0,2
58.166666666666664,True,1.0314740004590706,-2.456420027402164,4.581901489117984,0.04499427262313852,0.00016690701950988797,attentive,0,2
58.199999999999996,True,-0.28807323305054583,-0.367533626058819,4.579278763594734,0.04498378172104552,0.00016654612019191843,attentive,0,2
58.233333333333334,True,-0.08712376884343823,1.1452466399397618,4.576659038901601,0.04497330282227299,0.00016477337682589634,attentive,0,2
58.266666666666666,True,1.0381650250391405,1.9709988585907845,4.574042309891366,0.044962835906232054,0.0001648129971447018,attentive,0,2
58.3,True,-5.3058623277090575,-1.759273241691408,4.571428571428571,0.04495238095238087,0.00015347761014477567,attentive,0,2
58.333333333333336,True,0.1833817645534597,0.22728672282919676,4.568817818389491,0.04494193794022455,0.00015356697099471866,attentive,0,2
58.36666666666667,True,1.2351834984488943,-0.3572601070451767,4.5662100456621,0.04493150684931498,0.00015706585730496136,attentive,0,2
58.4,True,-0.9254642047481407,-1.3390004862136782,4.563605248146035,0.04492108765925073,0.0001563273042732445,attentive,0,2
58.43333333333333,True,-0.3091388754244583,-0.9358308617549451,4.561003420752566,0.04491068034967685,0.00015664050055347138,attentive,0,2
58.46666666666667,True,3.0892170149892655,-0.7420011384400204,4.5584045584045585,0.04490028490028482,0.00016531406426751948,attentive,0,2
58.5,True,2.2532725803915494,-0.2841856768615214,4.555808656036446,0.04488990129081237,0.0001712826032560341,attentive,0,2
58.53333333333333,True,-0.07177243976849389,0.9200107744190293,4.553215708594195,0.04487952950104336,0.00016983995122868794,attentive,0,2
58.56666666666666,True,-0.8288408794370151,0.19665262315710927,4.550625711035267,0.044869169510807654,0.00016739934655154973,attentive,0,2
58.6,True,0.20924667857575244,-1.3881567352514783,4.548038658328596,0.04485882129998097,0.00016958659989809105,attentive,0,2
58.63333333333333,True,2.0829844162885727,1.4294917930371356,4.545454545454546,0.04484848484848477,0.00017294539165261868,attentive,0,2
58.666666666666664,True,3.4723784858166336,1.1292619261506922,4.542873367404884,0.04483816013628612,0.00018018581012600995,attentive,0,2
58.699999999999996,True,-2.555874859459059,1.158830764246896,4.540295119182747,0.044827847143397576,0.00017217513526446158,attentive,0,2
58.733333333333334,True,0.9842338961733584,-0.6517287967407434,4.537719795802609,0.04481754584987702,0.00017538017437483965,attentive,0,2
58.766666666666666,True,-5.955375425113571,-0.19496229159923253,4.535147392290249,0.04480725623582758,0.00016052163363775653,attentive,0,2
58.8,True,0.11320664840624516,-0.2679699859046023,4.53257790368272,0.04479697828139746,0.00016105313952076577,attentive,0,2
58.833333333333336,True,0.06697910614332923,-1.3846947333042854,4.530011325028313,0.04478671196677984,0.00016287291935316366,attentive,0,2
58.86666666666667,True,3.3244051487748845,-1.7779462604836662,4.527447651386531,0.04477645727221271,0.0001733784387448816,attentive,0,2
58.9,True,0.9330776408143525,-0.026393158873886668,4.524886877828054,0.044766214177978804,0.00017565914279599694,attentive,0,2
58.93333333333333,True,1.6376869743106939,-0.2774159085042602,4.522328999434709,0.04475598266440542,0.00018002286774149967,attentive,0,2
58.96666666666667,True,0.6595171594982546,-0.5101530842925384,4.519774011299435,0.044745762711864326,0.00018221769148639032,attentive,0,2
59.0,True,1.473639992351748,2.590639523879999,4.517221908526256,0.04473555430077161,0.00018256230846318256,attentive,0,2
59.03333333333333,True,1.612207333403952,1.9577124204514957,4.514672686230249,0.04472535741158758,0.0001840478228945194,attentive,0,2
59.06666666666666,True,2.2837012478766203,-0.5183198041601136,4.512126339537507,0.04471517202481661,0.00019031830077834567,attentive,0,2
59.1,True,-1.382875882835685,-0.528285496222244,4.509582863585118,0.04470499812100706,0.00018740822999693598,attentive,0,2
59.13333333333333,True,-1.297730016261068,0.693952756224393,4.507042253521127,0.0446948356807511,0.0001831844472210422,attentive,0,2
59.166666666666664,True,-1.70085248580882,0.6952797434299717,4.504504504504505,0.0446846846846846,0.0001779549455740238,attentive,0,2
59.199999999999996,True,-1.2909360326585613,0.44693877289783224,4.501969611705121,0.04467454511348707,0.00017406713145069077,attentive,0,2
59.233333333333334,True,1.6967999287230158,-2.294821029108067,4.499437570303712,0.04466441694788144,0.00018107886833033246,attentive,0,2
59.266666666666666,True,1.9359759151561655,0.238696318706805,4.4969083754918495,0.04465430016863398,0.00018551553065105804,attentive,0,2
59.3,True,2.669722563665745,1.1503006671653704,4.49438202247191,0.04464419475655423,0.0001906412016515239,attentive,0,2
59.333333333333336,True,-1.7474900334663046,-0.21611649003216504,4.491858506457047,0.04463410069249477,0.00018644299575266103,attentive,0,2
59.36666666666667,True,1.0093447993514764,1.054115575134866,4.489337822671156,0.04462401795735121,0.00018754123078879947,attentive,0,2
59.4,True,-3.390934487074543,0.23693437399899567,4.48681996634885,0.044613946532061986,0.00017868824032079542,attentive,0,2
59.43333333333333,True,-3.3107099758855716,0.9516200119391619,4.484304932735426,0.04460388639760829,0.0001691547952885898,attentive,0,2
59.46666666666667,True,-3.6256790271029526,-0.056170889984920896,4.481792717086835,0.044593837535013926,0.00016010243696664664,attentive,0,2
59.5,True,1.1428066653988809,-0.66751123680068,4.479283314669653,0.0445837999253452,0.00016368720550088013,attentive,0,2
59.53333333333333,True,2.1975791704241203,0.21591227445608,4.476776720761052,0.044573773549710795,0.000168792704255984,attentive,0,2
59.56666666666666,True,3.931049117722177,0.35585001962590923,4.47427293064877,0.044563758389261666,0.00017802746873386526,attentive,0,2
59.6,True,-1.5223700565333356,0.09514818446320145,4.471771939631078,0.0445537544251909,0.0001740277163477276,attentive,0,2
59.63333333333333,True,0.14745981904487795,2.399942766571132,4.4692737430167595,0.04454376163873362,0.00017131718177188917,attentive,0,2
59.666666666666664,True,1.5545875706808998,2.326591931125863,4.46677833612507,0.04453378001116687,0.00017219253443450917,attentive,0,2
59.699999999999996,True,0.5832540204517707,0.48222451371581787,4.464285714285714,0.044523809523809445,0.00017294501073249056,attentive,0,2
59.733333333333334,True,-1.6835643077057518,1.777147946545614,4.461795872838818,0.04451385015802185,0.00016647280175091192,attentive,0,2
59.766666666666666,True,-1.9639310268834054,2.6691873939865407,4.459308807134894,0.044503901895206165,0.00015820826290718437,attentive,0,2
59.8,True,-1.822638194029499,4.891363087335574,4.456824512534819,0.04449396471680586,0.00014755170680232172,attentive,0,2
59.833333333333336,True,5.314574585277884,-0.985498580780596,4.4543429844097995,0.04448403860430578,0.00016184055793233326,attentive,0,2
59.86666666666667,True,-2.021153297524892,-1.700806285995549,4.451864218141346,0.04447412353923197,0.00015885492934131887,attentive,0,2
59.9,True,4.529044527048476,-0.04680802672845986,4.4493882091212456,0.04446421950315157,0.00017001969557864653,attentive,0,2
59.93333333333333,True,1.4973100327341466,-0.4285860855651634,4.446914952751529,0.0444543264776727,0.00017415371730432504,attentive,0,2
59.96666666666667,True,0.12937181805123651,1.0288843039909443,4.444444444444445,0.04444444444444436,0.00017310617429114558,attentive,0,2
60.0,False,-0.7831590059435845,1.590455734708596,4.444444444444445,0.04444444444444436,0.00016836486217020643,attentive,0,2
60.03333333333333,True,0.07205482844003631,0.07052264895941268,4.388888888888888,0.04326984126984117,0.0001624222549083843,attentive,0,2
60.06666666666666,True,-2.283382821523399,-1.8515877061957366,4.333333333333334,0.043047619047618946,0.00016129128729136562,attentive,0,2
60.1,True,2.4361036377697243,1.8502360804942657,4.277777777777778,0.042825396825396725,0.00016502088032392345,attentive,0,2
60.13333333333333,True,-2.7584678096054756,0.34150905379228774,4.277777777777778,0.042825396825396725,0.0001607947111324679,attentive,0,2
60.166666666666664,True,-0.35137193331376343,0.6689357301905985,4.277777777777778,0.04277777777777767,0.0001542115535357636,attentive,0,2
60.199999999999996,True,3.8878720315180932,2.2926243859610174,4.277777777777778,0.04277777777777767,0.00016031218792200068,attentive,0,2
60.233333333333334,True,4.897007782774632,-1.7868910104262232,4.277777777777778,0.04277777777777767,0.00017523154303497495,attentive,0,2
60.266666666666666,True,-2.8674264192854846,4.780954441366442,4.277777777777778,0.04277777777777767,0.00016481792204854384,attentive,0,2
60.3,True,8.286876280846759,-0.860801415773838,4.277777777777778,0.04277777777777767,0.00018482186335389223,attentive,0,2
60.333333333333336,True,-0.9588994563991985,-0.49455090950308295,4.277777777777778,0.04277777777777767,0.00018941425802569264,attentive,0,2
60.36666666666667,True,5.262198427988182,1.9892337557323085,4.277777777777778,0.04277777777777767,0.00020979844378482998,attentive,0,2
60.4,True,-1.5014493450969084,-1.0835958929412441,4.277777777777778,0.04277777777777767,0.00020703475037854368,attentive,0,2
60.43333333333333,True,0.1723982059594243,5.907247060433492,4.277777777777778,0.04277777777777767,0.0002095459209459551,attentive,0,2
60.46666666666667,True,-0.1222998259009531,4.205330793838285,4.277777777777778,0.04277777777777767,0.00021889068284648407,attentive,0,2
60.5,True,2.4917307000072553,1.2747450248066308,4.277777777777778,0.04277777777777767,0.00022550423981840023,attentive,0,2
60.53333333333333,True,-1.7776377226596336,-1.7931156711635585,4.277777777777778,0.04277777777777767,0.00021507927313842897,attentive,0,2
60.56666666666666,True,-3.4741190306835525,-0.9713708789208211,4.277777777777778,0.04277777777777767,0.00020677186492100126,attentive,0,2
60.6,True,-2.1208264900351916,-4.777398034666013,4.277777777777778,0.04277777777777767,0.00019708216911478124,attentive,0,2
60.63333333333333,True,-4.009580643520144,-1.6147287976653393,4.277777777777778,0.04277777777777767,0.0001759911033816017,attentive,0,2
60.666666666666664,True,1.2471721870748116,-1.8888714509534084,4.277777777777778,0.04277777777777767,0.00018623194325145784,attentive,0,2
60.699999999999996,True,-3.981549982589885,-1.7135555688582416,4.277777777777778,0.04277777777777767,0.00017967734907182998,attentive,0,2
60.733333333333334,True,1.860332341111216,-1.3710136890886282,4.277777777777778,0.04277777777777767,0.00018971701693934785,attentive,0,2
60.766666666666666,True,1.4898332013461484,-1.0244035754404117,4.277777777777778,0.04277777777777767,0.00019912100079382564,attentive,0,2
60.8,True,2.1594360883593278,-1.5982631199921897,4.277777777777778,0.04277777777777767,0.00020371244456859737,attentive,0,2
60.833333333333336,True,-6.801407854609379,-4.904374779647078,4.277777777777778,0.04277777777777767,0.00019519045765842172,attentive,0,2
60.86666666666667,True,2.6070215642606063,2.24937197851698,4.277777777777778,0.04277777777777767,0.00019535946238910596,attentive,0,2
60.9,True,2.1603152024155032,0.5150316790788538,4.277777777777778,0.04277777777777767,0.0001981428321038567,attentive,0,2
60.93333333333333,True,7.659046594012852,-0.7231287183122144,4.277777777777778,0.04277777777777767,0.00021536817050520066,attentive,0,2
60.96666666666667,True,5.744709056364339,1.7378322359916667,4.277777777777778,0.04277777777777767,0.00021552981559740862,attentive,0,2
61.0,True,5.280774079748954,-0.30236065055871153,4.277777777777778,0.04277777777777767,0.00023262872991244206,attentive,0,2
61.03333333333333,True,-5.803309351329222,1.2445175063160188,4.277777777777778,0.04277777777777767,0.0002204347172701785,attentive,0,2
61.06666666666666,True,2.2577014227541348,-0.3860063927180592,4.277777777777778,0.04277777777777767,0.00022750759696981115,attentive,0,2
61.1,True,-6.090220955915185,-2.8475323704187003,4.277777777777778,0.04277777777777767,0.00021762067348648546,attentive,0,2
61.13333333333333,True,-2.6920194425313118,0.3737148112991856,4.277777777777778,0.04277777777777767,0.00020897036000213276,attentive,0,2
61.166666666666664,True,0.536347060721676,3.7373085693997354,4.277777777777778,0.04277777777777767,0.00021500554335959616,attentive,0,2
61.199999999999996,True,5.173128398295209,1.817914141611707,4.277777777777778,0.04277777777777767,0.00024066174427465336,attentive,0,2
61.233333333333334,True,0.16350553269714946,-1.4249189053946394,4.277777777777778,0.04277777777777767,0.00023941852655266335,attentive,0,2
61.266666666666666,True,1.5603974228724997,-2.315102718298242,4.277777777777778,0.04277777777777767,0.00024223141271334514,attentive,0,2
61.3,True,1.6713084932986513,6.852637403613602,4.277777777777778,0.04277777777777767,0.00024737062600725765,attentive,0,2
61.333333333333336,True,3.0822296456849254,0.11172413665661293,4.277777777777778,0.04277777777777767,0.0002647986447019634,attentive,0,2
61.36666666666667,True,1.0915388324671516,-1.7913380632124145,4.277777777777778,0.04277777777777767,0.00026695549893811037,attentive,0,2
61.4,True,-3.953567603822136,-2.202448818593393,4.277777777777778,0.04277777777777767,0.0002474936807932222,attentive,0,2
61.43333333333333,True,-0.4639001042730937,-1.0625596555033752,4.277777777777778,0.04277777777777767,0.00023813099387590825,attentive,0,2
61.46666666666667,True,8.25879441338472,-3.1002631848598186,4.277777777777778,0.04277777777777767,0.00025892379346305447,attentive,0,2
61.5,True,1.9319266796442722,-1.8600441231822766,4.277777777777778,0.04277777777777767,0.00025927571749882907,attentive,0,2
61.53333333333333,True,2.6538325541794108,4.006730229943914,4.277777777777778,0.04277777777777767,0.0002682056431395696,attentive,0,2
61.56666666666666,True,2.6536014077012773,-1.9914214020977348,4.277777777777778,0.04277777777777767,0.00027336593009141976,attentive,0,2
61.6,False,0.3711732789890465,6.456906264616959,4.333333333333334,0.0429999999999999,0.0002892028648352871,attentive,0,2
61.63333333333333,False,1.4145214239356645,0.3340526516774486,4.388888888888888,0.04544444444444422,0.00029147341560401224,attentive,0,2
61.666666666666664,False,8.290306475769462,3.3135385493443272,4.444444444444445,0.04788888888888854,0.0003123956382788214,attentive,0,2
61.699999999999996,False,-2.6541323500222727,-3.2549810263094168,4.5,0.05033333333333285,0.000295440528129956,attentive,0,2
61.733333333333334,True,-1.2821379796003889,1.2394252325850232,4.5,0.04371428571428561,0.00029829628443928525,attentive,0,2
61.766666666666666,True,5.391490840324205,-0.85737789651983,4.5,0.04371428571428561,0.0003048737145324384,attentive,0,2
61.8,True,3.5593582726994573,3.405788317066082,4.5,0.04371428571428561,0.00031034513675494614,attentive,0,2
61.833333333333336,True,-3.263755210517453,1.2589721856035534,4.5,0.04371428571428561,0.0002986243684538803,attentive,0,2
61.86666666666667,True,5.234237102601028,1.422983120297781,4.5,0.04371428571428561,0.00031823144431939886,attentive,0,2
61.9,True,0.25915823734686727,-2.3241910342230603,4.5,0.04371428571428561,0.0003137418856316992,attentive,0,2
61.93333333333333,True,0.09698448338070549,3.628079025993693,4.5,0.04371428571428561,0.00032336583837917516,attentive,0,2
61.96666666666667,True,3.948732667951241,1.2389998109790699,4.5,0.04371428571428561,0.000337828497210381,attentive,0,2
62.0,True,0.9186390674747358,0.6807346498114881,4.5,0.04371428571428561,0.0003439163279458694,attentive,0,2
62.03333333333333,True,-0.8561649230550996,-1.2178737185053556,4.5,0.04371428571428561,0.0003400707008581493,attentive,0,2
62.06666666666666,True,-0.08812437597700784,0.6720878625447053,4.5,0.04371428571428561,0.0003474142480533301,attentive,0,2
62.1,True,7.8889788369937826,-3.1476874123306184,4.5,0.04371428571428561,0.0003695346258157698,attentive,0,2
62.13333333333333,True,-2.7262237746485396,1.5469455301674053,4.5,0.04371428571428561,0.00036884017295198764,attentive,0,2
62.166666666666664,True,-1.3134792913838738,-4.292500243023774,4.5,0.04371428571428561,0.0003631224999105908,attentive,0,2
62.199999999999996,True,2.8682681544135495,1.1878744519362905,4.5,0.04371428571428561,0.00036310813771666225,attentive,0,2
62.233333333333334,True,-4.4194461334470425,-0.12200505248287853,4.5,0.04371428571428561,0.0003603709569131714,attentive,0,2
62.266666666666666,True,-2.3776184252052963,3.0146793223842216,4.5,0.04371428571428561,0.0003620621452826057,attentive,0,2
62.3,True,3.3479128733396815,3.1632284880193025,4.5,0.04371428571428561,0.00037507144031642713,attentive,0,2
62.333333333333336,True,1.5647757605596821,-1.5253082529295547,4.5,0.04371428571428561,0.0003794213756902336,attentive,0,2
62.36666666666667,True,-5.275783723605302,1.5290775833632655,4.5,0.04371428571428561,0.000375921871194373,attentive,0,2
62.4,True,1.922793774215853,0.7586089266787194,4.5,0.04371428571428561,0.0003757581191106097,attentive,0,2
62.43333333333333,True,6.509059400429625,-1.4602555958754448,4.5,0.04371428571428561,0.0003900446990440416,attentive,0,2
62.46666666666667,True,-0.9971140579188054,0.4397989492330322,4.5,0.04371428571428561,0.00038398700919318204,attentive,0,2
62.5,True,-1.129959273280416,3.1092008621713902,4.5,0.04371428571428561,0.0003831009011790348,attentive,0,2
62.53333333333333,True,-0.5530854385149351,-2.1086350043495115,4.5,0.04371428571428561,0.00037948997122171823,attentive,0,2
62.56666666666666,True,-3.225851742160321,-0.9907170048138443,4.5,0.04371428571428561,0.0003782271072502973,attentive,0,2
62.6,True,0.21513602569793042,-0.7480725996875599,4.5,0.04371428571428561,0.00037908303901600245,attentive,0,2
62.63333333333333,True,-2.8836138361737054,0.8704746034800959,4.5,0.04371428571428561,0.0003802054404327525,attentive,0,2
62.666666666666664,True,-0.9281516996893615,-3.1805549899199077,4.5,0.04371428571428561,0.00037819605397027505,attentive,0,2
62.699999999999996,True,-2.4981730105409485,1.5688192364807885,4.5,0.04371428571428561,0.00036719866764038076,attentive,0,2
62.733333333333334,True,-6.3862804176831425,-2.9836357253142074,4.5,0.04371428571428561,0.0003453468515320188,attentive,0,2
62.766666666666666,True,2.841437435616254,-1.8014395812049717,4.5,0.04371428571428561,0.000351569425943317,attentive,0,2
62.8,True,2.695275492710072,-2.239010468782207,4.5,0.04371428571428561,0.0003602112642700923,attentive,0,2
62.833333333333336,True,0.2879935795752875,2.0299401210925754,4.5,0.04371428571428561,0.0003609856993326593,attentive,0,2
62.86666666666667,True,7.145198564008293,0.5880099807907297,4.5,0.04371428571428561,0.0003737298038881816,attentive,0,2
62.9,True,4.682094134549745,-1.54780940826543,4.5,0.04371428571428561,0.00038914663329729063,attentive,0,2
62.93333333333333,True,-1.3800581005692836,0.7132102156364692,4.5,0.04371428571428561,0.00038425746993728016,attentive,0,2
62.96666666666667,True,-3.478414053934964,-0.9351696959422076,4.5,0.04371428571428561,0.0003675718092531066,attentive,0,2
63.0,True,2.018924339302004,-1.1088679962197552,4.444444444444445,0.04349206349206339,0.00037140401624050816,attentive,0,2
63.03333333333333,True,0.920938434037984,0.5652679648538278,4.388888888888888,0.04326984126984117,0.0003617574920994821,attentive,0,2
63.06666666666666,True,-1.1976261158096868,-0.726369123298438,4.333333333333334,0.043047619047618946,0.0003520374843721594,attentive,0,2
63.1,True,4.856622798126606,0.8611273372171898,4.277777777777778,0.042825396825396725,0.0003742278404401161,attentive,0,2
63.13333333333333,True,1.0757593085900305,-4.0405746518158985,4.277777777777778,0.042825396825396725,0.000368378990298595,attentive,0,2
63.166666666666664,True,-2.6107043722015217,-0.687220440707991,4.277777777777778,0.04277777777777767,0.0003586353407020898,attentive,0,2
63.199999999999996,True,-1.6082919806074873,-2.5549160916550324,4.277777777777778,0.04277777777777767,0.0003556147723088094,attentive,0,2
63.233333333333334,True,-0.6239264911144263,1.9644561167018288,4.277777777777778,0.04277777777777767,0.00035833133070200347,attentive,0,2
63.266666666666666,True,-1.0156674839305175,-4.133650685786609,4.277777777777778,0.04277777777777767,0.00034790773157419467,attentive,0,2
63.3,True,-1.2752704086522837,-0.11231318517991212,4.277777777777778,0.04277777777777767,0.00034637103991957355,attentive,0,2
63.333333333333336,True,1.3152310649461048,-0.8082018203040453,4.277777777777778,0.04277777777777767,0.00033771752476293137,attentive,0,2
63.36666666666667,True,-4.448093300557363,-2.07878146401732,4.277777777777778,0.04277777777777767,0.0003255307825247968,attentive,0,2
63.4,True,-4.314099114346642,0.612608209475801,4.277777777777778,0.04277777777777767,0.0003215201954488451,attentive,0,2
63.43333333333333,True,4.597404355336029,0.11376678192134848,4.277777777777778,0.04277777777777767,0.00034192038525563697,attentive,0,2
63.46666666666667,True,4.679529129687876,3.834102590602876,4.277777777777778,0.04277777777777767,0.00035690740899343396,attentive,0,2
63.5,True,0.7512015352768242,-1.1998038883825655,4.277777777777778,0.04277777777777767,0.00035462477122505544,attentive,0,2
63.53333333333333,True,-0.019101883579251605,1.2079720660801723,4.277777777777778,0.04277777777777767,0.00035457429929927934,attentive,0,2
63.56666666666666,True,-3.5959068786797794,0.22120766557880178,4.277777777777778,0.04277777777777767,0.00035034292738162355,attentive,0,2
63.6,True,-4.126367557592072,0.6322309862554595,4.277777777777778,0.04277777777777767,0.00034780845008280687,attentive,0,2
63.63333333333333,True,-2.69374622169963,-0.0647111899188931,4.277777777777778,0.04277777777777767,0.00033707122962878125,attentive,0,2
63.666666666666664,True,-5.068024548893853,1.72774336482053,4.277777777777778,0.04277777777777767,0.0003235823889970764,attentive,0,2
63.699999999999996,True,-2.9293022356311083,-1.4016456334182432,4.277777777777778,0.04277777777777767,0.00031642232371060835,attentive,0,2
63.733333333333334,True,1.9904887584451771,-0.9360281926912535,4.277777777777778,0.04277777777777767,0.00032901382189154166,attentive,0,2
63.766666666666666,True,-0.3827271897064304,-0.9388226762568728,4.277777777777778,0.04277777777777767,0.00031880237574814427,attentive,0,2
63.8,False,-0.5737541994275849,-0.46364597618419745,4.333333333333334,0.0429999999999999,0.00031387071094938113,attentive,0,2
63.833333333333336,False,-0.36801106646551496,-1.2062129298525641,4.388888888888888,0.04544444444444469,0.00031205943952974013,attentive,0,2
63.86666666666667,False,4.666445279511917,-2.562759148070067,4.444444444444445,0.04788888888888901,0.00031877124394882574,attentive,0,2
63.9,False,-4.997507198024977,-2.0591178499476324,4.5,0.05033333333333333,0.0003018880592603642,attentive,0,2
63.93333333333333,False,0.12730721990225263,1.7618063895322096,4.555555555555555,0.05277777777777764,0.0002940382959003786,attentive,0,2
63.96666666666667,True,-1.4272125665012532,3.2630726413599827,4.555555555555555,0.0442539682539682,0.0002915473642898231,attentive,0,2
64.0,True,0.8439520648219428,1.3048447392468203,4.555555555555555,0.0442539682539682,0.00029635712815660476,attentive,0,2
64.03333333333333,True,1.6113710033041413,-2.745603053769934,4.555555555555555,0.0442539682539682,0.0002969765894311081,attentive,0,2
64.06666666666666,True,-2.032662745975389,4.029387387759874,4.555555555555555,0.0442539682539682,0.00029454642204479654,attentive,0,2
64.1,True,4.099006851720301,-2.437690564927201,4.555555555555555,0.0442539682539682,0.0003113084928589289,attentive,0,2
64.13333333333333,True,-0.9535932079438699,1.3568001602594484,4.555555555555555,0.0442539682539682,0.0003134051837011347,attentive,0,2
64.16666666666667,True,-4.303829475952718,0.6131063505868901,4.555555555555555,0.0442539682539682,0.0003005599059339567,attentive,0,2
64.2,True,-1.7722449987806743,-1.5632881878409888,4.555555555555555,0.0442539682539682,0.0003018301622019864,attentive,0,2
64.23333333333333,True,-0.5849599144067565,-0.409528869844932,4.555555555555555,0.0442539682539682,0.00029518496370732833,attentive,0,2
64.26666666666667,True,-3.5241247598826604,-0.8208708294017479,4.555555555555555,0.0442539682539682,0.0002791561766148388,attentive,0,2
64.3,True,5.854257933190811,-1.8371178326018902,4.555555555555555,0.0442539682539682,0.0002932192522749383,attentive,0,2
64.33333333333333,True,-3.6315917280899366,1.8838768939437496,4.555555555555555,0.0442539682539682,0.00028538445528864155,attentive,0,2
64.36666666666666,True,2.1327023863175563,1.1855241414359756,4.555555555555555,0.0442539682539682,0.0002899556622702594,attentive,0,2
64.4,True,1.5153637099124162,1.897777517769999,4.555555555555555,0.0442539682539682,0.0002988253556730753,attentive,0,2
64.43333333333334,True,1.8457966138596278,-2.1511098273680576,4.555555555555555,0.0442539682539682,0.00030878503394541647,attentive,0,2
64.46666666666667,True,1.4042112020089221,3.1695911372273438,4.555555555555555,0.0442539682539682,0.00031740848746611205,attentive,0,2
64.5,True,1.0631825936093537,-0.7014124269914246,4.555555555555555,0.0442539682539682,0.00031953791097791024,attentive,0,2
64.53333333333333,True,3.1675931196329827,0.7018664446372133,4.555555555555555,0.0442539682539682,0.00033510016204598954,attentive,0,2
64.56666666666666,True,0.21146287080875423,0.3201855405106848,4.555555555555555,0.0442539682539682,0.00032758660753199063,attentive,0,2
64.6,True,0.5380588724028035,2.7398557493459994,4.555555555555555,0.0442539682539682,0.00033770062882745394,attentive,0,2
64.63333333333333,True,3.2315667635068075,-0.627406566082257,4.555555555555555,0.0442539682539682,0.00033959564677469407,attentive,0,2
64.66666666666667,True,3.0930060759959774,-3.1853743588267327,4.555555555555555,0.0442539682539682,0.0003391404931709981,attentive,0,2
64.7,True,4.6009290629249175,-2.4594706167029527,4.555555555555555,0.0442539682539682,0.00032941981792287706,attentive,0,2
64.73333333333333,True,2.2744249394538167,0.056662806360970874,4.555555555555555,0.0442539682539682,0.0003316494926041754,attentive,0,2
64.76666666666667,True,0.06071649163090485,3.1129677493710926,4.555555555555555,0.0442539682539682,0.00032467313793391097,attentive,0,2
64.8,True,-3.20995881746618,0.2614004650857807,4.555555555555555,0.0442539682539682,0.0003110211878021293,attentive,0,2
64.83333333333333,True,-2.0429271748024016,0.7061585634242746,4.555555555555555,0.0442539682539682,0.00030623407709176663,attentive,0,2
64.86666666666666,True,-2.370265794887927,-1.1008606812228001,4.555555555555555,0.0442539682539682,0.0002960849015660631,attentive,0,2
64.9,True,-4.55629735973025,1.1688335092146296,4.555555555555555,0.0442539682539682,0.00028070576761135015,attentive,0,2
64.93333333333334,True,-1.5037366006114898,3.8197562898090682,4.555555555555555,0.0442539682539682,0.0002807151567260117,attentive,0,2
64.96666666666667,True,-1.1894471468267067,2.4622687801900045,4.555555555555555,0.0442539682539682,0.0002742790776400551,attentive,0,2
65.0,True,-6.390990444909983,0.48440647371996826,4.555555555555555,0.0442539682539682,0.0002659945768391987,attentive,0,2
65.03333333333333,True,-5.133827176354016,1.5717208078055207,4.555555555555555,0.0442539682539682,0.0002570107089254556,attentive,0,2
65.06666666666666,True,3.407057357425885,0.7463013332966997,4.555555555555555,0.0442539682539682,0.0002605385003972881,attentive,0,2
65.1,True,0.13365653638038366,-0.3046336122184339,4.555555555555555,0.0442539682539682,0.00026420656306993303,attentive,0,2
65.13333333333333,True,-0.8017967687318733,-1.7365939202660607,4.555555555555555,0.0442539682539682,0.0002643880638977439,attentive,0,2
65.16666666666667,True,6.59655632678241,0.08717303232517942,4.555555555555555,0.0442539682539682,0.00027149252205330724,attentive,0,2
65.2,True,3.4349340436377593,1.0738030000741,4.555555555555555,0.0442539682539682,0.0002771058195610506,attentive,0,2
65.23333333333333,True,-6.144144038525965,-3.0694385559821145,4.555555555555555,0.0442539682539682,0.00026200235869107945,attentive,0,2
65.26666666666667,True,3.4969415028171107,2.493430865929363,4.555555555555555,0.0442539682539682,0.0002756006095039659,attentive,0,2
65.3,True,-0.6559023036626404,1.0981497240139588,4.555555555555555,0.0442539682539682,0.0002776358536371431,attentive,0,2
65.33333333333333,True,-1.0119818793534703,-2.2691211362656443,4.555555555555555,0.0442539682539682,0.000274390957054237,attentive,0,2
65.36666666666666,True,-0.0831495703581713,0.15525963555616978,4.555555555555555,0.0442539682539682,0.00027566046429603207,attentive,0,2
65.4,True,-1.310734111023564,-0.016041131012069998,4.555555555555555,0.0442539682539682,0.0002865287089782387,attentive,0,2
65.43333333333334,True,-1.2840680560675921,-3.054070011981774,4.555555555555555,0.0442539682539682,0.000278394287966039,attentive,0,2
65.46666666666667,True,-3.5967129528247224,-0.00017496124878635388,4.555555555555555,0.0442539682539682,0.0002730849395567737,attentive,0,2
65.5,True,-1.4604665505973098,2.1769598595257444,4.555555555555555,0.0442539682539682,0.0002784811475848331,attentive,0,2
65.53333333333333,True,-7.376714902876161,-0.5210942051014472,4.555555555555555,0.0442539682539682,0.0002568193298776913,attentive,0,2
65.56666666666666,True,-2.982663648077889,-1.6054174645560788,4.555555555555555,0.0442539682539682,0.00023924189875726876,attentive,0,2
65.6,True,2.516223783444417,-1.36855336084666,4.555555555555555,0.0442539682539682,0.00024030273068490773,attentive,0,2
65.63333333333333,True,-3.046942983004298,0.7067812246470206,4.555555555555555,0.0442539682539682,0.00023179544323644443,attentive,0,2
65.66666666666667,True,-1.2446259022052697,-1.9968499469472452,4.555555555555555,0.0442539682539682,0.00022519381159695907,attentive,0,2
65.7,True,1.7266032528469477,0.15931789422181863,4.555555555555555,0.0442539682539682,0.0002299956799565517,attentive,0,2
65.73333333333333,True,0.3989713501760736,-0.38013758489708044,4.555555555555555,0.0442539682539682,0.00023439537210040077,attentive,0,2
65.76666666666667,True,-7.029403321899197,-1.6193760004617288,4.555555555555555,0.0442539682539682,0.00022436660986135815,attentive,0,2
65.8,True,5.615940748408041,-1.4459943900390355,4.555555555555555,0.0442539682539682,0.00022718518196744914,attentive,0,2
65.83333333333333,True,0.8601162625324081,2.3793481521011293,4.555555555555555,0.0442539682539682,0.00023269193603959128,attentive,0,2
65.86666666666666,True,4.250143744487028,6.815657298942275,4.555555555555555,0.0442539682539682,0.0002473263067552125,attentive,0,2
65.9,True,-1.9543471814759772,1.5260968162184767,4.555555555555555,0.0442539682539682,0.00024660904552750815,attentive,0,2
65.93333333333334,True,-1.097218571923273,-0.46673939688445043,4.555555555555555,0.0442539682539682,0.00023505391149672398,attentive,0,2
65.96666666666667,True,-3.852528825231832,1.3960217037387683,4.555555555555555,0.0442539682539682,0.0002281911431378796,attentive,0,2
66.0,True,2.2711998585731914,2.0837537520785236,4.5,0.04403174603174598,0.00023559061065826764,attentive,0,2
66.03333333333333,True,6.251462326586247,2.888121283730777,4.444444444444445,0.04380952380952376,0.0002591331445749754,attentive,0,2
66.06666666666666,True,-3.8221213277241564,-3.2583455288657994,4.388888888888888,0.043587301587301536,0.00024731131387513764,attentive,0,2
66.1,True,2.753182433067404,-0.3708904986101643,4.333333333333334,0.043365079365079315,0.0002559017038291483,attentive,0,2
66.13333333333333,True,-6.308330743344032,1.7599841508236158,4.333333333333334,0.043365079365079315,0.00023938103183524412,attentive,0,2
66.16666666666667,True,-1.1507210517587891,-2.930068442459492,4.333333333333334,0.04333333333333328,0.00023969578809258707,attentive,0,2
66.2,True,3.3862128819727495,-0.0950477939292137,4.333333333333334,0.04333333333333328,0.0002414884589170484,attentive,0,2
66.23333333333333,True,7.037766189140535,-2.0403232762996266,4.333333333333334,0.04333333333333328,0.0002628655980199073,attentive,0,2
66.26666666666667,True,2.1569462383876883,-2.4801961527347327,4.333333333333334,0.04333333333333328,0.0002717780691646148,attentive,0,2
66.3,True,4.773770046761183,-0.6854638548365422,4.333333333333334,0.04333333333333328,0.00028435761580976,attentive,0,2
66.33333333333333,True,-1.9360530908644908,-2.089756521010873,4.333333333333334,0.04333333333333328,0.0002802490664427085,attentive,0,2
66.36666666666666,True,-0.0166507352318485,1.6248611716176389,4.333333333333334,0.04333333333333328,0.0002694607785669553,attentive,0,2
66.4,True,3.062895744893555,-1.606258563937545,4.333333333333334,0.04333333333333328,0.0002818678944849052,attentive,0,2
66.43333333333334,True,2.3805477373967907,0.29757848284170707,4.333333333333334,0.04333333333333328,0.0002944480863780883,attentive,0,2
66.46666666666667,True,3.731768546352909,-0.7758278107857743,4.333333333333334,0.04333333333333328,0.00030085649211771405,attentive,0,2
66.5,True,-1.313437983573406,-3.2826793369665808,4.333333333333334,0.04333333333333328,0.0002987206281294985,attentive,0,2
66.53333333333333,True,-1.7637132062400274,3.610430692471147,4.333333333333334,0.04333333333333328,0.0002753626637880208,attentive,0,2
66.56666666666666,True,1.0647343526515904,2.8228441722159885,4.333333333333334,0.04333333333333328,0.00027903639390558,attentive,0,2
66.6,True,0.7891833270445997,-3.342211114495861,4.333333333333334,0.04333333333333328,0.0002758410605425536,attentive,0,2
66.63333333333333,True,-0.23297381164134526,-3.0070501872968136,4.333333333333334,0.04333333333333328,0.0002750509707963467,attentive,0,2
66.66666666666667,True,0.21466982105193572,-0.36023223598861953,4.333333333333334,0.04333333333333328,0.00027384731436544353,attentive,0,2
66.7,True,7.293768397667687,-1.6805461005349471,4.333333333333334,0.04333333333333328,0.0002943776801562261,attentive,0,2
66.73333333333333,True,2.2189270636062832,-3.7523038106011626,4.333333333333334,0.04333333333333328,0.0002963917376465974,attentive,0,2
66.76666666666667,True,3.505958158752385,-0.16182790888028714,4.333333333333334,0.04333333333333328,0.0003014797985984008,attentive,0,2
66.8,True,1.5413603404249032,-1.7263189873502165,4.333333333333334,0.04333333333333328,0.0003029086502846002,attentive,0,2
66.83333333333333,True,-1.8388961093373943,0.41757498955314043,4.333333333333334,0.04333333333333328,0.0003020704210187671,attentive,0,2
66.86666666666666,True,4.959712791017101,-2.9844023852220536,4.333333333333334,0.04333333333333328,0.0003156571612275975,attentive,0,2
66.9,True,4.390902388564357,-1.0766637013688074,4.333333333333334,0.04333333333333328,0.00033457213275865573,attentive,0,2
66.93333333333334,True,-1.3443147250879226,2.5703359701263926,4.333333333333334,0.04333333333333328,0.0003381337144120704,attentive,0,2
66.96666666666667,True,-7.19192798785335,-1.3698597362762932,4.333333333333334,0.04333333333333328,0.0003202466869569038,attentive,0,2
67.0,True,1.4330878057382064,-0.5307696362924986,4.333333333333334,0.04333333333333328,0.00032184568929920524,attentive,0,2
67.03333333333333,True,1.4654356976249685,-2.2788755002243617,4.333333333333334,0.04333333333333328,0.00032086172093970835,attentive,0,2
67.06666666666666,True,-1.6391820177136438,0.22486707092339275,4.333333333333334,0.04333333333333328,0.00031578350036490894,attentive,0,2
67.1,True,1.8706692078666631,-1.2394833011165227,4.333333333333334,0.04333333333333328,0.00031579564639698076,attentive,0,2
67.13333333333333,True,0.1647237283655945,0.9966341948967927,4.333333333333334,0.04333333333333328,0.0003138765976934683,attentive,0,2
67.16666666666667,True,-8.250814828409627,-0.4041082182821047,4.333333333333334,0.04333333333333328,0.0002860169113373246,attentive,0,2
67.2,False,-0.6420695685057933,2.183626829184531,4.388888888888888,0.0435555555555555,0.000278770602634873,attentive,0,2
67.23333333333333,False,1.9925161063649173,-4.268070555642578,4.444444444444445,0.04599999999999982,0.00027461853696428035,attentive,0,2
67.26666666666667,False,8.148762243896792,0.2545917994928487,4.5,0.04844444444444414,0.00028428741777458965,attentive,0,2
67.3,False,1.0485523519089532,-1.4945924244882742,4.555555555555555,0.05088888888888845,0.00028746770228322703,attentive,0,2
67.33333333333333,False,0.7436225124255019,-2.211792213761931,4.611111111111111,0.053333333333332775,0.00028338750430829674,attentive,0,2
67.36666666666666,False,1.4799236219896525,3.632721021988981,4.666666666666667,0.0557777777777771,0.0002807063119521475,attentive,0,2
67.4,True,0.45460350893787854,-0.6062195922624014,4.666666666666667,0.04533333333333331,0.0002805301135786761,attentive,0,2
67.43333333333334,True,-4.197585971501606,-2.552725002252679,4.666666666666667,0.04533333333333331,0.000264016008374365,attentive,0,2
67.46666666666667,True,2.8021811163133687,-3.4638986544647246,4.666666666666667,0.04533333333333331,0.0002690537022819484,attentive,0,2
67.5,True,1.3397608904427776,0.1753207015891729,4.666666666666667,0.04533333333333331,0.00027755114325420533,attentive,0,2
67.53333333333333,True,0.3019750817551992,-0.2172342968824461,4.666666666666667,0.04533333333333331,0.0002818013177241151,attentive,0,2
67.56666666666666,True,1.3672995443721336,-0.6869395855359188,4.666666666666667,0.04533333333333331,0.0002822048871647573,attentive,0,2
67.6,True,1.344723063666291,1.7083204140206738,4.666666666666667,0.04533333333333331,0.00028704447464602607,attentive,0,2
67.63333333333333,True,-5.260741423279631,-3.81726554843515,4.666666666666667,0.04533333333333331,0.0002676795662904986,attentive,0,2
67.66666666666667,True,8.24316338361291,-1.095508547719811,4.666666666666667,0.04533333333333331,0.0002810607485993126,attentive,0,2
67.7,True,1.930872005614159,-2.975049798257741,4.666666666666667,0.04533333333333331,0.0002826042427176105,attentive,0,2
67.73333333333333,True,-7.239360195753873,-2.9680448238499366,4.666666666666667,0.04533333333333331,0.000263595712609637,attentive,0,2
67.76666666666667,True,8.363581953434302,-1.656294526352475,4.666666666666667,0.04533333333333331,0.00028291353319517213,attentive,0,2
67.8,True,-0.2581204795852691,-0.0175948884773528,4.666666666666667,0.04533333333333331,0.0002804521368824926,attentive,0,2
67.83333333333333,True,2.1579078960597062,-0.45029129024103776,4.666666666666667,0.04533333333333331,0.00028631402603967993,attentive,0,2
67.86666666666666,True,1.1361591185837927,-0.9257262145458605,4.666666666666667,0.04533333333333331,0.00028509303894192894,attentive,0,2
67.9,True,6.215964151578592,1.796239155315525,4.666666666666667,0.04533333333333331,0.0002956988224010197,attentive,0,2
67.93333333333334,True,5.7831718270342405,-2.5158889903336816,4.666666666666667,0.04533333333333331,0.00031730534073672197,attentive,0,2
67.96666666666667,True,4.191670934211506,0.24572245947390958,4.666666666666667,0.04533333333333331,0.0003278329116724238,attentive,0,2
68.0,True,0.9357650896035803,-1.826831605493632,4.666666666666667,0.04533333333333331,0.0003306843512756447,attentive,0,2
68.03333333333333,True,-0.8093696515851646,-2.76596885097099,4.666666666666667,0.04533333333333331,0.00032995347538664597,attentive,0,2
68.06666666666666,True,2.292053559705098,-0.7477313978214218,4.666666666666667,0.04533333333333331,0.00033408180071626994,attentive,0,2
68.1,True,-1.4388828028528315,-1.8899340642823703,4.666666666666667,0.04533333333333331,0.0003293995872668501,attentive,0,2
68.13333333333333,True,8.19396025567344,0.16601172729377422,4.666666666666667,0.04533333333333331,0.00035586326035309037,attentive,0,2
68.16666666666667,True,-3.355603081077742,1.8102877020495596,4.666666666666667,0.04533333333333331,0.00034772863332383256,attentive,0,2
68.2,True,1.9389374281384029,-1.6359065715197154,4.666666666666667,0.04533333333333331,0.0003648994814262331,attentive,0,2
68.23333333333333,True,1.8341793487611013,-0.6840616437709317,4.666666666666667,0.04533333333333331,0.00037438538523807725,attentive,0,2
68.26666666666667,True,4.0018057117840495,1.3335314149677155,4.666666666666667,0.04533333333333331,0.00038254564138666717,attentive,0,2
68.3,True,-1.8119233260527867,1.8200445415934143,4.666666666666667,0.04533333333333331,0.000377401005760977,attentive,0,2
68.33333333333333,True,3.1973480593311248,-0.5522100808303527,4.666666666666667,0.04533333333333331,0.00039085098605250564,attentive,0,2
68.36666666666666,True,1.47648955976392,-0.06963458238081188,4.666666666666667,0.04533333333333331,0.00039612554953511174,attentive,0,2
68.4,True,8.192482610698967,-1.2526392936920683,4.666666666666667,0.04533333333333331,0.0004203518283160138,attentive,0,2
68.43333333333334,True,4.856990573037732,-2.3394021590762186,4.666666666666667,0.04533333333333331,0.0004278631897128254,attentive,0,2
68.46666666666667,True,-1.9152839097173437,-0.9188249347345296,4.666666666666667,0.04533333333333331,0.0004157314602323916,attentive,0,2
68.5,True,6.281596782498307,0.2609280375417642,4.666666666666667,0.04533333333333331,0.0004258293161434925,attentive,0,2
68.53333333333333,True,3.7007055810066785,2.2813580132057263,4.666666666666667,0.04533333333333331,0.00043131484555960066,attentive,0,2
68.56666666666666,True,-0.751944650192514,-4.5029923064530415,4.666666666666667,0.04533333333333331,0.0004375694206644341,attentive,0,2
68.6,True,-1.8423363052816126,2.0912761790153045,4.666666666666667,0.04533333333333331,0.0004322751952785224,attentive,0,2
68.63333333333333,True,8.02950440411909,1.2877265168748275,4.666666666666667,0.04533333333333331,0.00045356231696643115,attentive,0,2
68.66666666666667,True,2.4529043043577063,-1.86455004377707,4.666666666666667,0.04533333333333331,0.00045451317812076405,attentive,0,2
68.7,True,-5.251134424620982,0.2602277799294406,4.666666666666667,0.04533333333333331,0.00044433481682147,attentive,0,2
68.73333333333333,True,1.1137327896503304,-2.910355573281587,4.666666666666667,0.04533333333333331,0.00044955753280291914,attentive,0,2
68.76666666666667,True,-5.624519239514035,-0.016612088617156462,4.666666666666667,0.04533333333333331,0.0004311428945591839,attentive,0,2
68.8,True,7.081803039064119,0.4142506714321529,4.666666666666667,0.04533333333333331,0.0004420911726879365,attentive,0,2
68.83333333333333,True,3.296432230302216,1.5302128665415,4.666666666666667,0.04533333333333331,0.0004509325499831228,attentive,0,2
68.86666666666666,True,1.8883626647480245,0.5620923292217425,4.666666666666667,0.04533333333333331,0.00044736363483807837,attentive,0,2
68.9,True,-1.6743099344398658,0.9366789899397374,4.666666666666667,0.04533333333333331,0.0004470547697997465,attentive,0,2
68.93333333333334,True,4.587863187764245,-1.3106327072696555,4.666666666666667,0.04533333333333331,0.0004624486721973601,attentive,0,2
68.96666666666667,True,-1.837066183450201,0.8472286030379134,4.666666666666667,0.04533333333333331,0.00045122783587010025,attentive,0,2
69.0,True,1.2093247749186247,-0.9935077908943091,4.611111111111111,0.04511111111111109,0.00045443707794280995,attentive,0,2
69.03333333333333,True,2.7895607777955194,1.6207085953827214,4.555555555555555,0.04488888888888886,0.00045700555052484795,attentive,0,2
69.06666666666666,True,-1.5226517582474826,1.5495101740849793,4.5,0.04466666666666664,0.0004506176763005501,attentive,0,2
69.1,True,-0.8706303721637128,0.840971318623015,4.444444444444445,0.04444444444444442,0.0004391704424136103,attentive,0,2
69.13333333333333,True,-2.8083340802397534,-2.1278170997029546,4.444444444444445,0.04444444444444442,0.00043986334954975625,attentive,0,2
69.16666666666667,False,6.2427607634538385,-1.1871782752847182,4.5,0.044666666666666646,0.000448239818309485,attentive,0,2
69.2,False,-9.5169927427782,0.9216258123206094,4.555555555555555,0.047111111111110965,0.000424079744425419,attentive,0,2
69.23333333333333,False,-5.81415033089843,-1.4594180714852827,4.611111111111111,0.04955555555555528,0.0004118352201660736,attentive,0,2
69.26666666666667,False,-1.9837371462045201,-4.349293311966775,4.666666666666667,0.051999999999999595,0.0004164627290131278,attentive,0,2
69.3,False,1.2378836943035976,1.837000950300182,4.722222222222222,0.054444444444443914,0.00041502882172734216,attentive,0,2
69.33333333333333,False,-1.786987219772189,0.28400809607892497,4.777777777777778,0.05688888888888824,0.00040407684404437623,attentive,0,2
69.36666666666666,True,0.0922356196356432,2.5481062455313572,4.777777777777778,0.04641269841269829,0.000400853349839869,attentive,0,2
69.4,True,-5.848728670505737,-1.1155754452815767,4.777777777777778,0.04641269841269829,0.00039661697502488865,attentive,0,2
69.43333333333334,True,3.709203309087192,0.8032305855247943,4.777777777777778,0.04641269841269829,0.00041534604758446743,attentive,0,2
69.46666666666667,True,-0.09001064040858027,-0.022208800497823034,4.777777777777778,0.04641269841269829,0.0004168294728318946,attentive,0,2
69.5,True,8.775511758342017,-2.3031325055633443,4.777777777777778,0.04641269841269829,0.00045028232832047235,attentive,0,2
69.53333333333333,True,6.178187977314314,-2.409292553545538,4.777777777777778,0.04641269841269829,0.0004603904810692531,attentive,0,2
69.56666666666666,True,-2.8545673285460853,-1.7148703232333191,4.777777777777778,0.04641269841269829,0.00046232364310959146,attentive,0,2
69.6,True,-2.519614686568502,-2.2853945463187224,4.777777777777778,0.04641269841269829,0.0004481813892072261,attentive,0,2
69.63333333333333,True,5.953576327009672,-1.9150359096853622,4.777777777777778,0.04641269841269829,0.00047174066964083915,attentive,0,2
69.66666666666667,True,-4.58147429602213,-2.1515969003879607,4.777777777777778,0.04641269841269829,0.00046068194979958865,attentive,0,2
69.7,True,-1.6875662172009638,0.8249389531579414,4.777777777777778,0.04641269841269829,0.00046205691152281043,attentive,0,2
69.73333333333333,True,-3.4181299612241074,-0.45285661890607576,4.777777777777778,0.04641269841269829,0.00044872230311616496,attentive,0,2
69.76666666666667,True,-0.41265834284363323,-1.3161133389937336,4.777777777777778,0.04641269841269829,0.0004403097859491864,attentive,0,2
69.8,True,4.982595448518787,-1.0117787738902058,4.777777777777778,0.04641269841269829,0.00045437313768862027,attentive,0,2
69.83333333333333,True,-4.564234003219506,-2.813069225290723,4.777777777777778,0.04641269841269829,0.00043775051567774247,attentive,0,2
69.86666666666666,True,-5.338245254709317,1.4968583696162552,4.777777777777778,0.04641269841269829,0.0004221761188375593,attentive,0,2
69.9,True,-1.4771517367033067,-0.1822018626751799,4.777777777777778,0.04641269841269829,0.0004235322155086962,attentive,0,2
69.93333333333334,True,0.6085163346852369,-0.06778479976704999,4.777777777777778,0.04641269841269829,0.00042899837648855777,attentive,0,2
69.96666666666667,True,-6.3636679410145085,4.039087319017536,4.777777777777778,0.04641269841269829,0.0004111462642344143,attentive,0,2
70.0,True,-4.279079684575013,0.04721988265885513,4.777777777777778,0.04641269841269829,0.000406640170416994,attentive,0,2
70.03333333333333,True,-4.4932413123078625,-3.698343664550987,4.777777777777778,0.04641269841269829,0.0003981356962475428,attentive,0,2
70.06666666666666,True,0.23213385600874178,-1.716935405127835,4.777777777777778,0.04641269841269829,0.00039768699528919824,attentive,0,2
70.1,True,-0.4902565232015389,-4.262943362308338,4.777777777777778,0.04641269841269829,0.0003981425629483788,attentive,0,2
70.13333333333333,True,3.2549346799074153,2.0424457973767565,4.777777777777778,0.04641269841269829,0.00041113396396287306,attentive,0,2
70.16666666666667,True,-2.7954748463369916,1.0402771139178935,4.777777777777778,0.04641269841269829,0.0004008978912913812,attentive,0,2
70.2,True,-0.5125556465925912,-3.2308066429614786,4.777777777777778,0.04641269841269829,0.0004119674320640986,attentive,0,2
70.23333333333333,True,-6.533717438678669,0.7397621881994692,4.777777777777778,0.04641269841269829,0.00038861812818484563,attentive,0,2
70.26666666666667,True,1.8134427428576572,-1.8253958131138972,4.777777777777778,0.04641269841269829,0.0003934899289599011,attentive,0,2
70.3,True,3.603660036917763,0.3914426450601046,4.777777777777778,0.04641269841269829,0.000399441447296371,attentive,0,2
70.33333333333333,True,-3.0810856626757315,-5.40989831768494,4.777777777777778,0.04641269841269829,0.0004027796559881402,attentive,0,2
70.36666666666666,True,3.7808462107651377,-1.1719628649972675,4.777777777777778,0.04641269841269829,0.0004140489920468915,attentive,0,2
70.4,True,2.3704385552657605,-3.6386205558184317,4.777777777777778,0.04641269841269829,0.0004287719757209847,attentive,0,2
70.43333333333334,True,-2.7374529224025217,1.5426277902432206,4.777777777777778,0.04641269841269829,0.0004170402877049184,attentive,0,2
70.46666666666667,True,-2.6608701406252715,-1.1238346101264043,4.777777777777778,0.04641269841269829,0.0004137255093905146,attentive,0,2
70.5,True,-2.5921115044228014,-0.4356681881031689,4.777777777777778,0.04641269841269829,0.00040738261422395514,attentive,0,2
70.53333333333333,True,2.465649676202325,-0.9051230987901328,4.777777777777778,0.04641269841269829,0.00041263775358570993,attentive,0,2
70.56666666666666,True,-0.3564980779225245,-0.925171276340852,4.777777777777778,0.04641269841269829,0.00041850918618250275,attentive,0,2
70.6,True,1.886902673080301,-1.3534670892295129,4.777777777777778,0.04641269841269829,0.000429189429322352,attentive,0,2
70.63333333333333,True,-1.8326837442558017,0.4025525623249797,4.777777777777778,0.04641269841269829,0.00042813208827120313,attentive,0,2
70.66666666666667,True,1.112335967862305,-1.6383192341243846,4.777777777777778,0.04641269841269829,0.00043900313206936265,attentive,0,2
70.7,True,-2.230222904076682,-3.739440330802829,4.777777777777778,0.04641269841269829,0.00043493367615748615,attentive,0,2
70.73333333333333,True,0.47768287622410277,-1.4838680972799658,4.777777777777778,0.04641269841269829,0.0004449156049214489,attentive,0,2
70.76666666666667,True,2.283284270252292,-2.498099564964998,4.777777777777778,0.04641269841269829,0.0004561566795865808,attentive,0,2
70.8,True,-1.5579044587319855,-2.0679392444911193,4.777777777777778,0.04641269841269829,0.00044554162836789904,attentive,0,2
70.83333333333333,True,4.679095951674075,2.232376915329778,4.777777777777778,0.04641269841269829,0.0004601792986105198,attentive,0,2
70.86666666666666,True,-1.803332942059413,-3.1205654815180717,4.777777777777778,0.04641269841269829,0.00045696586145845246,attentive,0,2
70.9,True,-6.596410765611857,-0.5929069864672778,4.777777777777778,0.04641269841269829,0.0004405510143871508,attentive,0,2
70.93333333333334,True,-5.573942724203983,-4.071323788476571,4.777777777777778,0.04641269841269829,0.0004313407007313168,attentive,0,2
70.96666666666667,True,-3.865673976623781,-1.249317598500491,4.777777777777778,0.04641269841269829,0.0004209609668497403,attentive,0,2
71.0,True,-4.1757429645587925,0.6514888850687436,4.777777777777778,0.04641269841269829,0.0004067441659347324,attentive,0,2
71.03333333333333,True,3.8566933732503026,-3.5299765797756693,4.777777777777778,0.04641269841269829,0.00041662903879842016,attentive,0,2
71.06666666666666,True,1.7046460158026855,0.9260752865672602,4.777777777777778,0.04641269841269829,0.00041911746737649356,attentive,0,2
71.1,True,-0.27311888437678516,3.104608149152842,4.777777777777778,0.04641269841269829,0.00041736126063857777,attentive,0,2
71.13333333333333,True,-3.5281506103581486,-1.4983466634090474,4.777777777777778,0.04641269841269829,0.0004006798091664419,attentive,0,2
71.16666666666667,True,-9.474101942347877,-1.0510903146961643,4.777777777777778,0.04641269841269829,0.0003749615106847232,attentive,0,2
71.2,True,0.3588934420852578,3.124216875009207,4.777777777777778,0.04641269841269829,0.00037233478437549,attentive,0,2
71.23333333333333,True,-3.0832797432346246,-1.2009691409482421,4.777777777777778,0.04641269841269829,0.00037180745075375234,attentive,0,2
71.26666666666667,True,-6.487274408106101,-1.821058888205354,4.777777777777778,0.04641269841269829,0.00035761016807281344,attentive,0,2
71.3,True,1.3163048944575013,1.1624618852193875,4.777777777777778,0.04641269841269829,0.0003559055758046099,attentive,0,2
71.33333333333333,True,2.5454094364959956,-1.161632199829427,4.777777777777778,0.04641269841269829,0.0003705889181629388,attentive,0,2
71.36666666666666,True,2.8542188013505667,-2.6522423251109877,4.777777777777778,0.04641269841269829,0.0003833056590875987,attentive,0,2
71.4,True,-1.939011051689951,-4.05561438822698,4.777777777777778,0.04641269841269829,0.00039327358360287466,attentive,0,2
71.43333333333334,True,4.261177820380037,-2.071353859484439,4.777777777777778,0.04641269841269829,0.00039937462165945295,attentive,0,2
71.46666666666667,True,-1.0662065795521294,0.7363049805826147,4.777777777777778,0.04641269841269829,0.00039778812785020297,attentive,0,2
71.5,True,0.9075420898062017,-1.969288075332631,4.777777777777778,0.04641269841269829,0.00039340895888466783,attentive,0,2
71.53333333333333,True,-1.4284297071295402,-2.3908462023916277,4.777777777777778,0.04641269841269829,0.00039012205269065557,attentive,0,2
71.56666666666666,True,-2.694089123126225,1.4922996810101514,4.777777777777778,0.04641269841269829,0.0003799513997170603,attentive,0,2
71.6,True,2.756944415937972,1.6655041798587304,4.777777777777778,0.04641269841269829,0.0003852875752430198,attentive,0,2
71.63333333333333,True,7.567937174821722,2.6528999399131243,4.777777777777778,0.04641269841269829,0.0004011033786337778,attentive,0,2
71.66666666666667,True,-2.352956816719126,-3.5337611695055497,4.777777777777778,0.04641269841269829,0.000402113833998709,attentive,0,2
71.7,True,-0.01890655028993116,-2.299246346451445,4.777777777777778,0.04641269841269829,0.0003988463757919662,attentive,0,2
71.73333333333333,True,0.6297587416119778,-0.6474510403437062,4.777777777777778,0.04641269841269829,0.0003997065252686193,attentive,0,2
71.76666666666667,True,6.350286457204841,-0.6509376278893048,4.777777777777778,0.04641269841269829,0.0004214012675972226,attentive,0,2
71.8,True,0.9151499882593557,1.8111424256833508,4.777777777777778,0.04641269841269829,0.000418665881328889,attentive,0,2
71.83333333333333,True,0.5739791914803326,-0.027337047337446352,4.777777777777778,0.04641269841269829,0.00041910494754881855,attentive,0,2
71.86666666666666,True,-0.26895825923213174,-4.168406764240644,4.777777777777778,0.04641269841269829,0.00042501182267439653,attentive,0,2
71.9,True,5.618764974086499,2.0326701605266724,4.777777777777778,0.04641269841269829,0.00043466452022529944,attentive,0,2
71.93333333333334,True,-3.4056292032374587,2.173178274022759,4.777777777777778,0.04641269841269829,0.0004256933308277217,attentive,0,2
71.96666666666667,True,-1.120557873554164,2.8589177598597812,4.777777777777778,0.04641269841269829,0.0004200636197909416,attentive,0,2
72.0,True,-2.727304682995725,0.46167559094051724,4.722222222222222,0.04619047619047606,0.00041862415890343596,attentive,0,2
72.03333333333333,False,5.457553387386069,-2.2030140565131298,4.722222222222222,0.04619047619047606,0.00043622692860918126,attentive,0,2
72.06666666666666,False,0.07157110218161881,1.8969335624681258,4.722222222222222,0.04841269841269816,0.00043760427365946116,attentive,0,2
72.1,False,1.2392033381124186,-0.9900748377794057,4.722222222222222,0.050634920634920255,0.0004466707356869384,attentive,0,2
72.13333333333333,False,1.3917488432391039,-2.0988275101712954,4.777777777777778,0.053079365079364574,0.00045355354890196434,attentive,0,2
72.16666666666667,False,-6.804256464222286,-2.3681186345657013,4.833333333333333,0.05555555555555587,0.00043915800378254024,attentive,0,2
72.2,False,7.457294207595598,-2.0572368088298125,4.888888888888889,0.05800000000000018,0.0004643592170062165,attentive,0,2
72.23333333333333,True,-2.4263419921269485,1.3733882261470045,4.888888888888889,0.0474920634920634,0.0004647690654630735,attentive,0,2
72.26666666666667,True,2.62333222169797,-1.3711765038135668,4.888888888888889,0.0474920634920634,0.0004655106308092994,attentive,0,2
72.3,True,-6.433741241052224,-2.9148621229531004,4.888888888888889,0.0474920634920634,0.0004624486178150955,attentive,0,2
72.33333333333333,True,2.3664973948083152,-4.104872069685856,4.888888888888889,0.0474920634920634,0.0004806619537688388,attentive,0,2
72.36666666666666,True,-0.16070204927843731,-1.987189414891259,4.888888888888889,0.0474920634920634,0.0004818833624995549,attentive,0,2
72.4,True,-1.1206112418713752,-1.9100768363258647,4.888888888888889,0.0474920634920634,0.00048507792508955714,attentive,0,2
72.43333333333334,True,1.036168217068579,-0.6240440830587426,4.888888888888889,0.0474920634920634,0.0004953128184528287,attentive,0,2
72.46666666666667,True,2.7257954800718194,-3.2302992829544532,4.888888888888889,0.0474920634920634,0.0005052223168387153,attentive,0,2
72.5,True,0.4825980705586526,-1.558725918458705,4.888888888888889,0.0474920634920634,0.0005127235175357027,attentive,0,2
72.53333333333333,True,-8.18575547532048,-3.1045061188833842,4.888888888888889,0.0474920634920634,0.00049134715112495,attentive,0,2
72.56666666666666,True,0.7896008326075832,-1.8248001841261274,4.888888888888889,0.0474920634920634,0.0004987066126821156,attentive,0,2
72.6,True,1.3897685728370084,0.20226625539907173,4.888888888888889,0.0474920634920634,0.0005074405922272954,attentive,0,2
72.63333333333333,True,0.027145955782601653,0.7944711990343194,4.888888888888889,0.0474920634920634,0.0005040940483558555,attentive,0,2
72.66666666666667,True,-1.9410355857961072,-2.3279235506659095,4.888888888888889,0.0474920634920634,0.000510543598810512,attentive,0,2
72.7,True,5.091809849179283,1.978193257003039,4.888888888888889,0.0474920634920634,0.0005218869910162313,attentive,0,2
72.73333333333333,True,2.0099908210044597,0.8150393887928746,4.888888888888889,0.0474920634920634,0.0005281792732852633,attentive,0,2
72.76666666666667,True,3.455630337376466,-5.417149431840789,4.888888888888889,0.0474920634920634,0.0005476848083671009,attentive,0,2
72.8,True,3.024088606158257,0.24065740665474622,4.888888888888889,0.0474920634920634,0.0005519803883250796,attentive,0,2
72.83333333333333,True,0.9797899631226574,-0.6292525431546223,4.888888888888889,0.0474920634920634,0.0005622198454251847,attentive,0,2
72.86666666666666,True,-0.15937045643600162,-0.9928880444493727,4.888888888888889,0.0474920634920634,0.0005555454968235359,attentive,0,2
72.9,True,-3.1651851631756878,-0.9837940271538511,4.888888888888889,0.0474920634920634,0.0005553970607205703,attentive,0,2
72.93333333333334,True,2.2295482692824695,2.753405225353128,4.888888888888889,0.0474920634920634,0.0005558368039931213,attentive,0,2
72.96666666666667,True,-6.5710937142002095,-1.0005941577003916,4.888888888888889,0.0474920634920634,0.0005418927861045064,attentive,0,2
73.0,True,-2.280036027856466,0.8829971781878363,4.888888888888889,0.0474920634920634,0.0005281412393263351,attentive,0,2
73.03333333333333,True,3.2970755532267697,0.8021643358487516,4.888888888888889,0.0474920634920634,0.0005314022785313218,attentive,0,2
73.06666666666666,True,-11.318868890891308,-0.9687392164803921,4.888888888888889,0.0474920634920634,0.0005069330084588021,attentive,0,2
73.1,True,-1.581870029358978,-6.235381486272307,4.888888888888889,0.0474920634920634,0.000506851747637577,attentive,0,2
73.13333333333333,True,0.04266821221750616,-3.1444813052704377,4.888888888888889,0.0474920634920634,0.000507833922830244,attentive,0,2
73.16666666666667,True,0.47223165030150943,-2.734417130748019,4.888888888888889,0.0474920634920634,0.0005053347142722981,attentive,0,2
73.2,True,-3.4799580556041327,-5.171785319915695,4.888888888888889,0.0474920634920634,0.0004928457322748636,attentive,0,2
73.23333333333333,True,1.058435688330924,2.2044471375245713,4.888888888888889,0.0474920634920634,0.0004893189858323116,attentive,0,2
73.26666666666667,True,8.686098754093448,-1.8513415185507311,4.888888888888889,0.0474920634920634,0.0005099388672771487,attentive,0,2
73.3,True,7.990297131347571,0.19699712674053615,4.888888888888889,0.0474920634920634,0.000526089750664883,attentive,0,2
73.33333333333333,True,-5.480175118004119,-1.459519890174845,4.888888888888889,0.0474920634920634,0.0005102886840788719,attentive,0,2
73.36666666666666,True,1.9823815144071046,-2.7572916462078085,4.888888888888889,0.0474920634920634,0.0005167576979964118,attentive,0,2
73.4,True,-2.2053925713536056,-2.632961772670167,4.888888888888889,0.0474920634920634,0.0005158306791236188,attentive,0,2
73.43333333333334,True,3.921857349184899,-2.985278376212715,4.888888888888889,0.0474920634920634,0.0005248487983689036,attentive,0,2
73.46666666666667,True,6.1697738081911755,1.5772600175697382,4.888888888888889,0.0474920634920634,0.0005447059940485439,attentive,0,2
73.5,True,2.9338485884231615,-1.0741121202958626,4.888888888888889,0.0474920634920634,0.0005495753984495102,attentive,0,2
73.53333333333333,True,0.5926595813752136,-0.030519072329017627,4.888888888888889,0.0474920634920634,0.0005447867044232929,attentive,0,2
73.56666666666666,True,-1.9020003831811647,-5.440166616895118,4.888888888888889,0.0474920634920634,0.0005445079519215241,attentive,0,2
73.6,True,-2.548490421673853,-0.734039080451266,4.888888888888889,0.0474920634920634,0.0005424952924512549,attentive,0,2
73.63333333333333,True,2.8710680460572005,-2.247138029442365,4.888888888888889,0.0474920634920634,0.0005506426786852051,attentive,0,2
73.66666666666667,True,1.314196101704229,1.621247406253051,4.888888888888889,0.0474920634920634,0.0005477985821148147,attentive,0,2
73.7,True,5.865796781317841,-1.2278346211995774,4.888888888888889,0.0474920634920634,0.0005598077781387282,attentive,0,2
73.73333333333333,False,3.0179475716242194,-1.7142056629303306,4.944444444444445,0.04771428571428562,0.0005660491579006495,attentive,0,2
73.76666666666667,False,5.183447683159578,-3.4337609440456864,5.0,0.050158730158729944,0.0005870425132022559,attentive,0,2
73.8,False,0.03110224392897314,0.24843410378964315,5.055555555555555,0.05260317460317426,0.0005909072251594871,attentive,0,2
73.83333333333333,False,0.6241829462949621,-0.5907215943443697,5.111111111111112,0.055047619047618575,0.0005890665588518572,attentive,0,2
73.86666666666666,False,-3.1524340419335797,-0.10758115669462454,5.166666666666667,0.05749206349206289,0.0005906215643125244,attentive,0,2
73.9,False,-2.0554132443821502,1.1680920868074838,5.222222222222222,0.059936507936508156,0.0005876515124812393,attentive,0,2
73.93333333333334,False,-2.5058082716912407,-0.24015365067307026,5.277777777777778,0.062380952380952474,0.0005784366740423991,attentive,0,2
73.96666666666667,True,-10.727376698049646,2.636287799048972,5.277777777777778,0.04989898989898982,0.0005287156133385186,attentive,0,2
74.0,True,-2.2449669381820816,-3.914025671962399,5.277777777777778,0.04989898989898982,0.000531578341680446,attentive,0,2
74.03333333333333,True,-2.859192059183242,-2.4280992607554523,5.277777777777778,0.04989898989898982,0.0005215356210274306,attentive,0,2
74.06666666666666,True,3.0470097706486343,-2.895731090308127,5.277777777777778,0.04989898989898982,0.0005411577132382953,attentive,0,2
74.1,True,-2.162371378106724,-1.9498418066770382,5.277777777777778,0.04989898989898982,0.0005372105000118901,attentive,0,2
74.13333333333333,True,2.4621604964493464,1.7670705184142832,5.277777777777778,0.04989898989898982,0.0005405115590114429,attentive,0,2
74.16666666666667,True,0.27801080674573586,0.5915436483416701,5.277777777777778,0.04989898989898982,0.0005373834427534818,attentive,0,2
74.2,True,-1.2166106222471156,0.8312363264577072,5.277777777777778,0.04989898989898982,0.0005213826731054983,attentive,0,2
74.23333333333333,True,-0.1316590383164848,1.2662433438987155,5.277777777777778,0.04989898989898982,0.0005155275626339165,attentive,0,2
74.26666666666667,True,-2.0030734275480793,-2.1145081639571495,5.277777777777778,0.04989898989898982,0.0005099395404589804,attentive,0,2
74.3,True,-4.051204297435316,-3.292331577359019,5.277777777777778,0.04989898989898982,0.0005073973342762284,attentive,0,2
74.33333333333333,True,-4.736554161075023,-0.39400340620675456,5.277777777777778,0.04989898989898982,0.0005045861131985335,attentive,0,2
74.36666666666666,True,4.2549837311312615,-1.168216033288363,5.277777777777778,0.04989898989898982,0.00052190625757977,attentive,0,2
74.4,True,-1.0301400667767409,4.57559420803171,5.277777777777778,0.04989898989898982,0.0005180054320396672,attentive,0,2
74.43333333333334,True,-4.508859852656213,-1.5904530237253143,5.277777777777778,0.04989898989898982,0.0005106443028691626,attentive,0,2
74.46666666666667,True,4.334529159306583,-0.8712846288928195,5.277777777777778,0.04989898989898982,0.000523054927425032,attentive,0,2
74.5,True,1.2706381472633612,-1.0503169685328129,5.277777777777778,0.04989898989898982,0.0005188498068228325,attentive,0,2
74.53333333333333,True,0.18363184817577405,1.600437532446571,5.277777777777778,0.04989898989898982,0.0005166094863170826,attentive,0,2
74.56666666666666,True,-0.9606857841005808,-1.386482213196887,5.277777777777778,0.04989898989898982,0.000509448563055018,attentive,0,2
74.6,True,2.6218573456116823,-1.069356952748246,5.277777777777778,0.04989898989898982,0.00051572403431807,attentive,0,2
74.63333333333333,True,-6.227434594726952,-0.5596136466420497,5.277777777777778,0.04989898989898982,0.0004987616630925706,attentive,0,2
74.66666666666667,True,-2.961608107245661,-1.8829600156948714,5.277777777777778,0.04989898989898982,0.0004883757153588687,attentive,0,2
74.7,True,-3.745747580279956,-4.986374042028821,5.277777777777778,0.04989898989898982,0.0004856065638982231,attentive,0,2
74.73333333333333,True,5.8911578347121525,-0.4794433184358885,5.277777777777778,0.04989898989898982,0.0005002016307517421,attentive,0,2
74.76666666666667,True,0.474150112248253,-0.013885033002314362,5.277777777777778,0.04989898989898982,0.000504802404816527,attentive,0,2
74.8,True,2.764046256692932,-2.890463889176943,5.277777777777778,0.04989898989898982,0.000519596498225501,attentive,0,2
74.83333333333333,True,-2.16951841589657,0.17277202092607014,5.277777777777778,0.04989898989898982,0.0005105636190116758,attentive,0,2
74.86666666666666,True,0.4274622853423837,-0.43018175290744787,5.277777777777778,0.04989898989898982,0.0005156818625417268,attentive,0,2
74.9,True,-7.042244754572103,1.4250235481960543,5.277777777777778,0.04989898989898982,0.0005006532425456516,attentive,0,2
74.93333333333334,True,0.1085198754943549,-3.5365392897338146,5.277777777777778,0.04989898989898982,0.0005081638535810605,attentive,0,2
74.96666666666667,True,-0.6255509763134577,-0.3394170011532407,5.277777777777778,0.04989898989898982,0.0005094301811150916,attentive,0,2
75.0,True,4.603952277159532,-1.8938065271218134,5.222222222222222,0.0496767676767676,0.0005262774635618262,attentive,0,2
75.03333333333333,True,-4.474143995006996,0.14051742005143075,5.166666666666667,0.04945454545454537,0.0005050864269865468,attentive,0,2
75.06666666666666,True,-5.328910132279896,1.3359925871273541,5.111111111111112,0.04923232323232315,0.000489955492750697,attentive,0,2
75.1,True,-1.4485925575491994,-1.6590957205630292,5.055555555555555,0.04901010101010093,0.000479727189442397,attentive,0,2
75.13333333333333,True,-2.151917156735541,-1.739161656471444,5.055555555555555,0.04901010101010093,0.0004831451630864702,attentive,0,2
75.16666666666667,True,-2.6775118270301475,0.5685557370965191,5.055555555555555,0.04911111111111103,0.0004751395996240641,attentive,0,2
75.2,True,2.0433300573135367,1.4133128715254728,5.055555555555555,0.04911111111111103,0.0004764355004133787,attentive,0,2
75.23333333333333,True,-10.330878952243397,1.0165057851391794,5.055555555555555,0.04911111111111103,0.00045096638179316275,attentive,0,2
75.26666666666667,True,2.684470221489625,-1.411867747296768,5.055555555555555,0.04911111111111103,0.00044952288816650654,attentive,0,2
75.3,True,-0.30121949695177397,-2.4985786486259087,5.055555555555555,0.04911111111111103,0.0004486210976614993,attentive,0,2
75.33333333333333,True,-1.9536827713227656,-1.3454334670310024,5.055555555555555,0.04911111111111103,0.0004527530280201501,attentive,0,2
75.36666666666666,True,-4.638581038912531,-2.7147284296163283,5.055555555555555,0.04911111111111103,0.00044540182787164407,attentive,0,2
75.4,False,6.808106139883042,-2.397366866864861,5.111111111111112,0.04933333333333325,0.00047072103476440713,attentive,0,2
75.43333333333334,False,-5.0632963286094546,-1.5005325120090187,5.166666666666667,0.05177777777777757,0.0004618588474107891,attentive,0,2
75.46666666666667,False,0.29183896412940824,-0.31685482032819734,5.222222222222222,0.054222222222221894,0.0004640551897312225,attentive,0,2
75.5,False,0.09716128165168074,0.6940066626359116,5.277777777777778,0.056666666666666206,0.0004643200715931116,attentive,0,2
75.53333333333333,False,-4.154354971004421,-5.02130078927712,5.333333333333334,0.059111111111110524,0.0004518966300227211,attentive,0,2
75.56666666666666,False,-3.991698462594801,-2.296872777230868,5.388888888888889,0.06155555555555484,0.0004443098962498724,attentive,0,2
75.6,False,-1.3820635963568078,-0.23364733459586362,5.444444444444444,0.06399999999999915,0.0004341683429999959,attentive,0,2
75.63333333333333,False,-10.21494400054969,1.5257521640971332,5.5,0.06644444444444347,0.00041132080129197164,attentive,0,2
75.66666666666667,True,0.8694825317381549,-1.51189648862121,5.5,0.051999999999999914,0.0004149649059685686,attentive,0,2
75.7,True,1.4184064611510758,-0.2558288430062772,5.5,0.051999999999999914,0.0004158906439212808,attentive,0,2
75.73333333333333,True,1.9876683461526763,-3.191430927872301,5.5,0.051999999999999914,0.0004169827293392874,attentive,0,2
75.76666666666667,True,4.996663097912026,-3.73749259683654,5.5,0.051999999999999914,0.0004328938388875245,attentive,0,2
75.8,True,-1.1597252588201599,-1.3615588876925921,5.5,0.051999999999999914,0.0004245204276352888,attentive,0,2
75.83333333333333,True,1.1634109446199876,0.5436115406738997,5.5,0.051999999999999914,0.0004256824970584877,attentive,0,2
75.86666666666666,True,-3.8974693250961163,0.2506735078505655,5.5,0.051999999999999914,0.0004152519841823764,attentive,0,2
75.9,True,-1.7976669797120202,1.796253251410511,5.5,0.051999999999999914,0.0004010478133586635,attentive,0,2
75.93333333333334,True,1.5891615514329303,-0.9452463595092206,5.5,0.051999999999999914,0.00040767666314823337,attentive,0,2
75.96666666666667,True,-5.606167134052126,0.9325388778159773,5.5,0.051999999999999914,0.0004047108801251353,attentive,0,2
76.0,True,8.687552267382154,-3.5853956975099583,5.5,0.051999999999999914,0.00042139237635808145,attentive,0,2
76.03333333333333,True,-2.811438339523878,1.4215267553750965,5.5,0.051999999999999914,0.00041779409947273434,attentive,0,2
76.06666666666666,True,-9.576845190436613,-6.427986692952978,5.5,0.051999999999999914,0.0004002493560469698,attentive,0,2
76.1,True,-2.417916847482041,0.4238426733014946,5.5,0.051999999999999914,0.00039226281798739526,attentive,0,2
76.13333333333333,True,-5.436402204234127,-0.017174349570922454,5.5,0.051999999999999914,0.00038143344936706806,attentive,0,2
76.16666666666667,True,4.381284007581835,-1.4218570652649665,5.5,0.051999999999999914,0.000397595287089424,attentive,0,2
76.2,True,-5.596749077940639,-2.2349653274120413,5.5,0.051999999999999914,0.0003803052397250937,attentive,0,2
76.23333333333333,True,1.293041502959576,-0.6017336312066237,5.5,0.051999999999999914,0.0003830458337397406,attentive,0,2
76.26666666666667,True,-0.3802892443548439,2.2791101018498194,5.5,0.051999999999999914,0.00037302064560990473,attentive,0,2
76.3,True,4.793998032231821,1.912766771253981,5.5,0.051999999999999914,0.00037533280564095036,attentive,0,2
76.33333333333333,True,0.7923922167223398,-1.1149367723254862,5.5,0.051999999999999914,0.0003807982243215866,attentive,0,2
76.36666666666666,True,3.1273495606885895,0.40407300569430826,5.5,0.051999999999999914,0.0003944443716114124,attentive,0,2
76.4,True,2.9427736991923505,-0.8747785098721451,5.5,0.051999999999999914,0.00040293970014742045,attentive,0,2
76.43333333333334,True,2.668778251823411,-2.30828081421275,5.5,0.051999999999999914,0.00041145089105984467,attentive,0,2
76.46666666666667,True,0.5707967977127755,-0.781992661272407,5.5,0.051999999999999914,0.00042130264222693594,attentive,0,2
76.5,True,6.577991581663167,0.1450427561618417,5.5,0.051999999999999914,0.000431128694533467,attentive,0,2
76.53333333333333,True,-2.655423856385811,0.3604508523064127,5.5,0.051999999999999914,0.00041805981516527537,attentive,0,2
76.56666666666666,True,-1.4921885615717034,-2.4214234245056607,5.5,0.051999999999999914,0.0004178583088765412,attentive,0,2
76.6,True,1.8891582765726511,-2.2171469627731932,5.5,0.051999999999999914,0.00042304595844378553,attentive,0,2
76.63333333333333,True,3.676358417456413,-1.0970960086741914,5.5,0.051999999999999914,0.00043482047748638267,attentive,0,2
76.66666666666667,True,-1.8751582621247282,-3.820919107215492,5.5,0.051999999999999914,0.0004287577973415441,attentive,0,2
76.7,True,-4.798234957077406,-2.689545671972712,5.5,0.051999999999999914,0.000407177736927111,attentive,0,2
76.73333333333333,True,-2.5798416993144175,-0.2770084936155661,5.5,0.051999999999999914,0.00040683325192638557,attentive,0,2
76.76666666666667,True,0.4928518797406414,-0.3954440785870277,5.5,0.051999999999999914,0.00041114256310463066,attentive,0,2
76.8,True,1.712119234057012,-0.9544265144716906,5.5,0.051999999999999914,0.0004204293907309812,attentive,0,2
76.83333333333333,True,4.546600810672641,-4.276077422113061,5.5,0.051999999999999914,0.0004373588366996529,attentive,0,2
76.86666666666666,True,5.913563224721501,-2.8246943463162126,5.5,0.051999999999999914,0.0004538352793296376,attentive,0,2
76.9,True,-0.4313019960479158,0.19361294160549125,5.5,0.051999999999999914,0.00045442534984526165,attentive,0,2
76.93333333333334,True,-4.726069369862397,-2.927411433460972,5.5,0.051999999999999914,0.0004467926982043362,attentive,0,2
76.96666666666667,True,-1.9955683904279669,1.289831253201027,5.5,0.051999999999999914,0.0004358575435973016,attentive,0,2
77.0,False,-3.231745927783823,-3.8570834891695958,5.555555555555555,0.052222222222222135,0.00043590983158098913,attentive,0,2
77.03333333333333,False,-3.309743649218954,-4.102388994750077,5.611111111111111,0.054666666666666454,0.00044014440806608315,attentive,0,2
77.06666666666666,False,-5.150724546031616,-2.631690674752459,5.666666666666666,0.05711111111111078,0.0004328301897500997,attentive,0,2
77.1,False,3.3665321942243653,0.58241164941758,5.722222222222222,0.05955555555555509,0.0004454234846781583,attentive,0,2
77.13333333333333,False,-3.37630278898475,-0.9711445615119343,5.777777777777778,0.06199999999999941,0.00043801179597018194,attentive,0,2
77.16666666666667,False,4.042111341868508,-1.961870263228219,5.833333333333333,0.06444444444444468,0.00044458246975539073,attentive,0,2
77.2,False,-3.4178656991244742,-3.4464819319395605,5.888888888888888,0.066888888888889,0.00044250251391812886,attentive,0,2
77.23333333333333,False,6.242971384808273,-3.31002392142392,5.944444444444445,0.0693333333333333,0.0004647426264925388,attentive,0,2
77.26666666666667,True,3.3773460832948814,-2.9734720267086185,5.944444444444445,0.05479227053140088,0.00047959011380603416,attentive,0,2
77.3,True,-2.0899112326556426,1.9092942539607787,5.944444444444445,0.05479227053140088,0.0004743452365880583,attentive,0,2
77.33333333333333,True,2.9062362004334683,-0.7998279227089199,5.944444444444445,0.05479227053140088,0.0004813476554419833,attentive,0,2
77.36666666666666,True,-6.761195074415701,-2.843299038698424,5.944444444444445,0.05479227053140088,0.0004653925702754878,attentive,0,2
77.4,True,2.5452563731470343,0.37244175619258657,5.944444444444445,0.05479227053140088,0.00047286669299463656,attentive,0,2
77.43333333333334,True,-0.6366325730511253,-0.731560926563928,5.944444444444445,0.05479227053140088,0.0004691331106845295,attentive,0,2
77.46666666666667,True,-2.2488514751821285,-2.2019272921926483,5.944444444444445,0.05479227053140088,0.0004610939444033753,attentive,0,2
77.5,True,-3.5477353572788717,0.7691514435102831,5.944444444444445,0.05479227053140088,0.00045068672491953353,attentive,0,2
77.53333333333333,True,-1.5928115783888575,-1.9937775759374783,5.944444444444445,0.05479227053140088,0.00045665153724307487,attentive,0,2
77.56666666666666,True,0.7039437993634196,0.7835314453733653,5.944444444444445,0.05479227053140088,0.0004536134517611918,attentive,0,2
77.6,True,2.2156441406454026,-3.0298670713890585,5.944444444444445,0.05479227053140088,0.00045772416629793046,attentive,0,2
77.63333333333333,True,0.4122647039192441,0.8570882854658928,5.944444444444445,0.05479227053140088,0.00045875471988319507,attentive,0,2
77.66666666666667,True,3.765901918560996,1.299362395750747,5.944444444444445,0.05479227053140088,0.0004720754858196679,attentive,0,2
77.7,True,-0.28648763166505997,-2.3373416223191454,5.944444444444445,0.05479227053140088,0.00047283736956613826,attentive,0,2
77.73333333333333,True,1.7233460916894454,-2.4532106976568144,5.944444444444445,0.05479227053140088,0.0004811130265883186,attentive,0,2
77.76666666666667,True,-4.307506538940773,-2.2056814394316238,5.944444444444445,0.05479227053140088,0.00047169775900690033,attentive,0,2
77.8,True,0.8371340457710467,-4.4900925584254665,5.944444444444445,0.05479227053140088,0.0004837894552432976,attentive,0,2
77.83333333333333,True,9.076027564708099,-0.6564667530874475,5.944444444444445,0.05479227053140088,0.0005044748696879456,attentive,0,2
77.86666666666666,True,7.706100047985383,-0.9207031932670333,5.944444444444445,0.05479227053140088,0.0005180102936662235,attentive,0,2
77.9,True,1.865505962279863,-1.4364571505579034,5.944444444444445,0.05479227053140088,0.0005197464346008682,attentive,0,2
77.93333333333334,True,2.712312157585181,-5.448996774155995,5.944444444444445,0.05479227053140088,0.0005404760109558979,attentive,0,2
77.96666666666667,True,-0.35942700681272466,0.22219618366610727,5.944444444444445,0.05479227053140088,0.000540891791342476,attentive,0,2
78.0,True,4.083745805344974,-1.8495186565381059,5.888888888888888,0.05457004830917865,0.00055188277457641,attentive,0,2
78.03333333333333,True,-1.3145616379760303,-2.0199700044932647,5.833333333333333,0.05434782608695643,0.0005495882225243436,attentive,0,2
78.06666666666666,True,5.623909543000177,-4.397377360384665,5.777777777777778,0.05412560386473421,0.0005716554876957878,attentive,0,2
78.1,True,0.7228096399908116,0.6692042491669707,5.722222222222222,0.05390338164251199,0.0005712609099451249,attentive,0,2
78.13333333333333,True,0.19492353308750135,-1.1970840392286235,5.722222222222222,0.05390338164251199,0.0005769996248056181,attentive,0,2
78.16666666666667,True,10.63483143890418,-0.49306098309357993,5.722222222222222,0.05410101010101001,0.0006089756950685651,attentive,0,2
78.2,True,4.494455930010293,-4.020500857562654,5.722222222222222,0.05410101010101001,0.0006163381169109715,attentive,0,2
78.23333333333333,True,-1.3902862211841465,0.268463616751367,5.722222222222222,0.05410101010101001,0.0006105713917033869,attentive,0,2
78.26666666666667,True,-9.108910522166962,-4.904148587021661,5.722222222222222,0.05410101010101001,0.0006037383939535461,attentive,0,2
78.3,True,6.121273491717866,0.0027667904248285247,5.722222222222222,0.05410101010101001,0.0006122743499773961,attentive,0,2
78.33333333333333,True,5.9857620232673066,-1.4705595750258953,5.722222222222222,0.05410101010101001,0.00062291505037522,attentive,0,2
78.36666666666666,True,1.8281544715018545,-3.1088852970918364,5.722222222222222,0.05410101010101001,0.0006325070741520223,attentive,0,2
78.4,True,6.065477963187074,-3.983223241933661,5.722222222222222,0.05410101010101001,0.0006521867926179139,attentive,0,2
78.43333333333334,True,-5.368883617202294,-2.4076047094672024,5.722222222222222,0.05410101010101001,0.0006347430091781074,attentive,0,2
78.46666666666667,True,4.361052762900215,-2.214374786484469,5.722222222222222,0.05410101010101001,0.0006393245764349028,attentive,0,2
78.5,True,1.192113643864766,-3.879890214314086,5.722222222222222,0.05410101010101001,0.0006477375517755767,attentive,0,2
78.53333333333333,False,4.005478898749595,-4.9167338089086705,5.777777777777778,0.05432323232323223,0.0006672731608301119,attentive,0,2
78.56666666666666,False,-0.36247779381550865,-1.8677327207752408,5.833333333333333,0.05676767676767655,0.0006718182424082088,attentive,0,2
78.6,False,7.436780019403965,-3.0084813725979425,5.888888888888888,0.05921212121212087,0.0006908144546570588,attentive,0,2
78.63333333333333,False,8.499944629387985,-4.263923819011151,5.944444444444445,0.06165656565656519,0.000715352550620199,attentive,0,2
78.66666666666667,False,4.824424942354136,-5.884105338618008,6.0,0.06410101010101045,0.0007341147382657874,attentive,0,2
78.7,True,5.209345730726873,-3.959830651854155,6.0,0.05530434782608691,0.0007527736509923686,attentive,0,2
78.73333333333333,True,5.848273300975434,0.5270426567776056,6.0,0.05530434782608691,0.000763941646164993,attentive,0,2
78.76666666666667,True,1.0829201520368457,-1.056406288221242,6.0,0.05530434782608691,0.0007675513588383414,attentive,0,2
78.8,True,-0.711701050120129,-2.609993901448705,6.0,0.05530434782608691,0.0007741872101827451,attentive,0,2
78.83333333333333,True,-0.3462558165863214,0.4160586587429431,6.0,0.05530434782608691,0.00077182790311175,attentive,0,2
78.86666666666666,True,-6.842918813531911,-2.4222348383109544,6.0,0.05530434782608691,0.0007686564167671382,attentive,0,2
78.9,True,0.527876099976566,-5.159440404693393,6.0,0.05530434782608691,0.00077951186967434,attentive,0,2
78.93333333333334,True,6.957608274260554,-0.009656623111071516,6.0,0.05530434782608691,0.0008039054043849259,attentive,0,2
78.96666666666667,True,-4.595665674851958,-2.1957243578583654,6.0,0.05530434782608691,0.0007986912262869422,attentive,0,2
79.0,True,-2.6157914818422507,1.6057430205330274,6.0,0.05530434782608691,0.0007974889007922998,attentive,0,2
79.03333333333333,True,-2.0228044053510055,-1.6364289511877437,6.0,0.05530434782608691,0.0007926827986127663,attentive,0,2
79.06666666666666,True,-2.5754450855403,0.3563826405774224,6.0,0.05530434782608691,0.000780693968821744,attentive,0,2
79.1,True,-1.8081433566149292,-1.2617014945045963,6.0,0.05530434782608691,0.0007749090227780488,attentive,0,2
79.13333333333333,True,5.45329702911506,-2.504252803694538,6.0,0.05530434782608691,0.0008002066589081518,attentive,0,2
79.16666666666667,True,-0.49189573974798806,-1.7907521402009612,6.0,0.05530434782608691,0.0008052577934438076,attentive,0,2
79.2,True,3.9672022949679584,0.9631248639806127,6.0,0.05530434782608691,0.0008243060331036677,attentive,0,2
79.23333333333333,True,3.8340384104057144,2.857921126767356,6.0,0.05530434782608691,0.000832554625377295,attentive,0,2
79.26666666666667,True,4.691671124801484,-2.985219305806629,6.0,0.05530434782608691,0.0008468901921765582,attentive,0,2
79.3,True,1.9824549494361712,-3.4064256197565213,6.0,0.05530434782608691,0.0008599586868438648,attentive,0,2
79.33333333333333,True,3.0079054406211108,-2.834074314177152,6.0,0.05530434782608691,0.0008573002704758483,attentive,0,2
79.36666666666666,True,2.5507636641480675,-1.9220482487043682,6.0,0.05530434782608691,0.0008592329002145827,attentive,0,2
79.4,True,1.1403736642726758,-0.7456887497707797,6.0,0.05530434782608691,0.0008651258287898212,attentive,0,2
79.43333333333334,True,0.31071993268770187,0.5175631896678741,6.0,0.05530434782608691,0.0008653158902403525,attentive,0,2
79.46666666666667,True,3.5630507961425066,-3.6771924313375353,6.0,0.05530434782608691,0.0008820713014339766,attentive,0,2
79.5,True,-9.32332017632488,-2.481637792530423,6.0,0.05530434782608691,0.0008674172592907832,attentive,0,2
79.53333333333333,True,0.7090777323896217,-0.7513122964276827,6.0,0.05530434782608691,0.0008668135330149392,attentive,0,2
79.56666666666666,True,-1.6908562189587115,-2.1288105421792864,6.0,0.05530434782608691,0.0008649555869020408,attentive,0,2
79.6,True,-7.182127337519628,-1.593167585465561,6.0,0.05530434782608691,0.000846425256083792,attentive,0,2
79.63333333333333,True,0.7112889136846647,-4.025332760703267,6.0,0.05530434782608691,0.0008608410803321515,attentive,0,2
79.66666666666667,True,7.307920796377126,-1.8394004078510777,6.0,0.05530434782608691,0.0008808528786122983,attentive,0,2
79.7,True,-1.8815160576797332,-1.127696890235996,6.0,0.05530434782608691,0.0008783942359007449,attentive,0,2
79.73333333333333,True,-1.8178002384489875,-4.230923846706675,6.0,0.05530434782608691,0.0008791698431134744,attentive,0,2
79.76666666666667,True,-0.11908076526604511,-1.715004344431205,6.0,0.05530434782608691,0.0008826598304975098,attentive,0,2
79.8,True,-1.2318247670668032,-5.926735238988201,6.0,0.05530434782608691,0.0008846382061081148,attentive,0,2
79.83333333333333,True,0.17379474701328307,-2.783727392752801,6.0,0.05530434782608691,0.0008901927935499972,attentive,0,2
79.86666666666666,True,-0.14172884497905613,-4.118621130148159,6.0,0.05530434782608691,0.000895532722005926,attentive,0,2
79.9,True,-4.638747247754094,1.0741275075478678,6.0,0.05530434782608691,0.0008855506850425029,attentive,0,2
79.93333333333334,True,6.002178544169819,0.9580583774008429,6.0,0.05530434782608691,0.0009013789024787865,attentive,0,2
79.96666666666667,True,1.2206310304509962,-4.0131881808570995,6.0,0.05530434782608691,0.0009018143880650187,attentive,0,2
80.0,False,-1.7987497021799448,-0.6393994977695143,6.055555555555555,0.05552657004830913,0.0008944873899052457,attentive,0,2
80.03333333333333,True,3.609370713784469,0.942879458006479,6.055555555555555,0.05449999999999994,0.0008981580156142968,attentive,0,2
80.06666666666666,True,-6.057490671662222,0.9725868897674965,6.055555555555555,0.05449999999999994,0.000880459911676361,attentive,0,2
80.1,True,4.309317512740053,-2.5674529949319034,6.055555555555555,0.05449999999999994,0.0008948653477291131,attentive,0,2
80.13333333333333,True,0.20124691923674878,-3.2653506300039092,6.055555555555555,0.05449999999999994,0.0009037593814178916,attentive,0,2
80.16666666666667,True,-6.028661316486749,-3.0125871387887315,6.055555555555555,0.05449999999999994,0.0009022151663788516,attentive,0,2
80.2,True,2.404354336457841,-2.915062548953091,6.055555555555555,0.05449999999999994,0.0009125128305859951,attentive,0,2
80.23333333333333,True,8.251425474013107,-5.229222025711546,6.055555555555555,0.05449999999999994,0.0009348352194659099,attentive,0,2
80.26666666666667,True,-9.441124855980853,-0.2088109545281891,6.055555555555555,0.05449999999999994,0.0009186952806615984,attentive,0,2
80.3,True,-2.289223396452899,-3.7243399255514893,6.055555555555555,0.05449999999999994,0.0009158605252448451,attentive,0,2
80.33333333333333,True,-0.6354506781505608,-1.0406034786397922,6.055555555555555,0.05449999999999994,0.0009184203717794567,attentive,0,2
80.36666666666666,True,3.2725934668535066,0.38111080813223275,6.055555555555555,0.05449999999999994,0.0009201973753045378,attentive,0,2
80.4,True,4.689751519922041,-2.020089590342874,6.055555555555555,0.05449999999999994,0.0009287457204212084,attentive,0,2
80.43333333333334,True,-1.4536655841045933,-2.7596637087101117,6.055555555555555,0.05449999999999994,0.0009231847464295424,attentive,0,2
80.46666666666667,True,-2.898934861609829,-1.1463667594899298,6.055555555555555,0.05449999999999994,0.000915467811495003,attentive,0,2
80.5,True,2.153347002296028,-3.166600642438775,6.055555555555555,0.05449999999999994,0.0009322856505203307,attentive,0,2
80.53333333333333,True,-0.014319824070462157,-1.589048715655751,6.055555555555555,0.05449999999999994,0.0009393141957692941,attentive,0,2
80.56666666666666,True,-7.488731840261023,-0.5797254222659083,6.055555555555555,0.05449999999999994,0.0009226399356218669,attentive,0,2
80.6,True,0.9020857961107508,-2.7402547555277192,6.055555555555555,0.05449999999999994,0.0009317682156048736,attentive,0,2
80.63333333333333,True,-1.4620912169485931,-2.6136913070950025,6.055555555555555,0.05449999999999994,0.0009364258919940662,attentive,0,2
80.66666666666667,True,-1.7089322739146284,-1.3910784496371198,6.055555555555555,0.05449999999999994,0.0009381672432195759,attentive,0,2
80.7,True,-0.9496979861607556,-2.3975289491804848,6.055555555555555,0.05449999999999994,0.000931767695040693,attentive,0,2
80.73333333333333,True,-0.16466370144577103,-1.0360993703947785,6.055555555555555,0.05449999999999994,0.000924587021000463,attentive,0,2
80.76666666666667,True,-5.30033093714517,-5.476276771136858,6.055555555555555,0.05449999999999994,0.0009115832211598898,attentive,0,2
80.8,True,-11.949316771892516,0.3699524630601905,6.055555555555555,0.05449999999999994,0.0008863793106706562,attentive,0,2
80.83333333333333,True,1.935617735707853,-2.466655105851716,6.055555555555555,0.05449999999999994,0.0008890101707065778,attentive,0,2
80.86666666666666,True,4.157746684742262,-1.8908348908076933,6.055555555555555,0.05449999999999994,0.0009033362502493035,attentive,0,2
80.9,True,4.135415394243238,-0.1564763981152737,6.055555555555555,0.05449999999999994,0.0009212222261243181,attentive,0,2
80.93333333333334,True,7.147857161115605,-2.7692633214306683,6.055555555555555,0.05449999999999994,0.0009460384742977676,attentive,0,2
80.96666666666667,True,5.413847698662512,-6.316373092307826,6.055555555555555,0.05449999999999994,0.0009695402138380248,attentive,0,2
81.0,True,-0.7094323997498219,-0.051141307408500536,6.0,0.054277777777777717,0.0009663727370529665,attentive,0,2
81.03333333333333,True,8.849479175843603,-1.9173628087692423,5.944444444444445,0.054055555555555496,0.0009978306291500314,attentive,0,2
81.06666666666666,True,-2.162361364169836,-1.7467339962720474,5.888888888888888,0.053833333333333275,0.0010019030196652579,attentive,0,2
81.1,True,1.349703329831788,-3.8362665132016875,5.833333333333333,0.05361111111111105,0.0010059258326133977,attentive,0,2
81.13333333333333,True,-2.513382801172905,-1.7251744763699024,5.833333333333333,0.05361111111111105,0.0009970254750629947,attentive,0,2
81.16666666666667,True,9.21568229300743,-1.1297399170816496,5.833333333333333,0.053768115942028925,0.0010163289690106317,attentive,0,2
81.2,True,-3.409271863423709,-2.762278862615083,5.833333333333333,0.053768115942028925,0.00100412216911213,attentive,0,2
81.23333333333333,True,1.7605429446612926,-2.72909257705472,5.833333333333333,0.053768115942028925,0.0010097774600965838,attentive,0,2
81.26666666666667,True,1.8871427006521206,-0.7154794581544788,5.833333333333333,0.053768115942028925,0.0010124677033342723,attentive,0,2
81.3,True,2.5648271809811445,-0.6788479250627486,5.833333333333333,0.053768115942028925,0.0010264459503727136,attentive,0,2
81.33333333333333,True,0.6107589577729268,0.5519101696722024,5.833333333333333,0.053768115942028925,0.001033343635020323,attentive,0,2
81.36666666666666,True,7.1365888043914865,-3.265564438871899,5.833333333333333,0.053768115942028925,0.0010593499298423496,attentive,0,2
81.4,True,-1.8964736887013907,-2.2142965116054687,5.833333333333333,0.053768115942028925,0.0010578412766174183,attentive,0,2
81.43333333333334,True,0.3174767682706174,-4.3081437669544265,5.833333333333333,0.053768115942028925,0.0010548574743043774,attentive,0,2
81.46666666666667,True,0.7978182295579932,-2.9644441059882,5.833333333333333,0.053768115942028925,0.001056731107309896,attentive,0,2
81.5,True,-8.614167346951408,0.883354371719389,5.833333333333333,0.053768115942028925,0.0010388330100204756,attentive,0,2
81.53333333333333,True,-3.923615979263999,-2.8540834522382914,5.833333333333333,0.053768115942028925,0.001028598144968557,attentive,0,2
81.56666666666666,True,-1.2768525203124375,1.6938245481145429,5.833333333333333,0.053768115942028925,0.001029999870946823,attentive,0,2
81.6,True,5.712186033030376,0.6896853672679388,5.833333333333333,0.053768115942028925,0.0010389749169392878,attentive,0,2
81.63333333333333,True,3.2307654103641856,0.7908394233824452,5.833333333333333,0.053768115942028925,0.001047752183857858,attentive,0,2
81.66666666666667,True,-0.145191773300016,-3.9258052929294625,5.833333333333333,0.053768115942028925,0.001056460938399982,attentive,0,2
81.7,True,4.339481601381386,-1.892341622746659,5.833333333333333,0.053768115942028925,0.0010653412624154323,attentive,0,2
81.73333333333333,True,-3.0772925164765748,-1.1313923121641807,5.833333333333333,0.053768115942028925,0.001053679934592796,attentive,0,2
81.76666666666667,True,3.2860438069740665,-0.9385553296463466,5.833333333333333,0.053768115942028925,0.0010778519015543558,attentive,0,2
81.8,True,2.4954292887072063,-1.222454569182715,5.833333333333333,0.053768115942028925,0.0010853123049902242,attentive,0,2
81.83333333333333,True,-3.593888841600887,-5.759217831102694,5.833333333333333,0.053768115942028925,0.001083654267296934,attentive,0,2
81.86666666666666,True,-0.436624444055959,-1.4149301972152992,5.833333333333333,0.053768115942028925,0.0010865458861367794,attentive,0,2
81.9,True,4.044395183714503,-5.101574199169297,5.833333333333333,0.053768115942028925,0.0011070074688317665,attentive,0,2
81.93333333333334,True,-3.87429102770372,-2.176531468998775,5.833333333333333,0.053768115942028925,0.0010988189604369143,attentive,0,2
81.96666666666667,True,0.0069773467221593485,-1.1697850736056645,5.833333333333333,0.053768115942028925,0.0011019252051021286,attentive,0,2
82.0,True,-1.0869690697283827,-0.6953172167578672,5.833333333333333,0.053768115942028925,0.0011036286170402144,attentive,0,2
82.03333333333333,True,-2.8022266361278287,-2.4778954368580837,5.833333333333333,0.053768115942028925,0.0011021313216303477,attentive,0,2
82.06666666666666,True,4.892275775897699,-4.545441045210563,5.833333333333333,0.053768115942028925,0.0011217658700311468,attentive,0,2
82.1,True,-1.9452145986628369,-3.940311138120877,5.833333333333333,0.053768115942028925,0.0011238424223468713,attentive,0,2
82.13333333333333,True,6.222961201623298,-2.603993131710199,5.833333333333333,0.053768115942028925,0.0011312310505406402,attentive,0,2
82.16666666666667,True,-7.433463267228684,-0.5403347818155699,5.833333333333333,0.053768115942028925,0.001112256949331739,attentive,0,2
82.2,True,-0.42673428294211246,-1.6860393865678485,5.833333333333333,0.053768115942028925,0.001114408506284355,attentive,0,2
82.23333333333333,True,-0.5127392271437263,-2.7436690759239233,5.833333333333333,0.053768115942028925,0.0011153001883340654,attentive,0,2
82.26666666666667,True,-8.601571471835754,-5.699367722897739,5.833333333333333,0.053768115942028925,0.0010966846960501976,attentive,0,2
82.3,True,2.7452444251985133,-2.0719720157095614,5.833333333333333,0.053768115942028925,0.0011026576630810121,attentive,0,2
82.33333333333333,True,-0.1369524806486421,-2.390649217536621,5.833333333333333,0.053768115942028925,0.0011168005890600696,attentive,0,2
82.36666666666666,True,-0.23728417021353407,-1.779527776070252,5.833333333333333,0.053768115942028925,0.001123203341372773,attentive,0,2
82.4,True,3.916227550948757,0.372159083658945,5.833333333333333,0.053768115942028925,0.0011301419695472193,attentive,0,2
82.43333333333334,True,-4.606484283225028,-5.501266160486847,5.833333333333333,0.053768115942028925,0.001126862335108914,attentive,0,2
82.46666666666667,True,2.2512311283283366,-0.12020039060815346,5.833333333333333,0.053768115942028925,0.0011305304462557106,attentive,0,2
82.5,True,3.415163460747716,-0.9166976454581277,5.833333333333333,0.053768115942028925,0.001134944207931284,attentive,0,2
82.53333333333333,True,-1.7510773363835133,-6.467048895113251,5.833333333333333,0.053768115942028925,0.0011280177895483206,attentive,0,2
82.56666666666666,True,2.1024643895848807,-5.271030189371144,5.833333333333333,0.053768115942028925,0.001137914174207333,attentive,0,2
82.6,True,3.7751425442228372,2.6605646179381157,5.833333333333333,0.053768115942028925,0.0011474766118719643,attentive,0,2
82.63333333333333,True,2.314851734999892,-2.801674705677483,5.833333333333333,0.053768115942028925,0.001161182145248027,attentive,0,2
82.66666666666667,True,2.392399705814525,-2.1249276155225822,5.833333333333333,0.053768115942028925,0.0011687813303548997,attentive,0,2
82.7,True,-0.8199451791660898,-2.082663075031723,5.833333333333333,0.053768115942028925,0.001168463897782574,attentive,0,2
82.73333333333333,True,-0.15379095658410968,-0.3407898109824019,5.833333333333333,0.053768115942028925,0.0011667253740936898,attentive,0,2
82.76666666666667,True,-3.3064452526996044,-0.49551672641190936,5.833333333333333,0.053768115942028925,0.001156540292966831,attentive,0,2
82.8,True,4.867759615372704,-6.119124282127478,5.833333333333333,0.053768115942028925,0.0011790985439205912,attentive,0,2
82.83333333333333,True,0.49771426006839603,-1.2944413132762347,5.833333333333333,0.053768115942028925,0.0011806951704797213,attentive,0,2
82.86666666666666,True,0.08537993692897551,-3.238293461733951,5.833333333333333,0.053768115942028925,0.0011877135651058154,attentive,0,2
82.9,True,1.8660589047034342,1.303685894756222,5.833333333333333,0.053768115942028925,0.0011934841612273512,attentive,0,2
82.93333333333334,True,0.09361898805704148,-1.6878300697309259,5.833333333333333,0.053768115942028925,0.0011917102453778182,attentive,0,2
82.96666666666667,True,1.042932470681094,-1.05514615370971,5.833333333333333,0.053768115942028925,0.0011889501105620801,attentive,0,2
83.0,True,-2.6212228218283284,-1.0000387578491199,5.833333333333333,0.053768115942028925,0.0011877087463974807,attentive,0,2
83.03333333333333,True,-3.1459769018715944,-3.1791256155643532,5.833333333333333,0.053768115942028925,0.0011930095799537557,attentive,0,2
83.06666666666666,True,2.677740721468293,-6.013343141955758,5.833333333333333,0.053768115942028925,0.0012037527171932646,attentive,0,2
83.1,True,2.5547196019343725,-3.5680516712439845,5.833333333333333,0.053768115942028925,0.0012176516212123658,attentive,0,2
83.13333333333333,True,0.8397019249781269,0.015594081730897713,5.833333333333333,0.053768115942028925,0.0012227108425157656,attentive,0,2
83.16666666666667,True,4.916288827536665,-5.094892845582301,5.833333333333333,0.053768115942028925,0.0012295878143587739,attentive,0,2
83.2,True,4.98884427063803,-3.2043528065907667,5.833333333333333,0.053768115942028925,0.0012417159896046725,attentive,0,2
83.23333333333333,True,2.9485232787072047,0.6211781589527492,5.833333333333333,0.053768115942028925,0.0012346109745992179,attentive,0,2
83.26666666666667,True,1.8713139349026453,-0.24819175011737227,5.833333333333333,0.053768115942028925,0.0012359275316836324,attentive,0,2
83.3,True,-0.420927785985473,-4.706491523089088,5.833333333333333,0.053768115942028925,0.001233813629395035,attentive,0,2
83.33333333333333,True,-3.2108309826140653,-1.22244475281612,5.833333333333333,0.053768115942028925,0.0012224770095865143,attentive,0,2
83.36666666666666,True,3.4211517361542767,-0.4274615949487066,5.833333333333333,0.053768115942028925,0.0012296528034871812,attentive,0,2
83.4,True,8.953281783071215,-8.15051323712003,5.833333333333333,0.053768115942028925,0.0012596311359192843,attentive,0,2
83.43333333333334,True,5.839421952037789,-2.821069432294957,5.833333333333333,0.053768115942028925,0.001272813028668749,attentive,0,2
83.46666666666667,True,-10.344976364810062,-0.17462397853291578,5.833333333333333,0.053768115942028925,0.001251103410875103,attentive,0,2
83.5,True,1.6509516839572187,-0.45051534298844564,5.833333333333333,0.053768115942028925,0.0012587253893266625,attentive,0,2
83.53333333333333,True,-4.256928362338605,-2.780388335806178,5.833333333333333,0.053768115942028925,0.0012610643672117748,attentive,0,2
83.56666666666666,True,-1.6572157866336248,-4.246209906512663,5.833333333333333,0.053768115942028925,0.0012590524893421196,attentive,0,2
83.6,True,-0.034007271178049546,-3.2131787953836577,5.833333333333333,0.053768115942028925,0.0012608628452827374,attentive,0,2
83.63333333333333,True,1.3798793349538536,-1.5504942482192243,5.833333333333333,0.053768115942028925,0.0012665784083029645,attentive,0,2
83.66666666666667,True,-3.3690830454289693,-1.9581351309486814,5.833333333333333,0.053768115942028925,0.0012543202684579399,attentive,0,2
83.7,True,8.258507739471668,-3.0919704886337547,5.833333333333333,0.053768115942028925,0.0012749002345225932,attentive,0,2
83.73333333333333,True,9.117581382071206,-0.7765888361392006,5.833333333333333,0.053768115942028925,0.0012912183729649816,attentive,0,2
83.76666666666667,True,-8.102135962749538,-0.8614812680330055,5.833333333333333,0.053768115942028925,0.0012690783640149366,attentive,0,2
83.8,True,-6.541826592854505,-5.2738164454926135,5.833333333333333,0.053768115942028925,0.0012560882713598463,attentive,0,2
83.83333333333333,True,-0.8704591686627277,-0.7658946824466235,5.833333333333333,0.053768115942028925,0.0012573852009721668,attentive,0,2
83.86666666666666,True,4.191213074318377,-1.89865494308571,5.833333333333333,0.053768115942028925,0.0012690346602163079,attentive,0,2
83.9,True,0.3370960232286962,-1.8136727961988217,5.833333333333333,0.053768115942028925,0.0012678750276375172,attentive,0,2
83.93333333333334,True,-1.3788275245739567,-2.167435313513585,5.833333333333333,0.053768115942028925,0.0012721022864592892,attentive,0,2
83.96666666666667,True,-4.6820284509130445,-2.3997066926570674,5.833333333333333,0.053768115942028925,0.0012548761121729496,attentive,0,2
84.0,False,6.178200733388995,0.18516853362870433,5.833333333333333,0.053768115942028925,0.0012720567661539187,attentive,0,2
84.03333333333333,True,8.122286583872501,-0.8117329449743809,5.777777777777778,0.05255555555555548,0.001293488821320805,attentive,0,2
84.06666666666666,True,0.5756600747034883,-4.079719131130573,5.722222222222222,0.05233333333333326,0.0012938948035935314,attentive,0,2
84.1,True,-0.3850697811367561,-3.5313523842038146,5.666666666666666,0.05211111111111104,0.0012995076745451225,attentive,0,2
84.13333333333333,True,4.583020658268583,-6.946220140455329,5.666666666666666,0.05211111111111104,0.0013057134661052386,attentive,0,2
84.16666666666667,True,-6.833860275073284,-0.5369395646227844,5.666666666666666,0.05223188405797094,0.0012867933393647724,attentive,0,2
84.2,True,3.553951660509334,2.33425234288003,5.666666666666666,0.05223188405797094,0.001294616283732113,attentive,0,2
84.23333333333333,True,-8.377976950118486,1.4610928941641141,5.666666666666666,0.05223188405797094,0.001272785839256223,attentive,0,2
84.26666666666667,True,-3.7086300615755508,-1.6803271829308621,5.666666666666666,0.05223188405797094,0.0012711345788043488,attentive,0,2
84.3,True,1.555219718093528,0.663223683110453,5.666666666666666,0.05223188405797094,0.0012813246204663989,attentive,0,2
84.33333333333333,True,-4.844118330164227,-2.237800675466909,5.666666666666666,0.05223188405797094,0.0012679802338194325,attentive,0,2
84.36666666666666,True,2.6271794722505915,-3.7695574811866637,5.666666666666666,0.05223188405797094,0.0012779794798965186,attentive,0,2
84.4,True,2.476223197589671,0.7970573877529361,5.666666666666666,0.05223188405797094,0.001275336534052081,attentive,0,2
84.43333333333334,True,0.564585046245433,-1.959041223322586,5.666666666666666,0.05223188405797094,0.0012823487800804182,attentive,0,2
84.46666666666667,True,-1.5610366928380248,-1.29879092132283,5.666666666666666,0.05223188405797094,0.0012799608577391446,attentive,0,2
84.5,True,-5.786679153163746,-6.890284076248493,5.666666666666666,0.05223188405797094,0.001278547208345342,attentive,0,2
84.53333333333333,True,4.067495639618299,1.6824579640130604,5.666666666666666,0.05223188405797094,0.0012904942358658877,attentive,0,2
84.56666666666666,True,-0.7857446832052549,-4.445860592636679,5.666666666666666,0.05223188405797094,0.001293922952972878,attentive,0,2
84.6,True,4.454669155993705,-3.0182174960165424,5.666666666666666,0.05223188405797094,0.0013037200943310408,attentive,0,2
84.63333333333333,True,0.8662010411614397,-0.8737217435056852,5.666666666666666,0.05223188405797094,0.0012985098380606567,attentive,0,2
84.66666666666667,True,-0.7085305449275171,-2.338579632589572,5.666666666666666,0.05223188405797094,0.0012958282801869342,attentive,0,2
84.7,True,3.3090852985899057,-2.2579400624982147,5.666666666666666,0.05223188405797094,0.001303324608245391,attentive,0,2
84.73333333333333,True,4.7693900469594865,0.19845244830148223,5.666666666666666,0.05223188405797094,0.0013209231920152924,attentive,0,2
84.76666666666667,True,-6.321395502146231,-2.1307960394144145,5.666666666666666,0.05223188405797094,0.00131434709689144,attentive,0,2
84.8,True,-4.992541958605693,-3.0082865171448585,5.666666666666666,0.05223188405797094,0.0013123929755534487,attentive,0,2
84.83333333333333,True,7.659198476172521,-1.0539660801024713,5.666666666666666,0.05223188405797094,0.001343668280929835,attentive,0,2
84.86666666666666,True,-2.8271296426166654,-0.4762264130507783,5.666666666666666,0.05223188405797094,0.0013307604743881137,attentive,0,2
84.9,True,0.2479506052503595,-3.2370087279147164,5.666666666666666,0.05223188405797094,0.0013271375850572203,attentive,0,2
84.93333333333334,True,0.8398322582097801,-2.497188127316758,5.666666666666666,0.05223188405797094,0.0013352319408701757,attentive,0,2
84.96666666666667,True,-3.2867059831439334,2.4155824601647486,5.666666666666666,0.05223188405797094,0.0013230845898073666,attentive,0,2
85.0,True,2.7688447035808474,-0.5108397376746179,5.666666666666666,0.05223188405797094,0.0013330283386925094,attentive,0,2
85.03333333333333,True,3.127376554906624,-5.044382633719334,5.666666666666666,0.05223188405797094,0.0013499785429904776,attentive,0,2
85.06666666666666,True,-1.1379140987781688,-1.622814719078232,5.666666666666666,0.05223188405797094,0.0013521789159318765,attentive,0,2
85.1,True,6.169007894520207,-2.631231006779452,5.666666666666666,0.05223188405797094,0.0013722960040697383,attentive,0,2
85.13333333333333,True,-0.3509111538127685,-4.870941155092744,5.666666666666666,0.05223188405797094,0.0013775327819069904,attentive,0,2
85.16666666666667,True,-6.045554661295791,-1.277836101749921,5.666666666666666,0.05223188405797094,0.0013725196357939696,attentive,0,2
85.2,False,0.7006969699834278,-4.366317450099845,5.722222222222222,0.05245410628019316,0.0013808516650952879,attentive,0,2
85.23333333333333,False,-5.044774333804411,-5.2619047638272205,5.777777777777778,0.05489855072463748,0.001375528833314964,attentive,0,2
85.26666666666667,False,-6.949149150012581,-3.6831823724592416,5.833333333333333,0.0573429951690818,0.0013655310089135922,attentive,0,2
85.3,False,-1.585494570959807,0.9496549673199,5.888888888888888,0.05978743961352611,0.0013626604340081414,attentive,0,2
85.33333333333333,False,-3.9665680124842684,-0.22735453359370528,5.944444444444445,0.062231884057970435,0.0013481546308801073,attentive,0,2
85.36666666666666,True,-0.0012452633690053832,-3.114999304311647,5.944444444444445,0.05349999999999985,0.0013566329881943401,attentive,0,2
85.4,True,3.7948640363666977,-5.567723981456705,5.944444444444445,0.05349999999999985,0.0013738377994938576,attentive,0,2
85.43333333333334,True,-5.118982830369104,-2.5980483455141874,5.944444444444445,0.05349999999999985,0.0013678788625298478,attentive,0,2
85.46666666666667,True,-6.309268964162198,-2.575833602241029,5.944444444444445,0.05349999999999985,0.0013536453607613766,attentive,0,2
85.5,True,1.5029492743935573,-5.7406093246178305,5.944444444444445,0.05349999999999985,0.0013673112970501878,attentive,0,2
85.53333333333333,True,7.013541527662984,-3.8702537539806094,5.944444444444445,0.05349999999999985,0.0013852726518367347,attentive,0,2
85.56666666666666,True,1.1269389130097591,0.10179498621385807,5.944444444444445,0.05349999999999985,0.0013849045233540642,attentive,0,2
85.6,True,-1.9634791435229233,-3.277696061449011,5.944444444444445,0.05349999999999985,0.0013902780861712936,attentive,0,2
85.63333333333333,True,3.964124356241725,1.968200244258345,5.944444444444445,0.05349999999999985,0.0014048835255963702,attentive,0,2
85.66666666666667,True,2.354597154884275,-4.0311765931187376,5.944444444444445,0.05349999999999985,0.0014140636126129054,attentive,0,2
85.7,True,1.957848704234614,-3.3035343676390663,5.944444444444445,0.05349999999999985,0.0014172817282727132,attentive,0,2
85.73333333333333,True,-1.2382232072468167,-2.2875580511744333,5.944444444444445,0.05349999999999985,0.0014191379954020926,attentive,0,2
85.76666666666667,True,-0.0628628802448539,-2.3028670753279203,5.944444444444445,0.05349999999999985,0.0014228460464855547,attentive,0,2
85.8,True,-1.9724455215339896,-3.044239676906443,5.944444444444445,0.05349999999999985,0.001419175303401728,attentive,0,2
85.83333333333333,True,-1.5915606963739486,-0.3294948056544851,5.944444444444445,0.05349999999999985,0.0014113165460640149,attentive,0,2
85.86666666666666,True,3.8229942074742005,-3.7691506536570465,5.944444444444445,0.05349999999999985,0.0014217436274241969,attentive,0,2
85.9,True,-3.6766791789388344,-2.6005243282428294,5.944444444444445,0.05349999999999985,0.0014210849950300054,attentive,0,2
85.93333333333334,True,-1.8982438312796233,-1.0103809177625909,5.944444444444445,0.05349999999999985,0.0014195286027108478,attentive,0,2
85.96666666666667,True,-2.437706511920682,-0.6329585046887563,5.944444444444445,0.05349999999999985,0.0014075036945890075,attentive,0,2
86.0,True,-3.5961911469861514,-1.0972780289545119,5.944444444444445,0.05349999999999985,0.0014090222733798476,attentive,0,2
86.03333333333333,True,1.8487254151580221,0.006130784389251964,5.944444444444445,0.05349999999999985,0.001417108204332971,attentive,0,2
86.06666666666666,True,5.6348351598633775,-1.1222609640056749,5.944444444444445,0.05349999999999985,0.0014247647937312778,attentive,0,2
86.1,True,-9.259673267503873,-1.6327748758114355,5.944444444444445,0.05349999999999985,0.0014108615171512305,attentive,0,2
86.13333333333333,True,8.293058531933784,-0.7724521400285276,5.944444444444445,0.05349999999999985,0.0014362245887946782,attentive,0,2
86.16666666666667,True,-7.924196662190749,-0.9761475715693075,5.944444444444445,0.05349999999999985,0.0014141599108619279,attentive,0,2
86.2,True,-0.08886110808075359,-5.822465143175599,5.944444444444445,0.05349999999999985,0.0014209603625926842,attentive,0,2
86.23333333333333,True,1.8718866245808425,-1.4821985835882432,5.944444444444445,0.05349999999999985,0.0014238450093622735,attentive,0,2
86.26666666666667,True,3.529298713734118,-0.4147636893962565,5.944444444444445,0.05349999999999985,0.0014365308334158586,attentive,0,2
86.3,True,1.134908952219075,0.5502536003292047,5.944444444444445,0.05349999999999985,0.0014545983154117988,attentive,0,2
86.33333333333333,False,-1.7105503178898342,-0.7218947779743716,6.0,0.053722222222222074,0.0014522820870707294,attentive,0,2
86.36666666666666,False,-0.25103894369766216,-2.192569360033256,6.055555555555555,0.05616666666666639,0.0014538546051339374,attentive,0,2
86.4,False,-4.718352615547851,-8.1023593342513,6.111111111111111,0.058611111111111655,0.001456825632856095,attentive,0,2
86.43333333333334,False,10.270013471297167,2.8160570531361326,6.166666666666667,0.06105555555555598,0.0014826510558380848,attentive,0,2
86.46666666666667,False,9.004434842862873,-2.0860565387822776,6.222222222222222,0.06350000000000029,0.0015167649151766847,attentive,0,2
86.5,False,-1.727373601916169,-2.2827258384163054,6.277777777777778,0.06594444444444461,0.0015214443853010413,attentive,0,2
86.53333333333333,False,5.734077779717098,-0.1977061933777109,6.333333333333334,0.06838888888888894,0.0015384531811545627,attentive,0,2
86.56666666666666,False,7.338714754778172,-3.5045227330269606,6.388888888888888,0.07083333333333325,0.0015680194297525664,attentive,0,2
86.6,False,11.889813482130755,-4.931799992454153,6.444444444444445,0.07327777777777757,0.0016000760656265105,attentive,0,2
86.63333333333333,False,4.187102943021824,-3.522713596249826,6.5,0.07572222222222189,0.0016108344462485913,attentive,0,2
86.66666666666667,True,-3.947963660754135,2.1666489606349075,6.5,0.05719999999999994,0.0015989524323865457,attentive,0,2
86.7,True,-3.2689868236964856,-2.9781148458776308,6.5,0.05719999999999994,0.001585097125203134,attentive,0,2
86.73333333333333,True,3.1758211998102,-5.391513781625062,6.5,0.05719999999999994,0.0016049631035459136,attentive,0,2
86.76666666666667,True,11.892826102435125,-1.7526163539238973,6.5,0.05719999999999994,0.0016279821728756015,attentive,0,2
86.8,True,4.854432397985719,-4.178892688066155,6.5,0.05719999999999994,0.001639150345378028,attentive,0,2
86.83333333333333,True,0.29227446784856864,-1.160429954584211,6.5,0.05719999999999994,0.0016429059103947588,attentive,0,2
86.86666666666666,True,3.329092870676169,-4.444872927100416,6.5,0.05719999999999994,0.0016605544714854048,attentive,0,2
86.9,True,1.837234258152075,-1.6729635473456532,6.5,0.05719999999999994,0.0016640151014984824,attentive,0,2
86.93333333333334,True,-0.11089450217537485,-2.1416113420449308,6.5,0.05719999999999994,0.0016632551233809556,attentive,0,2
86.96666666666667,True,2.1587234775060034,0.7121091889469526,6.5,0.05719999999999994,0.001664252636949168,attentive,0,2
87.0,True,-5.514418873942296,-3.447310069134252,6.444444444444445,0.05697777777777771,0.0016505235271809101,attentive,0,2
87.03333333333333,True,3.1740572744216413,-0.5100503911722869,6.388888888888888,0.05675555555555549,0.001659539010682963,attentive,0,2
87.06666666666666,True,-2.310653127780357,-3.3535410399450756,6.333333333333334,0.05653333333333327,0.0016580345988207775,attentive,0,2
87.1,True,-0.6767912407081714,1.3378871286847787,6.277777777777778,0.05631111111111105,0.001660909505047532,attentive,0,2
87.13333333333333,True,6.095944727316499,-3.6227692098915725,6.277777777777778,0.05631111111111105,0.0016875028119234194,attentive,0,2
87.16666666666667,True,-3.8182373376365932,-1.324208583660348,6.277777777777778,0.05649999999999993,0.00167989396878544,attentive,0,2
87.2,True,0.3716839830412604,-5.426537567996591,6.277777777777778,0.05649999999999993,0.0016866353134073458,attentive,0,2
87.23333333333333,True,5.849686808143458,-1.2142443174339435,6.277777777777778,0.05649999999999993,0.001696094178554332,attentive,0,2
87.26666666666667,True,-1.3842157869739695,-5.533277190506752,6.277777777777778,0.05649999999999993,0.0017059954832915484,attentive,0,2
87.3,True,-1.0844076961916105,-5.424759083869828,6.277777777777778,0.05649999999999993,0.0017133027471165256,attentive,0,2
87.33333333333333,True,-2.876156709399547,-2.632238599349032,6.277777777777778,0.05649999999999993,0.0017067703725697325,attentive,0,2
87.36666666666666,True,-8.619531071027835,-4.5544042626851375,6.277777777777778,0.05649999999999993,0.001699754906196073,attentive,0,2
87.4,False,2.1545964116792415,-4.185270959879677,6.333333333333334,0.05672222222222216,0.0017165749905390772,attentive,0,2
87.43333333333334,False,1.7834310189891538,-3.7719350009427792,6.388888888888888,0.05916666666666647,0.0017252269102692617,attentive,0,2
87.46666666666667,False,-0.3311360714055667,-2.6593357187973936,6.444444444444445,0.0616111111111108,0.0017328885843225228,attentive,0,2
87.5,False,-7.275155460307584,-3.676274365528644,6.5,0.06405555555555512,0.001710654508812731,attentive,0,2
87.53333333333333,False,2.530733453067155,0.1503949299984364,6.555555555555556,0.06649999999999942,0.0017163438880348344,attentive,0,2
87.56666666666666,False,2.1656177390098192,-1.0682144964881664,6.611111111111111,0.06894444444444374,0.0017172889558991693,attentive,0,2
87.6,False,3.0166569371584946,-5.02338515694295,6.666666666666667,0.07138888888888806,0.0017249345650548061,attentive,0,2
87.63333333333333,False,-2.804538782006469,-5.5636343371531805,6.722222222222222,0.07383333333333239,0.0017293429331364228,attentive,0,2
87.66666666666667,False,-7.0917985936823085,-5.584188749364881,6.777777777777779,0.07627777777777765,0.0017148494338617066,attentive,0,2
87.7,False,5.9409150377771525,-2.819091870461503,6.833333333333333,0.07872222222222197,0.0017280301683318294,attentive,0,2
87.73333333333333,False,-1.344784987345423,3.1736947980546923,6.888888888888889,0.08116666666666628,0.0017170682566732425,attentive,0,2
87.76666666666667,True,5.239752712328616,-1.443697536488731,6.888888888888889,0.060622222222222105,0.0017399966987609273,attentive,0,2
87.8,True,7.324202696255765,-3.2960257341729493,6.888888888888889,0.060622222222222105,0.0017585324397869802,attentive,0,2
87.83333333333333,True,-0.4689162792573075,-5.081917723952253,6.888888888888889,0.060622222222222105,0.0017691961896001889,attentive,0,2
87.86666666666666,True,1.4125946879217546,-2.8960380983725313,6.888888888888889,0.060622222222222105,0.001767334849939823,attentive,0,2
87.9,True,-3.1367283247107163,1.1601598885867133,6.888888888888889,0.060622222222222105,0.0017598128491965958,attentive,0,2
87.93333333333334,True,-0.2703127051826558,-2.8015154043823767,6.888888888888889,0.060622222222222105,0.0017631274934054434,attentive,0,2
87.96666666666667,True,-0.24788291578900729,-2.0281577116209593,6.888888888888889,0.060622222222222105,0.0017583106611857428,attentive,0,2
88.0,True,2.6202498600461386,-4.351200903025969,6.888888888888889,0.060622222222222105,0.0017716291827570953,attentive,0,2
88.03333333333333,True,2.9071245648525426,-0.7357301854170974,6.888888888888889,0.060622222222222105,0.0017761542260764747,attentive,0,2
88.06666666666666,True,-4.421875235251584,-0.8113473831620539,6.888888888888889,0.060622222222222105,0.001765967993845356,attentive,0,2
88.1,True,-0.4433691673659715,-2.3933908861093496,6.888888888888889,0.060622222222222105,0.0017692701667558473,attentive,0,2
88.13333333333333,True,1.6751389729397015,-0.9379491810787246,6.888888888888889,0.060622222222222105,0.0017726437368716934,attentive,0,2
88.16666666666667,True,-4.588454234737825,-3.7530622936692026,6.888888888888889,0.060622222222222105,0.0017596235690608088,attentive,0,2
88.2,True,1.4884252878174873,-3.79660301285566,6.888888888888889,0.060622222222222105,0.001760873732574135,attentive,0,2
88.23333333333333,True,1.920360394532221,0.2799451668251467,6.888888888888889,0.060622222222222105,0.0017680279804430446,attentive,0,2
88.26666666666667,True,4.2057406891169835,-1.916872503258578,6.888888888888889,0.060622222222222105,0.0017771365477082174,attentive,0,2
88.3,True,-2.27932304201172,-3.7060541624492247,6.888888888888889,0.060622222222222105,0.001777221649297421,attentive,0,2
88.33333333333333,True,-9.695134175033019,-3.7450673204191225,6.888888888888889,0.060622222222222105,0.0017629044281766068,attentive,0,2
88.36666666666666,True,3.7004150518825387,-2.582411090239229,6.888888888888889,0.060622222222222105,0.0017853527502527267,attentive,0,2
88.4,False,5.113390235679339,-2.761204140736294,6.944444444444445,0.060844444444444326,0.0018060110933495925,attentive,0,2
88.43333333333334,False,1.727897014229529,-0.9747555243729327,7.000000000000001,0.06328888888888864,0.0018101648477016545,attentive,0,2
88.46666666666667,False,3.9645470203567172,-3.0847922317596197,7.055555555555555,0.06573333333333296,0.0018270941238510813,attentive,0,2
88.5,False,2.2194800120964473,-7.0294199023432204,7.111111111111111,0.06817777777777728,0.0018346700224216891,attentive,0,2
88.53333333333333,False,0.6039047873654476,-1.7900200766274441,7.166666666666667,0.07062222222222161,0.0018420519437095904,attentive,0,2
88.56666666666666,False,-4.9333363274129125,-1.2677987827384778,7.222222222222221,0.07306666666666592,0.001831892507267114,attentive,0,2
88.6,False,-0.16716593914881214,-2.344274100105792,7.277777777777778,0.07551111111111024,0.0018410643936312586,attentive,0,2
88.63333333333333,False,9.845483586928726,-3.7971250641196175,7.333333333333333,0.07795555555555456,0.001872364552146547,attentive,0,2
88.66666666666667,False,1.2512213037117104,-4.502517124787794,7.388888888888889,0.08039999999999982,0.0018788487655303136,attentive,0,2
88.7,False,7.197860139228823,-2.657047331985612,7.444444444444444,0.08284444444444414,0.0018995738121404867,attentive,0,2
88.73333333333333,False,-3.2250859068731867,-2.5068019550318246,7.5,0.08528888888888846,0.001897184552087086,attentive,0,2
88.76666666666667,True,0.9402109732059423,-1.2519204888856208,7.5,0.06461538461538446,0.0018939240821784801,attentive,0,2
88.8,True,-5.349274536163676,-5.403212234763261,7.5,0.06461538461538446,0.0018834160277031037,attentive,0,2
88.83333333333333,True,-2.216588055670857,-3.641100307203306,7.5,0.06461538461538446,0.0018828126200807426,attentive,0,2
88.86666666666666,True,-2.2391397705720895,0.03202668382353968,7.5,0.06461538461538446,0.0018759289993939535,attentive,0,2
88.9,True,0.28525029399262325,0.27213103408568173,7.5,0.06461538461538446,0.001880103947861619,attentive,0,2
88.93333333333334,True,-2.5278026134371236,-2.572947469346159,7.5,0.06461538461538446,0.0018739855960949782,attentive,0,2
88.96666666666667,True,-3.2582371141473114,-2.0511299412600925,7.5,0.06461538461538446,0.001870149299222154,attentive,0,2
89.0,True,0.5722517250006832,-1.611404897855163,7.5,0.06461538461538446,0.001865903946596456,attentive,0,2
89.03333333333333,True,-0.03312719784109295,-0.5565763446020409,7.5,0.06461538461538446,0.0018739670145803394,attentive,0,2
89.06666666666666,True,0.3782825371474291,-2.3135291726727045,7.5,0.06461538461538446,0.0018780681059992204,attentive,0,2
89.1,True,1.2670212973386459,-6.410691608432149,7.5,0.06461538461538446,0.0018917253106449155,attentive,0,2
89.13333333333333,True,7.573454652364495,-3.0086867842987344,7.5,0.06461538461538446,0.0019138325179974863,attentive,0,2
89.16666666666667,True,-9.500695277545903,0.7578704413211201,7.5,0.06461538461538446,0.0018842300421942134,attentive,0,2
89.2,True,1.304842719006936,-1.9949675577341826,7.5,0.06461538461538446,0.0018793918864450313,attentive,0,2
89.23333333333333,True,-0.9897806504153782,-1.5141067806425381,7.5,0.06461538461538446,0.001879346171020712,attentive,0,2
89.26666666666667,True,-0.9355760348257975,-2.7216586014925266,7.5,0.06461538461538446,0.0018850519211474127,attentive,0,2
89.3,True,-0.42310131252578337,-1.1710246317146134,7.5,0.06461538461538446,0.001880299360281978,attentive,0,2
89.33333333333333,True,-4.9860071797024315,-1.462113545264788,7.5,0.06461538461538446,0.0018686973084832764,attentive,0,2
89.36666666666666,False,-3.374853679107501,1.1237185463358248,7.555555555555555,0.06483760683760668,0.0018542020905082082,attentive,0,2
89.4,False,2.8412023271442233,-2.2817975022118384,7.611111111111112,0.06728205128205195,0.0018688930526687673,attentive,0,2
89.43333333333334,False,0.9172677648013858,-3.498521878848078,7.666666666666666,0.06972649572649627,0.0018770535219423778,attentive,0,2
89.46666666666667,False,-4.0308011048368435,-3.029873797924808,7.722222222222222,0.07217094017094058,0.001873668694932418,attentive,0,2
89.5,False,-2.1858801114285753,1.5991027814436283,7.777777777777778,0.0746153846153849,0.0018714613679933698,attentive,0,2
89.53333333333333,False,-3.4636410744190416,-3.0828921072214066,7.833333333333334,0.07705982905982922,0.0018596955109100115,attentive,0,2
89.56666666666666,False,1.7810151128555225,-3.616764443739654,7.888888888888888,0.07950427350427353,0.0018707054513816496,attentive,0,2
89.6,False,-2.517488214217938,-5.512065106243081,7.944444444444445,0.08194871794871786,0.0018693480393217703,attentive,0,2
89.63333333333333,False,3.7128890746687646,-2.268584769639334,8.0,0.08439316239316218,0.0018791897143390877,attentive,0,2
89.66666666666667,False,-5.563260665540755,-4.305657333843644,8.055555555555555,0.08683760683760744,0.0018793540927461538,attentive,0,2
89.7,True,5.60293357216729,-2.9841275669975698,8.055555555555555,0.06802469135802461,0.001894025139075003,attentive,0,2
89.73333333333333,True,1.6852745716599666,-3.139928137019704,8.055555555555555,0.06802469135802461,0.0019048507044791658,attentive,0,2
89.76666666666667,True,2.941157353072477,-1.2158321163571026,8.055555555555555,0.06802469135802461,0.001916845132875082,attentive,0,2
89.8,True,5.06890862522448,-1.3234477039346573,8.055555555555555,0.06802469135802461,0.001926966975848281,attentive,0,2
89.83333333333333,True,-0.25870205675634267,-4.149513314778252,8.055555555555555,0.06802469135802461,0.0019373639804411544,attentive,0,2
89.86666666666666,True,0.8165482825144229,-2.1530353666249766,8.055555555555555,0.06802469135802461,0.0019488088008350613,attentive,0,2
89.9,True,-5.316974126294553,-0.129274066223791,8.055555555555555,0.06802469135802461,0.0019323691235482025,attentive,0,2
89.93333333333334,True,-6.763463300527155,-1.5611907888950851,8.055555555555555,0.06802469135802461,0.0019213862843503755,attentive,0,2
89.96666666666667,True,3.47388016914549,-1.9442048046467715,8.055555555555555,0.06802469135802461,0.0019326655980877305,attentive,0,2
90.0,True,-0.233671747494589,-3.452852993105856,8.0,0.06780246913580239,0.0019409213784662579,attentive,0,2
90.03333333333333,False,5.2724468526876525,-0.12927779627204217,8.0,0.06780246913580239,0.0019603807054255082,attentive,0,2
90.06666666666666,False,-0.3016580639262454,-1.4978885342197714,8.0,0.07002469135802449,0.0019550202562778982,attentive,0,2
90.1,False,14.940784513038343,-4.819545042126309,8.0,0.07224691358024658,0.001997037349521456,attentive,0,2
90.13333333333333,False,-2.7568379841934507,-5.079279473806444,8.055555555555555,0.0746913580246909,0.0019924427888070155,attentive,0,2
90.16666666666667,False,-3.4650263574685916,-1.2906894228978172,8.11111111111111,0.07748717948717984,0.001991930094805352,attentive,0,2
90.2,False,-2.078896955361922,-3.337751592574553,8.166666666666666,0.07993162393162417,0.00199273917906305,attentive,0,2
90.23333333333333,False,3.890619783149808,-0.8054343014886325,8.222222222222223,0.08237606837606848,0.0019933413912622162,attentive,0,2
90.26666666666667,False,2.8376388870540197,-3.3579189903564233,8.277777777777779,0.08482051282051281,0.0020001693928554205,attentive,0,2
90.3,False,-8.311157330836759,-4.677662635810509,8.333333333333332,0.0872649572649571,0.0019923513668441938,attentive,0,2
90.33333333333333,False,-5.406657416262844,-4.81427035358854,8.38888888888889,0.08970940170940143,0.0019963720472336343,attentive,0,2
90.36666666666666,False,-4.549204475500301,-0.6498546606840712,8.444444444444445,0.09215384615384575,0.00199538219270447,attentive,0,2
90.4,False,-7.286367368582613,-3.430461084866048,8.5,0.09459829059829102,0.0019762075769059685,attentive,0,2
90.43333333333334,False,5.724344399561963,0.4727344864752716,8.555555555555555,0.09704273504273533,0.0019938225180049724,attentive,0,2
90.46666666666667,False,3.0206956188567977,-3.585083240216811,8.61111111111111,0.09948717948717965,0.0020122663302904083,attentive,0,2
90.5,False,-2.5021042009025334,-4.004555805829921,8.666666666666668,0.10193162393162399,0.0020078540745130627,attentive,0,2
90.53333333333333,False,7.759136754183979,-0.2269665687395248,8.722222222222223,0.10437606837606828,0.0020254945872419444,attentive,0,2
90.56666666666666,False,-8.768106742715712,-1.5677050514115927,8.777777777777777,0.10682051282051261,0.002006154460019196,attentive,0,2
90.6,False,-2.9287920253374375,-0.6649316990398191,8.833333333333334,0.10926495726495691,0.0019978454866946306,attentive,0,2
90.63333333333333,False,2.76527513964258,-3.9459839068999663,8.88888888888889,0.11170940170940125,0.0020035805119246056,attentive,0,2
90.66666666666667,False,-8.830977562822953,-2.4023713293375915,8.944444444444443,0.1141538461538465,0.0019831838314884522,attentive,0,2
90.7,False,7.388925020104259,-2.612137691612831,9.0,0.11659829059829083,0.0019912552008477854,attentive,0,2
90.73333333333333,False,1.712468814362335,-7.195116379430058,9.055555555555555,0.11904273504273515,0.0020062792664976526,attentive,0,2
90.76666666666667,False,2.455018838154084,-6.70247469280629,9.11111111111111,0.12148717948717946,0.002020174858822392,attentive,0,2
90.8,False,-5.0862634482624225,-4.220391295788769,9.166666666666666,0.12393162393162378,0.00201761841050423,attentive,0,2
90.83333333333333,False,2.288583507486357,-3.724009544761979,9.222222222222221,0.1263760683760681,0.0020245118599821928,attentive,0,2
90.86666666666666,False,-7.597966683254123,-8.873379934313583,9.277777777777779,0.12882051282051243,0.0020185874824463082,attentive,0,2
90.9,False,-4.741098030417603,-2.556669721008016,9.333333333333334,0.13126495726495768,0.00200482081478929,attentive,0,2
90.93333333333334,False,0.7465795245972711,-4.46408075457812,9.388888888888888,0.133709401709402,0.0020186102388408877,attentive,0,2
90.96666666666667,False,4.984409084902109,-3.1257545882517324,9.444444444444445,0.13615384615384632,0.0020301437499070842,attentive,0,2
91.0,False,-0.8275426664175477,0.04847132234781215,9.5,0.13859829059829065,0.002027996146700327,attentive,0,2
91.03333333333333,False,-1.0754602835270735,-3.416713387633353,9.555555555555555,0.14104273504273496,0.0020279966887184354,attentive,0,2
91.06666666666666,False,-14.2216401257237,-3.066175679480807,9.61111111111111,0.14348717948717926,0.0020035415289654905,attentive,0,2
91.1,False,7.319081361531687,-6.211428452218016,9.666666666666666,0.1459316239316236,0.0020218556282278802,attentive,0,2
91.13333333333333,False,0.7724873277238385,-1.221648080762785,9.722222222222223,0.14837606837606793,0.002024666250258888,attentive,0,2
91.16666666666667,False,-1.6473036656507494,-3.8429818461717913,9.777777777777779,0.15082051282051318,0.002019930859643429,attentive,0,2
91.2,False,-6.1034561352456915,-7.22542059910746,9.833333333333332,0.15326495726495748,0.0020156715373148264,attentive,0,2
91.23333333333333,False,0.6724091476546955,-2.342456999811883,9.88888888888889,0.15570940170940184,0.0020190275733887168,attentive,0,2
91.26666666666667,False,1.3306310172162807,-6.551141804394087,9.944444444444445,0.15815384615384614,0.002028614713355679,attentive,0,2
91.3,False,0.10620243733366688,1.0893869393168223,10.0,0.16059829059829045,0.002023610954474058,attentive,0,2
91.33333333333333,False,1.1536248587205593,-2.1006644597430597,10.055555555555555,0.16304273504273475,0.0020312789395233724,attentive,0,2
91.36666666666666,False,-1.8015020004686653,-2.302014317252466,10.11111111111111,0.1654871794871791,0.0020302405475473755,attentive,0,2
91.4,False,0.04747561674962959,0.662106130195252,10.166666666666666,0.16793162393162436,0.0020273452939185465,attentive,0,2
91.43333333333334,False,-8.295317010979925,-2.1441880409258007,10.222222222222223,0.17037606837606867,0.002003643775091924,attentive,0,2
91.46666666666667,False,6.836768741587557,-0.9565844808898853,10.277777777777777,0.17282051282051297,0.002014353791687514,attentive,0,2
91.5,False,-3.1832503406090056,-2.937933834241873,10.333333333333334,0.1752649572649573,0.002006546532454456,attentive,0,2
91.53333333333333,False,3.626999326365969,-0.901996499003012,10.38888888888889,0.17770940170940164,0.00202014584763103,attentive,0,2
91.56666666666666,False,2.964366857940459,-3.8618528807488794,10.444444444444445,0.18015384615384594,0.002026069183859191,attentive,0,2
91.6,False,4.384632198795577,-3.0673384631843934,10.5,0.18259829059829025,0.0020485305656557286,attentive,0,2
91.63333333333333,False,-14.157400762551587,-5.759044184820594,10.555555555555555,0.18504273504273458,0.00201501940794604,attentive,0,2
91.66666666666667,False,-2.5553607501177558,-1.9459084013147725,10.61111111111111,0.18748717948717986,0.002010929546912538,attentive,0,2
91.7,False,-2.7428195736911705,-4.429716609489382,10.666666666666668,0.18993162393162416,0.00200407682908414,attentive,0,2
91.73333333333333,False,2.2266350238261063,0.7336163620394154,10.722222222222221,0.1923760683760685,0.0020138785669862862,attentive,0,2
91.76666666666667,False,1.4504085035333087,-4.8123146686181775,10.777777777777779,0.19482051282051283,0.002026739757248292,attentive,0,2
91.8,False,-4.664653253011179,-3.0949892768800886,10.833333333333334,0.19726495726495713,0.0020107298905843265,attentive,0,2
91.83333333333333,False,-0.4335065088744442,-5.060780160187614,10.888888888888888,0.19970940170940144,0.0020176293262949003,attentive,0,2
91.86666666666666,False,7.504280587272425,-0.2638778341454322,10.944444444444445,0.20215384615384574,0.002042212647600844,attentive,0,2
91.9,False,-2.398172079945987,-1.2321173688807654,11.0,0.20459829059829104,0.0020402523673513423,attentive,0,2
91.93333333333334,False,-5.047160350504882,-2.5289975299665683,11.055555555555555,0.20704273504273532,0.002026549480726917,attentive,0,2
91.96666666666667,False,-3.508701923721717,-3.6283382623928313,11.11111111111111,0.20948717948717965,0.0020128576151097954,attentive,0,2
92.0,True,-0.9068046204036571,-6.523242648172802,11.11111111111111,0.0938271604938271,0.002027172905149419,attentive,0,2
92.03333333333333,True,-12.65329360094648,-0.6483288681414798,11.11111111111111,0.0938271604938271,0.0019849422764773605,attentive,0,2
92.06666666666666,True,-2.609549856786729,-3.3431792726287046,11.11111111111111,0.0938271604938271,0.0019811921465193475,attentive,0,2
92.1,True,-1.991068728424726,-1.4471156385856878,11.11111111111111,0.0938271604938271,0.001990040275651234,attentive,0,2
92.13333333333333,True,5.8777100619331035,-0.829512622521934,11.11111111111111,0.0938271604938271,0.002019876172614333,attentive,0,2
92.16666666666667,True,1.8317032447339652,-3.386568447409244,11.11111111111111,0.0938271604938271,0.0020222640028849936,attentive,0,2
92.2,True,-4.5410338392876435,-3.1304845374144654,11.11111111111111,0.0938271604938271,0.0020190555043891503,attentive,0,2
92.23333333333333,True,0.19070806874159624,0.19869820924823722,11.11111111111111,0.0938271604938271,0.0020250962902070664,attentive,0,2
92.26666666666667,True,9.715724419392158,-1.2527127980945247,11.11111111111111,0.0938271604938271,0.002051831382728423,attentive,0,2
92.3,True,1.7431701630907857,-1.61765636891015,11.11111111111111,0.0938271604938271,0.0020549327101496992,attentive,0,2
92.33333333333333,True,6.979672800107187,-0.7601270915587928,11.11111111111111,0.0938271604938271,0.0020739864430468647,attentive,0,2
92.36666666666666,True,6.304973523597574,-3.6213919401568977,11.11111111111111,0.0938271604938271,0.002093687140942312,attentive,0,2
92.4,True,-4.269976725908192,-3.924854434408597,11.11111111111111,0.0938271604938271,0.002086563380923648,attentive,0,2
92.43333333333334,True,-2.0134138261088967,0.7543076379685858,11.11111111111111,0.0938271604938271,0.0020798577356228947,attentive,0,2
92.46666666666667,True,0.6658468955288539,-4.2901421970047995,11.11111111111111,0.0938271604938271,0.0020731555960247956,attentive,0,2
92.5,True,-2.1384785445752845,-2.083054891871088,11.11111111111111,0.0938271604938271,0.002071621357146151,attentive,0,2
92.53333333333333,True,0.1705487371485801,-2.341935531415996,11.11111111111111,0.0938271604938271,0.0020678591937575473,attentive,0,2
92.56666666666666,True,-4.213881807637415,-4.162900317928663,11.11111111111111,0.0938271604938271,0.0020605639732573897,attentive,0,2
92.6,True,-6.209188385206327,-2.8525496784588555,11.11111111111111,0.0938271604938271,0.0020446021503982142,attentive,0,2
92.63333333333333,True,2.072149430924957,-2.4659573873170824,11.11111111111111,0.0938271604938271,0.002056206045212211,attentive,0,2
92.66666666666667,True,5.287043005509463,-3.115737250054399,11.11111111111111,0.0938271604938271,0.0020699591327966393,attentive,0,2
92.7,True,2.987945955081294,-1.1817515777085794,11.11111111111111,0.0938271604938271,0.0020799817713505146,attentive,0,2
92.73333333333333,True,-9.067241100626951,-3.935079794860723,11.11111111111111,0.0938271604938271,0.0020706424293718017,attentive,0,2
92.76666666666667,True,-1.316405761159209,-2.5904448634485635,11.11111111111111,0.0938271604938271,0.0020642506088855792,attentive,0,2
92.8,True,6.460508060667977,-2.43775421133018,11.11111111111111,0.0938271604938271,0.00207987216992964,attentive,0,2
92.83333333333333,True,-8.200758097671622,-3.1717909376163966,11.11111111111111,0.0938271604938271,0.0020611790507115858,attentive,0,2
92.86666666666666,True,-0.1355097566209681,-3.378098354229602,11.11111111111111,0.0938271604938271,0.0020581907344160615,attentive,0,2
92.9,True,10.805431592986986,-0.9069019393035633,11.11111111111111,0.0938271604938271,0.0020882386742985763,attentive,0,2
92.93333333333334,True,-5.934074176369388,1.9897398722519193,11.11111111111111,0.0938271604938271,0.0020679757730418776,attentive,0,2
92.96666666666667,True,3.064704403910091,-2.4760935875146655,11.11111111111111,0.0938271604938271,0.0020759627749621593,attentive,0,2
93.0,True,-0.44825118880006504,-5.136058520043287,11.055555555555555,0.09360493827160488,0.002081482806297659,attentive,0,2
93.03333333333333,True,-4.105759794363918,-3.8634287386912254,11.0,0.09338271604938266,0.0020694822898993104,attentive,0,2
93.06666666666666,True,2.684408574318509,-1.8341816682904075,10.944444444444445,0.09316049382716043,0.0020887444416996166,attentive,0,2
93.1,True,-2.8188585053936386,-4.344629309919451,10.888888888888888,0.0929382716049382,0.0020870778308747307,attentive,0,2
93.13333333333333,True,6.5462019658525,-3.7503195414072503,10.888888888888888,0.0929382716049382,0.0021082292005440003,attentive,0,2
93.16666666666667,False,2.19484363355433,-2.671166750681745,10.944444444444445,0.09403418803418798,0.002121956407802005,attentive,0,2
93.2,False,11.964666072242885,-3.9629762127624084,11.0,0.0964786324786323,0.0021575843168840482,attentive,0,2
93.23333333333333,False,-3.425332802965124,-3.343665414297454,11.055555555555555,0.09892307692307661,0.002157012156558322,attentive,0,2
93.26666666666667,False,4.86006451219803,-0.44893554964155546,11.11111111111111,0.10136752136752093,0.0021618469806844467,attentive,0,2
93.3,False,5.451055410119622,-0.08253944329393681,11.166666666666666,0.10381196581196525,0.002174044567472601,attentive,0,2
93.33333333333333,False,-2.296976040767752,-2.0221877617476114,11.222222222222221,0.10625641025640956,0.0021663698751648946,attentive,0,2
93.36666666666666,True,4.202624359954055,-1.6381465022394888,11.222222222222221,0.09476543209876528,0.0021861242989629805,attentive,0,2
93.4,True,6.391379071625594,-2.542324566292221,11.222222222222221,0.09476543209876528,0.002207499278200249,attentive,0,2
93.43333333333334,True,3.476180346252015,0.41827256852018513,11.222222222222221,0.09476543209876528,0.0022162416552676525,attentive,0,2
93.46666666666667,True,-2.52508044966978,-3.530748803269833,11.222222222222221,0.09476543209876528,0.0022114719339304725,attentive,0,2
93.5,True,-3.5484560655038604,-6.438977520878114,11.222222222222221,0.09476543209876528,0.0022072022026278495,attentive,0,2
93.53333333333333,True,1.344489041531937,-5.996803726127071,11.222222222222221,0.09476543209876528,0.0022266082417351013,attentive,0,2
93.56666666666666,True,6.64915996869193,-3.8322341912786264,11.222222222222221,0.09476543209876528,0.0022528367217353896,attentive,0,2
93.6,True,-2.4703296028632837,2.7443041725899073,11.222222222222221,0.09476543209876528,0.0022426744630620996,attentive,0,2
93.63333333333333,True,-5.997374132475691,-3.1201357442487034,11.222222222222221,0.09476543209876528,0.0022220744841438583,attentive,0,2
93.66666666666667,True,-3.482878108278077,-3.19552162109324,11.222222222222221,0.09476543209876528,0.0022160752187818035,attentive,0,2
93.7,True,3.760848625850262,-1.7347370868564993,11.222222222222221,0.09476543209876528,0.002216469567587378,attentive,0,2
93.73333333333333,True,-12.029386499627323,-3.3978225812153626,11.222222222222221,0.09476543209876528,0.0021882464221442167,attentive,0,2
93.76666666666667,True,9.968952857243305,-7.0257947074529685,11.222222222222221,0.09476543209876528,0.002214226917043715,attentive,0,2
93.8,True,2.937431129523304,-1.7363227818497329,11.222222222222221,0.09476543209876528,0.002223421331192136,attentive,0,2
93.83333333333333,True,-16.598972805902555,-2.6077318544241668,11.222222222222221,0.09476543209876528,0.002189312244078013,attentive,0,2
93.86666666666666,False,-0.8242175517338461,-0.9159343734407515,11.277777777777779,0.09498765432098752,0.0021876192416450694,attentive,0,2
93.9,False,-1.901206346101504,-3.8251142263362095,11.333333333333332,0.09743209876543277,0.0021855530059391413,attentive,0,2
93.93333333333334,False,2.4153928649242005,-1.4952991292775377,11.38888888888889,0.0998765432098771,0.002191134542388795,attentive,0,2
93.96666666666667,False,-1.8218976223832795,-4.043459034172976,11.444444444444445,0.1023209876543214,0.0021883335991688332,attentive,0,2
94.0,False,15.540456989658775,-4.627122908122349,11.5,0.10476543209876574,0.0022278305029713,attentive,0,2
94.03333333333333,False,3.7743512785091307,-2.600811632130686,11.555555555555555,0.10720987654321004,0.0022472163801518373,attentive,0,2
94.06666666666666,False,2.470352119966111,0.42254182834154275,11.61111111111111,0.10965432098765437,0.002250426281054801,attentive,0,2
94.1,False,7.661476083091169,-0.9879612815731349,11.666666666666666,0.11209876543209868,0.0022669386657135,attentive,0,2
94.13333333333333,False,4.706927084535738,-1.8473544640777353,11.722222222222223,0.114543209876543,0.0022875082292975555,attentive,0,2
94.16666666666667,False,8.298944618800492,-2.811184674637429,11.777777777777777,0.11698765432098826,0.0023131210391957265,attentive,0,2
94.2,False,9.648535020946907,-5.275310821354319,11.833333333333334,0.11943209876543258,0.002336779582935728,attentive,0,2
94.23333333333333,False,5.536262158042981,-2.125776411913391,11.88888888888889,0.12187654320987691,0.0023664600682648993,attentive,0,2
94.26666666666667,False,0.7972342995318431,-2.9683886122290417,11.944444444444445,0.12432098765432122,0.002376942218704719,attentive,0,2
94.3,True,-3.508798538631044,-5.3213760620340596,11.944444444444445,0.09896825396825386,0.0023834049143305423,attentive,0,2
94.33333333333333,True,-10.544564008290509,-5.018095961722114,11.944444444444445,0.09896825396825386,0.0023635836197153023,attentive,0,2
94.36666666666666,True,-3.897067459329549,-0.7986606204350637,11.944444444444445,0.09896825396825386,0.0023535410658248905,attentive,0,2
94.4,True,3.408666161645319,-2.780508705925698,11.944444444444445,0.09896825396825386,0.002365226715156302,attentive,0,2
94.43333333333334,True,-7.746692600478676,-3.2994095406881323,11.944444444444445,0.09896825396825386,0.002353185704008681,attentive,0,2
94.46666666666667,True,2.1587732602793217,-5.3487268515104684,11.944444444444445,0.09896825396825386,0.0023763031531238675,attentive,0,2
94.5,True,-2.2564189925260267,-0.7369344435017537,11.944444444444445,0.09896825396825386,0.0023755182789047813,attentive,0,2
94.53333333333333,True,3.6716238164742956,0.28945646543466985,11.944444444444445,0.09896825396825386,0.0023779854323847036,attentive,0,2
94.56666666666666,True,-2.0895739237299,-2.8215926819567003,11.944444444444445,0.09896825396825386,0.0023836158830070186,attentive,0,2
94.6,True,0.5050698405169226,-4.396127738408889,11.944444444444445,0.09896825396825386,0.0023936266186624193,attentive,0,2
94.63333333333333,True,3.673630745389236,-3.7665512585072074,11.944444444444445,0.09896825396825386,0.0024025440084563332,attentive,0,2
94.66666666666667,True,1.875756730976423,-3.796345179008277,11.944444444444445,0.09896825396825386,0.0024089388260578075,attentive,0,2
94.7,False,5.484781724257368,2.809645470666694,12.0,0.09919047619047608,0.002417572258647008,attentive,0,2
94.73333333333333,False,-5.589973609548558,-2.0560126661478546,12.055555555555555,0.1016349206349204,0.0024135023237476065,attentive,0,2
94.76666666666667,False,-6.173286668964514,-4.552994182006434,12.11111111111111,0.10407936507936472,0.002405973743175088,attentive,0,2
94.8,False,-2.0473064556577087,-3.329988771796929,12.166666666666668,0.10652380952380905,0.002407094475129472,attentive,0,2
94.83333333333333,False,-4.562715967248781,-4.405055224988358,12.222222222222221,0.10896825396825335,0.002405554423189463,attentive,0,2
94.86666666666666,False,3.4946989344740236,-3.3461034448957423,12.277777777777779,0.11141269841269767,0.00241199733505,attentive,0,2
94.9,False,-0.28892148441442067,-3.406643303636162,12.333333333333334,0.11385714285714293,0.0024204189979098603,attentive,0,2
94.93333333333334,True,-6.863283777280283,0.4005491237513459,12.333333333333334,0.10036781609195392,0.002404083490706554,attentive,0,2
94.96666666666667,True,-3.3675219558231877,-7.653459622370347,12.333333333333334,0.10036781609195392,0.002405943234720923,attentive,0,2
95.0,True,8.376545558645288,-2.132655813526278,12.333333333333334,0.10036781609195392,0.002424691408906435,attentive,0,2
95.03333333333333,True,1.5095972796651451,-3.3132232548097718,12.333333333333334,0.10036781609195392,0.0024303855772415343,attentive,0,2
95.06666666666666,True,1.963985101839432,-5.647392014876852,12.333333333333334,0.10036781609195392,0.002440239669985871,attentive,0,2
95.1,True,-7.9434013150328315,-2.585972306769489,12.333333333333334,0.10036781609195392,0.0024295995178983806,attentive,0,2
95.13333333333333,True,-3.65205670144833,-4.138433609958708,12.333333333333334,0.10036781609195392,0.002425106330943824,attentive,0,2
95.16666666666667,True,-5.699410076864777,-0.9830812705094902,12.333333333333334,0.10036781609195392,0.002414022558313529,attentive,0,2
95.2,True,4.229331607950042,-2.7668886317558856,12.333333333333334,0.10036781609195392,0.0024224870627318033,attentive,0,2
95.23333333333333,True,-2.145176982779108,-4.666669575726479,12.333333333333334,0.10036781609195392,0.00242632151687524,attentive,0,2
95.26666666666667,True,6.321400767471193,-5.374210545437965,12.333333333333334,0.10036781609195392,0.00244872999354727,attentive,0,2
95.3,True,7.770853150765965,-3.0030337671842666,12.333333333333334,0.10036781609195392,0.002474025640932274,attentive,0,2
95.33333333333333,True,4.554304333595792,-3.0076707491195376,12.333333333333334,0.10036781609195392,0.0024785979427519415,attentive,0,2
95.36666666666666,True,-5.038280608450848,-3.962299940952833,12.333333333333334,0.10036781609195392,0.0024736667885433042,attentive,0,2
95.4,True,2.285749729406387,1.6032595774233505,12.333333333333334,0.10036781609195392,0.0024813831104470354,attentive,0,2
95.43333333333334,True,2.278795462931614,-1.8559693840496443,12.333333333333334,0.10036781609195392,0.002492780613523038,attentive,0,2
95.46666666666667,True,-0.4775285673016352,-1.9575081628797393,12.333333333333334,0.10036781609195392,0.002497538363053448,attentive,0,2
95.5,True,5.07845268748817,-4.505901486947241,12.333333333333334,0.10036781609195392,0.0025233910350809566,attentive,0,2
95.53333333333333,True,7.173485370531981,0.503808323208252,12.333333333333334,0.10036781609195392,0.0025402749637769314,attentive,0,2
95.56666666666666,True,-10.78068300950258,-3.9378164078479068,12.333333333333334,0.10036781609195392,0.0025236117822787186,attentive,0,2
95.6,True,6.075724794969151,-5.227114141368016,12.333333333333334,0.10036781609195392,0.0025544848063064887,attentive,0,2
95.63333333333333,True,0.7277719575450069,-3.4889779799237903,12.333333333333334,0.10036781609195392,0.002558067022096131,attentive,0,2
95.66666666666667,True,5.115784633706245,-4.575638428584611,12.333333333333334,0.10036781609195392,0.0025702804569540253,attentive,0,2
95.7,True,6.961885081520198,-3.9422260953561956,12.333333333333334,0.10036781609195392,0.002593331697826458,attentive,0,2
95.73333333333333,True,-3.1455669242924054,-3.393799883133048,12.333333333333334,0.10036781609195392,0.002596376170222023,attentive,0,2
95.76666666666667,True,-6.014769572587125,-4.081065549545683,12.333333333333334,0.10036781609195392,0.0025764747353294926,attentive,0,2
95.8,True,7.147560784820172,-0.8230599806935626,12.333333333333334,0.10036781609195392,0.002591552091819997,attentive,0,2
95.83333333333333,True,-6.296735365127861,-2.2540230241751384,12.333333333333334,0.10036781609195392,0.0025730025391478713,attentive,0,2
95.86666666666666,True,0.8487199739385749,-5.147560964553417,12.333333333333334,0.10036781609195392,0.002586156448474171,attentive,0,2
95.9,True,-13.587428158765523,-3.283521961849374,12.333333333333334,0.10036781609195392,0.0025521819165062174,attentive,0,2
95.93333333333334,True,-6.6717744623608715,-3.536207655327224,12.333333333333334,0.10036781609195392,0.0025349680907720902,attentive,0,2
95.96666666666667,True,-4.902831198013973,-7.001697319376044,12.333333333333334,0.10036781609195392,0.0025339273645975475,attentive,0,2
96.0,True,-0.30390806300869144,-5.304350801083772,12.277777777777779,0.10014559386973171,0.002543837989943554,attentive,0,2
96.03333333333333,True,1.84989926148173,-2.38376468858719,12.222222222222221,0.09992337164750947,0.002540319432275052,attentive,0,2
96.06666666666666,True,-0.626662570258705,-1.2079060741270342,12.166666666666668,0.09970114942528725,0.0025413010977197005,attentive,0,2
96.1,True,1.4784167854799593,-3.724673735785541,12.11111111111111,0.09947892720306503,0.002548623823163865,attentive,0,2
96.13333333333333,True,-4.080353055730925,-3.0669537608719692,12.11111111111111,0.09947892720306503,0.002543203023624838,attentive,0,2
96.16666666666667,True,1.4924908264393628,-1.6387272280576404,12.11111111111111,0.10034920634920624,0.0025511413129644185,attentive,0,2
96.2,True,-12.06751348858345,-5.434401558967181,12.11111111111111,0.10034920634920624,0.0025276028215436242,attentive,0,2
96.23333333333333,True,7.760640483112846,-3.0409744614450918,12.11111111111111,0.10034920634920624,0.002545962326911098,attentive,0,2
96.26666666666667,True,-0.3208585505555101,-2.726572600834011,12.11111111111111,0.10034920634920624,0.002545242097477633,attentive,0,2
96.3,True,-6.969897239587873,0.46475992532769794,12.11111111111111,0.10034920634920624,0.0025338486801150762,attentive,0,2
96.33333333333333,True,-8.306781447628731,-2.5243466239836376,12.11111111111111,0.10034920634920624,0.0025244904638106187,attentive,0,2
96.36666666666666,True,2.7841710993088395,-1.3518562803684866,12.11111111111111,0.10034920634920624,0.0025289493760777904,attentive,0,2
96.4,True,-0.5139503073619713,-5.568116898142093,12.11111111111111,0.10034920634920624,0.002537128141499317,attentive,0,2
96.43333333333334,True,3.861342817392403,-3.0842762526383316,12.11111111111111,0.10034920634920624,0.0025493405492548853,attentive,0,2
96.46666666666667,True,-10.421914282101998,-4.342620412159983,12.11111111111111,0.10034920634920624,0.002526158127298739,attentive,0,2
96.5,True,-1.5390410898691855,0.9554093885639747,12.11111111111111,0.10034920634920624,0.0025235836912166714,attentive,0,2
96.53333333333333,True,2.853149795341124,-1.8096509183005085,12.11111111111111,0.10034920634920624,0.002526955394701936,attentive,0,2
96.56666666666666,True,0.8997541954055398,-4.072616214663638,12.11111111111111,0.10034920634920624,0.002538155157580869,attentive,0,2
96.6,True,8.925559338208947,-6.01698655998259,12.11111111111111,0.10034920634920624,0.002570596244906779,attentive,0,2
96.63333333333333,True,3.032042065863324,-4.250970747369132,12.11111111111111,0.10034920634920624,0.0025862772560022052,attentive,0,2
96.66666666666667,True,-1.1091529024662239,-5.264269977503356,12.11111111111111,0.10034920634920624,0.002584103116036348,attentive,0,2
96.7,True,-4.839874248784484,-5.63580351765555,12.11111111111111,0.10034920634920624,0.0025775016717122993,attentive,0,2
96.73333333333333,True,-1.73311203620464,-2.8201402676007308,12.11111111111111,0.10034920634920624,0.002581644832928425,attentive,0,2
96.76666666666667,True,2.9328130444231553,-2.587451692387634,12.11111111111111,0.10034920634920624,0.0025943568667658257,attentive,0,2
96.8,True,7.450459000601973,0.98566035051957,12.11111111111111,0.10034920634920624,0.002605839486409409,attentive,0,2
96.83333333333333,True,-1.3043897936366355,-3.301692529608563,12.11111111111111,0.10034920634920624,0.0026034550243084226,attentive,0,2
96.86666666666666,True,4.571648590794051,-1.0331471708116644,12.11111111111111,0.10034920634920624,0.002610149698921967,attentive,0,2
96.9,True,-2.133354468013345,-4.093898662573524,12.11111111111111,0.10034920634920624,0.002615663880538281,attentive,0,2
96.93333333333334,True,5.5992360572866815,-1.9875277038315307,12.11111111111111,0.10034920634920624,0.002631785007603026,attentive,0,2
96.96666666666667,True,-0.20055523592228566,0.8294140910297334,12.11111111111111,0.10034920634920624,0.0026335125077500124,attentive,0,2
97.0,True,-5.7249185373482225,-2.082781952970925,12.11111111111111,0.10034920634920624,0.0026194098412136995,attentive,0,2
97.03333333333333,True,-4.259505146808816,-1.6303320486193897,12.11111111111111,0.10034920634920624,0.0026112214230634414,attentive,0,2
97.06666666666666,True,-4.65192872299353,-5.255973560195469,12.11111111111111,0.10034920634920624,0.0025986483484649638,attentive,0,2
97.1,True,0.8872980033833683,-2.03670593128553,12.11111111111111,0.10034920634920624,0.002598316630459115,attentive,0,2
97.13333333333333,False,-3.5086131639107405,-1.875932308919313,12.166666666666668,0.10057142857142848,0.0025841250127674213,attentive,0,2
97.16666666666667,False,6.744282852492421,-2.1351896042277563,12.222222222222221,0.10301587301587373,0.0026090363822142736,attentive,0,2
97.2,False,16.35147121581046,-2.57241052675966,12.277777777777779,0.10546031746031806,0.0026509956129995666,attentive,0,2
97.23333333333333,False,-1.4509300446118834,-4.303019580886305,12.333333333333334,0.10790476190476238,0.002646610188817983,attentive,0,2
97.26666666666667,False,-5.70024879927757,-3.0462629098046037,12.38888888888889,0.1103492063492067,0.00263564384985016,attentive,0,2
97.3,False,4.17958678092401,1.2508931725555859,12.444444444444445,0.11279365079365102,0.002645550830210515,attentive,0,2
97.33333333333333,False,-8.272640635261842,1.78281492678064,12.5,0.11523809523809533,0.0026248674579559617,attentive,0,2
97.36666666666666,True,0.17809790270509585,-2.0757859082035695,12.5,0.1017241379310344,0.0026207513703221,attentive,0,2
97.4,True,3.9139449861125426,-7.625372971682414,12.5,0.1017241379310344,0.002636820176636257,attentive,0,2
97.43333333333334,True,2.4165493352666334,-3.9958628435019445,12.5,0.1017241379310344,0.0026506788444011697,attentive,0,2
97.46666666666667,True,8.271683401669172,-0.5723145431401426,12.5,0.1017241379310344,0.002668008587322933,attentive,0,2
97.5,True,4.272097504814531,-2.0483255728145666,12.5,0.1017241379310344,0.002672667976121532,attentive,0,2
97.53333333333333,True,4.11873281606582,-4.536024792058398,12.5,0.1017241379310344,0.002688404941338364,attentive,0,2
97.56666666666666,True,3.326088545635956,-0.4033631220643805,12.5,0.1017241379310344,0.002695219654245208,attentive,0,2
97.6,False,-1.1902696496228047,-6.374884527623206,12.555555555555555,0.10194636015325662,0.0027063479412369512,attentive,0,2
97.63333333333333,False,-8.033414105667068,-2.4311366392926415,12.611111111111112,0.10439080459770095,0.002692389795627659,attentive,0,2
97.66666666666667,False,-6.349230893762165,-2.4077026494188334,12.666666666666668,0.1068352490421462,0.002679374730144412,attentive,0,2
97.7,False,-2.215324993942994,-5.396967605111913,12.722222222222221,0.10927969348659052,0.0026830961556785463,attentive,0,2
97.73333333333333,False,5.054009377480887,-0.4360261926271929,12.777777777777777,0.11172413793103483,0.0026918215138747063,attentive,0,2
97.76666666666667,False,-1.0096204313294916,-5.6363759897547965,12.833333333333332,0.11416858237547917,0.0026970175789019857,attentive,0,2
97.8,False,2.002880397688865,-2.0630817695877313,12.88888888888889,0.11661302681992347,0.002704913405453953,attentive,0,2
97.83333333333333,False,-6.373347703298788,-4.060729912593566,12.944444444444445,0.1190574712643678,0.0026948957432026324,attentive,0,2
97.86666666666666,False,5.394608916089944,-3.870105632265761,13.0,0.12150191570881211,0.0027107690790251545,attentive,0,2
97.9,False,7.7711477779301745,-3.251189931476688,13.055555555555557,0.12394636015325738,0.0027395181624056985,attentive,0,2
97.93333333333334,False,0.08277189639886019,-1.9904768721775308,13.111111111111112,0.12639080459770172,0.00274275598543539,attentive,0,2
97.96666666666667,False,-3.6184672993057894,-4.16324675200405,13.166666666666666,0.128835249042146,0.0027405675929653966,attentive,0,2
98.0,False,-1.1872123842259341,-4.839542150658133,13.222222222222221,0.13127969348659033,0.0027464792645777274,attentive,0,2
98.03333333333333,False,-0.5816981781831754,-1.7011893156892748,13.277777777777777,0.13372413793103466,0.002744332199763266,attentive,0,2
98.06666666666666,True,0.3487913532166106,-1.30651673091805,13.277777777777777,0.10633339509604092,0.0027550335017708922,attentive,0,2
98.1,True,-8.366630476927872,-4.604359660521061,13.277777777777777,0.10633339509604092,0.002733795725635989,attentive,0,2
98.13333333333333,True,-6.724020366404265,-2.3726335180739273,13.277777777777777,0.10633339509604092,0.002719591460535403,attentive,0,2
98.16666666666667,True,3.1164947792637103,-3.7460578542446332,13.277777777777777,0.10633339509604092,0.00273640207719428,attentive,0,2
98.2,True,-0.6666943950049854,-1.046773934329451,13.277777777777777,0.10633339509604092,0.0027407670448335053,attentive,0,2
98.23333333333333,True,-4.9770901360825,-1.3296142179355022,13.277777777777777,0.10633339509604092,0.002733150757515255,attentive,0,2
98.26666666666667,True,6.637492349518506,-1.9256115605504491,13.277777777777777,0.10633339509604092,0.002757716908416124,attentive,0,2
98.3,True,1.5168379210909986,-2.741806513674568,13.277777777777777,0.10633339509604092,0.002756436375674602,attentive,0,2
98.33333333333333,True,1.0874051393524196,-1.9845804305375452,13.277777777777777,0.10633339509604092,0.0027698585541500766,attentive,0,2
98.36666666666666,True,4.651255397635589,-4.393055362982505,13.277777777777777,0.10633339509604092,0.0027964675147346607,attentive,0,2
98.4,True,2.480776348016264,-1.5634272315751772,13.277777777777777,0.10633339509604088,0.0028071646927282233,attentive,0,2
98.43333333333334,True,2.6598727274806917,-6.871887661636362,13.277777777777777,0.10633339509604092,0.0028168380535799325,attentive,0,2
98.46666666666667,True,7.29611035923024,-4.1540630555691775,13.277777777777777,0.10633339509604092,0.002842042614465466,attentive,0,2
98.5,True,5.205075528499121,-2.8034140956682085,13.277777777777777,0.10633339509604092,0.0028563828910523476,attentive,0,2
98.53333333333333,True,-6.671113733005318,-2.083726274410108,13.277777777777777,0.10633339509604092,0.0028479493803233815,attentive,0,2
98.56666666666666,True,-3.067811725753619,-4.092827513959369,13.277777777777777,0.10633339509604092,0.002844260740938575,attentive,0,2
98.6,True,1.42365771028697,-0.9527104792887848,13.277777777777777,0.10633339509604092,0.002861073162678077,attentive,0,2
98.63333333333333,True,-2.0799820153101325,-3.745328572941369,13.277777777777777,0.10633339509604092,0.0028678229777324635,attentive,0,2
98.66666666666667,True,5.4488215130734545,-0.3716553910255209,13.277777777777777,0.10633339509604092,0.002883991826619272,attentive,0,2
98.7,True,-4.3282371156203965,-0.6668388439663491,13.277777777777777,0.10633339509604092,0.002869723260772914,attentive,0,2
98.73333333333333,True,-2.3303923156492945,-6.448021495822351,13.277777777777777,0.10633339509604092,0.0028696680133945174,attentive,0,2
98.76666666666667,True,1.0388553772977782,-6.194146043952145,13.277777777777777,0.10633339509604092,0.0028790019994399427,attentive,0,2
98.8,True,-2.051622018797324,-7.519125373022776,13.277777777777777,0.10633339509604092,0.0028857083388711584,attentive,0,2
98.83333333333333,True,5.8810492313396034,-2.554152720338036,13.277777777777777,0.10633339509604092,0.002904560187429459,attentive,0,2
98.86666666666666,True,9.495444500788826,-5.193944542218265,13.277777777777777,0.10633339509604092,0.0029344567403068655,attentive,0,2
98.9,True,1.9088842654418592,-6.614322597207682,13.277777777777777,0.10633339509604088,0.0029445441921488397,attentive,0,2
98.93333333333334,True,2.6839656253905546,-5.860630852028137,13.277777777777777,0.10633339509604092,0.002963041607393728,attentive,0,2
98.96666666666667,True,7.7284374955708754,-0.29748869471229966,13.277777777777777,0.10633339509604092,0.0029909787442247275,attentive,0,2
99.0,True,-6.3220048335306815,-6.949992634170234,13.222222222222221,0.10611117287381872,0.002991452036965018,attentive,0,2
99.03333333333333,True,1.6965570205333356,-3.517880110445181,13.166666666666666,0.10588895065159648,0.0029973079319966364,attentive,0,2
99.06666666666666,True,1.5044784196457204,-4.460837402471027,13.111111111111112,0.10566672842937427,0.003010297906440215,attentive,0,2
99.1,True,-3.4450036658632586,-6.008381844858233,13.055555555555557,0.10544450620715204,0.0030060426428736462,attentive,0,2
99.13333333333333,True,3.6949651659212286,-4.8207009683613125,13.055555555555557,0.10544450620715204,0.0030092818964733816,attentive,0,2
99.16666666666667,True,-8.078081678506718,-2.9592902027145644,13.055555555555557,0.10624521072796927,0.0029975303029914457,attentive,0,2
99.2,True,-4.400906679208585,-3.5420450910758556,13.055555555555557,0.10624521072796927,0.003006477736158371,attentive,0,2
99.23333333333333,True,1.4360166031238413,0.1893729145515617,13.055555555555557,0.10624521072796927,0.003020771217312789,attentive,0,2
99.26666666666667,True,0.3973656392836899,-5.6023060776100255,13.055555555555557,0.10624521072796927,0.003024954863176662,attentive,0,2
99.3,True,17.228229184372527,-5.182339620529693,13.055555555555557,0.10624521072796927,0.003062901817953043,attentive,0,2
99.33333333333333,True,-3.114393712119626,-4.3854765485630685,13.055555555555557,0.10624521072796927,0.003055655050791948,attentive,0,2
99.36666666666666,True,-9.724773950938252,-4.240624147110423,13.055555555555557,0.10624521072796927,0.003039319383918197,attentive,0,2
99.4,True,-3.468276881959732,-3.300045138618336,13.055555555555557,0.10624521072796927,0.003033829858343127,attentive,0,2
99.43333333333334,True,-10.414484405743037,-3.1036818792372274,13.055555555555557,0.10624521072796927,0.0030166161969392984,attentive,0,2
99.46666666666667,True,-0.33091687308189877,-5.440226692903307,13.055555555555557,0.10624521072796927,0.0030304252720624583,attentive,0,2
99.5,True,2.081102674243348,-2.5711748933876697,13.055555555555557,0.10624521072796927,0.0030439454733942207,attentive,0,2
99.53333333333333,True,4.354800480782804,-0.41876341688153484,13.055555555555557,0.10624521072796927,0.003058811616194735,attentive,0,2
99.56666666666666,True,0.6177153954509262,-2.1778348553778626,13.055555555555557,0.10624521072796927,0.003059357604184717,attentive,0,2
99.6,True,2.4812397967116313,-5.582153387249626,13.055555555555557,0.10624521072796927,0.0030679434334439197,attentive,0,2
99.63333333333333,True,-0.9829678615201344,-2.3182575950312536,13.055555555555557,0.10624521072796927,0.0030781640132768982,attentive,0,2
99.66666666666667,True,2.4478164895178174,-5.958012127167871,13.055555555555557,0.10624521072796927,0.003098307373238857,attentive,0,2
99.7,True,7.632813582346596,-2.689734610467162,13.055555555555557,0.10624521072796927,0.003118688411755304,attentive,0,2
99.73333333333333,True,3.2681999731746165,-5.471804667729904,13.055555555555557,0.10624521072796927,0.0031314932163228537,attentive,0,2
99.76666666666667,True,1.8590504579763614,-4.299529985572549,13.055555555555557,0.10624521072796927,0.0031389457195689164,attentive,0,2
99.8,True,-2.7685106683215284,-3.0350752365540195,13.055555555555557,0.10624521072796927,0.0031353320106939633,attentive,0,2
99.83333333333333,True,-3.2988060351676287,-2.770894234607831,13.055555555555557,0.10624521072796927,0.003126775480707677,attentive,0,2
99.86666666666666,True,-5.160272209317915,-5.037323365679253,13.055555555555557,0.10624521072796927,0.00311361101962667,attentive,0,2
99.9,True,5.191589008024506,-3.837448761144451,13.055555555555557,0.10624521072796927,0.0031210297947477273,attentive,0,2
99.93333333333334,True,0.6380781814438112,-5.1441503446777626,13.055555555555557,0.10624521072796927,0.003126346719461107,attentive,0,2
99.96666666666667,True,-2.839037645802628,-2.58463577802252,13.055555555555557,0.10624521072796927,0.003112122339892202,attentive,0,2
100.0,False,-3.187302872284734,-2.0656927364735727,13.111111111111112,0.10646743295019151,0.003113201861863272,attentive,0,2
100.03333333333333,False,-4.721604206418494,-2.106295496537041,13.166666666666666,0.10891187739463581,0.0030970993605107214,attentive,0,2
100.06666666666666,False,2.4731207555440573,-1.690507284009565,13.222222222222221,0.11135632183908013,0.0031000059192825636,attentive,0,2
100.1,False,3.932991103813005,-5.376869826784473,13.277777777777777,0.11380076628352445,0.0031083413219867135,attentive,0,2
100.13333333333333,False,3.2296291822471774,-3.138813339609054,13.333333333333334,0.11624521072796878,0.003117814785987898,attentive,0,2
100.16666666666667,False,-0.7669817779976392,-4.349553698600284,13.38888888888889,0.11868965517241403,0.0031260690726116532,attentive,0,2
100.2,False,2.9317373846246624,-6.235768191786613,13.444444444444445,0.12113409961685837,0.003139018313314551,attentive,0,2
100.23333333333333,False,0.12185270856342095,-3.6036540076070467,13.5,0.12357854406130267,0.0031475769713037744,attentive,0,2
100.26666666666667,False,1.6766143739095116,-5.510501194677489,13.555555555555557,0.126022988505747,0.0031503581384245945,attentive,0,2
100.3,False,-1.31435508363083,-6.038858298807435,13.61111111111111,0.1284674329501913,0.003150102583223173,attentive,0,2
100.33333333333333,False,-6.746362310378257,-3.912866336809862,13.666666666666666,0.1309118773946356,0.00313935890899101,attentive,0,2
100.36666666666666,False,10.304748577194326,-4.897849018905699,13.722222222222221,0.13335632183907994,0.0031692517878513767,attentive,0,2
100.4,False,7.74020092559318,-4.7934285485193815,13.777777777777779,0.13580076628352522,0.0031825062193402134,attentive,0,2
100.43333333333334,False,0.5322797259249175,-4.824604069072937,13.833333333333334,0.13824521072796953,0.003193865641459145,attentive,0,2
100.46666666666667,False,2.643597557031465,-2.6892109328324576,13.88888888888889,0.14068965517241383,0.0031971997206598005,attentive,0,2
100.5,False,3.4608929148438334,-4.795170375582504,13.944444444444445,0.14313409961685816,0.003216465182723505,attentive,0,2
100.53333333333333,False,-0.9766669817717377,-3.633521821630511,14.000000000000002,0.1455785440613025,0.0032283174836651675,attentive,0,2
100.56666666666666,False,1.5072241832585478,-0.5796365221070352,14.055555555555554,0.1480229885057468,0.0032293228818167444,attentive,0,2
100.6,False,-7.175994710028795,-3.7851354750345108,14.11111111111111,0.1504674329501911,0.003227980393191278,attentive,0,2
100.63333333333333,False,-7.488319733242185,-3.931741864101607,14.166666666666666,0.15291187739463544,0.0032105240580573924,attentive,0,2
100.66666666666667,False,1.4988561931837174,-2.107235805835,14.222222222222221,0.1553563218390807,0.0032153476239897266,attentive,0,2
100.7,False,-0.5444348425944783,-4.6607814986213425,14.277777777777779,0.15780076628352502,0.003228172645364802,attentive,0,2
100.73333333333333,False,0.017656435862214097,-0.6823117298445611,14.333333333333334,0.16024521072796935,0.0032235359357230603,attentive,0,2
100.76666666666667,False,1.5819096452919377,-1.5704359420343459,14.38888888888889,0.16268965517241366,0.0032253347674578055,attentive,0,2
100.8,False,0.8567414351385806,-1.9890492386377412,14.444444444444443,0.165134099616858,0.0032350612206993434,attentive,0,2
100.83333333333333,False,7.435619690243607,-2.6157085271283878,14.499999999999998,0.1675785440613023,0.003258455287069008,attentive,0,2
100.86666666666666,False,-0.07327935141250762,-2.897183782155117,14.555555555555555,0.17002298850574663,0.003276213406796299,attentive,0,2
100.9,False,-6.90445913844498,-1.480744622711183,14.61111111111111,0.17246743295019187,0.003251157757877798,attentive,0,2
100.93333333333334,False,-0.4816419331028721,-1.053273904546002,14.666666666666666,0.1749118773946362,0.0032513911182697934,attentive,0,2
100.96666666666667,False,-2.845404654240584,-1.8154659378057503,14.722222222222223,0.1773563218390805,0.003249616040082097,attentive,0,2
101.0,False,-2.3803576075173356,-3.772043919503949,14.777777777777779,0.17980076628352482,0.003240468281353867,attentive,0,2
101.03333333333333,False,-3.528736614652119,-3.26432142867632,14.833333333333334,0.18224521072796918,0.0032329541460903847,attentive,0,2
101.06666666666666,False,-4.4531446002671204,-3.9547895425031983,14.888888888888888,0.18468965517241348,0.003231754621041554,attentive,0,2
101.1,False,-2.751615424361241,0.22785274212377526,14.944444444444443,0.18713409961685779,0.00321958664297358,attentive,0,2
101.13333333333333,False,-7.449673227845401,-1.070344874612557,15.0,0.1895785440613021,0.0032015931974440715,attentive,0,2
101.16666666666667,False,3.6277085220619725,-2.88846545359847,15.055555555555555,0.1920229885057474,0.0032117929314415304,attentive,0,2
101.2,False,-3.1075410149792533,-4.477969515716461,15.11111111111111,0.1944674329501917,0.0032019489518212213,attentive,0,2
101.23333333333333,False,-7.967485332923811,-0.5569861974236532,15.166666666666668,0.196911877394636,0.0031798009740925687,attentive,0,2
101.26666666666667,False,-5.150869747000638,-3.105726683759367,15.222222222222223,0.1993563218390803,0.0031708302318558005,attentive,0,2
101.3,False,-1.1766364951697346,-4.772412515985866,15.277777777777779,0.20180076628352467,0.0031721226276192815,attentive,0,2
101.33333333333333,False,1.64718825088811,-3.4038112896001183,15.333333333333332,0.20424521072796895,0.003179378959433511,attentive,0,2
101.36666666666666,False,5.925500741183331,-3.416454052767343,15.388888888888888,0.20668965517241328,0.003198474703207118,attentive,0,2
101.4,False,2.2578532255550985,-3.6783145014949437,15.444444444444445,0.20913409961685853,0.0032126748095035124,attentive,0,2
101.43333333333334,False,4.390180832784731,-2.899832295766804,15.5,0.21157854406130286,0.003226048704469287,attentive,0,2
101.46666666666667,False,-0.797700569112337,-6.013872135474008,15.555555555555555,0.2140229885057472,0.0032275459095142344,attentive,0,2
101.5,False,1.2314027265397878,-2.7393077792388123,15.611111111111112,0.2164674329501915,0.0032281728154952335,attentive,0,2
101.53333333333333,False,-4.8679825906795635,-2.0448774620611805,15.666666666666668,0.21891187739463583,0.003219089340904634,attentive,0,2
101.56666666666666,False,5.648784499872553,-2.340614335511586,15.722222222222223,0.22135632183908013,0.003229134497031604,attentive,0,2
101.6,False,-7.215702961286772,-4.970224960428048,15.777777777777777,0.22380076628352447,0.0032133737667758818,attentive,0,2
101.63333333333333,False,-9.096433461872287,-4.254473957189067,15.833333333333332,0.22624521072796877,0.003204630999606831,attentive,0,2
101.66666666666667,False,-7.207438932221969,-3.714540825715296,15.88888888888889,0.22868965517241405,0.00319132059780581,attentive,0,2
101.7,False,-7.057721438326951,-4.119995425753229,15.944444444444445,0.23113409961685838,0.0031811171329393815,attentive,0,2
101.73333333333333,False,1.999277609385641,-8.726358579804867,16.0,0.23357854406130268,0.003197725196969356,attentive,0,2
101.76666666666667,False,5.013645084692798,-0.27547812345270506,16.055555555555557,0.236022988505747,0.0032053232299143,attentive,0,2
101.8,False,-1.3239004288608789,-4.367323564619669,16.11111111111111,0.23846743295019132,0.0032077583536109606,attentive,0,2
101.83333333333333,False,-0.001741169455713743,-3.2741048328721156,16.166666666666664,0.2409118773946356,0.0032123205795486797,attentive,0,2
101.86666666666666,False,1.662784969280294,-0.38306358494087434,16.22222222222222,0.24335632183907996,0.0032303133946601495,attentive,0,2
101.9,False,-3.4094047469573634,-5.120282960078763,16.27777777777778,0.2458007662835252,0.003226423881958825,attentive,0,2
101.93333333333334,False,-6.392650233131821,-1.7194428582483938,16.333333333333332,0.2482452107279695,0.003218604158561069,attentive,0,2
101.96666666666667,False,-8.112160148934652,-3.4454763420368937,16.38888888888889,0.25068965517241387,0.0031994267994535654,attentive,0,2
102.0,True,-4.774560935182122,-4.9860766413575925,16.333333333333332,0.13100006176270762,0.0031951316978210227,attentive,0,2
102.03333333333333,True,5.719223923488638,-4.138474748661302,16.27777777777778,0.13077783954048539,0.0032206960233582623,attentive,0,2
102.06666666666666,True,-2.194472253314712,-2.581306584237445,16.22222222222222,0.13055561731826315,0.0032217536901460596,attentive,0,2
102.1,True,3.4422505736904454,-5.421206913963912,16.166666666666664,0.13033339509604092,0.003240059190296766,attentive,0,2
102.13333333333333,True,-7.212171385893409,-4.517389738221233,16.166666666666664,0.13033339509604092,0.003223050454011717,attentive,0,2
102.16666666666667,True,3.055251945898181,-4.478659251133958,16.166666666666664,0.13156321839080454,0.0032395960545422613,attentive,0,2
102.2,True,1.7836878615775955,1.3572804449167268,16.166666666666664,0.13156321839080454,0.0032428208817618545,attentive,0,2
102.23333333333333,True,-3.920212849825128,-1.8246635853290092,16.166666666666664,0.13156321839080454,0.0032417997155150782,attentive,0,2
102.26666666666667,True,10.558471414340252,-5.925686822391147,16.166666666666664,0.13156321839080454,0.0032676335553545885,attentive,0,2
102.3,True,3.0922539484018743,-0.5704431789114994,16.166666666666664,0.13156321839080454,0.003278441659373671,attentive,0,2
102.33333333333333,True,-5.849587202643497,-3.8954249345367757,16.166666666666664,0.13156321839080454,0.0032690013556039245,attentive,0,2
102.36666666666666,True,3.200294703892824,-3.551885032920451,16.166666666666664,0.13156321839080454,0.00326401671855568,attentive,0,2
102.4,True,-5.501478226317528,-4.388399116461032,16.166666666666664,0.13156321839080454,0.0032465458494851324,attentive,0,2
102.43333333333334,True,4.630096003407355,-7.998602685221823,16.166666666666664,0.13156321839080454,0.003275214978080662,attentive,0,2
102.46666666666667,False,-5.147455282217197,-4.345547745983251,16.22222222222222,0.13178544061302674,0.00326657219752571,attentive,0,2
102.5,False,6.948227697471405,-6.02247369729059,16.27777777777778,0.13422988505747108,0.003292369144269477,attentive,0,2
102.53333333333333,False,6.1736968277840525,-2.059452156238735,16.333333333333332,0.13667432950191538,0.003314080174040525,attentive,0,2
102.56666666666666,False,15.12212262603955,-4.55020593533156,16.38888888888889,0.13911877394635971,0.0033646999465611564,attentive,0,2
102.6,False,2.046938760857293,-3.346538251811048,16.444444444444446,0.14156321839080405,0.0033785667912956487,attentive,0,2
102.63333333333333,False,3.3461523953051238,-4.3532867921226455,16.5,0.14400766283524835,0.003388891208316444,attentive,0,2
102.66666666666667,False,6.231539915396219,-3.0933557357784083,16.555555555555557,0.1464521072796936,0.0034065017045485,attentive,0,2
102.7,False,0.17390217653989012,-7.4684750750119555,16.61111111111111,0.14889655172413793,0.0034228044106501074,attentive,0,2
102.73333333333333,False,-8.363633422239475,-3.549367243971528,16.666666666666664,0.15134099616858224,0.0034096345416889306,attentive,0,2
102.76666666666667,False,0.9874147903530723,-4.40290172842061,16.72222222222222,0.15378544061302657,0.0034268538646798964,attentive,0,2
102.8,False,1.2428754645078148,-3.725835910133916,16.77777777777778,0.15622988505747087,0.0034436146258648706,attentive,0,2
102.83333333333333,False,2.056816039166274,-2.6949416763340444,16.833333333333332,0.15867432950191518,0.003457017715417468,attentive,0,2
102.86666666666666,False,10.470950730214787,0.2174612250204606,16.88888888888889,0.16111877394635954,0.003491047981913692,attentive,0,2
102.89999999999999,False,-10.041372134559682,-3.082281024665675,16.944444444444446,0.16356321839080384,0.0034690451775100024,attentive,0,2
102.93333333333334,False,5.039091685401943,-2.2382911780129264,17.0,0.1660076628352491,0.003478454497209737,attentive,0,2
102.96666666666667,False,3.5796273904807454,-4.152739816744785,17.055555555555554,0.1684521072796934,0.003497118921749769,attentive,0,2
103.0,False,3.258920393778426,-2.266886791672806,17.11111111111111,0.17089655172413773,0.003514509489571803,attentive,0,2
103.03333333333333,False,4.005335373469083,-6.981161339871409,17.166666666666668,0.17334099616858206,0.0035329052545909944,attentive,0,2
103.06666666666666,False,1.8271985224071037,-4.627915404320214,17.22222222222222,0.17578544061302637,0.0035473316690761854,attentive,0,2
103.1,True,1.2018873568688249,-7.918793821825609,17.22222222222222,0.13788895065159645,0.0035618459507690547,attentive,0,2
103.13333333333333,True,-1.9562299736913344,-4.033030888161179,17.22222222222222,0.13788895065159645,0.003567779054435936,attentive,0,2
103.16666666666667,True,5.954000221962958,-3.0943411423602516,17.22222222222222,0.13788895065159645,0.0035917388929276564,attentive,0,2
103.2,True,8.382378298525968,-5.4800433124296415,17.22222222222222,0.13788895065159645,0.0036250723103969824,attentive,0,2
103.23333333333333,True,-9.46829102256838,-5.02262797093596,17.22222222222222,0.13788895065159645,0.0036139907460055413,attentive,0,2
103.26666666666667,True,-1.5449379798981289,-3.240660596300782,17.22222222222222,0.13788895065159645,0.003617554978892362,attentive,0,2
103.3,True,0.35100834526641705,-3.8978153346026634,17.22222222222222,0.13788895065159645,0.00362175225892544,attentive,0,2
103.33333333333333,True,10.020590083042638,-4.272997353733926,17.22222222222222,0.13788895065159645,0.003644495018235877,attentive,0,2
103.36666666666666,True,5.058390749481359,-2.849685739277584,17.22222222222222,0.13788895065159645,0.0036580763781505848,attentive,0,2
103.39999999999999,True,6.328602468748581,-0.22625707732626177,17.22222222222222,0.13788895065159645,0.0036723924520716514,attentive,0,2
103.43333333333334,True,0.005530981166470903,-2.5389116552647923,17.22222222222222,0.13788895065159645,0.0036765921728540056,attentive,0,2
103.46666666666667,True,3.5909365932285096,-2.239616579996872,17.22222222222222,0.13788895065159645,0.003693443935008185,attentive,0,2
103.5,True,-13.952146827975676,-6.3605738678461226,17.22222222222222,0.13788895065159645,0.0036691856060063893,attentive,0,2
103.53333333333333,True,7.4903235775331565,-2.651561138637878,17.22222222222222,0.13788895065159645,0.00368584239128302,attentive,0,2
103.56666666666666,True,4.950783937631355,-4.729223083890373,17.22222222222222,0.13788895065159645,0.003711796888943069,attentive,0,2
103.6,True,7.450830884302447,-5.429233785022728,17.22222222222222,0.13788895065159645,0.003732365410967613,attentive,0,2
103.63333333333333,True,-5.780315388338862,-3.2390272918398355,17.22222222222222,0.13788895065159645,0.0037240738449893993,attentive,0,2
103.66666666666667,True,-8.239524764585088,-0.6150959475698956,17.22222222222222,0.13788895065159645,0.003707135892973887,attentive,0,2
103.7,True,8.354385403488521,-2.9898073147753856,17.22222222222222,0.13788895065159645,0.0037384460682938865,attentive,0,2
103.73333333333333,True,3.8116598723053037,-3.13136540767621,17.22222222222222,0.13788895065159645,0.0037491946350283745,attentive,0,2
103.76666666666667,True,3.100315318378918,-4.862083522679382,17.22222222222222,0.13788895065159645,0.0037653312870970365,attentive,0,2
103.8,True,-5.912409680928386,-0.9133571605865751,17.22222222222222,0.13788895065159645,0.0037602767642002655,attentive,0,2
103.83333333333333,True,1.2346184136530298,-2.751867208164273,17.22222222222222,0.13788895065159645,0.003764562709003593,attentive,0,2
103.86666666666666,True,12.469266522949507,-1.789318348205584,17.22222222222222,0.13788895065159645,0.0037958886104378564,attentive,0,2
103.89999999999999,True,-2.3640813867337265,-6.630668580901787,17.22222222222222,0.13788895065159645,0.0038049703148102577,attentive,0,2
103.93333333333334,True,0.6130099573249711,-2.573672769254085,17.22222222222222,0.13788895065159645,0.0038079509778536874,attentive,0,2
103.96666666666667,True,4.883037131587332,-0.2718293623932686,17.22222222222222,0.13788895065159645,0.003826782398790072,attentive,0,2
104.0,True,-2.9812991648087066,2.273550700739214,17.22222222222222,0.13788895065159645,0.0038027759323225265,attentive,0,2
104.03333333333333,True,3.5586928978670787,-2.938355039151341,17.22222222222222,0.13788895065159645,0.0038142072578059207,attentive,0,2
104.06666666666666,True,-0.47161526372533263,-3.058424209066873,17.22222222222222,0.13788895065159645,0.003817085707871981,attentive,0,2
104.1,True,4.867987512346693,-3.2187721340529354,17.22222222222222,0.13788895065159645,0.00383528074219532,attentive,0,2
104.13333333333333,True,-2.967022111842892,-6.458486088758606,17.22222222222222,0.13788895065159645,0.0038378775359270297,attentive,0,2
104.16666666666667,True,-4.800540901073914,-3.73538605137737,17.22222222222222,0.13788895065159645,0.0038256270295539477,attentive,0,2
104.2,True,0.9887718213279153,1.9483657119925315,17.22222222222222,0.13788895065159645,0.0038273538358964275,attentive,0,2
104.23333333333333,True,1.079615549100366,-3.057755352283662,17.22222222222222,0.13788895065159645,0.003839864133467043,attentive,0,2
104.26666666666667,True,3.805191037108441,-5.826678170341095,17.22222222222222,0.13788895065159645,0.0038536748531467144,attentive,0,2
104.3,True,-2.5874512418470217,-3.655478701275963,17.22222222222222,0.13788895065159645,0.003863154723944183,attentive,0,2
104.33333333333333,True,-5.285459909724508,-5.51526579298969,17.22222222222222,0.13788895065159645,0.0038545822073516155,attentive,0,2
104.36666666666666,True,-1.8966571336987539,-6.135209977062789,17.22222222222222,0.13788895065159645,0.0038601632452213404,attentive,0,2
104.39999999999999,True,8.253651423440395,-5.805011063091603,17.22222222222222,0.13788895065159645,0.003882396995381799,attentive,0,2
104.43333333333334,True,4.509373652829624,-2.093756822779071,17.22222222222222,0.13788895065159645,0.0038943458565253485,attentive,0,2
104.46666666666667,True,2.6646870703763894,-3.4146822873533313,17.22222222222222,0.13788895065159645,0.003896391523719541,attentive,0,2
104.5,True,11.905482031093651,-4.2962684098918125,17.22222222222222,0.13788895065159645,0.003929294760356012,attentive,0,2
104.53333333333333,False,0.12826006058712347,-0.7682493798279686,17.27777777777778,0.13811117287381866,0.003927922889077306,attentive,0,2
104.56666666666666,False,0.9906717320161239,-1.9541249290305693,17.333333333333336,0.140555617318263,0.0039330844379255325,attentive,0,2
104.6,False,-11.248464144443375,-4.984969668155784,17.38888888888889,0.1430000617627073,0.003915112948965457,attentive,0,2
104.63333333333333,False,-10.296437691370274,-3.0325793239824477,17.444444444444446,0.14544450620715163,0.0038957448395359274,attentive,0,2
104.66666666666667,False,3.878667723580726,-3.040663362682091,17.5,0.14788895065159688,0.003908993038881073,attentive,0,2
104.7,False,3.9023558074740747,-4.79256605721777,17.555555555555554,0.1503333950960412,0.0039271677521886235,attentive,0,2
104.73333333333333,False,5.312471960543639,-8.563811759924281,17.61111111111111,0.15277783954048552,0.003953899375782508,attentive,0,2
104.76666666666667,False,4.395230349012096,0.4357305514311287,17.666666666666668,0.15522228398492985,0.003963688448707005,attentive,0,2
104.8,False,-6.1760579170412795,-4.481182754242056,17.72222222222222,0.15766672842937418,0.003958138699238574,attentive,0,2
104.83333333333333,False,5.101666091892406,-4.512815065705453,17.77777777777778,0.16011117287381849,0.0039830790473283665,attentive,0,2
104.86666666666666,False,6.033671322612621,-5.036567792723747,17.833333333333336,0.1625556173182628,0.00400395109211836,attentive,0,2
104.89999999999999,False,-4.238055512423962,-6.67586479687019,17.888888888888886,0.1650000617627071,0.00400069566564,attentive,0,2
104.93333333333334,False,3.467983291571647,0.03803919683547674,17.944444444444443,0.1674445062071524,0.00400552447338263,attentive,0,2
104.96666666666667,False,1.3296283018175594,-4.37251786390426,18.0,0.1698889506515967,0.004022807318666694,attentive,0,2
105.0,False,-6.493843515353766,-2.804243599017169,18.0,0.17211117287381877,0.004004816194156739,attentive,0,2
105.03333333333333,True,2.9015177427247747,-2.525483532531835,17.944444444444443,0.14845179619900328,0.004011897216388797,attentive,0,2
105.06666666666666,True,4.621049901976109,-4.6564040186222,17.888888888888886,0.1482295739767811,0.004037882266648588,attentive,0,2
105.1,True,-12.429192136793038,1.6847274690057343,17.833333333333336,0.1480073517545589,0.004010705031603599,attentive,0,2
105.13333333333333,True,1.9122815864094944,-1.9633799701226806,17.833333333333336,0.1480073517545589,0.004018492689906973,attentive,0,2
105.16666666666667,True,-8.255051802463825,-6.874089304689242,17.833333333333336,0.14277783954048534,0.004008586285722215,attentive,0,2
105.2,True,-13.205964299432848,-7.477947944576364,17.833333333333336,0.14277783954048534,0.003984217494365164,attentive,0,2
105.23333333333333,True,1.98098716958917,-4.757604625092946,17.833333333333336,0.14277783954048534,0.003990378642318188,attentive,0,2
105.26666666666667,True,2.673491447581987,-4.998407607558847,17.833333333333336,0.14277783954048534,0.004012688758524263,attentive,0,2
105.3,True,-10.517870264835016,-7.646303749954344,17.833333333333336,0.14277783954048534,0.003993604569142025,attentive,0,2
105.33333333333333,True,2.932169205492822,-1.7444709867305743,17.833333333333336,0.14277783954048534,0.003994577186262533,attentive,0,2
105.36666666666666,True,8.226741417998454,-3.964803691367237,17.833333333333336,0.14277783954048534,0.004010464606118701,attentive,0,2
105.39999999999999,True,-2.5911982498150494,-5.3152532836769915,17.833333333333336,0.14277783954048534,0.00401011116643688,attentive,0,2
105.43333333333334,True,1.8377115224394946,-3.900336085031978,17.833333333333336,0.14277783954048534,0.004014258307197855,attentive,0,2
105.46666666666667,True,-5.424473052301028,-4.473423219326429,17.833333333333336,0.14277783954048534,0.004011810360047526,attentive,0,2
105.5,True,-3.7134697926714666,-8.431700924191999,17.833333333333336,0.14277783954048534,0.0040121312820948305,attentive,0,2
105.53333333333333,True,-4.320623720517457,-3.2022298109139387,17.833333333333336,0.14277783954048534,0.004010432702297725,attentive,0,2
105.56666666666666,True,-4.031945164324025,-1.637144432831449,17.833333333333336,0.14277783954048534,0.004001321941931228,attentive,0,2
105.6,True,-8.747672413833527,-1.472334521570363,17.833333333333336,0.14277783954048534,0.00397954760854448,attentive,0,2
105.63333333333333,True,-3.9180494161801973,-8.277821975366255,17.833333333333336,0.14277783954048534,0.003978941129405964,attentive,0,2
105.66666666666667,True,-9.384685921040768,-4.922870600823317,17.833333333333336,0.14277783954048534,0.003961941762267328,attentive,0,2
105.7,True,4.60116987821352,-3.115756837104761,17.833333333333336,0.14277783954048534,0.003964469030973455,attentive,0,2
105.73333333333333,True,-9.31585216312307,-4.7634815769479095,17.833333333333336,0.14277783954048534,0.003946181768920788,attentive,0,2
105.76666666666667,True,0.7153142461750728,-3.918619204644024,17.833333333333336,0.14277783954048534,0.003953558657540411,attentive,0,2
105.8,True,-1.2089757679117652,-4.371989578476937,17.833333333333336,0.14277783954048534,0.003957233379286047,attentive,0,2
105.83333333333333,True,-8.382874809263846,-5.090571807959408,17.833333333333336,0.14277783954048534,0.00394392780134223,attentive,0,2
105.86666666666666,True,-4.780073662555625,-4.78835986668239,17.833333333333336,0.14277783954048534,0.003929688617010223,attentive,0,2
105.89999999999999,True,-6.724625140265702,-3.044392359254476,17.833333333333336,0.14277783954048534,0.003921187790957755,attentive,0,2
105.93333333333334,True,-4.744730984448837,-4.317169026278981,17.833333333333336,0.14277783954048534,0.003920066062373301,attentive,0,2
105.96666666666667,True,2.169027391025286,-2.8313169074330182,17.833333333333336,0.14277783954048534,0.003937563861303776,attentive,0,2
106.0,True,6.409482334563886,-6.537642563692334,17.833333333333336,0.14277783954048534,0.003962016414959028,attentive,0,2
106.03333333333333,True,-0.1775587157329646,-5.336986364805262,17.833333333333336,0.14277783954048534,0.003970654517019136,attentive,0,2
106.06666666666666,True,-3.2449397515787237,-8.130124947464907,17.833333333333336,0.14277783954048534,0.003966004797830658,attentive,0,2
106.1,True,6.265124145079036,-6.424872609934896,17.833333333333336,0.14277783954048534,0.00398949627583619,attentive,0,2
106.13333333333333,True,-5.903783074309743,-6.293019345078291,17.833333333333336,0.14277783954048534,0.003983451459300609,attentive,0,2
106.16666666666667,True,-5.4639014336601335,-0.7948267045951729,17.833333333333336,0.14277783954048534,0.003959551172705507,attentive,0,2
106.2,True,3.1885004876709444,-4.306983166058807,17.833333333333336,0.14277783954048534,0.003963051287884299,attentive,0,2
106.23333333333333,True,-2.19876400407889,-4.787580064619983,17.833333333333336,0.14277783954048534,0.003963473159114955,attentive,0,2
106.26666666666667,True,2.3032342326536215,0.674945480948927,17.833333333333336,0.14277783954048534,0.003960633970591905,attentive,0,2
106.3,True,-4.712700673339728,-5.021047712911936,17.833333333333336,0.14277783954048534,0.003957823998989787,attentive,0,2
106.33333333333333,False,14.001914115047228,-2.242757621342104,17.888888888888886,0.14300006176270755,0.0039955420681253365,attentive,0,2
106.36666666666666,False,2.7575763510529665,-1.9461362102752737,17.944444444444443,0.14544450620715188,0.004007302877163433,attentive,0,2
106.39999999999999,False,-8.570125142125676,-3.4226905263405216,18.0,0.14788895065159618,0.003986599966994424,attentive,0,2
106.43333333333334,False,1.9896994821411307,-4.3871588671577,18.055555555555554,0.15033339509604146,0.0039980440509097175,attentive,0,2
106.46666666666667,False,4.241754093158861,-4.386955764414199,18.11111111111111,0.1527778395404858,0.004008983847280083,attentive,0,2
106.5,False,1.832521011181812,-2.684036205821927,18.166666666666668,0.15522228398493013,0.004008937745596322,attentive,0,2
106.53333333333333,False,-1.2961716467203235,-3.06686837260338,18.22222222222222,0.1576667284293744,0.0040040505952524275,attentive,0,2
106.56666666666666,False,7.467104074611596,-3.320660124772047,18.27777777777778,0.16011117287381874,0.004028414477834489,attentive,0,2
106.6,False,-0.2657948702219314,-4.11615269415883,18.333333333333332,0.16255561731826307,0.004032029551665378,attentive,0,2
106.63333333333333,False,5.360970888857273,1.6727830372720982,18.38888888888889,0.16500006176270737,0.004040310355985583,attentive,0,2
106.66666666666667,False,-8.358888701739916,-4.071090368863666,18.444444444444443,0.16744450620715265,0.004028417209807163,attentive,0,2
106.7,False,9.039557909568094,-3.778541992313256,18.5,0.16988895065159693,0.004049317377551136,attentive,0,2
106.73333333333333,True,6.243285832437767,-4.719780592100004,18.5,0.15239444852875242,0.0040686179868051845,attentive,0,2
106.76666666666667,True,-4.372684132641134,-2.2392162638573714,18.5,0.15239444852875242,0.004057147884826818,attentive,0,2
106.8,True,-0.9991689416617346,-4.92565956311453,18.5,0.15239444852875245,0.00405217498175295,attentive,0,2
106.83333333333333,True,-4.956117693364658,-3.7330728530705324,18.5,0.15239444852875245,0.0040499130829021925,attentive,0,2
106.86666666666666,True,-10.487223123798602,-3.543254673912353,18.5,0.15239444852875245,0.004026179968098448,attentive,0,2
106.89999999999999,True,-6.02063837026685,-1.8650636467560915,18.5,0.15239444852875245,0.0040124406779239955,attentive,0,2
106.93333333333334,True,7.937476415874901,-5.903447442845438,18.5,0.15239444852875242,0.0040367385458150865,attentive,0,2
106.96666666666667,True,-13.592092826131106,-4.781570744161399,18.5,0.15239444852875242,0.004017917850710363,attentive,0,2
107.0,True,-5.517353886191362,-6.61386793372645,18.5,0.15239444852875242,0.004009921080891138,attentive,0,2
107.03333333333333,True,-16.633174669940157,-0.8029603214181713,18.5,0.15239444852875242,0.003974661882313362,attentive,0,2
107.06666666666666,True,12.847530257643273,-2.8262007782371144,18.5,0.15239444852875245,0.004013954857336442,attentive,0,2
107.1,True,6.9715338990459,-2.80839679463397,18.5,0.15239444852875245,0.0040313749304605575,attentive,0,2
107.13333333333333,True,0.07729685216238268,-6.8267603478824785,18.5,0.15239444852875245,0.004037377431415518,attentive,0,2
107.16666666666667,True,3.6380521679687976,-4.4369076242441565,18.5,0.15239444852875242,0.004050558702480393,attentive,0,2
107.2,True,-11.339677698529501,-5.161694542343733,18.5,0.15239444852875242,0.004036366908357972,attentive,0,2
107.23333333333333,True,9.070794411817328,-5.537281193610918,18.5,0.15239444852875242,0.004070014051414485,attentive,0,2
107.26666666666667,True,4.1952325333582285,-5.631560021278975,18.5,0.15239444852875242,0.004081661946257155,attentive,0,2
107.3,True,4.071916166712699,-5.5984838211035,18.5,0.15239444852875245,0.004097619614080742,attentive,0,2
107.33333333333333,True,-1.7152817794765147,-3.2948880844934116,18.5,0.15239444852875245,0.004095222017398382,attentive,0,2
107.36666666666666,True,4.392344397576676,-2.6483151485031087,18.5,0.15239444852875245,0.004113090119958531,attentive,0,2
107.39999999999999,True,6.553304637111218,-3.965793109326269,18.5,0.15239444852875245,0.004126793073238151,attentive,0,2
107.43333333333334,True,-3.051897469069164,-5.341637704959277,18.5,0.15239444852875242,0.004127433957007991,attentive,0,2
107.46666666666667,True,-2.3618445326193913,-4.345042398677083,18.5,0.15239444852875242,0.004131332177351811,attentive,0,2
107.5,True,3.1488600018511157,-7.170884513516624,18.5,0.15239444852875242,0.004144262238595552,attentive,0,2
107.53333333333333,True,-1.026785429588423,-6.804437988313409,18.5,0.15239444852875242,0.004151254872047993,attentive,0,2
107.56666666666666,True,-12.162792369982437,-4.199072160191054,18.5,0.15239444852875245,0.004124367377106601,attentive,0,2
107.6,True,-5.753508131750088,-4.010388135571658,18.5,0.15239444852875245,0.004117303339288462,attentive,0,2
107.63333333333333,True,3.7965364817207745,-6.750850033538729,18.5,0.15239444852875245,0.004131685828166479,attentive,0,2
107.66666666666667,True,0.6476507400302194,-3.8245898612268223,18.5,0.15239444852875242,0.004137170361233028,attentive,0,2
107.7,True,-6.763939220185221,-5.393004040065404,18.5,0.15239444852875242,0.004134363847740537,attentive,0,2
107.73333333333333,True,4.884873626044603,-4.116416386493262,18.5,0.15239444852875242,0.0041532715848569615,attentive,0,2
107.76666666666667,True,-0.7102487733826156,-7.774751729890383,18.5,0.15239444852875242,0.004159943861963821,attentive,0,2
107.8,True,6.245258147730896,-3.8544357991729297,18.5,0.15239444852875245,0.004166957876674276,attentive,0,2
107.83333333333333,True,12.170394910457455,-5.677998672218958,18.5,0.15239444852875245,0.004210235982051894,attentive,0,2
107.86666666666666,True,-14.466582901787561,-1.846241960464345,18.5,0.15239444852875245,0.004180830369267005,attentive,0,2
107.89999999999999,True,12.538870002019618,-1.2329612680312478,18.5,0.15239444852875245,0.004216393528747048,attentive,0,2
107.93333333333334,True,-8.873254971710878,-2.355080298351841,18.5,0.15239444852875242,0.004200995826058356,attentive,0,2
107.96666666666667,True,6.754835427055856,-6.682105554872961,18.5,0.15239444852875242,0.0042193969932860734,attentive,0,2
108.0,False,5.861984406640803,-3.4836871737237045,18.5,0.15239444852875242,0.004249444993605087,attentive,0,2
108.03333333333333,False,-5.80271656574697,-2.9431254124491106,18.5,0.15461667075097452,0.004242057561817145,attentive,0,2
108.06666666666666,False,1.5061720475040254,-4.311936695447631,18.5,0.15683889297319664,0.004246929808928282,attentive,0,2
108.1,False,6.560641863221307,-7.434597640764451,18.5,0.15906111519541874,0.004262725327046245,attentive,0,2
108.13333333333333,False,6.292826342148599,-5.751363340405406,18.555555555555557,0.16150555963986307,0.004286499764697818,attentive,0,2
108.16666666666667,False,0.37356011309525755,-4.9306596361315576,18.61111111111111,0.15877783954048572,0.004291066291871344,attentive,0,2
108.2,False,-8.181236183603511,-5.4424746955879915,18.666666666666668,0.16122228398493002,0.004288636762655514,attentive,0,2
108.23333333333333,False,0.23602084885178004,-5.121528938042224,18.722222222222225,0.16366672842937435,0.0042931466277206995,attentive,0,2
108.26666666666667,False,3.8837120791648636,-2.349638458854419,18.777777777777775,0.16611117287381866,0.004298827706463758,attentive,0,2
108.3,True,-0.7012754009686828,-5.102910693072573,18.777777777777775,0.15458082845706786,0.004299177711285928,attentive,0,2
108.33333333333333,True,10.395220678482865,-5.758642105482133,18.777777777777775,0.15458082845706786,0.004334865634448173,attentive,0,2
108.36666666666666,True,-1.8243688228259607,-1.6329389403544203,18.777777777777775,0.15458082845706786,0.004330815372704192,attentive,0,2
108.39999999999999,True,-2.231718184537167,-2.3460435609457875,18.777777777777775,0.15458082845706786,0.004320174913898064,attentive,0,2
108.43333333333334,True,7.414703363702736,-5.891242112174805,18.777777777777775,0.15458082845706783,0.004344107639658103,attentive,0,2
108.46666666666667,True,2.4589118180983967,-1.2612770773402207,18.777777777777775,0.15458082845706783,0.004357949476593657,attentive,0,2
108.5,True,10.638524102133104,-2.529507520857116,18.777777777777775,0.15458082845706783,0.004386383320985588,attentive,0,2
108.53333333333333,True,3.85560757377846,-4.142529696000229,18.777777777777775,0.15458082845706783,0.004401895105260524,attentive,0,2
108.56666666666666,True,-2.858438255602884,-4.528456663652948,18.777777777777775,0.15458082845706786,0.004406276030780963,attentive,0,2
108.6,True,-3.757506124002919,-7.408245533871211,18.777777777777775,0.15458082845706786,0.004410199694663402,attentive,0,2
108.63333333333333,True,-6.27232705969399,-6.022464433071933,18.777777777777775,0.15458082845706786,0.004409321307208432,attentive,0,2
108.66666666666667,True,2.074981279352035,-4.214304389484668,18.777777777777775,0.15458082845706783,0.004424407076538708,attentive,0,2
108.7,True,10.156724859294664,-4.318327933031467,18.777777777777775,0.15458082845706783,0.004455924032348332,attentive,0,2
108.73333333333333,True,-7.997909381019851,-4.66808494143568,18.777777777777775,0.15458082845706783,0.0044489955883324295,attentive,0,2
108.76666666666667,True,1.9984132359235671,-4.282552980755805,18.777777777777775,0.15458082845706783,0.004456893270847235,attentive,0,2
108.8,True,1.0175585090874275,-5.915508112984892,18.777777777777775,0.15458082845706786,0.0044695045122732915,attentive,0,2
108.83333333333333,True,8.74408070322278,-2.85804705454001,18.777777777777775,0.15458082845706786,0.004493263858178304,attentive,0,2
108.86666666666666,True,5.257246483959076,-5.046871382963701,18.777777777777775,0.15458082845706786,0.004510599269882358,attentive,0,2
108.89999999999999,True,4.129061725137027,-5.582455442178778,18.777777777777775,0.15458082845706786,0.004523728907138256,attentive,0,2
108.93333333333334,True,13.69973470764823,-6.471244110818038,18.777777777777775,0.15458082845706783,0.0045572597045726955,attentive,0,2
108.96666666666667,True,-10.42844548229073,-6.225386559924443,18.777777777777775,0.15458082845706783,0.004543546757398516,attentive,0,2
109.0,True,8.15297979815231,-2.6604142308899625,18.777777777777775,0.15458082845706783,0.0045780859397947125,attentive,0,2
109.03333333333333,True,7.48823806767507,-2.622533862183483,18.777777777777775,0.15458082845706783,0.004598943032239034,attentive,0,2
109.06666666666666,True,9.500590378623837,-6.844083875189417,18.777777777777775,0.15458082845706786,0.0046315621041853345,attentive,0,2
109.1,True,-2.7257787860250917,-0.09662112617764684,18.777777777777775,0.15458082845706786,0.004627552583540568,attentive,0,2
109.13333333333333,True,1.9612760088720125,-7.515308357987186,18.777777777777775,0.15458082845706786,0.004624853996691234,attentive,0,2
109.16666666666667,True,-1.8123928879878701,-5.82117820967476,18.777777777777775,0.15458082845706783,0.004632860401795787,attentive,0,2
109.2,True,-13.124135702706308,-6.411890833210707,18.777777777777775,0.15458082845706783,0.004609913311699927,attentive,0,2
109.23333333333333,True,-6.96861962336214,-1.4449339352405284,18.777777777777775,0.15458082845706783,0.004589558523038462,attentive,0,2
109.26666666666667,True,1.658616905075398,-4.155301953818322,18.777777777777775,0.15458082845706783,0.004596242661231206,attentive,0,2
109.3,True,-3.3900303474782043,-1.092746899118242,18.777777777777775,0.15458082845706786,0.004581889104384914,attentive,0,2
109.33333333333333,True,-4.869188397037605,-4.674192140261743,18.777777777777775,0.15458082845706786,0.004567814345866311,attentive,0,2
109.36666666666666,False,-2.3942769197409133,-4.912735251111231,18.833333333333332,0.1548030506792901,0.004569486232860422,attentive,0,2
109.39999999999999,False,-5.200518050390829,-6.61083896988316,18.88888888888889,0.1572474951237344,0.004566217889683938,attentive,0,2
109.43333333333334,False,-8.535457580326316,-4.2812267618486635,18.944444444444443,0.15969193956817962,0.0045539172108744926,attentive,0,2
109.46666666666667,False,-14.071686369468035,-1.2990303821585512,19.0,0.16213638401262395,0.004518010483022385,attentive,0,2
109.5,False,-8.81911453062016,-2.677685346598789,19.055555555555557,0.16458082845706828,0.004497638516333063,attentive,0,2
109.53333333333333,False,23.045556889021405,-6.6420433370891985,19.11111111111111,0.16702527290151262,0.004792858815526886,attentive,0,2
109.56666666666666,False,-0.09623819430690568,-3.7886621070545123,19.166666666666668,0.16946971734595695,0.0047962621857199714,attentive,0,2
109.6,False,4.2581013204360865,-4.889248249701484,19.22222222222222,0.17191416179040128,0.004811536405507777,attentive,0,2
109.63333333333333,False,-4.020150280428008,-1.7662137748188682,19.27777777777778,0.17435860623484561,0.004801744031424716,attentive,0,2
109.66666666666667,False,7.32168334093546,-2.278020949639587,19.333333333333332,0.17680305067929084,0.004817978656507497,attentive,0,2
109.7,False,1.6853446474645808,-4.5927311327273,19.38888888888889,0.17924749512373514,0.004829800753773329,attentive,0,2
109.73333333333333,True,2.550164989383318,-2.259461467315157,19.38888888888889,0.16371580662096222,0.004836740332859453,attentive,0,2
109.76666666666667,True,-0.1710622561566464,-2.085335496829118,19.38888888888889,0.16371580662096222,0.004837372863473535,attentive,0,2
109.8,True,6.627073767006878,-5.3986232683624555,19.38888888888889,0.16371580662096222,0.00485615457091422,attentive,0,2
109.83333333333333,True,0.4779270975042499,-2.258043302890938,19.38888888888889,0.16371580662096222,0.0048669624639375905,attentive,0,2
109.86666666666666,True,-12.131313359319616,-3.410282415038392,19.38888888888889,0.16371580662096222,0.0048490057548735265,attentive,0,2
109.89999999999999,True,-4.656324791949236,-3.027978531993856,19.38888888888889,0.16371580662096222,0.004839470486636456,attentive,0,2
109.93333333333334,True,8.458221187643943,-6.345073993523246,19.38888888888889,0.16371580662096222,0.004864522726111141,attentive,0,2
109.96666666666667,True,2.6062874974491934,-4.6581398853195015,19.38888888888889,0.16371580662096222,0.004874340365204019,attentive,0,2
110.0,False,-3.202164635036342,-4.961106383352521,19.444444444444446,0.16393802884318445,0.004869148333695484,attentive,0,2
110.03333333333333,False,5.701236470779054,-6.208949311265988,19.5,0.16638247328762878,0.004888797065576361,attentive,0,2
110.06666666666666,False,-1.2530144379348154,-3.864159923618175,19.555555555555557,0.1688269177320731,0.004890259889931127,attentive,0,2
110.1,False,-5.54435449811829,0.18830623869833651,19.611111111111114,0.17127136217651742,0.004875101273715909,attentive,0,2
110.13333333333333,False,8.598998901958202,-3.790001798852296,19.666666666666664,0.17371580662096173,0.004900010434658823,attentive,0,2
110.16666666666667,False,1.1476793661545546,-3.873865021136412,19.72222222222222,0.176160251065407,0.004893026714909503,attentive,0,2
110.2,False,-3.1016563397557224,-5.218859187622459,19.77777777777778,0.1786046955098513,0.004886725164945173,attentive,0,2
110.23333333333333,False,-1.6446819141732778,-2.5844579339739853,19.833333333333332,0.18104913995429564,0.004887202396894279,attentive,0,2
110.26666666666667,False,5.788298974540497,-8.994470197510175,19.88888888888889,0.18349358439873995,0.004909069150462543,attentive,0,2
110.3,False,2.0889664982862137,-0.7338818944318621,19.944444444444446,0.18593802884318428,0.004911730126889176,attentive,0,2
110.33333333333333,False,-6.876065013295667,-1.442803870340879,20.0,0.18838247328762858,0.004895372708441388,attentive,0,2
110.36666666666666,False,6.263563018387377,-7.146639266829652,20.055555555555554,0.1908269177320729,0.004910717650644985,attentive,0,2
110.39999999999999,False,0.6420237551858904,-6.788525295410684,20.11111111111111,0.1932713621765172,0.004925745345624663,attentive,0,2
110.43333333333334,False,0.4264859112115451,-5.91889176066544,20.166666666666664,0.1957158066209625,0.004928307376283184,attentive,0,2
110.46666666666667,False,-2.7767663220554004,-3.7803629714486737,20.22222222222222,0.1981602510654068,0.004931644675101522,attentive,0,2
110.5,False,7.23250663587568,-3.931342846172055,20.27777777777778,0.2006046955098511,0.004961348933428668,attentive,0,2
110.53333333333333,False,-4.373265669149963,-3.58561170643503,20.333333333333332,0.2030491399542954,0.004960117165878202,attentive,0,2
110.56666666666666,False,-2.3059739305925877,-2.2785910604212294,20.38888888888889,0.20549358439873974,0.004955018589418335,attentive,0,2
110.6,False,5.790531819778846,-6.72986145143215,20.444444444444446,0.20793802884318408,0.004982101748918799,attentive,0,2
110.63333333333333,False,-4.6305264716607315,-2.757815881869986,20.5,0.21038247328762838,0.004981100863873289,attentive,0,2
110.66666666666667,False,-2.8020268580241328,-2.3176532260486606,20.555555555555554,0.21282691773207366,0.004975716701059587,attentive,0,2
110.7,False,-4.399935231739682,-4.142527037912148,20.61111111111111,0.21527136217651796,0.004964444847161834,attentive,0,2
110.73333333333333,False,-4.799434928555184,-4.648072602327757,20.666666666666668,0.2177158066209623,0.004962587976766098,attentive,0,2
110.76666666666667,False,-1.1803879592262374,-4.684705193925402,20.72222222222222,0.22016025106540663,0.004957539073260087,attentive,0,2
110.8,False,3.749367772308085,-7.9853376003620005,20.77777777777778,0.22260469550985093,0.004983433089591058,attentive,0,2
110.83333333333333,False,-4.937372938458092,-3.2923850536705377,20.833333333333336,0.22504913995429526,0.004975841902124762,attentive,0,2
110.86666666666666,False,-9.844684405844012,-4.005028020742136,20.88888888888889,0.22749358439873957,0.004950441854430685,attentive,0,2
110.89999999999999,False,2.258257817178637,-2.2562704214283986,20.944444444444443,0.2299380288431839,0.00497195452100498,attentive,0,2
110.93333333333334,False,-7.762714060333749,-4.3043580211332495,21.0,0.23238247328762915,0.004967595839905241,attentive,0,2
110.96666666666667,False,2.4138555314726693,-4.407342262816438,21.055555555555554,0.23482691773207343,0.00498768278552032,attentive,0,2
111.0,False,-0.8702228140719095,-1.1066604141418388,21.055555555555554,0.23704913995429555,0.004991364598745588,attentive,0,2
111.03333333333333,False,12.590931791258898,-3.7007651777187656,21.055555555555554,0.23927136217651762,0.005021910351888645,attentive,0,2
111.06666666666666,False,-1.4105699502460471,-7.063156101500972,21.055555555555554,0.24149358439873975,0.0050242880623396005,attentive,0,2
111.1,False,-0.6462391119157299,-5.919748339620183,21.055555555555554,0.24371580662096182,0.005032332747741339,attentive,0,2
111.13333333333333,False,-0.5707424544802611,-6.653073247064803,21.11111111111111,0.24616025106540618,0.005042359603476163,attentive,0,2
111.16666666666667,False,3.6922461149156054,-4.3448674386285235,21.166666666666668,0.24341953813448758,0.005055045705748308,attentive,0,2
111.2,False,-0.4957242974982949,-0.7611620511085349,21.22222222222222,0.24586398257893188,0.005052481485270198,attentive,0,2
111.23333333333333,False,-5.795010825012375,-3.7839583643663954,21.27777777777778,0.2483084270233762,0.005043866354959141,attentive,0,2
111.26666666666667,False,-0.2597052507849977,-9.906894935585832,21.333333333333336,0.2507528714678205,0.0050577415469408565,attentive,0,2
111.3,False,10.19767251748206,-5.826844033661664,21.38888888888889,0.2531973159122649,0.005087420131589682,attentive,0,2
111.33333333333333,False,-4.227711697685794,-3.6560398681311144,21.444444444444443,0.25564176035670916,0.005080896854143802,attentive,0,2
111.36666666666666,False,-8.749689754647267,-6.318374265180518,21.5,0.2580862048011535,0.005067716228427174,attentive,0,2
111.39999999999999,False,1.2088783401129934,-6.150314983399834,21.555555555555557,0.2605306492455978,0.005080275048499833,attentive,0,2
111.43333333333334,False,15.788319167378397,-7.168475117684553,21.61111111111111,0.262975093690043,0.005134433595302392,attentive,0,2
111.46666666666667,False,-2.1557104942527783,-5.269443816542587,21.666666666666668,0.2654195381344874,0.005133390015770423,attentive,0,2
111.5,False,-10.268247350817674,-7.948308203909366,21.722222222222225,0.26786398257893174,0.005115848115168628,attentive,0,2
111.53333333333333,False,2.3782827775890287,-3.3206606426095893,21.777777777777775,0.270308427023376,0.005126769599961268,attentive,0,2
111.56666666666666,False,4.072630773932337,-4.870666687083718,21.833333333333332,0.27275287146782035,0.005136177875763056,attentive,0,2
111.6,False,10.301555133449105,-2.045888618505198,21.88888888888889,0.2751973159122647,0.005164495820378716,attentive,0,2
111.63333333333333,False,7.269869943094268,-5.352884605940398,21.944444444444443,0.277641760356709,0.005185472052851809,attentive,0,2
111.66666666666667,False,1.665740923810612,-4.34155263300652,22.0,0.2800862048011542,0.005194685316386285,attentive,0,2
111.7,False,0.38154734693764275,-6.2609352200853206,22.055555555555557,0.28253064924559856,0.0052163641087212345,attentive,0,2
111.73333333333333,False,1.4767714931415068,-3.6781232603359606,22.11111111111111,0.28497509369004287,0.005222650937842441,attentive,0,2
111.76666666666667,False,8.506178345636215,-6.015188778747669,22.166666666666668,0.2874195381344872,0.005252017655352932,attentive,0,2
111.8,False,0.3739316901633974,-5.2636538662915635,22.22222222222222,0.28986398257893153,0.005262536202559895,attentive,0,2
111.83333333333333,False,-1.10261342903043,1.5209612178062075,22.27777777777778,0.29230842702337584,0.0052545845678714075,attentive,0,2
111.86666666666666,False,5.383665709338805,-3.5442883684590973,22.333333333333332,0.2947528714678202,0.005266030091344929,attentive,0,2
111.89999999999999,False,-3.2291980469002635,-3.4958527619948585,22.38888888888889,0.2971973159122645,0.005260844325880316,attentive,0,2
111.93333333333334,False,9.861690901119664,-1.9968739536431075,22.444444444444443,0.2996417603567097,0.00528020686345298,attentive,0,2
111.96666666666667,False,3.944538266418246,-4.889077281518264,22.5,0.30208620480115406,0.005296194127491895,attentive,0,2
112.0,True,2.3337299155955282,-7.693536425619676,22.5,0.18782691773207333,0.005310891961595194,attentive,0,2
112.03333333333333,False,-7.002245530569164,-3.4007625541501936,22.555555555555557,0.18804913995429556,0.005298719853102862,attentive,0,2
112.06666666666666,False,-0.8292681141370752,-6.273878040029656,22.61111111111111,0.1904935843987399,0.005300788111990692,attentive,0,2
112.1,False,0.5586387663902789,-6.79053530708935,22.666666666666664,0.19293802884318423,0.0053096942709254715,attentive,0,2
112.13333333333333,False,2.75848669814319,-4.80276527200005,22.72222222222222,0.1953824732876285,0.005321885965190917,attentive,0,2
112.16666666666667,False,5.316915143398846,-2.044064977816191,22.77777777777778,0.19782691773207373,0.00533489901217324,attentive,0,2
112.2,False,6.457700075976358,-2.7440398268911124,22.833333333333332,0.20027136217651811,0.005354922352038997,attentive,0,2
112.23333333333333,True,1.1576534607353657,-1.9804736377459018,22.833333333333332,0.19448592652483698,0.005365514221962383,attentive,0,2
112.26666666666667,True,12.363568002742788,-2.3630509281871657,22.833333333333332,0.19448592652483698,0.005400605182533473,attentive,0,2
112.3,True,-3.741320246548432,-4.418817196505929,22.833333333333332,0.19448592652483704,0.005397658117945214,attentive,0,2
112.33333333333333,True,-5.618434324963886,-3.1239945262071833,22.833333333333332,0.19448592652483704,0.005384667144454033,attentive,0,2
112.36666666666666,True,2.214356240062507,-4.744322848169722,22.833333333333332,0.19448592652483704,0.005387232069679792,attentive,0,2
112.39999999999999,True,-0.1629441797215185,-4.927831129848626,22.833333333333332,0.19448592652483704,0.005393936469052835,attentive,0,2
112.43333333333334,True,1.143684713619364,-5.5805300362931565,22.833333333333332,0.19448592652483698,0.005397471919956378,attentive,0,2
112.46666666666667,True,11.333238167384692,-4.220758224568051,22.833333333333332,0.19448592652483698,0.005427603307425515,attentive,0,2
112.5,True,-2.7601462920031152,-4.6161906132337585,22.833333333333332,0.19448592652483698,0.005431962665403263,attentive,0,2
112.53333333333333,True,8.623892100208641,-2.420682980505223,22.833333333333332,0.19448592652483698,0.005449790587313746,attentive,0,2
112.56666666666666,True,-0.5144282216821303,-2.7138206693422076,22.833333333333332,0.19448592652483704,0.005449246431738533,attentive,0,2
112.6,True,-9.671864223280133,-4.729517563014111,22.833333333333332,0.19448592652483704,0.005425776170661348,attentive,0,2
112.63333333333333,True,-20.73640412553571,-6.464634601841448,22.833333333333332,0.19448592652483704,0.005606336339352422,attentive,0,2
112.66666666666667,True,2.3318873481307505,-5.3037261672060465,22.833333333333332,0.19448592652483698,0.005623373802129601,attentive,0,2
112.7,True,-13.305398699186684,-3.7439416524241174,22.833333333333332,0.19448592652483698,0.005594083911376251,attentive,0,2
112.73333333333333,True,-0.20126596569801988,-5.9184300876694556,22.833333333333332,0.19448592652483698,0.005595517439185183,attentive,0,2
112.76666666666667,True,5.103030583845665,-5.518045726344046,22.833333333333332,0.19448592652483698,0.005611908469920725,attentive,0,2
112.8,True,-1.6533033393681482,-5.817264749743305,22.833333333333332,0.19448592652483704,0.005619863296942198,attentive,0,2
112.83333333333333,True,8.332066743200846,-3.033633726166074,22.833333333333332,0.19448592652483704,0.0056383195844712285,attentive,0,2
112.86666666666666,True,-2.6237072960026415,-0.9370234698476692,22.833333333333332,0.19448592652483704,0.005636893720025958,attentive,0,2
112.89999999999999,True,-5.605849100911638,-1.8833384882417472,22.833333333333332,0.19448592652483704,0.00562140631129032,attentive,0,2
112.93333333333334,True,-2.637136213308809,-2.3782395903040277,22.833333333333332,0.19448592652483698,0.005610153797839993,attentive,0,2
112.96666666666667,True,-6.679923929838551,-2.8635493077447745,22.833333333333332,0.19448592652483698,0.005597667369256059,attentive,0,2
113.0,True,-7.364693478877244,-2.829307551705545,22.833333333333332,0.19448592652483698,0.005589014050390601,attentive,0,2
113.03333333333333,True,4.923927158795993,-5.853908492000319,22.833333333333332,0.19448592652483698,0.005604068582462539,attentive,0,2
113.06666666666666,True,6.0626068264927095,-1.6472082932693506,22.833333333333332,0.19448592652483704,0.00562222590990332,attentive,0,2
113.1,True,-8.29292007146171,-2.235028998207852,22.833333333333332,0.19448592652483704,0.00560685890514354,attentive,0,2
113.13333333333333,True,-2.488830018003433,-5.733523570998279,22.833333333333332,0.19448592652483704,0.005607436245556398,attentive,0,2
113.16666666666667,True,16.504802140115228,-4.010175403192203,22.833333333333332,0.19448592652483698,0.005640931036638434,attentive,0,2
113.2,True,-2.709681999223973,-5.147692001689202,22.833333333333332,0.19448592652483698,0.0056335162110116395,attentive,0,2
113.23333333333333,True,4.668367691016329,-2.5863768481357807,22.833333333333332,0.19448592652483698,0.005640535692218491,attentive,0,2
113.26666666666667,True,-3.860543104523414,-4.677134546852803,22.833333333333332,0.19448592652483698,0.005643280627179908,attentive,0,2
113.3,True,-3.7361800166036008,-7.508943244629287,22.833333333333332,0.19448592652483704,0.005648294687760628,attentive,0,2
113.33333333333333,False,-8.172326518780295,-4.9293455561286725,22.88888888888889,0.19470814874705927,0.0056305387094732,attentive,0,2
113.36666666666666,True,-15.68409586975588,-0.9538392833025537,22.88888888888889,0.19913253187137372,0.005590006647748739,attentive,0,2
113.39999999999999,True,2.816316783686927,-2.818772196194428,22.88888888888889,0.19913253187137372,0.0055997607869721746,attentive,0,2
113.43333333333334,True,-4.6471698486479545,0.24215724131142125,22.88888888888889,0.1991325318713737,0.005582276837759315,attentive,0,2
113.46666666666667,True,-7.3598166852391875,-1.6916545480507001,22.88888888888889,0.1991325318713737,0.0055635625238909725,attentive,0,2
113.5,True,-0.8681961282843371,-3.433021282703108,22.88888888888889,0.1991325318713737,0.005565209392451115,attentive,0,2
113.53333333333333,True,-1.7786419235941164,-5.535771870465609,22.88888888888889,0.1991325318713737,0.005565891076628736,attentive,0,2
113.56666666666666,True,1.5164045268565665,-7.767477188924608,22.88888888888889,0.19913253187137372,0.00558294900096153,attentive,0,2
113.6,True,8.981086683431151,-3.320023765626274,22.88888888888889,0.19913253187137372,0.005604357817616647,attentive,0,2
113.63333333333333,True,-1.1959811360567507,-6.648720076349491,22.88888888888889,0.19913253187137372,0.005619193942672126,attentive,0,2
113.66666666666667,True,4.219974477310025,1.5427040124383247,22.88888888888889,0.19913253187137364,0.005627962147951862,attentive,0,2
113.7,True,-0.943166408788133,-2.147517044479356,22.88888888888889,0.1991325318713737,0.005627035195127442,attentive,0,2
113.73333333333333,True,-3.5709987699697887,-6.335545120487849,22.88888888888889,0.1991325318713737,0.005627510025535775,attentive,0,2
113.76666666666667,True,3.914190796917692,-4.2543037097332235,22.88888888888889,0.1991325318713737,0.005649646396329754,attentive,0,2
113.8,True,-9.400516736916975,-4.658689227568801,22.88888888888889,0.19913253187137372,0.005624558561331576,attentive,0,2
113.83333333333333,True,1.7382591522448148,-5.127998305527022,22.88888888888889,0.19913253187137372,0.005630696841158785,attentive,0,2
113.86666666666666,True,0.4314543689779368,-1.2420016134005194,22.88888888888889,0.19913253187137372,0.005632468981489772,attentive,0,2
113.89999999999999,True,-10.312288448598423,-5.257653306838587,22.88888888888889,0.19913253187137372,0.0056082137861268675,attentive,0,2
113.93333333333334,True,11.272750114531457,-5.536116004346615,22.88888888888889,0.1991325318713737,0.005649015200286683,attentive,0,2
113.96666666666667,True,-1.3798984199096775,-8.584949274156662,22.88888888888889,0.1991325318713737,0.005657489633952334,attentive,0,2
114.0,True,1.7732627060835264,-2.623020138481637,22.833333333333332,0.19891030964915146,0.005656996125348374,attentive,0,2
114.03333333333333,True,4.04847347483172,-0.3058496064270857,22.77777777777778,0.19868808742692923,0.005662990317751378,attentive,0,2
114.06666666666666,True,-7.8563606859617074,-3.2736991120073586,22.72222222222222,0.19846586520470708,0.005650178687900097,attentive,0,2
114.1,True,5.588567549960396,-1.8774208112911661,22.666666666666664,0.19824364298248484,0.005670509329051241,attentive,0,2
114.13333333333333,True,-1.3106281009914833,-0.4529940787044655,22.666666666666664,0.19824364298248484,0.0056767788207571866,attentive,0,2
114.16666666666667,True,1.635791429257981,-3.884079928573806,22.666666666666664,0.19321319925210972,0.005688733989636125,attentive,0,2
114.2,True,2.2248595087385588,-4.132192751633718,22.666666666666664,0.19321319925210972,0.00570323084269909,attentive,0,2
114.23333333333333,True,-1.7449950339623261,-6.200297703329442,22.666666666666664,0.19321319925210972,0.0057015797740980045,attentive,0,2
114.26666666666667,True,-4.424769708960843,-5.545786903108857,22.666666666666664,0.19321319925210972,0.005693523019712096,attentive,0,2
114.3,True,-6.308000832358545,-3.9834122935262446,22.666666666666664,0.19321319925210978,0.005679364300837032,attentive,0,2
114.33333333333333,False,4.310052191303542,-5.442052188708601,22.72222222222222,0.193435421474332,0.005701391147936029,attentive,0,2
114.36666666666666,False,0.26345543772142205,-5.631922143805406,22.77777777777778,0.1958798659187763,0.005708019593903377,attentive,0,2
114.39999999999999,False,-0.551379336903075,-7.001697579309576,22.833333333333332,0.19832431036322062,0.005716719784686336,attentive,0,2
114.43333333333334,False,-6.753486223802642,-3.3842419441351383,22.88888888888889,0.20076875480766584,0.00570299364443518,attentive,0,2
114.46666666666667,False,-9.80440725312782,-6.769106885359465,22.944444444444446,0.20321319925211018,0.0056842392817820575,attentive,0,2
114.5,False,8.334701783252624,-5.3569126051536555,23.0,0.20565764369655448,0.005722638394989405,attentive,0,2
114.53333333333333,False,6.19184567890341,-4.203322023277251,23.055555555555557,0.20810208814099881,0.005750494475952631,attentive,0,2
114.56666666666666,False,6.542113737413702,-5.307971073318506,23.11111111111111,0.21054653258544317,0.005776904169061855,attentive,0,2
114.6,False,-5.426045828900421,-7.1159582696643735,23.166666666666664,0.21299097702988748,0.005774056171070034,attentive,0,2
114.63333333333333,False,-15.825775375153215,-5.864558130097642,23.22222222222222,0.2154354214743318,0.005736561183678321,attentive,0,2
114.66666666666667,False,-12.453561920067626,-1.2744445564968059,23.27777777777778,0.21787986591877703,0.005714995013763555,attentive,0,2
114.7,True,1.9055900284417313,-2.502675145915589,23.27777777777778,0.20206063644653713,0.005721381333902718,attentive,0,2
114.73333333333333,True,-6.855581851596642,-4.016710466260307,23.27777777777778,0.20206063644653713,0.005705010452954354,attentive,0,2
114.76666666666667,True,-0.34116816109704157,-5.320966414015684,23.27777777777778,0.20206063644653713,0.005718092450739844,attentive,0,2
114.8,True,-7.362385710503182,-6.860159982236101,23.27777777777778,0.20206063644653716,0.005709773604895676,attentive,0,2
114.83333333333333,True,-8.266209431807784,-3.4088321918412383,23.27777777777778,0.20206063644653716,0.005692674347246664,attentive,0,2
114.86666666666666,True,-8.824405290788329,-7.545260912761484,23.27777777777778,0.20206063644653716,0.005678311278945037,attentive,0,2
114.89999999999999,True,1.6207127898637768,-6.264128376821694,23.27777777777778,0.20206063644653716,0.005692239567817149,attentive,0,2
114.93333333333334,True,-17.613622269849408,-2.171328325146908,23.27777777777778,0.20206063644653713,0.005647005625616959,attentive,0,2
114.96666666666667,True,-1.3270316736044792,-2.429833755763005,23.27777777777778,0.20206063644653713,0.00565100436499506,attentive,0,2
115.0,True,12.29235053005145,-4.739565803851103,23.27777777777778,0.20206063644653713,0.005691959679012179,attentive,0,2
115.03333333333333,True,-4.892922408051024,-4.641312912241693,23.27777777777778,0.20206063644653713,0.0056884669200215395,attentive,0,2
115.06666666666666,True,5.517098963523379,-3.533834941850717,23.27777777777778,0.20206063644653716,0.0056983283175130375,attentive,0,2
115.1,True,5.484395997402238,-2.7132692235752365,23.27777777777778,0.20206063644653716,0.005715906464893181,attentive,0,2
115.13333333333333,True,12.573617439370766,-6.610627472486797,23.27777777777778,0.20206063644653716,0.0057507380302381115,attentive,0,2
115.16666666666667,True,-5.9910091828738326,-4.371096148978226,23.27777777777778,0.2020606364465371,0.005746099298640137,attentive,0,2
115.2,False,-4.656299138625012,-3.0699877000475504,23.333333333333332,0.20228285866875934,0.005731456184515289,attentive,0,2
115.23333333333333,False,6.89241968732286,-4.337383235827865,23.38888888888889,0.20472730311320367,0.005747975562734822,attentive,0,2
115.26666666666667,False,6.125474434171803,-0.5590034355800038,23.444444444444446,0.207171747557648,0.005762830513876194,attentive,0,2
115.3,False,14.028674496627213,-4.147766802234113,23.5,0.20961619200209233,0.0058125035758543235,attentive,0,2
115.33333333333333,False,-9.091910055954019,-6.732507595875225,23.555555555555554,0.21206063644653667,0.005816207184153371,attentive,0,2
115.36666666666666,False,-8.105654200960156,-6.752049560013071,23.61111111111111,0.214505080890981,0.0057996710622621695,attentive,0,2
115.39999999999999,False,-3.868307700286855,-6.023310540686272,23.666666666666668,0.21694952533542533,0.005792893083416785,attentive,0,2
115.43333333333334,False,-1.338840406326182,-3.7299064084699807,23.72222222222222,0.21939396977987055,0.005799789626235953,attentive,0,2
115.46666666666667,False,-21.249739837462766,-4.176490869302641,23.77777777777778,0.22183841422431486,0.005986720611054001,attentive,0,2
115.5,False,-1.1196026479957972,-5.7893423498546595,23.833333333333336,0.2242828586687592,0.005988210155810505,attentive,0,2
115.53333333333333,False,3.5618515901664303,-4.074176058830419,23.88888888888889,0.2267273031132035,0.006012092976538355,attentive,0,2
115.56666666666666,False,4.415483742484762,-3.801885016182093,23.944444444444443,0.22917174755764785,0.0060274698888023726,attentive,0,2
115.6,False,3.406946656397672,-2.5133220848607274,24.0,0.23161619200209216,0.0060344544721593184,attentive,0,2
115.63333333333333,False,4.947827873179693,-7.104313143085019,24.055555555555554,0.23406063644653646,0.006057286744279676,attentive,0,2
115.66666666666667,False,2.2018508445107936,-1.5535873501880224,24.11111111111111,0.23650508089098166,0.006062219904022251,attentive,0,2
115.7,False,-1.9216398543216042,-6.381504468757678,24.166666666666668,0.23894952533542602,0.00606057743143089,attentive,0,2
115.73333333333333,False,2.0301468139421797,-6.2401401718586404,24.22222222222222,0.24139396977987035,0.0060706434131063405,attentive,0,2
115.76666666666667,False,-8.009919553188844,-4.306520877742064,24.27777777777778,0.24383841422431465,0.006056599123916437,attentive,0,2
115.8,True,-4.081671544350646,-6.22093197703048,24.27777777777778,0.21381224136866162,0.006048418874467875,attentive,0,2
115.83333333333333,True,5.290469337418515,-4.4895281653448595,24.27777777777778,0.21381224136866162,0.006066553188877456,attentive,0,2
115.86666666666666,True,0.07914040201981475,-0.1343690981160508,24.27777777777778,0.21381224136866162,0.00606155035332561,attentive,0,2
115.89999999999999,True,0.38692833042457786,-1.9971011882762748,24.27777777777778,0.21381224136866162,0.0060605798364833235,attentive,0,2
115.93333333333334,True,-5.600347718935034,-2.762941961751321,24.27777777777778,0.21381224136866162,0.006055800478898561,attentive,0,2
115.96666666666667,True,10.35667728006678,-2.8435680802062313,24.27777777777778,0.21381224136866162,0.0060909145531284495,attentive,0,2
116.0,True,-0.41586192701287295,-3.467575092529982,24.27777777777778,0.21381224136866162,0.006098878011636433,attentive,0,2
116.03333333333333,False,-1.367945205483365,-4.476673317555935,24.333333333333336,0.21403446359088385,0.0060991210049084685,attentive,0,2
116.06666666666666,False,-5.7063138669823354,-5.252979873639208,24.38888888888889,0.21647890803532815,0.006094748939072235,attentive,0,2
116.1,False,7.630300089817314,-4.565883028827626,24.444444444444443,0.2189233524797725,0.0061196634035341905,attentive,0,2
116.13333333333333,False,-12.262775159069898,-8.258938401994527,24.5,0.2213677969242168,0.006103749049519029,attentive,0,2
116.16666666666667,False,1.9143238446072923,-3.702839370936993,24.555555555555557,0.223812241368662,0.006111570154162625,attentive,0,2
116.2,False,8.15986146093049,-5.628792259872764,24.61111111111111,0.22625668581310637,0.0061477729406928345,attentive,0,2
116.23333333333333,False,1.57980917165622,-6.557282623099731,24.666666666666668,0.2287011302575507,0.006148089200533443,attentive,0,2
116.26666666666667,False,5.432085178555401,-3.312250645333325,24.72222222222222,0.231145574701995,0.006171186085619118,attentive,0,2
116.3,False,-1.1316744008839308,-4.9488628311102065,24.77777777777778,0.23359001914643934,0.006168764426879689,attentive,0,2
116.33333333333333,False,4.522964865754408,-2.6872032360477007,24.833333333333332,0.23603446359088365,0.006181629958387479,attentive,0,2
116.36666666666666,False,4.179044064342859,-4.68017913827865,24.88888888888889,0.23847890803532795,0.006190921780194471,attentive,0,2
116.39999999999999,False,-0.7100055345820337,-6.737232812411088,24.944444444444443,0.2409233524797723,0.00620268838592352,attentive,0,2
116.43333333333334,False,-10.806470095366107,-6.1551376340618145,25.0,0.24336779692421756,0.006193280760691591,attentive,0,2
116.46666666666667,False,-4.975259446049039,0.7423920426143393,25.055555555555554,0.24581224136866187,0.00618057315166457,attentive,0,2
116.5,False,8.363636549071316,-3.8615357177286063,25.11111111111111,0.24825668581310617,0.006209675148650759,attentive,0,2
116.53333333333333,True,8.90161739233585,-5.5592946445656395,25.11111111111111,0.2242815555967307,0.006238324997613262,attentive,0,2
116.56666666666666,True,8.686092349951037,-3.2565734033458833,25.11111111111111,0.22428155559673074,0.006265930370594109,attentive,0,2
116.6,True,-13.58282020039793,-3.2685072368961365,25.11111111111111,0.22428155559673074,0.006241400120959792,attentive,0,2
116.63333333333333,True,-4.942338929767444,-4.902158832508957,25.11111111111111,0.22428155559673074,0.006236801202253929,attentive,0,2
116.66666666666667,True,5.9816005143898465,-4.276625961534831,25.11111111111111,0.22428155559673063,0.006264319426687151,attentive,0,2
116.7,True,-8.766581570051756,-4.555696552909517,25.11111111111111,0.2242815555967307,0.006252544593844662,attentive,0,2
116.73333333333333,True,-5.752362674300898,-6.690302804975154,25.11111111111111,0.2242815555967307,0.006248760697486367,attentive,0,2
116.76666666666667,True,11.168241978105888,-4.999943764234818,25.11111111111111,0.2242815555967307,0.006277068687216045,attentive,0,2
116.8,True,-5.7517670845887325,-3.353210611249884,25.11111111111111,0.22428155559673074,0.006277959148947614,attentive,0,2
116.83333333333333,True,-5.788594984841954,-8.028863002937534,25.11111111111111,0.22428155559673074,0.006270538166881696,attentive,0,2
116.86666666666666,True,7.938197024984262,-3.6478520026358767,25.11111111111111,0.22428155559673074,0.00628908059688422,attentive,0,2
116.89999999999999,True,-12.068601009098286,-6.936157473337776,25.11111111111111,0.22428155559673074,0.006263004817837039,attentive,0,2
116.93333333333334,True,7.2457439008234505,-4.747858496540615,25.11111111111111,0.2242815555967307,0.006286982787383847,attentive,0,2
116.96666666666667,True,9.94602772806047,-4.2649122550223835,25.11111111111111,0.2242815555967307,0.006311037154122322,attentive,0,2
117.0,True,0.13441964594048972,-5.860392074580165,25.055555555555554,0.22405933337450845,0.006313729338083193,attentive,0,2
117.03333333333333,True,0.46708487419142347,-6.875817193467819,25.0,0.22383711115228622,0.006325221106809747,attentive,0,2
117.06666666666666,True,-9.542711985224695,-3.1578911145538555,24.944444444444443,0.22361488893006404,0.006313481701414388,attentive,0,2
117.1,True,5.05404722440687,-1.5265282781315022,24.88888888888889,0.22339266670784186,0.00632333563527857,attentive,0,2
117.13333333333333,True,-14.631521159236076,-4.905464435021276,24.88888888888889,0.22339266670784186,0.00629090263671176,attentive,0,2
117.16666666666667,True,-9.948064919732543,-3.238514556023283,24.88888888888889,0.21835192390834413,0.006265720480912335,attentive,0,2
117.2,True,-3.8872310720453545,-3.415315889499176,24.88888888888889,0.21835192390834415,0.00626186798066166,attentive,0,2
117.23333333333333,True,16.153742621045666,-6.036897240856347,24.88888888888889,0.21835192390834415,0.006321137133900799,attentive,0,2
117.26666666666667,True,-8.843040206908292,-2.1362758884497968,24.88888888888889,0.21835192390834415,0.0063105143148614274,attentive,0,2
117.3,True,10.434745047479165,-3.9850779573842017,24.88888888888889,0.21835192390834415,0.006346123055555135,attentive,0,2
117.33333333333333,True,-3.1502303102387343,-3.283826964548199,24.88888888888889,0.21835192390834415,0.006343416989695035,attentive,0,2
117.36666666666666,True,-6.546867783511576,-3.3337622039851453,24.88888888888889,0.21835192390834415,0.006325924190792213,attentive,0,2
117.39999999999999,True,2.6960643082688254,-7.489017597097719,24.88888888888889,0.21835192390834415,0.00634384680815247,attentive,0,2
117.43333333333334,True,6.311328407778721,-4.043693749662842,24.88888888888889,0.21835192390834415,0.0063550065552160535,attentive,0,2
117.46666666666667,True,-0.6129015156357777,-6.526843958037506,24.88888888888889,0.21835192390834415,0.006352585415758079,attentive,0,2
117.5,True,-1.2817378130687531,-5.735634668892219,24.88888888888889,0.21835192390834415,0.006357190430244487,attentive,0,2
117.53333333333333,True,-7.18586310566499,-4.032294014490083,24.88888888888889,0.21835192390834415,0.006337455534173699,attentive,0,2
117.56666666666666,True,-1.131999977824452,-8.856355035498865,24.88888888888889,0.21835192390834415,0.0063373896232115185,attentive,0,2
117.6,True,-1.8701345378452898,-6.947220742490161,24.88888888888889,0.21835192390834415,0.006357181999251221,attentive,0,2
117.63333333333333,True,6.089403423413485,-3.4536071008179916,24.88888888888889,0.21835192390834415,0.006371741593004728,attentive,0,2
117.66666666666667,True,-9.911440756040923,-7.923220554360229,24.88888888888889,0.21835192390834413,0.0063489347849113795,attentive,0,2
117.7,True,-1.9467839168669643,-3.287816702398047,24.88888888888889,0.21835192390834415,0.00634349694927201,attentive,0,2
117.73333333333333,True,-2.2423430463525276,-3.379173225347983,24.88888888888889,0.21835192390834415,0.006344204427777502,attentive,0,2
117.76666666666667,True,-2.390390600848408,-7.0142841578694055,24.88888888888889,0.21835192390834415,0.006346704667921576,attentive,0,2
117.8,True,11.149935660088556,-4.865874031346688,24.88888888888889,0.21835192390834415,0.0063843086660963074,attentive,0,2
117.83333333333333,True,-14.643203145998367,-5.175055320620855,24.88888888888889,0.21835192390834415,0.006351536830203673,attentive,0,2
117.86666666666666,True,-0.8685633638591058,-7.801565967565573,24.88888888888889,0.21835192390834415,0.006358276920359975,attentive,0,2
117.89999999999999,True,-4.1091719136966365,-5.832137216546151,24.88888888888889,0.21835192390834415,0.006362520249962479,attentive,0,2
117.93333333333334,True,-5.548533215533631,-5.081597111751071,24.88888888888889,0.21835192390834415,0.006355384448884683,attentive,0,2
117.96666666666667,True,-8.772805794911786,-4.922019418681461,24.88888888888889,0.21835192390834415,0.006338828190584809,attentive,0,2
118.0,True,-2.2802594580800934,-5.092022243184314,24.88888888888889,0.21835192390834415,0.0063305928168183815,attentive,0,2
118.03333333333333,True,0.636397255672236,-5.562016745043414,24.88888888888889,0.21835192390834415,0.00633857520177393,attentive,0,2
118.06666666666666,False,-3.648872118615932,-6.779106912225936,24.944444444444443,0.2185741461305664,0.006335391480551016,attentive,0,2
118.1,False,5.379576537681805,-8.713117187753216,25.0,0.2210185905750107,0.006363639114964231,attentive,0,2
118.13333333333333,False,-5.026795577985844,-3.7511033496845885,25.055555555555554,0.223463035019455,0.006357990894193959,attentive,0,2
118.16666666666667,False,2.5562937827144183,-3.3021539396350574,25.11111111111111,0.22590747946390025,0.006362799997251667,attentive,0,2
118.2,False,-4.466841612050312,-7.318783685844991,25.166666666666664,0.2283519239083446,0.00636106384083412,attentive,0,2
118.23333333333333,False,-0.44679666755363734,-3.488958413674671,25.222222222222225,0.23079636835278894,0.0063658970004096685,attentive,0,2
118.26666666666667,False,-1.3401823023975046,-6.682992706134753,25.27777777777778,0.23324081279723324,0.0063707084780761526,attentive,0,2
118.3,False,1.8652839384584365,-4.65559971456693,25.333333333333336,0.23568525724167758,0.006391990723761597,attentive,0,2
118.33333333333333,False,7.980782189495283,-5.3254031197769365,25.38888888888889,0.23812970168612188,0.006418098736962203,attentive,0,2
118.36666666666666,False,-6.2012590735459,-4.418865316487688,25.444444444444443,0.24057414613056616,0.006404751477783749,attentive,0,2
118.39999999999999,False,-0.2517968041034787,-4.208671805502948,25.5,0.24301859057501052,0.006409957658179525,attentive,0,2
118.43333333333334,False,4.194481307833835,-3.946412124261327,25.555555555555554,0.24546303501945577,0.0064247944750054796,attentive,0,2
118.46666666666667,False,1.2854326660766289,-6.024645537199496,25.61111111111111,0.24790747946390007,0.006426862469697991,attentive,0,2
118.5,False,0.5153238364016699,-6.0540651544121875,25.666666666666664,0.25035192390834443,0.006429694546228324,attentive,0,2
118.53333333333333,False,2.506309734056078,-3.980994276524783,25.722222222222225,0.25279636835278874,0.0064421108047451065,attentive,0,2
118.56666666666666,False,9.264975490790295,-7.715733896260267,25.77777777777778,0.25524081279723304,0.006476802186547418,attentive,0,2
118.6,False,7.7328261808658985,-10.44557914426349,25.833333333333336,0.2576852572416774,0.006506560929033334,attentive,0,2
118.63333333333333,False,17.6724371771791,-5.649050721908765,25.88888888888889,0.2601297016861217,0.006553792346362627,attentive,0,2
118.66666666666667,False,-15.00607746791829,-7.246422840825648,25.944444444444443,0.2625741461305669,0.00651850688075708,attentive,0,2
118.7,False,-6.094122380073182,-9.945739512182282,26.0,0.26501859057501126,0.006523479813146216,attentive,0,2
118.73333333333333,False,-10.229520558769122,-7.570148515965389,26.055555555555554,0.26746303501945556,0.0065043327894540445,attentive,0,2
118.76666666666667,False,-5.632414565421699,-4.119278685479755,26.111111111111114,0.2699074794638999,0.006509975058729678,attentive,0,2
118.8,False,-6.43943962395116,-5.024175740892858,26.166666666666664,0.27235192390834423,0.00649966754417446,attentive,0,2
118.83333333333333,False,-1.910781900046673,-4.737078211544074,26.222222222222225,0.27479636835278853,0.006498922928700212,attentive,0,2
118.86666666666666,False,13.549447137486785,-5.586206936146934,26.27777777777778,0.2772408127972329,0.006528871502345999,attentive,0,2
118.89999999999999,False,-15.040392283684406,-4.380402271121738,26.333333333333332,0.27968525724167714,0.00649480615575742,attentive,0,2
118.93333333333334,False,3.301548299157742,-2.776221195375366,26.38888888888889,0.28212970168612245,0.006501999400123549,attentive,0,2
118.96666666666667,False,0.8595783325382298,-5.283312123623183,26.444444444444443,0.28457414613056675,0.006508386167266031,attentive,0,2
119.0,False,10.76590892515868,-5.566182027412359,26.5,0.2870185905750111,0.006541400191237521,attentive,0,2
119.03333333333333,False,5.734245935697817,-5.082371454992197,26.555555555555554,0.28946303501945536,0.006560269525904227,attentive,0,2
119.06666666666666,False,-0.7139157591116785,-3.695196539806485,26.611111111111114,0.2919074794638997,0.006556790072474188,attentive,0,2
119.1,False,12.367327221390559,-6.977389033053186,26.666666666666668,0.294351923908344,0.006598703047468366,attentive,0,2
119.13333333333333,True,-2.5492639383004883,-2.5227990529915294,26.666666666666668,0.2356889630041381,0.00659958413878335,attentive,0,2
119.16666666666667,True,-5.2541704453316305,-2.747280027407605,26.666666666666668,0.23568896300413802,0.006595060587983092,attentive,0,2
119.2,True,9.742106163725914,-3.0763438684619726,26.666666666666668,0.23568896300413808,0.006626652399136338,attentive,0,2
119.23333333333333,True,10.921791064326694,-4.559975145523771,26.666666666666668,0.23568896300413808,0.006652226641590193,attentive,0,2
119.26666666666667,True,14.273696686076697,-5.904660996087522,26.666666666666668,0.23568896300413808,0.006690274541413201,attentive,0,2
119.3,True,2.366783825234439,-4.216496316815084,26.666666666666668,0.2356889630041381,0.006696152219817051,attentive,0,2
119.33333333333333,True,-11.707378300930626,-6.661814296533307,26.666666666666668,0.2356889630041381,0.006679517554720227,attentive,0,2
119.36666666666666,True,-1.7837194105490262,-4.947948710554982,26.666666666666668,0.2356889630041381,0.006680031055789224,attentive,0,2
119.39999999999999,True,4.186578792137279,-5.956782621201534,26.666666666666668,0.2356889630041381,0.006706387529312217,attentive,0,2
119.43333333333334,True,-3.279847071909932,-3.736615251029578,26.666666666666668,0.23568896300413808,0.006712251678782488,attentive,0,2
119.46666666666667,True,-0.5305750721819426,-3.289222243591935,26.666666666666668,0.23568896300413808,0.006723885332194154,attentive,0,2
119.5,True,2.610686402407807,-3.7910187167341434,26.666666666666668,0.23568896300413808,0.006731365908680514,attentive,0,2
119.53333333333333,True,0.04667130061380766,-5.788710958145075,26.666666666666668,0.23568896300413808,0.0067334681401533284,attentive,0,2
119.56666666666666,True,9.462025044440807,-4.910502260661327,26.666666666666668,0.2356889630041381,0.0067536265403184215,attentive,0,2
119.6,True,16.99520186712961,-2.6063190845763455,26.666666666666668,0.2356889630041381,0.006802684084906527,attentive,0,2
119.63333333333333,True,-1.3994514947459873,-2.5086351049901334,26.666666666666668,0.2356889630041381,0.006804924523479342,attentive,0,2
119.66666666666667,True,-6.296656142835134,-1.2777196129397277,26.666666666666668,0.23568896300413802,0.0067899885038707405,attentive,0,2
119.7,True,-8.336392493906132,-5.481373353979147,26.666666666666668,0.23568896300413808,0.006775327151820098,attentive,0,2
119.73333333333333,True,4.645974420912203,-1.604633457535174,26.666666666666668,0.23568896300413808,0.0067951306812785136,attentive,0,2
119.76666666666667,True,-2.175123755246529,-5.909176891677898,26.666666666666668,0.23568896300413808,0.00680519979094387,attentive,0,2
119.8,True,-8.858131998872917,-4.368600241513516,26.666666666666668,0.2356889630041381,0.006799260254794687,attentive,0,2
119.83333333333333,True,11.08095944539362,-4.770519415437859,26.666666666666668,0.2356889630041381,0.006818171107331587,attentive,0,2
119.86666666666666,True,12.508792841050749,-4.778502604497918,26.666666666666668,0.2356889630041381,0.0068578471426348625,attentive,0,2
119.89999999999999,True,4.210384018634507,-2.7963891766108984,26.666666666666668,0.2356889630041381,0.00686045487119419,attentive,0,2
119.93333333333334,True,10.538940827707279,-6.194315142675747,26.666666666666668,0.23568896300413808,0.006889898069523889,attentive,0,2
119.96666666666667,True,-3.3850772814644547,-4.940771689318558,26.666666666666668,0.23568896300413808,0.006888590363097071,attentive,0,2
120.0,True,46.377442937408006,-14.896724982991495,26.611111111111114,0.23546674078191585,0.0072476130601395435,attentive,0,2
120.03333333333333,True,40.8349855238991,-23.76339268618913,26.611111111111114,0.23114557470199493,0.007599909080789009,attentive,0,2
120.06666666666666,True,46.61115905354977,-21.486587342226297,26.611111111111114,0.23114557470199493,0.007967099307191697,attentive,0,2
120.1,True,45.73484570893595,-18.395314402833463,26.611111111111114,0.23114557470199493,0.008321226510433252,attentive,0,2
120.13333333333333,True,46.50535726135889,-15.1968772864563,26.611111111111114,0.23114557470199493,0.008684270999917422,attentive,0,2
120.16666666666667,True,37.257490216918384,-19.702843619852462,26.611111111111114,0.23114557470199493,0.009024504955041507,attentive,0,2
120.2,True,48.90002082649966,-16.92658872017885,26.611111111111114,0.23114557470199493,0.009381595708987313,attentive,0,2
120.23333333333333,True,41.2399629386217,-21.502528202478402,26.611111111111114,0.23114557470199493,0.009717893915782061,attentive,0,2
120.26666666666667,True,45.59544229248614,-20.40613819603795,26.611111111111114,0.23114557470199493,0.01009087271832644,attentive,0,2
120.3,True,43.21354031155269,-22.575141027117468,26.611111111111114,0.23114557470199493,0.01042614144384836,attentive,0,2
120.33333333333333,True,46.22153029451623,-18.411873477306518,26.611111111111114,0.23114557470199493,0.010786978705662724,attentive,0,2
120.36666666666666,True,53.93863757403713,-26.537602540550413,26.611111111111114,0.23114557470199493,0.011164607982932331,attentive,0,2
120.39999999999999,True,45.06202228024781,-24.356847646904725,26.611111111111114,0.23114557470199493,0.01153053414960474,attentive,0,2
120.43333333333334,True,52.08729052274364,-18.14821101477013,26.611111111111114,0.23114557470199493,0.011910639387516804,attentive,0,2
120.46666666666667,True,57.49111551086949,-13.86496941969616,26.611111111111114,0.23114557470199493,0.012297425968858874,attentive,0,2
120.5,True,38.58442345272838,-16.674425411631972,26.611111111111114,0.23114557470199493,0.012630925420638973,attentive,0,2
120.53333333333333,True,40.46390552767342,-13.072627953816902,26.611111111111114,0.23114557470199493,0.012971373073457883,attentive,0,2
120.56666666666666,True,42.86909915443255,-18.624037346078282,26.611111111111114,0.23114557470199493,0.013329816410294168,attentive,0,2
120.6,True,40.61485230340556,-20.893537283262543,26.611111111111114,0.23114557470199493,0.013677455295276243,attentive,0,2
120.63333333333333,True,44.46991975063786,-21.75944770896537,26.611111111111114,0.23114557470199493,0.01404425001095478,attentive,0,2
120.66666666666667,True,51.23423769151908,-13.473808096708053,26.611111111111114,0.23114557470199493,0.014404199477195078,attentive,0,2
120.7,True,50.247489327482796,-19.939940570924204,26.611111111111114,0.23114557470199493,0.014782822271790404,attentive,0,2
120.73333333333333,True,41.375538157238914,-22.3655877717268,26.611111111111114,0.23114557470199493,0.015128532130697678,attentive,0,2
120.76666666666667,True,41.722258467012935,-20.435746433487203,26.611111111111114,0.23114557470199493,0.015474058295375926,attentive,0,2
120.8,True,46.120392634285,-16.41730630915989,26.611111111111114,0.23114557470199493,0.015823121204364837,attentive,0,2
120.83333333333333,True,49.63490846543023,-17.639841358993237,26.611111111111114,0.23114557470199493,0.01620041515401845,attentive,0,2
120.86666666666666,True,51.26101838981526,-20.288032737195806,26.611111111111114,0.23114557470199493,0.016570594658175022,attentive,0,2
120.89999999999999,True,50.690092999526456,-17.452751634954517,26.611111111111114,0.23114557470199493,0.016934825940777803,attentive,0,2
120.93333333333334,True,50.8401242697236,-21.376743145794556,26.611111111111114,0.23114557470199493,0.01728916639729497,attentive,0,2
120.96666666666667,True,45.315503756011545,-20.12881431826704,26.611111111111114,0.23114557470199493,0.017636090145385776,attentive,0,2
121.0,True,49.58517209867195,-19.3094983162812,26.611111111111114,0.23114557470199493,0.01799117154501981,attentive,0,2
121.03333333333333,True,41.97976345686526,-20.808951452818228,26.611111111111114,0.23114557470199493,0.018358603167952556,attentive,0,2
121.06666666666666,True,47.38518200521915,-22.818234288974537,26.611111111111114,0.23114557470199493,0.018719945376670072,attentive,0,2
121.1,True,49.16614847805188,-20.304416840687935,26.611111111111114,0.23114557470199493,0.01910015478819872,attentive,0,2
121.13333333333333,True,40.09683982134048,-20.82506817598995,26.611111111111114,0.23114557470199493,0.01945419985179752,attentive,0,2
121.16666666666667,True,46.21907041866884,-21.58170167860327,26.611111111111114,0.23114557470199493,0.01982047695916036,attentive,0,2
121.2,True,51.613882367947085,-22.183079158285018,26.611111111111114,0.23114557470199493,0.020186998565628507,attentive,0,2
121.23333333333333,True,44.53336606452824,-21.27483824892936,26.611111111111114,0.23114557470199493,0.020543282072304058,attentive,0,2
121.26666666666667,True,42.47359297521165,-19.79401938681167,26.611111111111114,0.23114557470199493,0.020888103439925282,attentive,0,2
121.3,True,39.43766403561529,-21.294722186725576,26.611111111111114,0.23114557470199493,0.021238325749400558,attentive,0,2
121.33333333333333,True,39.01588247022777,-21.134334571329333,26.611111111111114,0.23114557470199493,0.02157550274243398,attentive,0,2
121.36666666666666,True,48.05161607443266,-19.817248506220103,26.611111111111114,0.23114557470199493,0.021935929983084523,attentive,0,2
121.39999999999999,True,51.871982555790645,-16.068239807228522,26.611111111111114,0.23114557470199493,0.022313111330378176,attentive,0,2
121.43333333333334,True,42.39311160282542,-24.220369724189034,26.611111111111114,0.23114557470199493,0.02266974322356692,attentive,0,2
121.46666666666667,True,38.24885733151902,-24.81828988052389,26.611111111111114,0.23114557470199493,0.022992827362495236,attentive,0,2
121.5,True,45.91110689775678,-18.726515940220402,26.611111111111114,0.23114557470199493,0.023344462957869627,attentive,0,2
121.53333333333333,True,39.62576232769397,-19.727754807915833,26.611111111111114,0.23114557470199493,0.023687275728962086,attentive,0,2
121.56666666666666,True,55.00324823533305,-14.607402818595933,26.611111111111114,0.23114557470199493,0.02405433162411241,attentive,0,2
121.6,True,40.39138988305133,-21.776541525508403,26.555555555555554,0.2309233524797727,0.024410225304357165,attentive,0,2
121.63333333333333,True,44.475044352682986,-20.414225708165556,26.5,0.2307011302575505,0.02476438496388474,attentive,0,2
121.66666666666667,True,41.398662774059076,-16.048523292934764,26.444444444444443,0.23047890803532822,0.02509225999405617,attentive,0,2
121.7,True,44.501052759147726,-21.4223123486927,26.38888888888889,0.23025668581310604,0.025453343576205212,attentive,0,2
121.73333333333333,True,47.173097710537554,-22.737618013598944,26.38888888888889,0.2254854730478443,0.025824809643645287,attentive,0,2
121.76666666666667,True,56.0685654187951,-18.210693563319698,26.38888888888889,0.2254854730478443,0.026193584291575832,attentive,0,2
121.8,True,55.908579799995735,-28.273033201161084,26.38888888888889,0.22548547304784433,0.02658417350709783,attentive,0,2
121.83333333333333,True,44.31660088971329,-23.28125976411209,26.38888888888889,0.22548547304784433,0.026954174672715336,attentive,0,2
121.86666666666666,True,37.572103344152026,-23.725963309551922,26.38888888888889,0.22548547304784433,0.02728729156026219,attentive,0,2
121.89999999999999,True,38.9010902438843,-16.759533349991713,26.38888888888889,0.22548547304784433,0.027622747370544713,attentive,0,2
121.93333333333334,True,41.494994985257776,-19.302818592834054,26.38888888888889,0.2254854730478443,0.027975496652794814,attentive,0,2
121.96666666666667,True,48.96128863598522,-18.901411526917087,26.38888888888889,0.2254854730478443,0.028333725693873782,attentive,0,2
122.0,True,42.19566635924053,-20.205275584962862,26.38888888888889,0.2254854730478443,0.028683651699822305,attentive,0,2
122.03333333333333,True,44.92873815783883,-17.854204244122375,26.38888888888889,0.2254854730478443,0.029039461745115396,attentive,0,2
122.06666666666666,True,52.62220539078173,-19.78998659970773,26.38888888888889,0.22548547304784433,0.029417094750048448,attentive,0,2
122.1,True,40.85343822077423,-18.669875846897202,26.38888888888889,0.22548547304784433,0.029739873894742433,attentive,0,2
122.13333333333333,True,47.90083751727309,-21.777965302964557,26.38888888888889,0.22548547304784433,0.030115897392788082,attentive,0,2
122.16666666666667,True,38.720784793507164,-17.40977315194463,26.38888888888889,0.22548547304784425,0.030453163813872898,attentive,0,2
122.2,True,44.01563702899519,-16.648421837404015,26.38888888888889,0.2254854730478443,0.03079900459663648,attentive,0,2
122.23333333333333,True,43.023365851353326,-19.779464291361705,26.38888888888889,0.2254854730478443,0.03116263803269633,attentive,0,2
122.26666666666667,True,42.27589425399541,-24.180311122741326,26.38888888888889,0.2254854730478443,0.031528689904058715,attentive,0,2
122.3,True,49.84054310338015,-19.678342532494113,26.38888888888889,0.22548547304784433,0.03189390821452858,attentive,0,2
122.33333333333333,True,36.83213928830119,-15.183848401123942,26.38888888888889,0.22548547304784433,0.03222007274194053,attentive,0,2
122.36666666666666,True,50.65070468205876,-19.525505036578966,26.38888888888889,0.22548547304784433,0.03260637837086802,attentive,0,2
122.39999999999999,True,47.132635376484615,-22.730840945523127,26.38888888888889,0.22548547304784433,0.03296922915244425,attentive,0,2
122.43333333333334,True,51.86457594686314,-21.647152253248816,26.38888888888889,0.2254854730478443,0.03332836239904948,attentive,0,2
122.46666666666667,True,51.416972871074236,-17.958828919945464,26.38888888888889,0.2254854730478443,0.033702716475255856,attentive,0,2
122.5,True,41.617899655875206,-23.49623496673718,26.38888888888889,0.2254854730478443,0.03406333518351168,attentive,0,2
122.53333333333333,True,46.25887045265575,-20.064802533799487,26.38888888888889,0.2254854730478443,0.03442331059006945,attentive,0,2
122.56666666666666,True,45.44183792830795,-18.213810067486648,26.38888888888889,0.22548547304784433,0.034786963025135634,attentive,0,2
122.6,True,41.92806984588851,-13.959954843430262,26.38888888888889,0.22548547304784433,0.03512849111141233,attentive,0,2
122.63333333333333,True,41.57253742175705,-19.194096045387024,26.38888888888889,0.22548547304784433,0.03548525268322064,attentive,0,2
122.66666666666667,True,47.14419280194335,-21.07731325131801,26.38888888888889,0.22548547304784425,0.03584826681564615,attentive,0,2
122.7,True,47.07727826570979,-18.22476119914608,26.38888888888889,0.2254854730478443,0.036217334078594454,attentive,0,2
122.73333333333333,True,54.23578318295693,-21.506940516784706,26.38888888888889,0.2254854730478443,0.03661210868599292,attentive,0,2
122.76666666666667,True,48.7850615074038,-23.428837664539817,26.38888888888889,0.2254854730478443,0.036974472446766875,attentive,0,2
122.8,True,40.84383711073741,-21.665664418632126,26.38888888888889,0.22548547304784433,0.037314872171687746,attentive,0,2
122.83333333333333,True,43.87932257867064,-16.551230594468418,26.38888888888889,0.22548547304784433,0.03766766702195164,attentive,0,2
122.86666666666666,True,38.15182904241807,-19.97836079517355,26.38888888888889,0.22548547304784433,0.03799183940680693,attentive,0,2
122.89999999999999,True,46.22862360632529,-20.319036488616337,26.38888888888889,0.22548547304784433,0.03833982000683644,attentive,0,2
122.93333333333334,True,32.80259286847216,-22.842397796392,26.38888888888889,0.2254854730478443,0.03867552483393534,attentive,0,2
122.96666666666667,True,49.9176689863854,-25.473576668526956,26.38888888888889,0.2254854730478443,0.03905988356609981,attentive,0,2
123.0,True,48.57991105135742,-18.92811557558015,26.38888888888889,0.2254854730478443,0.03941907025869669,attentive,0,2
123.03333333333333,True,42.68460365136187,-21.527803300785383,26.38888888888889,0.2254854730478443,0.03977168803857359,attentive,0,2
123.06666666666666,True,35.16396578943092,-17.910485680632707,26.38888888888889,0.22548547304784433,0.04010490692791657,attentive,0,2
123.1,True,42.25192790846179,-15.931787600737623,26.38888888888889,0.22548547304784433,0.04044019523058154,attentive,0,2
123.13333333333333,True,40.9085044127468,-21.33061766781918,26.38888888888889,0.22548547304784433,0.04078211564196958,attentive,0,2
123.16666666666667,True,42.77067070122081,-20.812231343654442,26.38888888888889,0.22548547304784425,0.041141236334623646,attentive,0,2
123.2,True,58.23229797318571,-21.359164031933293,26.38888888888889,0.2254854730478443,0.04153442822085558,attentive,0,2
123.23333333333333,True,43.47854313263144,-14.479998641390374,26.38888888888889,0.2254854730478443,0.04188584722580074,attentive,0,2
123.26666666666667,True,49.161175132941665,-22.216125223667824,26.38888888888889,0.2254854730478443,0.042254286929222507,attentive,0,2
123.3,True,45.9040975413937,-19.50006047628671,26.38888888888889,0.22548547304784433,0.042616936908470904,attentive,0,2
123.33333333333333,True,47.50930984253143,-15.307403897411996,26.38888888888889,0.22548547304784433,0.04297111883394285,attentive,0,2
123.36666666666666,True,50.20612758248508,-16.390765751773476,26.38888888888889,0.22548547304784433,0.04334595886610808,attentive,0,2
123.39999999999999,True,32.223169828654626,-19.04099898547819,26.38888888888889,0.22548547304784433,0.043682660279788274,attentive,0,2
123.43333333333334,True,41.02742266878149,-16.09243200341692,26.38888888888889,0.2254854730478443,0.04401484081733424,attentive,0,2
123.46666666666667,True,40.926764041796844,-16.316768644428336,26.38888888888889,0.2254854730478443,0.04435144000382714,attentive,0,2
123.5,True,55.654169398932815,-17.349927187439672,26.38888888888889,0.2254854730478443,0.044729163533489325,attentive,0,2
123.53333333333333,True,40.3086304993193,-18.398755691224338,26.38888888888889,0.2254854730478443,0.04507516624030797,attentive,0,2
123.56666666666666,True,37.66455096801591,-24.914834738377863,26.38888888888889,0.22548547304784433,0.045430298287341735,attentive,0,2
123.6,True,44.27405650547497,-18.37184319430527,26.38888888888889,0.22548547304784433,0.04579548954944876,attentive,0,2
123.63333333333333,True,51.59039335213636,-14.56409816196167,26.38888888888889,0.22548547304784433,0.04616964716194224,attentive,0,2
123.66666666666667,True,45.40765038747551,-19.628557010714776,26.38888888888889,0.22548547304784425,0.0465428664832364,attentive,0,2
123.7,True,45.33993717551763,-15.474241007926691,26.38888888888889,0.2254854730478443,0.04690164558718307,attentive,0,2
123.73333333333333,True,43.37439845776983,-18.150454093047703,26.38888888888889,0.2254854730478443,0.047247302680144806,attentive,0,2
123.76666666666667,True,51.98286464372381,-19.33310675239277,26.38888888888889,0.2254854730478443,0.04762153165266703,attentive,0,2
123.8,True,36.67045973297405,-21.5725676392948,26.333333333333332,0.2252632508256221,0.047961775294059525,attentive,0,2
123.83333333333333,True,46.70024166422195,-23.733485661262954,26.27777777777778,0.2250410286033999,0.0483280268720753,attentive,0,2
123.86666666666666,True,43.2169675582735,-20.1913519014383,26.222222222222225,0.22481880638117768,0.04866719926381714,attentive,0,2
123.89999999999999,True,45.61180943661653,-26.38336810891775,26.166666666666664,0.22459658415895545,0.04904441270027178,attentive,0,2
123.93333333333334,True,41.837611925978365,-19.14206092337736,26.111111111111114,0.22437436193673319,0.049395430572771855,attentive,0,2
123.96666666666667,True,45.39194509643615,-20.635025787565926,26.111111111111114,0.21951622955514,0.04976275947864197,attentive,0,2
124.0,True,0.7931979996875482,5.151465476656152,26.111111111111114,0.21951622955514,0.049757885245472006,attentive,0,2
124.03333333333333,True,0.08182550318629048,-0.31963356367319706,26.111111111111114,0.21951622955514,0.04975111356585431,attentive,0,2
124.06666666666666,True,2.9050799300588053,0.8795162670001072,26.111111111111114,0.21951622955514,0.049767194252857805,attentive,0,2
124.1,True,4.705650362830187,-1.5811940246690008,26.111111111111114,0.21951622955514,0.0497676347349343,attentive,0,2
124.13333333333333,True,1.345127842142367,0.9538100302352753,26.111111111111114,0.21951622955514008,0.049773808108057996,attentive,0,2
124.16666666666667,True,-2.159482114308239,-0.19479490997985288,26.111111111111114,0.21951622955514,0.04978010020186523,attentive,0,2
124.2,True,4.906571787833434,0.7302910887413188,26.111111111111114,0.21951622955514,0.049793759528157386,attentive,0,2
124.23333333333333,True,1.4845726094949176,3.3728301884766263,26.111111111111114,0.21951622955514,0.049794199905922175,attentive,0,2
124.26666666666667,True,-0.14341502167200001,-2.665532160033299,26.111111111111114,0.21951622955514,0.04980482469704199,attentive,0,2
124.3,True,1.2847241123164268,3.327867039993282,26.111111111111114,0.21951622955514,0.04978716537295021,attentive,0,2
124.33333333333333,True,1.4416725175095029,-0.8658092567121032,26.111111111111114,0.21951622955514,0.049803086625594475,attentive,0,2
124.36666666666666,True,4.769154390888584,3.0811049652254727,26.111111111111114,0.21951622955514008,0.0498072561603912,attentive,0,2
124.39999999999999,True,-0.28286500668712034,0.3823951126371328,26.111111111111114,0.21951622955514008,0.049804686931961495,attentive,0,2
124.43333333333334,True,1.5349392974092493,-0.599976642374249,26.111111111111114,0.21951622955514,0.049802004403791254,attentive,0,2
124.46666666666667,True,1.8053326182616445,3.247414770077796,26.111111111111114,0.21951622955514,0.049802898748482184,attentive,0,2
124.5,True,-1.497100313834022,2.683189804830218,26.111111111111114,0.21951622955514,0.049792398541017115,attentive,0,2
124.53333333333333,True,6.545124322072106,-4.692817210819294,26.111111111111114,0.21951622955514,0.04980739822751135,attentive,0,2
124.56666666666666,True,3.7320289182102195,-0.6711109742942664,26.111111111111114,0.21951622955514,0.049817314806041735,attentive,0,2
124.6,True,-5.4657372658146794,-1.6271875025886435,26.111111111111114,0.21951622955514,0.04980788202946828,attentive,0,2
124.63333333333333,True,5.763072741198997,-2.785559388423303,26.111111111111114,0.21951622955514008,0.049816797047712386,attentive,0,2
124.66666666666667,True,0.971493991131722,-2.2860825351022047,26.111111111111114,0.21951622955514,0.049810448509448865,attentive,0,2
124.7,True,1.9933758540472213,-0.4273599052602601,26.111111111111114,0.21951622955514,0.049801501327807876,attentive,0,2
124.73333333333333,True,-2.3620635347245,4.614956230689123,26.111111111111114,0.21951622955514,0.04978442568537246,attentive,0,2
124.76666666666667,True,-3.0680231397987283,0.582573215399136,26.111111111111114,0.21951622955514,0.04977982434620099,attentive,0,2
124.8,True,2.151027654826202,2.9933062405614708,26.111111111111114,0.21951622955514,0.049789688626656683,attentive,0,2
124.83333333333333,True,0.09357242513138433,0.42815000367030026,26.111111111111114,0.21951622955514,0.049795307154754984,attentive,0,2
124.86666666666666,True,3.5522009990291052,0.8191597133156832,26.111111111111114,0.21951622955514008,0.04980756013400596,attentive,0,2
124.89999999999999,True,-0.016341014862908107,0.4828223300404096,26.111111111111114,0.21951622955514008,0.049819616830140426,attentive,0,2
124.93333333333334,True,0.621175196432303,-2.920034128229909,26.111111111111114,0.21951622955514,0.049833184254846744,attentive,0,2
124.96666666666667,True,1.2549379440661637,3.9585622549838315,26.111111111111114,0.21951622955514,0.04983737249769489,attentive,0,2
125.0,True,-4.015802474509089,-1.6678092376734763,26.111111111111114,0.21951622955514,0.04984589421578402,attentive,0,2
125.03333333333333,True,-4.715243250002612,-0.8515596281841277,26.111111111111114,0.21951622955514,0.049849919460584875,attentive,0,2
125.06666666666666,True,2.2431190919322628,-1.2352700372355807,26.111111111111114,0.21951622955514,0.04984949192334974,attentive,0,2
125.1,True,0.674218376062008,-0.08822154578043727,26.111111111111114,0.21951622955514,0.04985055946855088,attentive,0,2
125.13333333333333,True,1.399018584289307,0.1646004240893175,26.111111111111114,0.21951622955514008,0.04985364642702211,attentive,0,2
125.16666666666667,True,-4.611929675661308,1.8456581521844877,26.111111111111114,0.21951622955514,0.04982380018365822,attentive,0,2
125.2,True,3.9806659188839926,1.830093296666589,26.111111111111114,0.21951622955514,0.04982421397804575,attentive,0,2
125.23333333333333,True,-0.9093771081230073,-1.5152996657622908,26.111111111111114,0.21951622955514,0.04983522063850327,attentive,0,2
125.26666666666667,True,2.3411579662051407,0.5828718015378039,26.111111111111114,0.21951622955514,0.04983472556688742,attentive,0,2
125.3,True,-0.6754958340409464,2.037382890482174,26.111111111111114,0.21951622955514,0.04983351764068097,attentive,0,2
125.33333333333333,True,-2.5986420615975154,0.22018730262395694,26.111111111111114,0.21951622955514,0.049826526740923714,attentive,0,2
125.36666666666666,True,-3.3319634035667924,-1.5065627939139874,26.111111111111114,0.21951622955514008,0.04982055661100156,attentive,0,2
125.39999999999999,True,-1.0364304106287485,2.885628470281536,26.111111111111114,0.21951622955514008,0.049817651595939205,attentive,0,2
125.43333333333334,True,5.572757704543453,3.4979438249507946,26.111111111111114,0.21951622955514,0.04982649312394451,attentive,0,2
125.46666666666667,True,3.941730315503505,0.2216248640727664,26.111111111111114,0.21951622955514,0.049844832737168374,attentive,0,2
125.5,True,1.7382096826061275,1.6340391915435248,26.111111111111114,0.21951622955514,0.049853400975605894,attentive,0,2
125.53333333333333,True,-3.5343219322144517,0.22971924701439497,26.111111111111114,0.21951622955514,0.04986196143546911,attentive,0,2
125.56666666666666,True,0.4541601474970118,1.2499330348022455,26.111111111111114,0.21951622955514,0.04986692229607626,attentive,0,2
125.6,True,-2.408535858287892,-0.803947587536537,26.111111111111114,0.21951622955514,0.04985406535156173,attentive,0,2
125.63333333333333,True,-3.587874479198925,1.2191463496175505,26.111111111111114,0.21951622955514008,0.04985209716870079,attentive,0,2
125.66666666666667,True,0.6964877812079528,-1.2508544335181513,26.111111111111114,0.21951622955514,0.04985596905987782,attentive,0,2
125.7,True,-0.511829137832645,1.0087319524135478,26.111111111111114,0.21951622955514,0.04984939340698948,attentive,0,2
125.73333333333333,True,1.7683490218175986,0.009607573521008798,26.111111111111114,0.21951622955514,0.04985229341956339,attentive,0,2
125.76666666666667,True,1.205943339455152,-1.0225913011250634,26.111111111111114,0.21951622955514,0.049871890837616936,attentive,0,2
125.8,True,-2.087855563449592,3.6153376836828626,26.111111111111114,0.21951622955514,0.0498466205602127,attentive,0,2
125.83333333333333,True,2.6923321737765287,0.8736777077569339,26.111111111111114,0.21951622955514,0.04985300340251743,attentive,0,2
125.86666666666666,True,0.9875425283359136,1.1118299234708278,26.111111111111114,0.21951622955514008,0.04985198935923739,attentive,0,2
125.89999999999999,True,4.7307261158821055,-1.877865234525898,26.111111111111114,0.21951622955514008,0.0498726981353429,attentive,0,2
125.93333333333334,True,-4.1147935909198585,1.2525552381399052,26.111111111111114,0.21951622955514,0.04986312474685768,attentive,0,2
125.96666666666667,True,-4.112270862200671,-1.2440085615280692,26.111111111111114,0.21951622955514,0.049865742705118586,attentive,0,2
126.0,True,1.230673375828825,0.6625791232264685,26.111111111111114,0.21951622955514,0.049864928040505456,attentive,0,2
126.03333333333333,True,-1.8114029092408424,1.8361756136439542,26.111111111111114,0.21951622955514,0.049846318429639325,attentive,0,2
126.06666666666666,True,-2.6420751979383557,-3.231871875607091,26.111111111111114,0.21951622955514,0.0498491994402644,attentive,0,2
126.1,True,-3.501752004295608,-2.001283022349795,26.111111111111114,0.21951622955514,0.04983576798797923,attentive,0,2
126.13333333333333,True,-1.8937597899943586,-1.8088901806239859,26.111111111111114,0.21951622955514008,0.04985107418086583,attentive,0,2
126.16666666666667,True,4.937134748620997,1.1016410552846763,26.111111111111114,0.21951622955514,0.049861128504449806,attentive,0,2
126.2,True,-0.7447544400111147,-5.3680241972072515,26.111111111111114,0.21951622955514,0.04985743843254772,attentive,0,2
126.23333333333333,True,-2.525712530842797,-1.3959364186201078,26.111111111111114,0.21951622955514,0.049833029365513586,attentive,0,2
126.26666666666667,True,2.722866676200692,1.886509369369096,26.111111111111114,0.21951622955514,0.04982903570545621,attentive,0,2
126.3,True,-3.478333596341649,-4.927795632684981,26.111111111111114,0.21951622955514,0.04981389758754465,attentive,0,2
126.33333333333333,True,2.28121006830044,1.0572634519396067,26.111111111111114,0.21951622955514,0.04982042537315624,attentive,0,2
126.36666666666666,True,-2.0624710121605068,0.08228338734293959,26.111111111111114,0.21951622955514008,0.04981727838208267,attentive,0,2
126.39999999999999,True,7.484634915804714,1.012549951923398,26.111111111111114,0.21951622955514008,0.04982496315964559,attentive,0,2
126.43333333333334,True,-1.2294116471223941,-0.07738333348939228,26.111111111111114,0.21951622955514,0.04981651259550644,attentive,0,2
126.46666666666667,True,-3.5507142324312566,0.8925933700268455,26.111111111111114,0.21951622955514,0.049796471377310914,attentive,0,2
126.5,True,0.5739413160260555,1.1239191352723825,26.111111111111114,0.21951622955514,0.04979569132808494,attentive,0,2
126.53333333333333,True,-4.137215749768927,-0.3916980719786948,26.111111111111114,0.21951622955514,0.049794771727686656,attentive,0,2
126.56666666666666,True,1.1576194500267745,-1.7563337393308642,26.111111111111114,0.21951622955514,0.04980065437966974,attentive,0,2
126.6,True,-1.544555659876564,3.130878868048823,26.111111111111114,0.21951622955514,0.049786900592069264,attentive,0,2
126.63333333333333,True,1.5031119910393465,3.2954723133094297,26.111111111111114,0.21951622955514008,0.04978340633170476,attentive,0,2
126.66666666666667,True,-0.8135982663421014,-0.66794057908613,26.111111111111114,0.21951622955514,0.04978124728499897,attentive,0,2
126.7,True,0.888224142749301,2.1231172879226143,26.111111111111114,0.21951622955514,0.04976073524561836,attentive,0,2
126.73333333333333,True,-0.44320744075259444,0.45360809517817385,26.111111111111114,0.21951622955514,0.04974896959016836,attentive,0,2
126.76666666666667,True,-4.34536594515,-0.7359755144318599,26.111111111111114,0.21951622955514,0.04973029242893101,attentive,0,2
126.8,True,-1.185671144294031,-2.3590579060741135,26.111111111111114,0.21951622955514,0.04972434017701656,attentive,0,2
126.83333333333333,True,0.5565520364358911,0.36238277476965886,26.111111111111114,0.21951622955514,0.04973032300233301,attentive,0,2
126.86666666666666,True,0.9115527131809842,-2.8604983283624708,26.111111111111114,0.21951622955514008,0.04972017457737927,attentive,0,2
126.89999999999999,True,-2.3115614596415086,2.8444797333478378,26.111111111111114,0.21951622955514008,0.049698784366106266,attentive,0,2
126.93333333333334,True,-3.9445834662923973,-1.6589525817972004,26.111111111111114,0.21951622955514,0.04969758529335258,attentive,0,2
126.96666666666667,True,1.084109593762955,2.5480466929046455,26.111111111111114,0.21951622955514,0.04971318303253043,attentive,0,2
127.0,True,3.8906136356921666,0.37200624888088374,26.111111111111114,0.21951622955514,0.04971813645941281,attentive,0,2
127.03333333333333,True,-1.151011975503151,-0.09024000224490683,26.111111111111114,0.21951622955514,0.04970897407565449,attentive,0,2
127.06666666666666,True,-1.0196096779872401,-0.9369411716474662,26.111111111111114,0.21951622955514,0.04971193821506441,attentive,0,2
127.1,True,3.1762538309595554,1.4037361059385507,26.111111111111114,0.21951622955514,0.04971189864696456,attentive,0,2
127.13333333333333,True,6.00722279970473,-0.7288393252067535,26.111111111111114,0.21951622955514008,0.04972845478481985,attentive,0,2
127.16666666666667,True,6.060326269440383,-3.5091265346996217,26.111111111111114,0.21951622955514,0.049767624291624936,attentive,0,2
127.2,True,0.8606328247058761,-2.2405361658281078,26.055555555555554,0.21929400733291776,0.04977679659752794,attentive,0,2
127.23333333333333,True,2.850530780866706,-0.736882568908655,26.0,0.21907178511069555,0.04977455566093815,attentive,0,2
127.26666666666667,True,1.6265759766156462,2.7760775850550834,25.944444444444443,0.21884956288847332,0.04975533855190096,attentive,0,2
127.3,True,0.02219608532033185,0.9287681519209047,25.88888888888889,0.2186273406662511,0.04974981253571628,attentive,0,2
127.33333333333333,True,2.170782274558456,-1.5903104949889433,25.833333333333336,0.21840511844402888,0.04975256912559961,attentive,0,2
127.36666666666666,True,-1.8556047077496034,-0.957155794611456,25.77777777777778,0.21818289622180675,0.04974999976776889,attentive,0,2
127.39999999999999,True,-0.021136293553922412,-1.5179472973274069,25.77777777777778,0.21818289622180675,0.04974995069134924,attentive,0,2
127.43333333333334,True,0.6323273192509123,-2.4599844960263937,25.77777777777778,0.21322969550985107,0.04976176190872613,attentive,0,2
127.46666666666667,True,-3.581632411851264,0.08251483274345914,25.77777777777778,0.21322969550985107,0.04974162111793164,attentive,0,2
127.5,True,3.3930218567599106,-2.8791618119169575,25.77777777777778,0.21322969550985107,0.04975046186416144,attentive,0,2
127.53333333333333,True,-3.54895343709361,-1.076572878532611,25.77777777777778,0.21322969550985107,0.049742014310512006,attentive,0,2
127.56666666666666,True,-1.3121834522291185,0.06873448141364945,25.77777777777778,0.21322969550985107,0.04973446537216614,attentive,0,2
127.6,True,3.390072044926985,-1.6517656163765988,25.77777777777778,0.21322969550985107,0.04974366387092283,attentive,0,2
127.63333333333333,True,-0.9377328865374517,-1.1732381473059743,25.77777777777778,0.21322969550985113,0.04975107373471586,attentive,0,2
127.66666666666667,True,-0.09315508369077244,0.5276075943270053,25.77777777777778,0.21322969550985107,0.0497284863852385,attentive,0,2
127.7,True,-1.6949190585059855,-1.4309047274845852,25.77777777777778,0.21322969550985107,0.04971762746277058,attentive,0,2
127.73333333333333,True,-2.6656769405751044,-1.3117785775123203,25.77777777777778,0.21322969550985107,0.04972687573470147,attentive,0,2
127.76666666666667,True,2.7838133848203492,1.375933470999291,25.77777777777778,0.21322969550985107,0.049709355037004466,attentive,0,2
127.8,True,0.4818138329083569,-0.7481724324636668,25.77777777777778,0.21322969550985107,0.049712083982892084,attentive,0,2
127.83333333333333,True,3.9476096875499738,0.3295332369131853,25.77777777777778,0.21322969550985107,0.04971554025333138,attentive,0,2
127.86666666666666,True,-6.4799603552832306,4.455954949478828,25.77777777777778,0.21322969550985113,0.04969009096924279,attentive,0,2
127.89999999999999,True,3.0656285823892224,-0.12628913821726098,25.77777777777778,0.21322969550985113,0.04968468585461952,attentive,0,2
127.93333333333334,True,-2.4512044041158925,-2.322366788583605,25.77777777777778,0.21322969550985107,0.04966411514515773,attentive,0,2
127.96666666666667,True,-8.42388659754877,-0.669000994174012,25.77777777777778,0.21322969550985107,0.049634094908602336,attentive,0,2
128.0,True,42.50266720436536,-24.88593819354795,25.77777777777778,0.21322969550985107,0.0499874194898586,attentive,0,2
128.03333333333333,True,47.96846943197159,-20.708140443820067,25.77777777777778,0.21322969550985107,0.05035223165005609,attentive,0,2
128.06666666666666,True,46.74576624855088,-17.524267440598543,25.77777777777778,0.21322969550985107,0.050704927898723336,attentive,0,2
128.1,True,43.60997094824599,-21.204876544466714,25.77777777777778,0.21322969550985107,0.051062227466602814,attentive,0,2
128.13333333333333,True,45.04412763936809,-18.739921017140492,25.77777777777778,0.21322969550985113,0.05139877841414828,attentive,0,2
128.16666666666666,True,51.474142738759795,-18.089515293359,25.77777777777778,0.21322969550985113,0.05178095038283358,attentive,0,2
128.2,True,34.44009943037798,-18.070581046649497,25.77777777777778,0.21322969550985113,0.0521037121093516,attentive,0,2
128.23333333333332,True,47.18254819397499,-23.520592008518165,25.77777777777778,0.21322969550985113,0.052466098860037,attentive,0,2
128.26666666666665,True,43.25038884444791,-24.382487397812042,25.77777777777778,0.21322969550985113,0.05281697933544208,attentive,0,2
128.3,True,49.428531049453014,-19.760064035011826,25.77777777777778,0.21322969550985105,0.05319236330745148,attentive,0,2
128.33333333333334,True,40.52264653814509,-20.997526587001403,25.77777777777778,0.21322969550985105,0.053531987891974685,attentive,0,2
128.36666666666667,True,52.90268474578268,-20.587129909559895,25.77777777777778,0.21322969550985107,0.05390651861506014,attentive,0,2
128.4,True,48.31918498993757,-24.956220195128015,25.77777777777778,0.21322969550985107,0.054257082794887196,attentive,0,2
128.43333333333334,True,41.48274508158522,-16.99571999149297,25.77777777777778,0.21322969550985107,0.05458783319840511,attentive,0,2
128.46666666666667,True,40.296174879836656,-22.45266837566461,25.77777777777778,0.21322969550985107,0.05494086623670144,attentive,0,2
128.5,True,42.68114629074845,-15.453433641532817,25.77777777777778,0.21322969550985107,0.05527236433632562,attentive,0,2
128.53333333333333,True,40.044213138502535,-28.045540452020067,25.77777777777778,0.21322969550985107,0.055621764229634524,attentive,0,2
128.56666666666666,True,44.9923086627536,-21.905574149042717,25.77777777777778,0.21322969550985107,0.055978419894410436,attentive,0,2
128.6,True,38.85633794117174,-22.939566285858174,25.77777777777778,0.21322969550985107,0.05633203494497559,attentive,0,2
128.63333333333333,True,58.388695629021846,-24.564340258825037,25.77777777777778,0.21322969550985113,0.05671051698105646,attentive,0,2
128.66666666666666,True,48.50312819234584,-16.30471628821838,25.77777777777778,0.21322969550985113,0.05706427082552611,attentive,0,2
128.7,True,40.36711920312227,-19.48421551631793,25.77777777777778,0.21322969550985113,0.057423506566948,attentive,0,2
128.73333333333332,True,44.64095130028619,-22.030429035461403,25.77777777777778,0.21322969550985113,0.05777680843174239,attentive,0,2
128.76666666666665,True,39.91367724723067,-17.42544641875133,25.77777777777778,0.21322969550985113,0.0581329630333518,attentive,0,2
128.8,True,46.18022329072087,-21.352949063272632,25.77777777777778,0.21322969550985105,0.058478597650929616,attentive,0,2
128.83333333333334,True,52.92392286740062,-16.64391860241126,25.77777777777778,0.21322969550985105,0.05884579408641498,attentive,0,2
128.86666666666667,True,43.073165919710355,-19.320505749332614,25.77777777777778,0.21322969550985107,0.05919425359825259,attentive,0,2
128.9,True,44.13328879806715,-23.955126881570877,25.77777777777778,0.21322969550985107,0.05956031162706312,attentive,0,2
128.93333333333334,True,33.449308058437616,-20.09208024537122,25.77777777777778,0.21322969550985107,0.05987698364839578,attentive,0,2
128.96666666666667,True,46.825922488555335,-16.358964355700337,25.77777777777778,0.21322969550985107,0.0602406036117325,attentive,0,2
129.0,True,43.384961509784446,-17.81411812520853,25.77777777777778,0.21322969550985107,0.06058772939420664,attentive,0,2
129.03333333333333,True,47.61554245003815,-21.652924138501024,25.77777777777778,0.21322969550985107,0.060949365932574995,attentive,0,2
129.06666666666666,True,48.35897246323138,-23.05621763600653,25.77777777777778,0.21322969550985107,0.06132513010078864,attentive,0,2
129.1,True,43.666876193062116,-25.96161147746858,25.77777777777778,0.21322969550985107,0.06169041108341399,attentive,0,2
129.13333333333333,True,45.98039559798687,-18.94678156625351,25.77777777777778,0.21322969550985113,0.062053863458504124,attentive,0,2
129.16666666666666,True,47.61021061273269,-18.51265462387158,25.722222222222225,0.21300747328762892,0.06239961700917961,attentive,0,2
129.2,True,45.28791408560854,-21.74727808778909,25.666666666666664,0.2127852510654067,0.06278514629011403,attentive,0,2
129.23333333333332,True,39.79956333324083,-15.733220440703427,25.61111111111111,0.21256302884318445,0.06313761694406156,attentive,0,2
129.26666666666665,True,35.77183769669138,-23.15772916611461,25.555555555555554,0.21234080662096222,0.06347628309904914,attentive,0,2
129.3,True,44.02433456784053,-17.665161594697665,25.5,0.21211858439873993,0.06382822762286652,attentive,0,2
129.33333333333334,True,47.52309105696338,-21.949624667991632,25.444444444444443,0.2118963621765177,0.06419965205412273,attentive,0,2
129.36666666666667,True,50.384009966475325,-20.089009882959523,25.444444444444443,0.2070539467366378,0.0645739985539032,attentive,0,2
129.4,True,55.92989664727878,-18.1429300566137,25.444444444444443,0.2070539467366378,0.06496978201717098,attentive,0,2
129.43333333333334,True,47.03820405278062,-15.8283873348359,25.444444444444443,0.2070539467366378,0.06531952228804475,attentive,0,2
129.46666666666667,True,48.796491960789446,-17.885128596888293,25.444444444444443,0.2070539467366378,0.06568450491150003,attentive,0,2
129.5,True,48.0740836710624,-24.98311513356254,25.444444444444443,0.2070539467366378,0.06603176062317094,attentive,0,2
129.53333333333333,True,50.947237655887825,-17.25063773189047,25.444444444444443,0.2070539467366378,0.06638284635716538,attentive,0,2
129.56666666666666,True,44.29179328700116,-16.257462855105015,25.444444444444443,0.2070539467366378,0.06673943316428016,attentive,0,2
129.6,True,40.8056585249402,-23.162344945798765,25.444444444444443,0.2070539467366378,0.06709440538257953,attentive,0,2
129.63333333333333,True,52.38276005650396,-21.38199681296865,25.444444444444443,0.20705394673663785,0.06745530084969345,attentive,0,2
129.66666666666666,True,38.440117026316095,-24.0596027984031,25.444444444444443,0.20705394673663785,0.0678107961441906,attentive,0,2
129.7,True,39.3133774198977,-19.11998354632077,25.444444444444443,0.20705394673663785,0.06815887862539267,attentive,0,2
129.73333333333332,True,42.1600829454627,-20.119691414624118,25.444444444444443,0.20705394673663785,0.06851791968787303,attentive,0,2
129.76666666666665,True,38.51981229632644,-18.09862900696874,25.444444444444443,0.20705394673663785,0.06885699062237464,attentive,0,2
129.8,True,42.36695425924311,-15.325685693920384,25.444444444444443,0.20705394673663777,0.06918919139341351,attentive,0,2
129.83333333333334,True,48.37629687354484,-19.501335028949782,25.444444444444443,0.20705394673663777,0.06956273377311374,attentive,0,2
129.86666666666667,True,45.70403467525805,-20.894722448399783,25.444444444444443,0.2070539467366378,0.06993863024308654,attentive,0,2
129.9,True,44.142973238622325,-15.170089438373122,25.444444444444443,0.2070539467366378,0.07029199831410671,attentive,0,2
129.93333333333334,True,51.233506828027686,-18.889046699210326,25.444444444444443,0.2070539467366378,0.07066245663865749,attentive,0,2
129.96666666666667,True,35.99832584886751,-23.00825357187303,25.444444444444443,0.2070539467366378,0.0710226681552879,attentive,0,2
130.0,True,43.03289585860624,-26.933638343806024,25.444444444444443,0.2070539467366378,0.07139501977172351,attentive,0,2
130.03333333333333,True,49.9896420150398,-15.23217553731453,25.444444444444443,0.2070539467366378,0.07176600693039939,attentive,0,2
130.06666666666666,True,52.05736614383956,-20.118904286922266,25.444444444444443,0.2070539467366378,0.07213891116923575,attentive,0,2
130.1,True,39.356216775600906,-24.49554022742188,25.444444444444443,0.2070539467366378,0.07248449825993047,attentive,0,2
130.13333333333333,True,41.68581227110565,-19.425565238097775,25.444444444444443,0.20705394673663785,0.07282811525526117,attentive,0,2
130.16666666666666,True,38.37735494583731,-19.69295987648159,25.444444444444443,0.20705394673663785,0.07317759537448926,attentive,0,2
130.2,True,43.11549979761921,-23.502013648456142,25.444444444444443,0.20705394673663785,0.07353256737188915,attentive,0,2
130.23333333333332,True,48.527608084528815,-26.300423040793667,25.444444444444443,0.20705394673663785,0.07392412642901929,attentive,0,2
130.26666666666665,True,53.91998436302599,-19.436905395838625,25.444444444444443,0.20705394673663785,0.07429674938312184,attentive,0,2
130.3,True,49.350229686149014,-26.773820953406535,25.444444444444443,0.20705394673663777,0.07466546346077235,attentive,0,2
130.33333333333334,True,49.86760840548287,-20.642243727188138,25.444444444444443,0.20705394673663777,0.07503722856391537,attentive,0,2
130.36666666666667,True,45.05972491349875,-22.711079561813765,25.444444444444443,0.2070539467366378,0.07538796544552312,attentive,0,2
130.4,True,40.09194971325791,-23.540971887548913,25.444444444444443,0.2070539467366378,0.075727898005582,attentive,0,2
130.43333333333334,True,41.64995343225405,-22.91616408454867,25.444444444444443,0.2070539467366378,0.07608991480136484,attentive,0,2
130.46666666666667,True,44.85661432500226,-23.935022322351568,25.444444444444443,0.2070539467366378,0.07645762610586299,attentive,0,2
130.5,True,43.38732651961583,-12.21903303499926,25.444444444444443,0.2070539467366378,0.07680792516869628,attentive,0,2
130.53333333333333,True,52.40218212160028,-21.68621721241463,25.444444444444443,0.2070539467366378,0.07717910314277582,attentive,0,2
130.56666666666666,True,47.6663517038507,-12.482380795217729,25.444444444444443,0.2070539467366378,0.07753416846263067,attentive,0,2
130.6,True,51.31123131676955,-20.057533039181255,25.444444444444443,0.2070539467366378,0.07790151750366439,attentive,0,2
130.63333333333333,True,42.51149776588566,-19.93375852128951,25.444444444444443,0.20705394673663785,0.07825833808897785,attentive,0,2
130.66666666666666,True,47.70723125974395,-16.417795474297595,25.444444444444443,0.20705394673663785,0.07861385570234074,attentive,0,2
130.7,True,38.96937843597735,-19.911833252627176,25.444444444444443,0.20705394673663785,0.07895777125246659,attentive,0,2
130.73333333333332,True,47.214972907959925,-15.534973381571756,25.444444444444443,0.20705394673663785,0.0793127412343774,attentive,0,2
130.76666666666665,True,38.05442950700446,-13.396891115493347,25.444444444444443,0.20705394673663785,0.07963674257020956,attentive,0,2
130.8,True,47.93071861162275,-24.728717871770357,25.444444444444443,0.20705394673663777,0.08000913519337989,attentive,0,2
130.83333333333334,True,41.06155528303466,-26.37506401562289,25.444444444444443,0.20705394673663777,0.08035650847682888,attentive,0,2
130.86666666666667,True,48.192438876116086,-15.536736360903994,25.444444444444443,0.2070539467366378,0.08071750565524335,attentive,0,2
130.9,True,59.010673623410185,-20.741454935655796,25.444444444444443,0.2070539467366378,0.0811265954289807,attentive,0,2
130.93333333333334,True,52.28910085494538,-21.273376576556878,25.444444444444443,0.2070539467366378,0.08151292646595151,attentive,0,2
130.96666666666667,True,43.90707173658166,-25.235057281789118,25.444444444444443,0.2070539467366378,0.08188271810929684,attentive,0,2
131.0,True,35.12464974317093,-13.486854561626554,25.444444444444443,0.2070539467366378,0.08221943308320073,attentive,0,2
131.03333333333333,True,43.21872935877229,-16.09910567681831,25.444444444444443,0.2070539467366378,0.08255436296106256,attentive,0,2
131.06666666666666,True,46.497083513329095,-20.53590367258812,25.444444444444443,0.2070539467366378,0.08291368006470974,attentive,0,2
131.1,True,44.59992896652303,-21.40000666241435,25.444444444444443,0.2070539467366378,0.083276952546825,attentive,0,2
131.13333333333333,True,48.42099827275405,-15.678974579153788,25.444444444444443,0.20705394673663785,0.08364495122050644,attentive,0,2
131.16666666666666,True,45.28247234231296,-16.5637427510932,25.444444444444443,0.20705394673663785,0.08402152628347648,attentive,0,2
131.2,True,54.529141566255404,-23.30738640196738,25.444444444444443,0.20705394673663785,0.08441013381375465,attentive,0,2
131.23333333333332,True,47.10026585226317,-26.023316079278008,25.444444444444443,0.20705394673663785,0.08478691089786491,attentive,0,2
131.26666666666665,True,44.66824875650476,-18.38180765511345,25.444444444444443,0.20705394673663785,0.08515588842267496,attentive,0,2
131.3,True,39.140994198457534,-22.285772436104768,25.444444444444443,0.20705394673663777,0.0855004533769087,attentive,0,2
131.33333333333334,True,50.225094792122235,-13.845446317411898,25.444444444444443,0.20705394673663777,0.08585606224706775,attentive,0,2
131.36666666666667,True,44.69437703887772,-19.586498578140375,25.444444444444443,0.2070539467366378,0.08620249999117649,attentive,0,2
131.4,True,52.096194645526,-17.584992512152002,25.444444444444443,0.2070539467366378,0.08657484541033496,attentive,0,2
131.43333333333334,True,42.85225731090558,-19.181320256265945,25.444444444444443,0.2070539467366378,0.08691347766388784,attentive,0,2
131.46666666666667,True,39.85057921876109,-16.751460095103397,25.444444444444443,0.2070539467366378,0.0872583188202734,attentive,0,2
131.5,True,44.058740070607925,-22.032889677907942,25.444444444444443,0.2070539467366378,0.08761185708887116,attentive,0,2
131.53333333333333,True,47.57886486100096,-21.33300242704612,25.444444444444443,0.2070539467366378,0.08797847035474882,attentive,0,2
131.56666666666666,True,49.52441841840419,-15.451460869787091,25.444444444444443,0.2070539467366378,0.08835054538639556,attentive,0,2
131.6,True,45.144101991706094,-20.508253444810638,25.444444444444443,0.2070539467366378,0.08870480226636619,attentive,0,2
131.63333333333333,True,45.834133860842,-19.225050834261157,25.444444444444443,0.20705394673663785,0.08904851874062078,attentive,0,2
131.66666666666666,True,47.20897505760791,-16.63556344244644,25.444444444444443,0.20705394673663785,0.08940929116780794,attentive,0,2
131.7,True,42.163106270434646,-26.288917066635175,25.444444444444443,0.20705394673663785,0.08976528338553835,attentive,0,2
131.73333333333332,True,42.73944224811589,-19.30538042853805,25.444444444444443,0.20705394673663785,0.0901145146156633,attentive,0,2
131.76666666666665,True,44.23006435897037,-17.09109610656445,25.444444444444443,0.20705394673663785,0.09045056364564132,attentive,0,2
131.8,True,47.08171362754893,-20.866836014170417,25.444444444444443,0.20705394673663777,0.09081477488726902,attentive,0,2
131.83333333333334,True,48.13385567905966,-22.02902272607026,25.444444444444443,0.20705394673663777,0.09118159147819974,attentive,0,2
131.86666666666667,True,33.768373320620725,-12.618771035411122,25.444444444444443,0.2070539467366378,0.09149828904292923,attentive,0,2
131.9,True,43.48699826830981,-18.329856711205437,25.444444444444443,0.2070539467366378,0.09183915199781834,attentive,0,2
131.93333333333334,True,36.01174220777632,-17.554854698356547,25.444444444444443,0.2070539467366378,0.09218305665929291,attentive,0,2
131.96666666666667,True,41.160630725327785,-22.194123275848103,25.444444444444443,0.2070539467366378,0.09254060655834659,attentive,0,2
132.0,True,0.938723696003804,-2.6978362195619576,25.444444444444443,0.2070539467366378,0.09255355911213485,attentive,0,2
132.03333333333333,True,0.2464757626495851,2.2445749060880944,25.38888888888889,0.20683172451441562,0.09253520140323106,attentive,0,2
132.06666666666666,True,-1.1636002500094145,-0.6461102210810326,25.333333333333336,0.20660950229219338,0.09253529115764977,attentive,0,2
132.1,True,-0.09900941416214955,-2.80902563588175,25.27777777777778,0.20638728006997115,0.09253423254690107,attentive,0,2
132.13333333333333,True,3.450438074656308,1.4409247089800348,25.222222222222225,0.20616505784774897,0.09253494566572046,attentive,0,2
132.16666666666666,True,-3.2311499702885893,-2.1649029630466297,25.166666666666664,0.20594283562552673,0.09254351726734557,attentive,0,2
132.2,True,0.5733597985820827,-0.04147638078683836,25.11111111111111,0.20572061340330453,0.09252403130531338,attentive,0,2
132.23333333333332,True,-5.5039153079299705,1.2523669097465115,25.11111111111111,0.20572061340330453,0.0925165817678872,attentive,0,2
132.26666666666665,True,0.012612603541266143,0.21988620912641296,25.11111111111111,0.2010000617627077,0.09250817127165356,attentive,0,2
132.3,True,1.7537864517809623,1.2890168496348866,25.11111111111111,0.20100006176270763,0.0925231974153734,attentive,0,2
132.33333333333334,True,0.04361659656767163,3.490490627288087,25.11111111111111,0.20100006176270763,0.09250808491624568,attentive,0,2
132.36666666666667,True,-4.90068784569449,0.8217564470848715,25.11111111111111,0.20100006176270768,0.09249291341321506,attentive,0,2
132.4,True,2.02763528774362,-1.7839974228828,25.11111111111111,0.20100006176270768,0.09250053120783948,attentive,0,2
132.43333333333334,True,-1.5540695162928349,2.6936022906085957,25.11111111111111,0.20100006176270768,0.09249003969939455,attentive,0,2
132.46666666666667,True,-2.3901596069442332,0.49345001064765676,25.11111111111111,0.20100006176270768,0.09247281049017525,attentive,0,2
132.5,True,-4.933066063913592,-0.44503996900604403,25.11111111111111,0.20100006176270768,0.09245806355904143,attentive,0,2
132.53333333333333,True,-0.22993220956484617,0.5027208526630941,25.11111111111111,0.20100006176270768,0.09247325420047349,attentive,0,2
132.56666666666666,True,2.2874680004728374,-3.502761582607521,25.11111111111111,0.20100006176270768,0.09247902419520708,attentive,0,2
132.6,True,-3.0665466730461883,-1.1893077521994484,25.11111111111111,0.20100006176270768,0.09246973894028837,attentive,0,2
132.63333333333333,True,0.47724227221334825,0.4749084821808761,25.11111111111111,0.2010000617627077,0.09247124481109048,attentive,0,2
132.66666666666666,True,0.02232271607987925,0.9351522419761159,25.11111111111111,0.2010000617627077,0.0924720641207338,attentive,0,2
132.7,True,5.766022175134571,-1.8956944784896699,25.11111111111111,0.2010000617627077,0.09247851141997751,attentive,0,2
132.73333333333332,True,0.23091622607370538,3.9335779408132954,25.11111111111111,0.2010000617627077,0.09247026859560482,attentive,0,2
132.76666666666665,True,-0.7622208853961289,-4.157819517872694,25.11111111111111,0.2010000617627077,0.09245829941985234,attentive,0,2
132.8,True,-1.6896262210861206,2.3175669702349255,25.11111111111111,0.20100006176270763,0.0924440965319288,attentive,0,2
132.83333333333334,True,-1.2389782854633742,0.09670244743714454,25.11111111111111,0.20100006176270763,0.09243772185107971,attentive,0,2
132.86666666666667,True,-0.9414040923030349,-1.5589610821384636,25.11111111111111,0.20100006176270768,0.09243648975943275,attentive,0,2
132.9,True,-2.5080273760873864,-0.8772928716612766,25.11111111111111,0.20100006176270768,0.09243798088834469,attentive,0,2
132.93333333333334,True,-2.431638493318625,-4.6177619618228665,25.11111111111111,0.20100006176270768,0.09243557199163108,attentive,0,2
132.96666666666667,True,1.405145656887604,0.0558872360058144,25.11111111111111,0.20100006176270768,0.09245396211181438,attentive,0,2
133.0,True,2.303598181617433,1.6853530770642662,25.11111111111111,0.20100006176270768,0.0924642891643083,attentive,0,2
133.03333333333333,True,-2.5789219449399448,1.4728770261550552,25.11111111111111,0.20100006176270768,0.09244895248815195,attentive,0,2
133.06666666666666,True,1.1225977363288053,0.6507046564446589,25.11111111111111,0.20100006176270768,0.09247767284541308,attentive,0,2
133.1,True,-7.161811858090082,-0.2770724106537156,25.11111111111111,0.20100006176270768,0.09245653927413768,attentive,0,2
133.13333333333333,True,1.8433918409771355,1.4835091166694714,25.11111111111111,0.2010000617627077,0.09245527193689765,attentive,0,2
133.16666666666666,True,-4.138048203032314,-2.912295236980041,25.11111111111111,0.2010000617627077,0.09244410813245267,attentive,0,2
133.2,True,0.9106029477924034,3.0892846253158943,25.11111111111111,0.2010000617627077,0.09244475017203485,attentive,0,2
133.23333333333332,True,2.725001325962413,-2.5185805385400255,25.11111111111111,0.2010000617627077,0.09245469604728339,attentive,0,2
133.26666666666665,True,-1.7306970258198504,5.963849542189568,25.11111111111111,0.2010000617627077,0.0924193271798506,attentive,0,2
133.3,True,0.5091875032168021,-1.0934287106547678,25.11111111111111,0.20100006176270763,0.09240244842254336,attentive,0,2
133.33333333333334,True,5.193903700562879,-0.6644943596243542,25.11111111111111,0.20100006176270763,0.09242782265971197,attentive,0,2
133.36666666666667,True,3.1562423738573697,-2.033092375229749,25.11111111111111,0.20100006176270768,0.09242982700841312,attentive,0,2
133.4,True,1.8896600775753187,0.7279394925860653,25.11111111111111,0.20100006176270768,0.09243578898870028,attentive,0,2
133.43333333333334,True,1.7429330439555026,0.20723468408443463,25.11111111111111,0.20100006176270768,0.09242646755453886,attentive,0,2
133.46666666666667,True,-3.5395954920022517,-0.5643911091442856,25.11111111111111,0.20100006176270768,0.09240513781691703,attentive,0,2
133.5,True,2.2897735596052757,0.4630406620874048,25.11111111111111,0.20100006176270768,0.09240164978871948,attentive,0,2
133.53333333333333,True,0.1829383906967832,1.130686469104165,25.11111111111111,0.20100006176270768,0.09239920454437035,attentive,0,2
133.56666666666666,True,2.7428458001198557,1.2150180307071716,25.11111111111111,0.20100006176270768,0.09240245702303578,attentive,0,2
133.6,True,-0.4268477544867565,-0.037645671196904686,25.11111111111111,0.20100006176270768,0.0924068359019557,attentive,0,2
133.63333333333333,True,-0.6135889586342202,-2.2740478136060363,25.11111111111111,0.2010000617627077,0.09239826503254184,attentive,0,2
133.66666666666666,True,-0.5970353445298968,-1.163884400999664,25.11111111111111,0.2010000617627077,0.09239698437688107,attentive,0,2
133.7,True,3.0326208227280875,-3.0728703123991954,25.11111111111111,0.2010000617627077,0.09239226670252801,attentive,0,2
133.73333333333332,True,2.4773636637663823,-3.1565073220227813,25.055555555555554,0.20077783954048548,0.0923927125467791,attentive,0,2
133.76666666666665,True,0.5681937722987838,-1.7883445879221231,25.0,0.20055561731826327,0.09237928547989287,attentive,0,2
133.8,True,7.920267157371944,2.643838788089648,24.944444444444443,0.20033339509604098,0.09239580760969852,attentive,0,2
133.83333333333334,True,0.9809806667463563,0.07741013243873475,24.88888888888889,0.20011117287381874,0.09239586373774064,attentive,0,2
133.86666666666667,True,5.437239949951958,0.19251698907165365,24.833333333333332,0.19988895065159656,0.09241670231778756,attentive,0,2
133.9,True,-0.2686286544331185,0.1475797337943798,24.77777777777778,0.19966672842937433,0.09242237402338375,attentive,0,2
133.93333333333334,True,-0.6585210871974297,2.236426061659995,24.72222222222222,0.1994445062071521,0.09242387772049074,attentive,0,2
133.96666666666667,True,-4.108541837726015,0.944956105832673,24.72222222222222,0.20118773946360152,0.09244230858643378,attentive,0,2
134.0,True,-3.6462228098419462,-3.7316026942353218,24.72222222222222,0.20118773946360152,0.0924386234818399,attentive,0,2
134.03333333333333,True,-1.9518265473725829,-0.4545629937992401,24.72222222222222,0.20118773946360152,0.09243842742598392,attentive,0,2
134.06666666666666,True,1.318139892879577,-0.28955977878809225,24.72222222222222,0.20118773946360152,0.0924309411160246,attentive,0,2
134.1,True,-2.436088099618137,-1.9137425620970874,24.72222222222222,0.20118773946360152,0.09243022070529916,attentive,0,2
134.13333333333333,True,-5.335382327760229,-0.7241011016671064,24.72222222222222,0.20118773946360152,0.09241404303365923,attentive,0,2
134.16666666666666,True,-1.3205792311520212,3.833258553928663,24.72222222222222,0.20118773946360152,0.0924060937805958,attentive,0,2
134.2,True,6.414474086621766,0.11528419424064225,24.72222222222222,0.20118773946360152,0.0924258198565834,attentive,0,2
134.23333333333332,True,1.1192125385773233,3.436722609168183,24.72222222222222,0.20118773946360152,0.092426228824347,attentive,0,2
134.26666666666665,True,-1.7349395456264487,-2.3807901092391632,24.72222222222222,0.20118773946360152,0.09242721962645703,attentive,0,2
134.3,True,-1.4602782278717084,-1.9972815868743967,24.72222222222222,0.20118773946360152,0.09243201814762819,attentive,0,2
134.33333333333334,True,-5.470601644147679,2.2046901146548206,24.72222222222222,0.20118773946360152,0.09242699742110103,attentive,0,2
134.36666666666667,True,4.962778489488847,0.8043764380644378,24.72222222222222,0.20118773946360152,0.09242630976313233,attentive,0,2
134.4,True,-0.8331256154647898,-0.8911849609569673,24.72222222222222,0.20118773946360152,0.09243354532865285,attentive,0,2
134.43333333333334,True,-1.9416305218025627,-3.255565544048529,24.72222222222222,0.20118773946360152,0.09244193986097635,attentive,0,2
134.46666666666667,True,-0.6588859495790562,-1.0238144032353131,24.72222222222222,0.20118773946360152,0.0924297987493178,attentive,0,2
134.5,True,1.269457860001162,1.2504494455933437,24.72222222222222,0.20118773946360152,0.09242695538266513,attentive,0,2
134.53333333333333,True,-1.959363486874583,2.3685935446612,24.72222222222222,0.20118773946360152,0.09242071569540301,attentive,0,2
134.56666666666666,True,-3.2557982077343377,3.287168420283028,24.72222222222222,0.20118773946360152,0.09240927881209346,attentive,0,2
134.6,True,3.6181740334262846,-1.1310882980796106,24.72222222222222,0.20118773946360152,0.09241181506483538,attentive,0,2
134.63333333333333,True,-5.271714106675521,-1.3755945909131537,24.72222222222222,0.20118773946360152,0.0924151822523914,attentive,0,2
134.66666666666666,True,-1.7521052605912835,-1.3410260553555018,24.72222222222222,0.20118773946360152,0.09241749962490123,attentive,0,2
134.7,True,-0.5887476337677469,-0.12086222033026338,24.72222222222222,0.20118773946360152,0.09241928788177942,attentive,0,2
134.73333333333332,True,2.684046445880593,-0.7041699258825028,24.72222222222222,0.20118773946360152,0.09241164652848285,attentive,0,2
134.76666666666665,True,1.6999404750321978,-2.3733684155432186,24.72222222222222,0.20118773946360152,0.09241758611380152,attentive,0,2
134.8,True,2.5951333588948535,-3.2445732495570945,24.72222222222222,0.20118773946360152,0.0924176062169679,attentive,0,2
134.83333333333334,True,-0.013053878013266344,-2.1759855581879286,24.72222222222222,0.20118773946360152,0.0924258305214801,attentive,0,2
134.86666666666667,True,-4.091855465984732,3.077773439691957,24.72222222222222,0.20118773946360152,0.0924103409033378,attentive,0,2
134.9,True,-0.9178790777432874,-0.4475364307130616,24.72222222222222,0.20118773946360152,0.092427774596341,attentive,0,2
134.93333333333334,True,0.6559683016209391,-0.2771373405186398,24.72222222222222,0.20118773946360152,0.09242510236782622,attentive,0,2
134.96666666666667,True,2.397664637601863,0.8385106681167144,24.72222222222222,0.20118773946360152,0.09243111286604666,attentive,0,2
135.0,True,-3.3436978458195648,-0.9350395886104634,24.72222222222222,0.20118773946360152,0.09241030537569547,attentive,0,2
135.03333333333333,True,0.439477276027147,-3.1064752846388908,24.72222222222222,0.20118773946360152,0.0924264464068643,attentive,0,2
135.06666666666666,True,-4.630754497431829,2.431212639562511,24.72222222222222,0.20118773946360152,0.09242681812441648,attentive,0,2
135.1,True,-3.171224556587103,-2.04544611500272,24.72222222222222,0.20118773946360152,0.09242304168786877,attentive,0,2
135.13333333333333,True,-0.22368553537829822,-0.5772680911128777,24.72222222222222,0.20118773946360152,0.09242636831710008,attentive,0,2
135.16666666666666,True,5.728500914935956,0.7540551831551328,24.72222222222222,0.20118773946360152,0.09244689489245547,attentive,0,2
135.2,True,3.1160231610605766,-0.8821169475206585,24.72222222222222,0.20118773946360152,0.09245237738137713,attentive,0,2
135.23333333333332,True,5.142552029082436,-0.28001688605763186,24.72222222222222,0.20118773946360152,0.09249218402907325,attentive,0,2
135.26666666666665,True,-0.3631354257028053,2.1621609713772973,24.72222222222222,0.20118773946360152,0.09248024669572379,attentive,0,2
135.3,True,-0.5583093343607657,-2.12027778507742,24.72222222222222,0.20118773946360152,0.09247914486789864,attentive,0,2
135.33333333333334,True,0.7439626426367583,2.19392339684989,24.72222222222222,0.20118773946360152,0.09248143614439747,attentive,0,2
135.36666666666667,True,0.4777235457476854,-2.2130863436620567,24.72222222222222,0.20118773946360152,0.09249344968400655,attentive,0,2
135.4,True,0.2446698542279685,-0.7475348582929842,24.666666666666668,0.2009655172413793,0.09247520683884619,attentive,0,2
135.43333333333334,True,-1.4094086736343354,-2.8960102800685292,24.61111111111111,0.20074329501915705,0.09248595159573264,attentive,0,2
135.46666666666667,True,-1.6653871693834865,-1.8343286443649947,24.555555555555557,0.20052107279693487,0.09248299236308696,attentive,0,2
135.5,True,1.0702891499917786,1.5563724780356718,24.5,0.20029885057471264,0.09248433049879226,attentive,0,2
135.53333333333333,True,0.5624305989842785,-0.12077772543590558,24.444444444444443,0.2000766283524904,0.09248992685444181,attentive,0,2
135.56666666666666,True,-2.682787991200178,-2.046908681445893,24.38888888888889,0.19985440613026817,0.09249285013449984,attentive,0,2
135.6,True,1.4142384060231987,0.1699069891229904,24.333333333333336,0.19963218390804596,0.09249925636867395,attentive,0,2
135.63333333333333,True,0.4956723445442361,0.5009469985470626,24.27777777777778,0.19940996168582376,0.09252696752652056,attentive,0,2
135.66666666666666,True,2.9386570807387002,0.917337044855163,24.27777777777778,0.19940996168582376,0.09252907754573601,attentive,0,2
135.7,True,2.5239951774960527,-2.3558273685691766,24.27777777777778,0.20115873015873015,0.09253439998519064,attentive,0,2
135.73333333333332,True,-0.0694275754159497,0.3957850099476105,24.27777777777778,0.20115873015873015,0.09252489207434997,attentive,0,2
135.76666666666665,True,0.03255798118834652,-1.4528918047343968,24.27777777777778,0.20115873015873015,0.09250981452987397,attentive,0,2
135.8,True,1.1985429529037215,0.9849559231367961,24.27777777777778,0.20115873015873015,0.09251274048248215,attentive,0,2
135.83333333333334,True,5.2387153613497075,-1.4231620047352416,24.27777777777778,0.20115873015873015,0.09252523107801161,attentive,0,2
135.86666666666667,True,-0.7521297613656187,0.6224369664218521,24.27777777777778,0.20115873015873015,0.09253253838130654,attentive,0,2
135.9,True,4.4029453695926986,1.5430386228426585,24.27777777777778,0.20115873015873015,0.092548161145908,attentive,0,2
135.93333333333334,True,-1.3585697092116455,0.6622473205987721,24.27777777777778,0.20115873015873015,0.09253889823701737,attentive,0,2
135.96666666666667,True,4.078119231293677,-2.6512918757574706,24.27777777777778,0.20115873015873015,0.09256723453761523,attentive,0,2
136.0,True,52.35912954635848,-15.763381311049375,24.27777777777778,0.20115873015873015,0.09291232236498745,attentive,0,2
136.03333333333333,True,35.98272820983402,-17.81225481145877,24.27777777777778,0.20115873015873015,0.0932540780621054,attentive,0,2
136.06666666666666,True,37.641484715910615,-14.912402028866728,24.27777777777778,0.20115873015873015,0.09360336334006665,attentive,0,2
136.1,True,48.780057472517214,-23.038814807587247,24.27777777777778,0.20115873015873015,0.09398096655749985,attentive,0,2
136.13333333333333,True,47.187246795549896,-24.176293701241068,24.27777777777778,0.20115873015873015,0.09436294978879767,attentive,0,2
136.16666666666666,True,50.430638819714126,-22.85371552023146,24.27777777777778,0.20115873015873015,0.09472533320617943,attentive,0,2
136.2,True,47.93435786500496,-19.424028144101875,24.27777777777778,0.20115873015873015,0.09510095206630609,attentive,0,2
136.23333333333332,True,39.686491309104134,-25.229415902281772,24.27777777777778,0.20115873015873015,0.09544837747603863,attentive,0,2
136.26666666666665,True,44.171529968701826,-16.67579329770642,24.27777777777778,0.20115873015873015,0.09580400530545304,attentive,0,2
136.3,True,46.53769888470962,-19.75209434439381,24.27777777777778,0.20115873015873015,0.09615604513609574,attentive,0,2
136.33333333333334,True,42.53905014825948,-21.617711687109953,24.27777777777778,0.20115873015873015,0.09650665759384619,attentive,0,2
136.36666666666667,True,46.10233730049886,-23.10177113717193,24.27777777777778,0.20115873015873015,0.09686401045757767,attentive,0,2
136.4,True,39.18712502409307,-22.226449637155866,24.27777777777778,0.20115873015873015,0.09720208499310493,attentive,0,2
136.43333333333334,True,50.28297383755243,-16.341644761032157,24.27777777777778,0.20115873015873015,0.09755919827102873,attentive,0,2
136.46666666666667,True,50.323534178918244,-17.159486140661052,24.27777777777778,0.20115873015873015,0.09792448588614205,attentive,0,2
136.5,True,48.80418794010105,-19.961968457624824,24.27777777777778,0.20115873015873015,0.09827579379222928,attentive,0,2
136.53333333333333,True,44.85556106245179,-20.967372006551358,24.27777777777778,0.20115873015873015,0.09864165773382995,attentive,0,2
136.56666666666666,True,48.379040275646226,-19.236378515398695,24.27777777777778,0.20115873015873015,0.09900777799650318,attentive,0,2
136.6,True,46.543307259015286,-25.103979433989814,24.27777777777778,0.20115873015873015,0.09936851272543666,attentive,0,2
136.63333333333333,True,47.11997838582073,-21.725544913958963,24.27777777777778,0.20115873015873015,0.09972347036598235,attentive,0,2
136.66666666666666,True,41.46158576238411,-21.772647954694232,24.27777777777778,0.20115873015873015,0.1000748595226447,attentive,0,2
136.7,True,46.46856837814041,-18.203023938483923,24.27777777777778,0.20115873015873015,0.10044281888676439,attentive,0,2
136.73333333333332,True,32.01653219869378,-22.725288953717605,24.27777777777778,0.20115873015873015,0.10077817818090774,attentive,0,2
136.76666666666665,True,41.33824191196993,-18.569697784923672,24.27777777777778,0.20115873015873015,0.10112369056827909,attentive,0,2
136.8,True,45.09132262943327,-23.180590791210822,24.27777777777778,0.20115873015873015,0.10148046164367105,attentive,0,2
136.83333333333334,True,44.48717951001406,-15.622520049851508,24.27777777777778,0.20115873015873015,0.10181531053259256,attentive,0,2
136.86666666666667,True,48.33811182102218,-20.799635456925248,24.27777777777778,0.20115873015873015,0.10216447601197924,attentive,0,2
136.9,True,50.80075573376283,-19.125722763912062,24.27777777777778,0.20115873015873015,0.10253704817391152,attentive,0,2
136.93333333333334,True,37.8489759327847,-15.64690863561436,24.27777777777778,0.20115873015873015,0.10288009704774786,attentive,0,2
136.96666666666667,True,41.229011228927526,-21.40036252617913,24.27777777777778,0.20115873015873015,0.10323705921196774,attentive,0,2
137.0,True,43.858944543239026,-18.76299432874465,24.22222222222222,0.2009365079365079,0.10359395710305616,attentive,0,2
137.03333333333333,True,44.418597239672344,-23.480707637266054,24.166666666666668,0.20071428571428568,0.10395795093073554,attentive,0,2
137.06666666666666,True,49.857493263060114,-22.422801496403338,24.11111111111111,0.20049206349206344,0.1043404293831304,attentive,0,2
137.1,True,42.278139098562484,-23.992555786304504,24.055555555555554,0.2002698412698412,0.10468906911306175,attentive,0,2
137.13333333333333,True,32.42919914761161,-18.702077116594214,24.0,0.20004761904761903,0.10502159002223246,attentive,0,2
137.16666666666666,True,52.493773386917105,-19.125229089678065,23.944444444444443,0.1998253968253968,0.10538463530978376,attentive,0,2
137.2,True,44.685789970278385,-19.412333242148684,23.88888888888889,0.19960317460317456,0.10574534291799242,attentive,0,2
137.23333333333332,True,44.460896575151416,-23.436854040993214,23.833333333333336,0.19938095238095238,0.10608677832601743,attentive,0,2
137.26666666666665,True,51.81405884618152,-18.46734524993309,23.833333333333336,0.19938095238095238,0.1064477256084236,attentive,0,2
137.3,True,43.126772983503834,-22.675127633373783,23.833333333333336,0.20125925925925928,0.10681194510264538,attentive,0,2
137.33333333333334,True,42.12060244360139,-20.443178311961073,23.833333333333336,0.20125925925925928,0.10715524397039303,attentive,0,2
137.36666666666667,True,49.8609576197281,-17.126379599330207,23.833333333333336,0.20125925925925928,0.10753490740983615,attentive,0,2
137.4,True,48.64373268560536,-19.645841254781534,23.833333333333336,0.20125925925925928,0.1078956669600039,attentive,0,2
137.43333333333334,True,40.70942562570923,-21.673938427804586,23.833333333333336,0.20125925925925928,0.10824583300185422,attentive,0,2
137.46666666666667,True,42.00704554927729,-22.123294354657546,23.833333333333336,0.20125925925925928,0.10860192332421395,attentive,0,2
137.5,True,46.314280245641264,-20.757830804801813,23.833333333333336,0.20125925925925928,0.10897383815563884,attentive,0,2
137.53333333333333,True,47.555375780444024,-19.556218873985244,23.833333333333336,0.20125925925925928,0.1093390959531891,attentive,0,2
137.56666666666666,True,49.82057710053289,-19.69839261016352,23.833333333333336,0.20125925925925928,0.10970788013918648,attentive,0,2
137.6,True,45.42075355659313,-24.05933555847507,23.833333333333336,0.20125925925925928,0.11006274395069138,attentive,0,2
137.63333333333333,True,39.21486396087306,-24.815670092118,23.833333333333336,0.20125925925925928,0.11041246982339695,attentive,0,2
137.66666666666666,True,47.81748084159897,-22.61440136883908,23.833333333333336,0.20125925925925928,0.1107729845414348,attentive,0,2
137.7,True,46.3793228131696,-14.80781304795302,23.833333333333336,0.20125925925925928,0.11112582663071295,attentive,0,2
137.73333333333332,True,52.740201798375594,-21.567471102313633,23.833333333333336,0.20125925925925928,0.11149761425024139,attentive,0,2
137.76666666666665,True,47.76935221392337,-21.390847620688774,23.833333333333336,0.20125925925925928,0.11187210669923767,attentive,0,2
137.8,True,53.265122005875185,-21.785506661266133,23.833333333333336,0.20125925925925928,0.11224513310667353,attentive,0,2
137.83333333333334,True,38.90221937369132,-17.515080042202356,23.833333333333336,0.20125925925925928,0.11256181334976868,attentive,0,2
137.86666666666667,True,46.4824442628424,-22.185621994171402,23.833333333333336,0.20125925925925928,0.11290603261795462,attentive,0,2
137.9,True,44.25900253820631,-20.83974210730077,23.833333333333336,0.20125925925925928,0.11325688481315042,attentive,0,2
137.93333333333334,True,35.78797138817272,-21.285649471843776,23.833333333333336,0.20125925925925928,0.11358032675285272,attentive,0,2
137.96666666666667,True,54.16512881049458,-12.255152829006725,23.833333333333336,0.20125925925925928,0.11395258164254074,attentive,0,2
138.0,True,44.272057329345614,-21.95467719569207,23.833333333333336,0.20125925925925928,0.11429885544696933,attentive,0,2
138.03333333333333,True,37.60049601497383,-21.182184979723772,23.833333333333336,0.20125925925925928,0.11464082128682257,attentive,0,2
138.06666666666666,True,42.37950737828212,-23.097478259287506,23.833333333333336,0.20125925925925928,0.11497688461592068,attentive,0,2
138.1,True,45.05307678389868,-25.945569492275236,23.833333333333336,0.20125925925925928,0.11534142203324074,attentive,0,2
138.13333333333333,True,48.65056918170669,-23.381364843068628,23.833333333333336,0.20125925925925928,0.11571067582595813,attentive,0,2
138.16666666666666,True,48.50777848093255,-20.569404493784546,23.833333333333336,0.20125925925925928,0.11605119710693931,attentive,0,2
138.2,True,52.55123036635629,-19.127107205572358,23.833333333333336,0.20125925925925928,0.11641072816276732,attentive,0,2
138.23333333333332,True,47.04918115504247,-15.1988313207505,23.833333333333336,0.20125925925925928,0.11677164943398949,attentive,0,2
138.26666666666665,True,48.561505903385246,-23.81513024837827,23.833333333333336,0.20125925925925928,0.11715961463709132,attentive,0,2
138.3,True,44.72347264857479,-20.181668861654384,23.833333333333336,0.20125925925925928,0.11750206998766635,attentive,0,2
138.33333333333334,True,42.544745418116875,-22.234734990185988,23.833333333333336,0.20125925925925928,0.11784019608915383,attentive,0,2
138.36666666666667,True,48.645860800252,-18.07104027043873,23.833333333333336,0.20125925925925928,0.11819648938252524,attentive,0,2
138.4,True,43.884840611661964,-27.05677209632785,23.833333333333336,0.20125925925925928,0.11854057860987259,attentive,0,2
138.43333333333334,True,38.998072940468646,-17.356440639217684,23.833333333333336,0.20125925925925928,0.11889080422597764,attentive,0,2
138.46666666666667,True,50.54445201120147,-25.989099051132033,23.833333333333336,0.20125925925925928,0.1192564110442014,attentive,0,2
138.5,True,48.976227357301646,-17.757978786474816,23.833333333333336,0.20125925925925928,0.1196137521750644,attentive,0,2
138.53333333333333,True,43.101425919280324,-20.403725915462847,23.77777777777778,0.20103703703703704,0.11995162734314788,attentive,0,2
138.56666666666666,True,44.56804364311588,-20.533077929319273,23.72222222222222,0.20081481481481483,0.12030783276053358,attentive,0,2
138.6,True,48.690382581093615,-18.1996692624499,23.666666666666668,0.2005925925925926,0.12065067028277211,attentive,0,2
138.63333333333333,True,38.72647113735125,-23.335215848827673,23.61111111111111,0.20037037037037037,0.12097107070875451,attentive,0,2
138.66666666666666,True,45.63376399454656,-20.84653188554727,23.555555555555554,0.20014814814814813,0.12131252886264504,attentive,0,2
138.7,True,51.047382395218335,-22.90128089972677,23.555555555555554,0.20014814814814813,0.1216713159287893,attentive,0,2
138.73333333333332,True,49.13491125807601,-18.205281397637663,23.555555555555554,0.2029401709401709,0.12202354506455303,attentive,0,2
138.76666666666665,True,51.25874318759738,-18.614453587998643,23.555555555555554,0.2029401709401709,0.12239133480945537,attentive,0,2
138.8,True,44.22964329894922,-17.51726094726253,23.555555555555554,0.2029401709401709,0.12274292734741085,attentive,0,2
138.83333333333334,True,40.39570660352318,-21.344498848375853,23.555555555555554,0.2029401709401709,0.1230926118935187,attentive,0,2
138.86666666666667,True,49.8118498605532,-17.15775531341216,23.555555555555554,0.2029401709401709,0.12347291443404126,attentive,0,2
138.9,True,41.619031233821666,-17.967146664275937,23.555555555555554,0.2029401709401709,0.12381240828160578,attentive,0,2
138.93333333333334,True,46.741429653550064,-12.169954264430924,23.555555555555554,0.2029401709401709,0.12414787487469206,attentive,0,2
138.96666666666667,True,43.08611143388392,-15.491682160998618,23.555555555555554,0.2029401709401709,0.12450424464261876,attentive,0,2
139.0,True,47.12449419027085,-20.373827551452077,23.555555555555554,0.2029401709401709,0.12487641765733014,attentive,0,2
139.03333333333333,True,47.65183070436132,-21.15063032372719,23.555555555555554,0.2029401709401709,0.1252453849062091,attentive,0,2
139.06666666666666,True,43.48705997222284,-17.964825927192937,23.555555555555554,0.2029401709401709,0.12560396048483047,attentive,0,2
139.1,True,52.34339274760764,-22.738605656728407,23.555555555555554,0.2029401709401709,0.12598640490010293,attentive,0,2
139.13333333333333,True,45.89411020904701,-15.84639634468638,23.555555555555554,0.2029401709401709,0.12632495276417802,attentive,0,2
139.16666666666666,True,50.128023334051576,-22.912285695465005,23.555555555555554,0.2029401709401709,0.12669823840825561,attentive,0,2
139.2,True,54.91396312515375,-14.083488536737919,23.555555555555554,0.2029401709401709,0.12706483116759032,attentive,0,2
139.23333333333332,True,49.68402794823426,-16.9316184238005,23.555555555555554,0.2029401709401709,0.12742469477083257,attentive,0,2
139.26666666666665,True,43.79925135027697,-21.999022855770036,23.555555555555554,0.2029401709401709,0.12776695275108063,attentive,0,2
139.3,True,56.12487153018687,-25.79401066721191,23.555555555555554,0.2029401709401709,0.1281504989464003,attentive,0,2
139.33333333333334,True,39.313264622897734,-12.796191248646537,23.555555555555554,0.2029401709401709,0.12847466294059665,attentive,0,2
139.36666666666667,True,57.75561136709692,-22.991866529110865,23.555555555555554,0.2029401709401709,0.1288592055500859,attentive,0,2
139.4,True,47.88941730936282,-15.980633682969577,23.555555555555554,0.2029401709401709,0.129215666083695,attentive,0,2
139.43333333333334,True,49.18702553687658,-16.637185099080636,23.555555555555554,0.2029401709401709,0.12957974924356802,attentive,0,2
139.46666666666667,True,48.399417095454254,-20.589869036817532,23.555555555555554,0.2029401709401709,0.12993355839073356,attentive,0,2
139.5,True,46.361314883282844,-23.335741990570384,23.555555555555554,0.2029401709401709,0.13031901934668078,attentive,0,2
139.53333333333333,True,51.289743628661384,-23.345828937387978,23.555555555555554,0.2029401709401709,0.13069402656696907,attentive,0,2
139.56666666666666,True,44.94891913903448,-20.252048308881896,23.555555555555554,0.2029401709401709,0.13105378309596005,attentive,0,2
139.6,True,46.95892614958134,-19.402540387429138,23.555555555555554,0.2029401709401709,0.1314316738117331,attentive,0,2
139.63333333333333,True,45.24497417908937,-15.942416622564968,23.555555555555554,0.2029401709401709,0.13177856819987221,attentive,0,2
139.66666666666666,True,32.22017985101283,-17.81890248965737,23.555555555555554,0.2029401709401709,0.13208202995319449,attentive,0,2
139.7,True,41.22334640562366,-16.130076826028464,23.555555555555554,0.2029401709401709,0.1324292053912962,attentive,0,2
139.73333333333332,True,46.23226059427265,-19.62356001749854,23.555555555555554,0.2029401709401709,0.13278907299356318,attentive,0,2
139.76666666666665,True,45.489056763498176,-26.856254571556423,23.555555555555554,0.2029401709401709,0.13315494648156895,attentive,0,2
139.8,True,42.58545315341986,-22.386508129224687,23.555555555555554,0.2029401709401709,0.13350568022074327,attentive,0,2
139.83333333333334,True,46.43253605029012,-16.25454011420808,23.555555555555554,0.2029401709401709,0.133858752190284,attentive,0,2
139.86666666666667,True,56.70052512049467,-21.80920723208559,23.555555555555554,0.2029401709401709,0.1342431658866209,attentive,0,2
139.9,True,46.380644862630504,-21.24350398399063,23.555555555555554,0.2029401709401709,0.13461891454799413,attentive,0,2
139.93333333333334,True,51.65977499979127,-21.80303414136374,23.555555555555554,0.2029401709401709,0.1349819716905003,attentive,0,2
139.96666666666667,True,55.04893369575002,-17.517328076884443,23.555555555555554,0.2029401709401709,0.13535377507966898,attentive,0,2
140.0,True,-2.083939400668768,3.488655298752955,23.5,0.20271794871794868,0.13534797454362762,attentive,0,2
140.03333333333333,True,-0.5267806533192734,-4.304247407175103,23.5,0.20679999999999996,0.13534423975860413,attentive,0,2
140.06666666666666,True,1.3304418140503764,-0.9498990510266945,23.5,0.20679999999999996,0.1353648550066439,attentive,0,2
140.1,True,-4.622901206059132,0.11475060134484565,23.5,0.20679999999999996,0.13533948878314528,attentive,0,2
140.13333333333333,True,0.06215931582462361,1.0443266990715956,23.5,0.20679999999999996,0.13533382476766886,attentive,0,2
140.16666666666666,True,-1.3333178367970562,3.536287029287469,23.5,0.20679999999999996,0.13533733317852234,attentive,0,2
140.2,True,1.4499368200217249,-0.9445836668937998,23.5,0.20679999999999996,0.13533254390208416,attentive,0,2
140.23333333333332,True,-0.1924966138597327,-0.14464687389638237,23.5,0.20679999999999996,0.13530541745846986,attentive,0,2
140.26666666666665,True,-0.6066719530730114,-1.0746620883489442,23.5,0.20679999999999996,0.13532829987444472,attentive,0,2
140.3,True,1.326549665955657,2.8574264170753065,23.5,0.20679999999999996,0.1353291020717067,attentive,0,2
140.33333333333334,True,-0.9139584608130504,1.3321635728944523,23.5,0.20679999999999996,0.13532548505613035,attentive,0,2
140.36666666666667,True,3.4891227190786926,0.4790789388487686,23.5,0.20679999999999996,0.13532589874794976,attentive,0,2
140.4,True,6.669740077121431,2.445412703164165,23.5,0.20679999999999996,0.13532527464279037,attentive,0,2
140.43333333333334,True,1.6948967618150317,0.3883254422660942,23.5,0.20679999999999996,0.13532916246444576,attentive,0,2
140.46666666666667,True,1.170298706364356,-0.5762553142904013,23.5,0.20679999999999996,0.13533850611344667,attentive,0,2
140.5,True,-3.975613366354376,1.8522470326392033,23.5,0.20679999999999996,0.1353171767697277,attentive,0,2
140.53333333333333,True,-3.876257287804072,-0.17107546628247663,23.5,0.20679999999999996,0.1353058905374106,attentive,0,2
140.56666666666666,True,2.275384098642956,1.9180505568919861,23.5,0.20679999999999996,0.13532691579160647,attentive,0,2
140.6,True,-7.233825072233591,-0.42840625086763173,23.5,0.20679999999999996,0.13530397298883937,attentive,0,2
140.63333333333333,True,1.3714962116370193,-1.5249127803253928,23.5,0.20679999999999996,0.135309625329988,attentive,0,2
140.66666666666666,True,-1.432830422896856,0.5408407839023274,23.5,0.20679999999999996,0.13530792197747998,attentive,0,2
140.7,True,1.3837201995839854,-1.2200064316383394,23.5,0.20679999999999996,0.1353122297723614,attentive,0,2
140.73333333333332,True,1.9443410225278526,0.8390703085424307,23.5,0.20679999999999996,0.13531512216713795,attentive,0,2
140.76666666666665,True,3.714965402823883,2.461030008780001,23.5,0.20679999999999996,0.1353275830139281,attentive,0,2
140.8,True,-2.3768834821109275,0.9961664967762776,23.5,0.20679999999999996,0.13535044554793532,attentive,0,2
140.83333333333334,True,-2.7584446783368954,-4.97540881916923,23.5,0.20679999999999996,0.13534195249717634,attentive,0,2
140.86666666666667,True,-1.1394905557840607,1.9009823142126725,23.5,0.20679999999999996,0.1353241916432429,attentive,0,2
140.9,True,-4.723923874720572,0.8764524545415214,23.5,0.20679999999999996,0.13530104151066197,attentive,0,2
140.93333333333334,True,2.693106632316792,-0.425134515727921,23.5,0.20679999999999996,0.13528714814046033,attentive,0,2
140.96666666666667,True,4.073435254932668,1.5533912314638099,23.5,0.20679999999999996,0.13527412272168104,attentive,0,2
141.0,True,0.7964154683560959,-0.7452692574617715,23.5,0.20679999999999996,0.13527869781265173,attentive,0,2
141.03333333333333,True,-8.150140870632837,-2.8647128505154336,23.5,0.20679999999999996,0.1352378930101194,attentive,0,2
141.06666666666666,True,1.6797574888737565,1.1539584752379999,23.5,0.20679999999999996,0.13524379862152008,attentive,0,2
141.1,True,4.711378527610775,-1.152518328496222,23.5,0.20679999999999996,0.13524878578474336,attentive,0,2
141.13333333333333,True,2.273091915297991,-3.270966823020931,23.5,0.20679999999999996,0.1352625126264466,attentive,0,2
141.16666666666666,True,-2.4857099119014165,0.40497746950916097,23.5,0.20679999999999996,0.13523172558719176,attentive,0,2
141.2,True,1.4177705307267499,0.23593231826385244,23.5,0.20679999999999996,0.13523994271510215,attentive,0,2
141.23333333333332,True,-4.86518976143705,-2.5060215197250453,23.5,0.20679999999999996,0.13522330748489286,attentive,0,2
141.26666666666665,True,-0.4307128821460531,-2.6911560698462633,23.5,0.20679999999999996,0.13522002349161644,attentive,0,2
141.3,True,-1.2250342139211983,-1.4394767342250603,23.5,0.20679999999999996,0.13521160485707245,attentive,0,2
141.33333333333334,True,-1.647638543638597,-0.7900787065522845,23.5,0.20679999999999996,0.13520768534333588,attentive,0,2
141.36666666666667,True,-5.365405567360765,-2.374498070868154,23.5,0.20679999999999996,0.13517571613949453,attentive,0,2
141.4,True,-0.6385605886366323,-2.9187669177617583,23.5,0.20679999999999996,0.1351796918143171,attentive,0,2
141.43333333333334,True,-3.6978727484857377,2.860757409135625,23.5,0.20679999999999996,0.13516092687578674,attentive,0,2
141.46666666666667,True,1.1958593906647685,0.8349730134793053,23.5,0.20679999999999996,0.13515721905504938,attentive,0,2
141.5,True,2.1231323105668856,-0.2757478203524194,23.5,0.20679999999999996,0.13518516189641616,attentive,0,2
141.53333333333333,True,-2.652157548226673,-2.330781113124611,23.5,0.20679999999999996,0.1351876552476791,attentive,0,2
141.56666666666666,True,-2.3692396117045202,-2.791707436519594,23.5,0.20679999999999996,0.13519049568940977,attentive,0,2
141.6,True,-2.89170409596355,2.8532259473406625,23.5,0.20679999999999996,0.1351665804784986,attentive,0,2
141.63333333333333,True,1.6771261654039749,0.5876625836160349,23.5,0.20679999999999996,0.13516299516781938,attentive,0,2
141.66666666666666,True,2.90870759909501,3.6255519786001233,23.5,0.20679999999999996,0.13516121299679873,attentive,0,2
141.7,True,-6.931192451282452,2.991825672342957,23.5,0.20679999999999996,0.13512735433581055,attentive,0,2
141.73333333333332,True,-4.025607439446826,-0.18207863024288498,23.5,0.20679999999999996,0.13512384082528234,attentive,0,2
141.76666666666665,True,-0.24873169974510967,0.635816990601338,23.5,0.20679999999999996,0.13511316931499384,attentive,0,2
141.8,True,-0.47917960882193766,-1.6423271951057818,23.5,0.20679999999999996,0.13510634296293317,attentive,0,2
141.83333333333334,True,-1.13495431253836,-1.596136037250219,23.5,0.20679999999999996,0.1351072747990619,attentive,0,2
141.86666666666667,True,-5.41889177962532,-1.1929188384959768,23.5,0.20679999999999996,0.13509469881630898,attentive,0,2
141.9,True,-0.7608317780009035,1.0665569786239035,23.5,0.20679999999999996,0.1350752190816161,attentive,0,2
141.93333333333334,True,0.8453854223649273,1.1711521372245992,23.5,0.20679999999999996,0.13508273966099132,attentive,0,2
141.96666666666667,True,-2.719737943103425,1.63440956749312,23.5,0.20679999999999996,0.13507254506195335,attentive,0,2
142.0,True,-0.657525894953451,0.9694308016906215,23.5,0.20679999999999996,0.13507155017100408,attentive,0,2
142.03333333333333,True,-1.2187307106413627,-3.760902266931182,23.5,0.20679999999999996,0.13507704399653625,attentive,0,2
142.06666666666666,True,-3.2922599981021685,-0.20098377519812044,23.5,0.20679999999999996,0.13505147173873622,attentive,0,2
142.1,True,1.382256655212308,-1.160969062411735,23.5,0.20679999999999996,0.13505625643062763,attentive,0,2
142.13333333333333,True,2.728220078924804,0.27568318807722125,23.5,0.20679999999999996,0.13504407228425086,attentive,0,2
142.16666666666666,True,-3.681197220118741,-4.1649995402770745,23.5,0.20679999999999996,0.1350578120334517,attentive,0,2
142.2,True,-2.9226333981393937,-1.3763442753121344,23.5,0.20679999999999996,0.1350512669799435,attentive,0,2
142.23333333333332,True,-1.8700238881013922,0.48184784961713495,23.5,0.20679999999999996,0.13504393354013183,attentive,0,2
142.26666666666665,True,-4.770110467199249,2.000088748653172,23.5,0.20679999999999996,0.1350438884358574,attentive,0,2
142.3,True,0.638037952580009,-2.1226449018744176,23.5,0.20679999999999996,0.13503874801603138,attentive,0,2
142.33333333333334,True,-1.6187262345026516,0.2384998678612941,23.5,0.20679999999999996,0.1350318434523362,attentive,0,2
142.36666666666667,True,1.4465309164599272,-0.10096643172358177,23.5,0.20679999999999996,0.13503392872249545,attentive,0,2
142.4,True,-4.5712995110790935,-2.1374974691570046,23.5,0.20679999999999996,0.1350160702069754,attentive,0,2
142.43333333333334,True,-0.7426779898990841,1.9910203957319992,23.5,0.20679999999999996,0.1350163607329389,attentive,0,2
142.46666666666667,True,1.4461077944593232,-0.2163085009662931,23.5,0.20679999999999996,0.13501449142607796,attentive,0,2
142.5,True,7.610152646600325,0.2982564360012969,23.5,0.20679999999999996,0.13502334948075725,attentive,0,2
142.53333333333333,True,4.366433805636779,1.8580169984603896,23.5,0.20679999999999996,0.13502817658741217,attentive,0,2
142.56666666666666,True,-6.990063937202501,1.9839964602224502,23.5,0.20679999999999996,0.13499676907716135,attentive,0,2
142.6,True,-2.717722322360715,-0.07525618759297627,23.5,0.20679999999999996,0.1349841148686087,attentive,0,2
142.63333333333333,True,5.597547064585107,-1.238043205357707,23.5,0.20679999999999996,0.1349902898799159,attentive,0,2
142.66666666666666,True,3.057197955100862,-2.22370630430013,23.5,0.20679999999999996,0.13499205330607314,attentive,0,2
142.7,True,-1.2460165835269001,-2.1341470504498425,23.5,0.20679999999999996,0.1349910648383777,attentive,0,2
142.73333333333332,True,-5.445887526453257,1.5692399575454252,23.5,0.20679999999999996,0.1349756398718243,attentive,0,2
142.76666666666665,True,2.3012361255924922,-2.8230309676477483,23.5,0.20679999999999996,0.13499235947305616,attentive,0,2
142.8,True,2.040751887897231,-1.4552748597096572,23.5,0.20679999999999996,0.1349796213682693,attentive,0,2
142.83333333333334,True,2.535730442887265,-1.524852349032807,23.5,0.20679999999999996,0.13498493796506114,attentive,0,2
142.86666666666667,True,-3.682413661895189,0.7077674173019425,23.5,0.20679999999999996,0.1349707630908924,attentive,0,2
142.9,True,1.1928391393132212,-0.48631776694461715,23.5,0.20679999999999996,0.13497131070093057,attentive,0,2
142.93333333333334,True,-2.4549560223491267,1.301847717265753,23.5,0.20679999999999996,0.13496132696289623,attentive,0,2
142.96666666666667,True,-8.124873698838309,-0.5021298784715295,23.5,0.20679999999999996,0.1349380076683107,attentive,0,2
143.0,True,0.4790519415071101,-2.205881696219984,23.5,0.20679999999999996,0.134947151362712,attentive,0,2
143.03333333333333,True,-1.7995331855492878,3.079783371077994,23.5,0.20679999999999996,0.13494274886696633,attentive,0,2
143.06666666666666,True,0.036507074004901295,1.616542117694414,23.5,0.20679999999999996,0.134926807690973,attentive,0,2
143.1,True,-0.6555279450061433,-1.1513788105985567,23.5,0.20679999999999996,0.13491589760707853,attentive,0,2
143.13333333333333,True,3.5647111709415022,-1.7983880504187668,23.5,0.20679999999999996,0.13492486550908356,attentive,0,2
143.16666666666666,True,7.362741037381857,0.701105765805346,23.5,0.20679999999999996,0.1349237505779827,attentive,0,2
143.2,True,-2.7072582023472576,-0.5014892861033364,23.5,0.20679999999999996,0.13490141098728337,attentive,0,2
143.23333333333332,True,1.1776273891344093,-0.6457562921525926,23.5,0.20679999999999996,0.13489860252144628,attentive,0,2
143.26666666666665,True,0.9409756018698963,0.8962211856132838,23.5,0.20679999999999996,0.13489489253428358,attentive,0,2
143.3,True,0.405435579882069,1.5754949137108027,23.5,0.20679999999999996,0.13488917739884523,attentive,0,2
143.33333333333334,True,2.6111422459998384,0.6232716118686431,23.5,0.20679999999999996,0.1349012739792064,attentive,0,2
143.36666666666667,True,1.1870002634616585,1.25861656352321,23.5,0.20679999999999996,0.1348936759778436,attentive,0,2
143.4,True,3.613088017233237,0.9453699566378981,23.5,0.20679999999999996,0.13486926082879985,attentive,0,2
143.43333333333334,True,1.7504776274815774,1.8518460973607596,23.5,0.20679999999999996,0.1348533956384557,attentive,0,2
143.46666666666667,True,-2.548162096430115,-0.9069075038779062,23.5,0.20679999999999996,0.13487355108544596,attentive,0,2
143.5,True,-3.7837671254269285,2.3306135454443906,23.5,0.20679999999999996,0.13485669853420248,attentive,0,2
143.53333333333333,True,3.6537609214590105,4.48197927424019,23.5,0.20679999999999996,0.134867265214397,attentive,0,2
143.56666666666666,True,1.2097584600488784,-0.7099342274944417,23.5,0.20679999999999996,0.134869978390711,attentive,0,2
143.6,True,-0.689890159677513,0.3970936760022455,23.5,0.20679999999999996,0.1348639018002809,attentive,0,2
143.63333333333333,True,3.1595228060257097,-1.579715435798604,23.5,0.20679999999999996,0.13486833205723117,attentive,0,2
143.66666666666666,True,0.1396321510053897,-0.6188961711699607,23.5,0.20679999999999996,0.13487534217011155,attentive,0,2
143.7,True,-2.9129908527821295,-1.0061715106061364,23.5,0.20679999999999996,0.13484518316250346,attentive,0,2
143.73333333333332,True,-3.932885220852011,1.0375970262756427,23.5,0.20679999999999996,0.13481072005254263,attentive,0,2
143.76666666666665,True,1.5669905654175547,-1.1310908235575523,23.5,0.20679999999999996,0.13483492729033508,attentive,0,2
143.8,True,-4.362810779037561,-4.386433963456566,23.5,0.20679999999999996,0.13483921204236668,attentive,0,2
143.83333333333334,True,-1.9446790946968038,-0.8501898357897323,23.5,0.20679999999999996,0.13483666371557812,attentive,0,2
143.86666666666667,True,-0.2334999218853193,0.9740239175457779,23.5,0.20679999999999996,0.13482219198119166,attentive,0,2
143.9,True,2.570318947360339,-2.379240641614686,23.5,0.20679999999999996,0.13482840434377644,attentive,0,2
143.93333333333334,True,-1.9470217257433533,-0.6081026780512029,23.5,0.20679999999999996,0.1348250762931125,attentive,0,2
143.96666666666667,True,2.936076328267398,1.9784879449306028,23.5,0.20679999999999996,0.1348384812498048,attentive,0,2
144.0,True,54.112422730210824,-20.061401590825582,23.444444444444446,0.20657777777777775,0.13520405534130864,attentive,0,2
144.03333333333333,True,51.238087580211726,-19.596840114712954,23.444444444444446,0.21099999999999997,0.13555592782175607,attentive,0,2
144.06666666666666,True,35.42916545805524,-19.92528005976105,23.444444444444446,0.21099999999999997,0.1358837705028614,attentive,0,2
144.1,True,45.66636424843163,-22.158932275677223,23.444444444444446,0.21099999999999997,0.1362426969818128,attentive,0,2
144.13333333333333,True,40.956784028386934,-23.652415372060688,23.444444444444446,0.21099999999999997,0.1365753558978274,attentive,0,2
144.16666666666666,True,34.66937558503605,-19.718898258282035,23.444444444444446,0.21099999999999997,0.13692373667611613,attentive,0,2
144.2,True,47.19766229756176,-27.27402528874325,23.444444444444446,0.21099999999999997,0.13729027457599977,attentive,0,2
144.23333333333332,True,46.65791789069659,-18.381255034981898,23.444444444444446,0.21099999999999997,0.13767288462243282,attentive,0,2
144.26666666666665,True,33.33051842304476,-23.204018513039284,23.444444444444446,0.21099999999999997,0.1380131339907036,attentive,0,2
144.3,True,47.25915821716807,-20.824875788293554,23.444444444444446,0.21099999999999997,0.13837473396165367,attentive,0,2
144.33333333333334,True,34.698506933549154,-23.23392721627366,23.444444444444446,0.21099999999999997,0.13872051343951572,attentive,0,2
144.36666666666667,True,46.49279120022859,-17.10470986706268,23.444444444444446,0.21099999999999997,0.1390675089652464,attentive,0,2
144.4,True,45.895064155901004,-19.77706051722502,23.444444444444446,0.21099999999999997,0.13942233834774215,attentive,0,2
144.43333333333334,True,43.820143030850645,-24.22460359912787,23.444444444444446,0.21099999999999997,0.13977885276545204,attentive,0,2
144.46666666666667,True,42.57024641499375,-23.30112885514903,23.444444444444446,0.21099999999999997,0.14013720449896994,attentive,0,2
144.5,True,49.82114791134416,-26.24565809035243,23.444444444444446,0.21099999999999997,0.14052062552136885,attentive,0,2
144.53333333333333,True,49.46949671683758,-17.078097990414797,23.444444444444446,0.21099999999999997,0.14087811263014524,attentive,0,2
144.56666666666666,True,46.05740350254551,-24.136638387132997,23.444444444444446,0.21099999999999997,0.14124030654886868,attentive,0,2
144.6,True,49.87900258312878,-22.84853192576588,23.444444444444446,0.21099999999999997,0.1415991694887255,attentive,0,2
144.63333333333333,True,47.21179654437149,-19.7824719279936,23.444444444444446,0.21099999999999997,0.1419591694161217,attentive,0,2
144.66666666666666,True,42.95917741913799,-18.380498321223907,23.444444444444446,0.21099999999999997,0.14230901797737697,attentive,0,2
144.7,True,50.91295009610403,-20.09904368211968,23.444444444444446,0.21099999999999997,0.142670806660358,attentive,0,2
144.73333333333332,True,41.934770236056586,-22.10329733246887,23.444444444444446,0.21099999999999997,0.14301232827783822,attentive,0,2
144.76666666666665,True,41.441974978057424,-21.301025876825584,23.444444444444446,0.21099999999999997,0.14337615169857626,attentive,0,2
144.8,True,47.111221512016016,-20.56325478467529,23.444444444444446,0.21099999999999997,0.14374869798895748,attentive,0,2
144.83333333333334,True,41.361605815232515,-20.488667800532493,23.444444444444446,0.21099999999999997,0.14407812949068405,attentive,0,2
144.86666666666667,True,45.898005077378194,-25.486707353263228,23.444444444444446,0.21099999999999997,0.14445153782448678,attentive,0,2
144.9,True,47.075440186773164,-20.316945113216306,23.444444444444446,0.21099999999999997,0.14481046981899093,attentive,0,2
144.93333333333334,True,46.57660969273691,-21.769198394974406,23.444444444444446,0.21099999999999997,0.145169414961135,attentive,0,2
144.96666666666667,True,41.79221532652294,-21.30337135576904,23.444444444444446,0.21099999999999997,0.14553222582093162,attentive,0,2
145.0,True,47.68990767055146,-17.823356276392104,23.444444444444446,0.21099999999999997,0.14588673772521885,attentive,0,2
145.03333333333333,True,45.021056251354985,-21.903762362153916,23.444444444444446,0.21099999999999997,0.14623321518092422,attentive,0,2
145.06666666666666,True,54.361124192659744,-12.757877953522682,23.444444444444446,0.21099999999999997,0.1466062190572419,attentive,0,2
145.1,True,40.52564224089064,-19.27152097849699,23.444444444444446,0.21099999999999997,0.1469338160432474,attentive,0,2
145.13333333333333,True,40.01840609339084,-27.929053826021537,23.444444444444446,0.21099999999999997,0.14728418239777252,attentive,0,2
145.16666666666666,True,38.84431741115709,-19.839930255761928,23.444444444444446,0.21099999999999997,0.14764015997591934,attentive,0,2
145.2,True,39.046121441338364,-21.385687196920383,23.38888888888889,0.21077777777777773,0.1479780738261533,attentive,0,2
145.23333333333332,True,42.15370499974226,-20.698693688348943,23.333333333333332,0.2105555555555555,0.14833589326762445,attentive,0,2
145.26666666666665,True,47.79742580791479,-20.92843420798478,23.27777777777778,0.21033333333333332,0.14871458265250267,attentive,0,2
145.3,True,47.122279675662455,-16.10675452981699,23.22222222222222,0.21011111111111108,0.14907812827965128,attentive,0,2
145.33333333333334,True,46.42814365407491,-19.049128555764426,23.166666666666664,0.20988888888888885,0.14944801864675658,attentive,0,2
145.36666666666667,True,47.537869400382924,-18.736833278241356,23.166666666666664,0.21353623188405801,0.1498069076137954,attentive,0,2
145.4,True,41.174930874549844,-20.315344915881205,23.166666666666664,0.21353623188405801,0.1501396332367717,attentive,0,2
145.43333333333334,True,49.73027377474378,-25.919299081903603,23.166666666666664,0.21353623188405801,0.15052607738979218,attentive,0,2
145.46666666666667,True,53.91290124715202,-20.88055084705316,23.166666666666664,0.21353623188405801,0.15091959474493719,attentive,0,2
145.5,True,40.104641844793036,-19.756509500266567,23.166666666666664,0.21353623188405801,0.15125443336878464,attentive,0,2
145.53333333333333,True,44.525997625739535,-22.55457617568383,23.166666666666664,0.21353623188405801,0.15159234600411534,attentive,0,2
145.56666666666666,True,51.20796386376731,-17.81696841045798,23.166666666666664,0.21353623188405801,0.15196034700818717,attentive,0,2
145.6,True,43.30760036398221,-22.36461053545819,23.166666666666664,0.21353623188405801,0.15231791376558101,attentive,0,2
145.63333333333333,True,48.5682259654084,-18.65281113394909,23.166666666666664,0.21353623188405801,0.15267572761076192,attentive,0,2
145.66666666666666,True,48.77089950876454,-17.015976400768725,23.166666666666664,0.21353623188405801,0.15302858860399085,attentive,0,2
145.7,True,43.10543780797035,-20.97548021032969,23.166666666666664,0.21353623188405801,0.15337422702874412,attentive,0,2
145.73333333333332,True,48.51197150000726,-15.03919073599019,23.166666666666664,0.21353623188405801,0.15373503199429883,attentive,0,2
145.76666666666665,True,54.14612857657535,-20.411892710591875,23.166666666666664,0.21353623188405801,0.15411346039991475,attentive,0,2
145.8,True,50.30066764014282,-19.701085873612236,23.166666666666664,0.21353623188405801,0.15448531604500126,attentive,0,2
145.83333333333334,True,57.182305656963855,-18.9731480929199,23.166666666666664,0.21353623188405801,0.15487567578079625,attentive,0,2
145.86666666666667,True,49.040584952665064,-22.013761127267802,23.166666666666664,0.21353623188405801,0.15523207058569005,attentive,0,2
145.9,True,46.2119672054611,-20.611530710101675,23.166666666666664,0.21353623188405801,0.1555997104611847,attentive,0,2
145.93333333333334,True,44.49074188909344,-20.189433974711637,23.166666666666664,0.21353623188405801,0.15596015123216952,attentive,0,2
145.96666666666667,True,47.68243163114657,-18.661057161836627,23.166666666666664,0.21353623188405801,0.15632838379382788,attentive,0,2
146.0,True,44.22745435247141,-18.172080054774483,23.166666666666664,0.21353623188405801,0.15668976909385843,attentive,0,2
146.03333333333333,True,42.200134960943345,-26.681275788609966,23.166666666666664,0.21353623188405801,0.15704457184159248,attentive,0,2
146.06666666666666,True,41.301429342017165,-16.168433134218883,23.166666666666664,0.21353623188405801,0.1573734352496598,attentive,0,2
146.1,True,47.07470027183234,-18.205770316599608,23.166666666666664,0.21353623188405801,0.15775521517869615,attentive,0,2
146.13333333333333,True,41.51473159704413,-21.400407483246017,23.166666666666664,0.21353623188405801,0.1580849328348362,attentive,0,2
146.16666666666666,True,40.90539493016889,-23.04233868898184,23.166666666666664,0.21353623188405801,0.15845496416113514,attentive,0,2
146.2,True,53.31230586349873,-16.809802088101716,23.166666666666664,0.21353623188405801,0.15882260573013277,attentive,0,2
146.23333333333332,True,44.70044158095533,-21.744657718516176,23.166666666666664,0.21353623188405801,0.15917559285241384,attentive,0,2
146.26666666666665,True,54.92503956146592,-22.558227798260116,23.166666666666664,0.21353623188405801,0.1595520557484686,attentive,0,2
146.3,True,35.946375329416085,-21.410567069902843,23.166666666666664,0.21353623188405801,0.1598873443329434,attentive,0,2
146.33333333333334,True,39.71540895143771,-19.752870274204994,23.11111111111111,0.2133140096618358,0.160235347905826,attentive,0,2
146.36666666666667,True,40.88801418217821,-14.830040454062232,23.055555555555557,0.2130917874396136,0.16057474985316647,attentive,0,2
146.4,True,47.65725568621215,-17.081441849334517,23.0,0.21286956521739137,0.1609373798520783,attentive,0,2
146.43333333333334,True,47.017079107730055,-20.309967335152347,22.944444444444446,0.21264734299516916,0.16127888621709208,attentive,0,2
146.46666666666667,True,46.214745347099736,-17.238907153464897,22.88888888888889,0.21242512077294692,0.16161169297218242,attentive,0,2
146.5,True,48.258184860822794,-19.009195867099574,22.833333333333332,0.21220289855072472,0.16197798628940976,attentive,0,2
146.53333333333333,True,47.71598241829111,-18.347513257081463,22.77777777777778,0.21198067632850248,0.1623262747046454,attentive,0,2
146.56666666666666,True,47.52484442516608,-20.421602464464335,22.72222222222222,0.21175845410628025,0.16266860722201848,attentive,0,2
146.6,True,41.85398203907742,-27.226245553316367,22.666666666666664,0.21153623188405804,0.16299233905248117,attentive,0,2
146.63333333333333,True,54.146985917740224,-18.398543896370388,22.61111111111111,0.2113140096618358,0.16335628423303616,attentive,0,2
146.66666666666666,True,49.192879741238094,-17.92004265551999,22.61111111111111,0.2113140096618358,0.16373451679898696,attentive,0,2
146.7,True,47.579793133328465,-19.935476757808964,22.61111111111111,0.21377777777777773,0.16410322657901902,attentive,0,2
146.73333333333332,True,44.70541175031131,-19.835782486104357,22.61111111111111,0.21377777777777773,0.16444582343063074,attentive,0,2
146.76666666666665,True,40.5747933314709,-20.159286672709957,22.61111111111111,0.21377777777777773,0.1647615896093676,attentive,0,2
146.8,True,54.44127559873077,-18.817301635607663,22.61111111111111,0.21377777777777773,0.16512432059127996,attentive,0,2
146.83333333333334,True,39.647885318810374,-25.048372218641887,22.61111111111111,0.21377777777777773,0.1654732084480281,attentive,0,2
146.86666666666667,True,43.35152577091788,-21.940039455113517,22.61111111111111,0.21377777777777773,0.16581585046324848,attentive,0,2
146.9,True,44.03751094785602,-14.903434319252304,22.61111111111111,0.21377777777777773,0.16615860481405254,attentive,0,2
146.93333333333334,True,41.09384965754589,-22.342610254109506,22.61111111111111,0.21377777777777773,0.16650750665014083,attentive,0,2
146.96666666666667,True,43.03188262030838,-15.419121458360799,22.61111111111111,0.21377777777777773,0.16685056535252715,attentive,0,2
147.0,True,48.456157784511646,-18.88411465900328,22.61111111111111,0.21377777777777773,0.16722510604130097,attentive,0,2
147.03333333333333,True,53.39959612815216,-18.38254906485808,22.61111111111111,0.21377777777777773,0.1675934067528826,attentive,0,2
147.06666666666666,True,45.83732278007175,-21.195646128127233,22.61111111111111,0.21377777777777773,0.16795654015646766,attentive,0,2
147.1,True,38.187828081030844,-18.958722147195513,22.61111111111111,0.21377777777777773,0.16829978194402243,attentive,0,2
147.13333333333333,True,52.90485557459456,-20.27558336579019,22.61111111111111,0.21377777777777773,0.16865814075371433,attentive,0,2
147.16666666666666,True,49.483382141454186,-17.246207350678997,22.61111111111111,0.21377777777777773,0.16903162870152325,attentive,0,2
147.2,True,45.246459875814146,-27.28968004396272,22.61111111111111,0.21377777777777773,0.169391644373451,attentive,0,2
147.23333333333332,True,45.89984021638075,-13.339538622070686,22.61111111111111,0.21377777777777773,0.16972772536248942,attentive,0,2
147.26666666666665,True,45.64731031098783,-23.600142891936038,22.61111111111111,0.21377777777777773,0.1700883795821158,attentive,0,2
147.3,True,41.27065790529682,-23.199372033717825,22.61111111111111,0.21377777777777773,0.1704371261798353,attentive,0,2
147.33333333333334,True,40.262176881686415,-22.219171486714334,22.61111111111111,0.21377777777777773,0.17079004420461252,attentive,0,2
147.36666666666667,True,46.84016904038336,-12.465529253696673,22.61111111111111,0.21377777777777773,0.1711589707789506,attentive,0,2
147.4,True,47.114172345236184,-16.932539174815943,22.555555555555557,0.21355555555555553,0.1715079416679408,attentive,0,2
147.43333333333334,True,35.79144739917837,-18.97410472096788,22.5,0.21333333333333332,0.17183290241174376,attentive,0,2
147.46666666666667,True,56.8703483763949,-21.661625098867653,22.444444444444443,0.21311111111111108,0.17221982248368903,attentive,0,2
147.5,True,47.26959257450852,-12.359637111719,22.38888888888889,0.21288888888888885,0.1725874432970419,attentive,0,2
147.53333333333333,True,42.76087062983945,-23.61313228638427,22.333333333333332,0.21266666666666662,0.172938336879227,attentive,0,2
147.56666666666666,True,41.506640564490255,-20.786863819733565,22.27777777777778,0.21244444444444444,0.17328204144092355,attentive,0,2
147.6,True,41.3074752288543,-24.32739143912346,22.22222222222222,0.2122222222222222,0.17362264100001684,attentive,0,2
147.63333333333333,True,51.83892067735498,-19.09863981131368,22.166666666666668,0.21199999999999997,0.17399649522766236,attentive,0,2
147.66666666666666,True,42.48098533615136,-22.272042002871416,22.11111111111111,0.21177777777777773,0.17436172167348113,attentive,0,2
147.7,True,46.31028667022243,-18.129275161942974,22.055555555555557,0.21155555555555552,0.17470252281737786,attentive,0,2
147.73333333333332,True,46.561205992504995,-25.974861045081006,22.0,0.21133333333333332,0.17507901730849246,attentive,0,2
147.76666666666665,True,39.17909411310898,-25.314147863867102,22.0,0.21133333333333332,0.1754145100654418,attentive,0,2
147.8,True,51.62784791617504,-18.31515503626887,22.0,0.21371428571428575,0.17576466613919725,attentive,0,2
147.83333333333334,True,58.269668052545896,-15.125995500236803,22.0,0.21371428571428575,0.1761443219989996,attentive,0,2
147.86666666666667,True,50.57071611588842,-17.968505473292595,22.0,0.21371428571428575,0.1765065302832352,attentive,0,2
147.9,True,42.915311287010155,-20.305159278432818,22.0,0.21371428571428575,0.17686896163927285,attentive,0,2
147.93333333333334,True,41.32939808601207,-22.999754384523037,22.0,0.21371428571428575,0.17721883529428828,attentive,0,2
147.96666666666667,True,40.319261467114,-17.6600507402345,22.0,0.21371428571428575,0.17756052193847893,attentive,0,2
148.0,True,2.0886139273258895,-1.5457091995097239,22.0,0.21371428571428575,0.17755574568715923,attentive,0,2
148.03333333333333,True,0.589988024845712,2.436357738897965,22.0,0.21371428571428575,0.17754610820443784,attentive,0,2
148.06666666666666,True,2.371996059014976,3.275534153390605,22.0,0.21371428571428575,0.1775578376625267,attentive,0,2
148.1,True,-0.9269849898648157,1.6471230175229212,22.0,0.21371428571428575,0.1775516552606148,attentive,0,2
148.13333333333333,True,3.4530165095195375,1.1093790033569566,22.0,0.21371428571428575,0.177553517516033,attentive,0,2
148.16666666666666,True,-1.9616535936177302,-2.820362374237793,22.0,0.21371428571428575,0.17755885196215992,attentive,0,2
148.2,True,-3.1623711394420857,-0.6731170905542174,22.0,0.21371428571428575,0.17754351235873175,attentive,0,2
148.23333333333332,True,-1.2872528234540512,-0.7967056511240569,22.0,0.21371428571428575,0.1775369215246354,attentive,0,2
148.26666666666665,True,5.455737000238621,0.0007535854304672004,22.0,0.21371428571428575,0.1775376404956645,attentive,0,2
148.3,True,-0.5054988196712364,0.17246482487714934,22.0,0.21371428571428575,0.17753723201351307,attentive,0,2
148.33333333333334,True,-1.2770121470655655,0.08877055806845216,22.0,0.21371428571428575,0.17755328436681855,attentive,0,2
148.36666666666667,True,3.0772674228180676,1.1660835588569558,22.0,0.21371428571428575,0.1775471179595257,attentive,0,2
148.4,True,2.1223240067627085,-1.4833617602363312,21.944444444444443,0.21349206349206354,0.17753815502762654,attentive,0,2
148.43333333333334,True,-2.685773784266731,-2.0662736846414513,21.88888888888889,0.2132698412698413,0.17752860462832193,attentive,0,2
148.46666666666667,True,-3.8791547588842406,1.3687598198956274,21.833333333333332,0.2130476190476191,0.17750373925102547,attentive,0,2
148.5,True,-0.33960769089752063,0.8364053511751561,21.777777777777775,0.21282539682539686,0.17748770962058164,attentive,0,2
148.53333333333333,True,2.080620696370342,-0.5120871440636564,21.722222222222225,0.21260317460317465,0.17748977813772415,attentive,0,2
148.56666666666666,True,-2.726880386279167,-2.466603358843369,21.666666666666668,0.21238095238095242,0.17749670618273447,attentive,0,2
148.6,True,6.044678701212078,-0.7013350893225078,21.61111111111111,0.2121587301587302,0.17751001575096897,attentive,0,2
148.63333333333333,True,-6.355695588096119,-6.211470802896009,21.555555555555557,0.21193650793650798,0.17747299351317727,attentive,0,2
148.66666666666666,True,4.203992461663129,-2.288861410009868,21.5,0.21171428571428574,0.17747755139787003,attentive,0,2
148.7,True,-1.1612039332858746,-1.9775343696102805,21.444444444444443,0.21149206349206354,0.17745607282860165,attentive,0,2
148.73333333333332,True,-3.3209928868773058,-0.06045789810578464,21.38888888888889,0.21126984126984133,0.17745281584339553,attentive,0,2
148.76666666666665,True,-0.08739173167092897,0.2478857542985055,21.38888888888889,0.21126984126984133,0.1774484269401203,attentive,0,2
148.8,True,-0.9646749917481559,-3.264133020070478,21.38888888888889,0.21388888888888902,0.17745661227329823,attentive,0,2
148.83333333333334,True,1.2159143961457646,-0.08803505204673506,21.38888888888889,0.21388888888888902,0.17746070108767908,attentive,0,2
148.86666666666667,True,-0.12122817828567128,-2.1146214991115815,21.38888888888889,0.21388888888888902,0.17746858068195998,attentive,0,2
148.9,True,2.076258677997062,1.7674964793495882,21.38888888888889,0.21388888888888902,0.1774711567947041,attentive,0,2
148.93333333333334,True,-1.2987719957363646,1.592200508862368,21.38888888888889,0.21388888888888902,0.1774690492802068,attentive,0,2
148.96666666666667,True,-4.3683276982406545,-3.3135243601041626,21.38888888888889,0.21388888888888902,0.17746786682742982,attentive,0,2
149.0,True,-4.749312876862591,1.3475136021501695,21.38888888888889,0.21388888888888902,0.17745107417594375,attentive,0,2
149.03333333333333,True,-1.3161724236321608,-1.9890937183611077,21.38888888888889,0.21388888888888902,0.17744967470300815,attentive,0,2
149.06666666666666,True,-1.213309929334761,-3.5741231589832596,21.38888888888889,0.21388888888888902,0.17744730113393822,attentive,0,2
149.1,True,2.309115785503827,-1.2673731644118604,21.38888888888889,0.21388888888888902,0.17744352443089167,attentive,0,2
149.13333333333333,True,-1.6110156172723795,-3.204830416997938,21.38888888888889,0.21388888888888902,0.17742108887915517,attentive,0,2
149.16666666666666,True,-2.803503568250105,2.154442256936153,21.38888888888889,0.21388888888888902,0.17743590099224527,attentive,0,2
149.2,True,-1.8445377907349794,-1.4638071001222468,21.38888888888889,0.21388888888888902,0.1774274689904217,attentive,0,2
149.23333333333332,True,1.7788953908224885,-4.400179440119595,21.38888888888889,0.21388888888888902,0.1774378682802266,attentive,0,2
149.26666666666665,True,0.31088296424777134,5.470366716293011,21.38888888888889,0.21388888888888902,0.17743083234526405,attentive,0,2
149.3,True,-0.8664978065471449,2.6060466728403267,21.38888888888889,0.21388888888888902,0.17742507448811273,attentive,0,2
149.33333333333334,True,5.6003511707467855,-1.016639474717439,21.38888888888889,0.21388888888888902,0.17745066367654524,attentive,0,2
149.36666666666667,True,1.7709047976786318,-4.419902888657761,21.333333333333336,0.21366666666666678,0.17747021323011136,attentive,0,2
149.4,True,0.9943965905029681,-2.7031876055858106,21.27777777777778,0.21344444444444455,0.17746617345064236,attentive,0,2
149.43333333333334,True,-0.2949582121202492,0.9187122222023102,21.22222222222222,0.2132222222222223,0.17745772692464865,attentive,0,2
149.46666666666667,True,2.1657773419873543,1.2754633541437654,21.166666666666668,0.2130000000000001,0.17746771188729257,attentive,0,2
149.5,True,-1.4334137688732997,2.9650267242358814,21.11111111111111,0.2127777777777779,0.17746788350302384,attentive,0,2
149.53333333333333,True,4.983958365127699,-3.602136477592526,21.055555555555554,0.21255555555555566,0.1774893828156775,attentive,0,2
149.56666666666666,True,2.599450858718419,-1.4803376568378075,21.0,0.21233333333333343,0.17748876608074518,attentive,0,2
149.6,True,-2.4023514657096876,0.7953638083644352,20.944444444444443,0.21211111111111122,0.1774812634197358,attentive,0,2
149.63333333333333,True,1.2579284498031762,-3.151841020733541,20.88888888888889,0.21188888888888902,0.17747629222837946,attentive,0,2
149.66666666666666,True,-0.49381612593259405,1.1268187422334173,20.833333333333336,0.21166666666666678,0.1774821026148031,attentive,0,2
149.7,True,-4.177621269346129,0.6574446198358113,20.833333333333336,0.21166666666666678,0.177453457328544,attentive,0,2
149.73333333333332,True,-1.2710443810452872,1.2518895437392548,20.833333333333336,0.21491228070175444,0.1774407357784376,attentive,0,2
149.76666666666665,True,-0.1849345087627065,-2.4036735461516705,20.833333333333336,0.21491228070175444,0.17743448350400073,attentive,0,2
149.8,True,-8.380879812040154,-3.531112663646249,20.833333333333336,0.21491228070175444,0.1774039996621306,attentive,0,2
149.83333333333334,True,-2.685066122126875,0.19635728533602728,20.833333333333336,0.21491228070175444,0.17739264336740113,attentive,0,2
149.86666666666667,True,0.4899045519924581,-4.373241612050748,20.833333333333336,0.21491228070175444,0.17739457783503618,attentive,0,2
149.9,True,2.721158721057573,-0.8793196746030585,20.833333333333336,0.21491228070175444,0.17741535105886713,attentive,0,2
149.93333333333334,True,0.21409722395382352,2.202493810200951,20.833333333333336,0.21491228070175444,0.17742793307917565,attentive,0,2
149.96666666666667,True,-1.6275764597639428,-0.48855586441292365,20.833333333333336,0.21491228070175444,0.17741353979251137,attentive,0,2
150.0,False,-5.538512244541751,-1.851613715473307,20.88888888888889,0.21513450292397662,0.17739846458229935,attentive,0,2
150.03333333333333,False,6.1581679464461425,2.785582879946672,20.88888888888889,0.21735672514619872,0.1773970529545355,attentive,0,2
150.06666666666666,False,-7.342303403918814,-5.565417053901879,20.88888888888889,0.21957894736842082,0.17738469028520182,attentive,0,2
150.1,False,1.5372965209210028,-1.758740162353912,20.88888888888889,0.22180116959064292,0.17734781648166598,attentive,0,2
150.13333333333333,True,0.7779045234791675,2.4950928517004947,20.833333333333336,0.2096666666666666,0.17734719316399916,attentive,0,2
150.16666666666666,True,-7.883087118198849,-1.218793466202994,20.77777777777778,0.20944444444444438,0.17733619561155697,attentive,0,2
150.2,True,-1.3070733481766832,1.9849979753865767,20.72222222222222,0.20922222222222217,0.17733153005309574,attentive,0,2
150.23333333333332,True,-0.6683071835451824,3.717650148586977,20.666666666666668,0.20899999999999994,0.17731468938842482,attentive,0,2
150.26666666666665,True,-4.245636254518841,4.920210277376855,20.61111111111111,0.20877777777777773,0.17728697990749778,attentive,0,2
150.3,True,-3.7094532225277117,2.655732370956006,20.555555555555554,0.2085555555555555,0.17728928856578158,attentive,0,2
150.33333333333334,True,3.660141344351682,-2.561608996951659,20.5,0.20833333333333326,0.17730889465981192,attentive,0,2
150.36666666666667,True,-5.839982926466332,0.002662804120034193,20.444444444444446,0.20811111111111105,0.17730490197540855,attentive,0,2
150.4,True,-2.491341179928628,-3.448578674809938,20.38888888888889,0.20788888888888885,0.1773167639136397,attentive,0,2
150.43333333333334,True,-4.6077504599294405,-8.878598911763332,20.333333333333332,0.2076666666666666,0.17730279742435484,attentive,0,2
150.46666666666667,True,-9.100399461808118,1.2916338747187768,20.27777777777778,0.20744444444444438,0.17726684815611257,attentive,0,2
150.5,True,-4.7576147328248215,-4.966543969648109,20.22222222222222,0.20722222222222217,0.17726246663401374,attentive,0,2
150.53333333333333,True,3.432533617930047,-3.5194795944577573,20.166666666666664,0.20699999999999993,0.1772558484942029,attentive,0,2
150.56666666666666,True,0.5437130954234539,-0.16170732855625217,20.11111111111111,0.20677777777777773,0.17727710484229353,attentive,0,2
150.6,True,3.6978772319741493,1.6243389051824553,20.055555555555554,0.2065555555555555,0.17729064072860268,attentive,0,2
150.63333333333333,True,1.97332019408976,-0.003705984567930803,20.0,0.20633333333333329,0.177283818274512,attentive,0,2
150.66666666666666,True,-2.1731485576036618,-0.2937950595074544,19.944444444444446,0.20611111111111105,0.17729765417789548,attentive,0,2
150.7,True,0.9321581964604703,2.8868359190827224,19.88888888888889,0.20588888888888884,0.17727492268745354,attentive,0,2
150.73333333333332,True,0.034934347801233404,5.301180724352431,19.833333333333332,0.2056666666666666,0.17725535309975365,attentive,0,2
150.76666666666665,True,0.7255870776384871,1.4876742096539932,19.77777777777778,0.20544444444444437,0.17724097160293453,attentive,0,2
150.8,True,-4.997863416999045,-3.899911939103414,19.72222222222222,0.20522222222222217,0.17724079422108988,attentive,0,2
150.83333333333334,True,-6.396447354931076,0.6577460133468355,19.666666666666664,0.20499999999999993,0.17721394012567884,attentive,0,2
150.86666666666667,True,-2.140492047244778,-5.669790360027088,19.611111111111114,0.20477777777777773,0.17722346032283653,attentive,0,2
150.9,True,-8.653554478744802,0.7552803722454398,19.555555555555557,0.2045555555555555,0.17720971110926875,attentive,0,2
150.93333333333334,True,0.1004253426963453,4.7864315827271415,19.5,0.20433333333333328,0.17719669528124268,attentive,0,2
150.96666666666667,True,-4.328039398404314,-1.6653040348555632,19.444444444444446,0.20411111111111108,0.17717189855590934,attentive,0,2
151.0,True,-3.1475040279420607,-1.1594036130459568,19.38888888888889,0.20388888888888884,0.1771676614598752,attentive,0,2
151.03333333333333,True,1.1915030849619435,6.820777547937076,19.333333333333332,0.2036666666666666,0.17716062002259297,attentive,0,2
151.06666666666666,True,0.9742437117809457,-1.9282180598187932,19.27777777777778,0.2034444444444444,0.17719673583747614,attentive,0,2
151.1,True,3.3049292437744806,-3.5479584531230124,19.22222222222222,0.20322222222222217,0.17718353611619883,attentive,0,2
151.13333333333333,True,-5.450542596281019,6.207869356477761,19.166666666666668,0.20299999999999996,0.17715899836646398,attentive,0,2
151.16666666666666,True,-0.12921479903699537,1.3741996771573,19.11111111111111,0.20277777777777772,0.17715630576919222,attentive,0,2
151.2,True,-2.8329204266177817,-2.167911740109458,19.055555555555557,0.2025555555555555,0.17715813732790614,attentive,0,2
151.23333333333332,True,-6.053440326945762,-0.0064997752410529755,19.0,0.20233333333333328,0.17713864639435828,attentive,0,2
151.26666666666665,True,-0.6271840410772186,-1.227084824003895,18.944444444444443,0.20211111111111105,0.17712723937325087,attentive,0,2
151.3,True,7.289461658109385,-2.6118393879381694,18.88888888888889,0.20188888888888884,0.17714954523099014,attentive,0,2
151.33333333333334,True,-4.499380282512149,-2.6614610178471403,18.833333333333332,0.2016666666666666,0.17713627953503414,attentive,0,2
151.36666666666667,True,-5.594646673349056,3.3083537018809794,18.777777777777775,0.20144444444444437,0.17711998736544787,attentive,0,2
151.4,True,10.61325511587092,1.127207254579478,18.722222222222225,0.2012222222222222,0.17714550151097114,attentive,0,2
151.43333333333334,True,1.7744132334058087,-3.3031657125042764,18.666666666666668,0.20099999999999996,0.17717179587907034,attentive,0,2
151.46666666666667,True,-1.0504190632421553,-0.015280549540916004,18.61111111111111,0.20077777777777772,0.17715115923766167,attentive,0,2
151.5,True,-10.464131239267187,-1.1591275163700343,18.555555555555557,0.2005555555555555,0.17713098569677874,attentive,0,2
151.53333333333333,True,-11.056304292458464,1.4816159495739871,18.5,0.20033333333333325,0.17709178789469698,attentive,0,2
151.56666666666666,True,1.958788690061535,-2.5927271734483974,18.444444444444443,0.20011111111111105,0.17708773816377962,attentive,0,2
151.6,True,-2.8301936397590377,-5.108577244896464,18.38888888888889,0.19988888888888884,0.17707244382687173,attentive,0,2
151.63333333333333,True,7.062357084857268,-5.005527513634006,18.333333333333332,0.1996666666666666,0.1771239080231972,attentive,0,2
151.66666666666666,True,-17.592239255344207,0.5281821755067873,18.27777777777778,0.19944444444444437,0.17708372549531168,attentive,0,2
151.7,True,-1.3951779741036558,2.5345019184665816,18.22222222222222,0.19922222222222213,0.17707845520478233,attentive,0,2
151.73333333333332,True,7.8118795282400795,3.4353930033023463,18.166666666666668,0.19899999999999995,0.1770889104052361,attentive,0,2
151.76666666666665,True,-2.394137558092146,-1.474646391496299,18.11111111111111,0.19877777777777772,0.17707529712079118,attentive,0,2
151.8,True,1.239907917752093,1.5986786338363728,18.055555555555554,0.19855555555555549,0.17708408163243416,attentive,0,2
151.83333333333334,True,-1.5969246553050767,1.2107980008316568,18.0,0.19833333333333325,0.1770734663059479,attentive,0,2
151.86666666666667,True,0.08664683092234639,2.618317934528092,17.944444444444443,0.19811111111111104,0.1770515928944894,attentive,0,2
151.9,True,3.1733543676058913,-4.764714093931971,17.888888888888886,0.1978888888888888,0.17706971098044022,attentive,0,2
151.93333333333334,True,7.938117652306323,-1.4595393715048832,17.833333333333336,0.1976666666666666,0.17710045307654781,attentive,0,2
151.96666666666667,True,5.826459004538732,-3.4463496303858308,17.77777777777778,0.19744444444444437,0.17712327817929413,attentive,0,2
152.0,True,3.1086960575987193,-3.9825250875599076,17.77777777777778,0.183391812865497,0.17713005630743658,attentive,0,2
152.03333333333333,True,-5.761008647423191,-1.7794001893815525,17.77777777777778,0.183391812865497,0.17714847067932338,attentive,0,2
152.06666666666666,True,-8.666550567333042,-4.253447293857354,17.77777777777778,0.183391812865497,0.1771346389096939,attentive,0,2
152.1,True,-0.3727278477997233,4.431809823983609,17.77777777777778,0.183391812865497,0.177131376880433,attentive,0,2
152.13333333333333,True,-2.5194890167400334,0.5468992259092034,17.77777777777778,0.183391812865497,0.17710894378166048,attentive,0,2
152.16666666666666,True,3.438897723557767,-9.022553938450182,17.77777777777778,0.183391812865497,0.17711987016986872,attentive,0,2
152.2,True,1.5806214727019106,6.555568092390267,17.77777777777778,0.183391812865497,0.1771230272785035,attentive,0,2
152.23333333333332,True,4.97957495991351,-3.062729659222953,17.77777777777778,0.183391812865497,0.17713887809535633,attentive,0,2
152.26666666666665,True,-2.9931143778436518,3.6231643656290293,17.77777777777778,0.183391812865497,0.17710147864503759,attentive,0,2
152.3,True,8.667840682833555,-2.096503794220135,17.77777777777778,0.183391812865497,0.17711916776659908,attentive,0,2
152.33333333333334,True,2.499620652855625,2.3561461339807526,17.77777777777778,0.183391812865497,0.17710425865854965,attentive,0,2
152.36666666666667,True,0.01897726851664514,5.770034810248086,17.77777777777778,0.183391812865497,0.17707714332612917,attentive,0,2
152.4,True,-9.324944002370394,0.9514356968059927,17.77777777777778,0.183391812865497,0.17705864181417347,attentive,0,2
152.43333333333334,True,4.800760329687718,-6.004362911664331,17.77777777777778,0.183391812865497,0.1770838109732614,attentive,0,2
152.46666666666667,True,-5.315608169277233,3.8786766781687714,17.77777777777778,0.183391812865497,0.17705895698683574,attentive,0,2
152.5,True,3.2183843914964094,-1.7325209429238537,17.77777777777778,0.183391812865497,0.17707175105093842,attentive,0,2
152.53333333333333,True,3.6598426067842227,0.9166394630879517,17.77777777777778,0.183391812865497,0.1770763436592653,attentive,0,2
152.56666666666666,True,-0.3156898999504985,4.1290577455001785,17.77777777777778,0.183391812865497,0.177075731839206,attentive,0,2
152.6,True,-1.03489146914673,-0.45214611509723585,17.77777777777778,0.183391812865497,0.1770855444197847,attentive,0,2
152.63333333333333,True,6.09168208445786,-4.447365121761803,17.77777777777778,0.183391812865497,0.17709791537415692,attentive,0,2
152.66666666666666,True,3.366830920714979,-2.7177772563563014,17.77777777777778,0.183391812865497,0.17709268280111584,attentive,0,2
152.7,True,-8.658796681820093,1.686452138979809,17.77777777777778,0.183391812865497,0.1770603844196461,attentive,0,2
152.73333333333332,True,9.241190823781817,-0.9709557652042295,17.77777777777778,0.183391812865497,0.17710193101201543,attentive,0,2
152.76666666666665,True,0.17585771331325542,0.5071800675365088,17.77777777777778,0.183391812865497,0.1771017913848771,attentive,0,2
152.8,True,4.767531874928018,4.173283429472063,17.77777777777778,0.183391812865497,0.17708944942189897,attentive,0,2
152.83333333333334,True,5.854934588360355,-5.423848085948298,17.77777777777778,0.183391812865497,0.17712693515340566,attentive,0,2
152.86666666666667,True,1.1632140185997344,-4.934157780242761,17.77777777777778,0.183391812865497,0.17713206293979633,attentive,0,2
152.9,True,-1.9527331724261061,-4.2351819818979255,17.77777777777778,0.183391812865497,0.17710467028610716,attentive,0,2
152.93333333333334,True,7.371583630600779,-1.9701496211560314,17.77777777777778,0.183391812865497,0.17714241251463475,attentive,0,2
152.96666666666667,True,-2.2850246908721674,3.653028615941345,17.77777777777778,0.183391812865497,0.17712163648945817,attentive,0,2
153.0,False,6.483162914496182,-2.362309625598008,17.833333333333336,0.18361403508771923,0.1771353267108312,attentive,0,2
153.03333333333333,False,6.738162570451182,-2.195848073992119,17.888888888888886,0.1860584795321635,0.17716004308622002,attentive,0,2
153.06666666666666,False,-1.916851933960905,3.1318167729973676,17.944444444444443,0.18850292397660784,0.1771425510868893,attentive,0,2
153.1,False,-5.779107465640828,-2.298445549837576,18.0,0.19094736842105217,0.17713271567740713,attentive,0,2
153.13333333333333,True,1.0312416152184147,-4.662478984670366,18.0,0.17999999999999983,0.17712022461412566,attentive,0,2
153.16666666666666,True,-10.985855635282311,2.83290492315343,17.944444444444443,0.1797777777777776,0.17708088452744475,attentive,0,2
153.2,True,4.89778848507966,-3.801299116482095,17.888888888888886,0.17955555555555536,0.17706323584562922,attentive,0,2
153.23333333333332,True,-6.132998637988341,1.7831992913727197,17.833333333333336,0.17933333333333318,0.17705022078837523,attentive,0,2
153.26666666666665,True,3.216306435889853,-3.4789729934337585,17.77777777777778,0.17911111111111094,0.17704990291342604,attentive,0,2
153.3,True,-2.648034817881314,0.8177875969431163,17.72222222222222,0.1788888888888887,0.1770287936449122,attentive,0,2
153.33333333333334,True,4.003259376374603,-1.8734481620438346,17.666666666666668,0.1786666666666665,0.1770441661526092,attentive,0,2
153.36666666666667,True,1.5282383459768172,0.82022701914593,17.666666666666668,0.18224561403508766,0.17703452770131373,attentive,0,2
153.4,True,4.319460126945034,0.5193975229108035,17.666666666666668,0.18224561403508766,0.17702563194825377,attentive,0,2
153.43333333333334,True,0.07953656946125039,1.5227109816013549,17.666666666666668,0.18224561403508766,0.1770158816692826,attentive,0,2
153.46666666666667,True,-4.1231499722656375,-0.9691127653369177,17.666666666666668,0.18224561403508766,0.17700877330498244,attentive,0,2
153.5,True,-7.912956868830962,6.811844475262653,17.666666666666668,0.18224561403508766,0.17698163772028763,attentive,0,2
153.53333333333333,True,-0.6443462290703406,-7.613303886899586,17.666666666666668,0.18224561403508766,0.1769787226951266,attentive,0,2
153.56666666666666,True,0.1305532926041404,0.8255668704114544,17.666666666666668,0.18224561403508766,0.17695687699831936,attentive,0,2
153.6,True,0.7640440321462277,-4.360276974523581,17.666666666666668,0.18224561403508766,0.17697363419389606,attentive,0,2
153.63333333333333,True,7.104257095340995,-9.091525887530523,17.666666666666668,0.18224561403508766,0.17701335598722806,attentive,0,2
153.66666666666666,True,-1.4222803607514345,6.195158157275187,17.666666666666668,0.18224561403508766,0.1770068504510758,attentive,0,2
153.7,True,2.707290047235431,-0.8731571873354963,17.666666666666668,0.18224561403508766,0.17700318539298104,attentive,0,2
153.73333333333332,True,-4.8469225990394955,4.786499775982416,17.666666666666668,0.18224561403508766,0.17701081577007238,attentive,0,2
153.76666666666665,True,8.4106604457561,3.5283575012708495,17.666666666666668,0.18224561403508766,0.17699393831694682,attentive,0,2
153.8,True,6.279007587867277,5.664950665472434,17.666666666666668,0.18224561403508766,0.17699305174839047,attentive,0,2
153.83333333333334,True,-13.441580857335476,5.7085379928175035,17.666666666666668,0.18224561403508766,0.17699058077808172,attentive,0,2
153.86666666666667,True,2.0200962346213434,0.04920227966604035,17.61111111111111,0.18202339181286545,0.17699641224835283,attentive,0,2
153.9,True,-7.681798357882546,-5.759841531823864,17.555555555555554,0.18180116959064324,0.17698452773388607,attentive,0,2
153.93333333333334,True,8.888730439181922,-0.7114834875477017,17.5,0.181578947368421,0.17699954360982037,attentive,0,2
153.96666666666667,True,-5.225957815318266,2.4102167024754997,17.444444444444446,0.18135672514619877,0.1769831710220148,attentive,0,2
154.0,True,-3.9257520779237685,-1.3588011243849218,17.38888888888889,0.18113450292397656,0.17693107134310257,attentive,0,2
154.03333333333333,True,3.666936881736078,3.483329314704288,17.333333333333336,0.18091228070175436,0.17692329483725028,attentive,0,2
154.06666666666666,True,-0.4753106844216068,0.8763258924742194,17.27777777777778,0.18069005847953212,0.17691546136851827,attentive,0,2
154.1,True,-1.1030797710391205,0.06454825416810682,17.22222222222222,0.1804678362573099,0.17689252109537754,attentive,0,2
154.13333333333333,True,1.1763235163121,2.088444301569765,17.166666666666668,0.18024561403508768,0.17687894454488112,attentive,0,2
154.16666666666666,True,-7.559316838523091,0.8800703649871696,17.11111111111111,0.18002339181286545,0.1768352312387647,attentive,0,2
154.2,True,-0.9976986851592023,-3.009877049740689,17.055555555555554,0.17980116959064324,0.17680614741014272,attentive,0,2
154.23333333333332,True,-2.717671174175423,2.1004789611906554,17.0,0.179578947368421,0.1767805497286149,attentive,0,2
154.26666666666665,True,-5.884769690035509,-3.1439673364774,16.944444444444446,0.17935672514619877,0.17676426771718912,attentive,0,2
154.3,True,6.616702220857951,-2.2872663505290745,16.944444444444446,0.18074074074074065,0.17678552313917364,attentive,0,2
154.33333333333334,True,1.32686786804622,3.004736268352524,16.944444444444446,0.18074074074074065,0.17680493058549784,attentive,0,2
154.36666666666667,True,-6.560074695445024,-4.510293647173074,16.944444444444446,0.18074074074074065,0.1768029375219849,attentive,0,2
154.4,True,-4.73840156151045,2.012367433266338,16.944444444444446,0.18074074074074065,0.17677690417434846,attentive,0,2
154.43333333333334,True,-5.727975172270889,-2.213291483886324,16.944444444444446,0.18074074074074065,0.17678054777533564,attentive,0,2
154.46666666666667,True,2.4819062879919924,1.4927669148229128,16.944444444444446,0.18074074074074065,0.17677289934606294,attentive,0,2
154.5,True,-1.554178560704887,1.471168409222906,16.944444444444446,0.18074074074074065,0.17677190722015046,attentive,0,2
154.53333333333333,True,5.131489393243533,-4.744637225626271,16.944444444444446,0.18074074074074065,0.17678172675699566,attentive,0,2
154.56666666666666,True,-2.358367535626763,0.9040424930182823,16.944444444444446,0.18074074074074065,0.1767764635194663,attentive,0,2
154.6,True,-2.4787981702872957,2.8332673428841253,16.944444444444446,0.18074074074074065,0.17676017076501827,attentive,0,2
154.63333333333333,True,1.6526737142908525,0.757705998704998,16.944444444444446,0.18074074074074065,0.17674959524487086,attentive,0,2
154.66666666666666,True,-3.7055564899830555,-2.1280972434076344,16.944444444444446,0.18074074074074065,0.1767337546592196,attentive,0,2
154.7,True,8.945133805836774,-0.8362766672357267,16.88888888888889,0.18051851851851844,0.17674679987687525,attentive,0,2
154.73333333333332,True,-2.1753795891985495,-0.43074748457171,16.833333333333332,0.18029629629629623,0.1767532244729976,attentive,0,2
154.76666666666665,True,-8.626563126228804,-0.27451177819922346,16.77777777777778,0.180074074074074,0.17674188492322188,attentive,0,2
154.8,True,15.916123797071405,2.839758059514633,16.72222222222222,0.17985185185185176,0.17677862210059736,attentive,0,2
154.83333333333334,True,-3.280361373409268,-3.318195607656681,16.666666666666664,0.17962962962962953,0.17678044660623976,attentive,0,2
154.86666666666667,True,1.957104474881941,3.920124118944288,16.61111111111111,0.17940740740740732,0.17676767942539653,attentive,0,2
154.9,True,-0.9351858138244348,0.5961940069107359,16.555555555555557,0.17918518518518511,0.17676114193654546,attentive,0,2
154.93333333333334,True,1.089979750773351,4.954768281763682,16.555555555555557,0.1830849673202613,0.1767751571314814,attentive,0,2
154.96666666666667,True,0.2889334369257191,0.01098311462880035,16.555555555555557,0.1830849673202613,0.1767747231414178,attentive,0,2
155.0,True,-10.71312741951076,-4.264097120073038,16.555555555555557,0.1830849673202613,0.17673021955543045,attentive,0,2
155.03333333333333,True,-1.3731187654798704,0.19559566951538906,16.555555555555557,0.1830849673202613,0.17671876986281979,attentive,0,2
155.06666666666666,True,0.8802095553043542,-1.425042579557759,16.555555555555557,0.1830849673202613,0.17671088109673538,attentive,0,2
155.1,True,-4.706275858413692,-2.5059890772836098,16.555555555555557,0.1830849673202613,0.17671877525436963,attentive,0,2
155.13333333333333,True,-4.748776550625551,-2.664142637044209,16.555555555555557,0.1830849673202613,0.1767142471918125,attentive,0,2
155.16666666666666,True,2.434608949146063,-2.4035951258087533,16.555555555555557,0.1830849673202613,0.1767360849102166,attentive,0,2
155.2,True,5.621883678372607,2.8003947032672296,16.555555555555557,0.1830849673202613,0.17673265012108802,attentive,0,2
155.23333333333332,True,-4.518995607515384,-1.6879429400566417,16.555555555555557,0.1830849673202613,0.17672311140024216,attentive,0,2
155.26666666666665,True,-4.184604364586478,2.301479628340305,16.555555555555557,0.1830849673202613,0.1766876944861213,attentive,0,2
155.3,True,-2.4220401946818795,3.876480481802576,16.555555555555557,0.1830849673202613,0.1766540336207634,attentive,0,2
155.33333333333334,True,-1.9991618293718292,-0.8151570212080046,16.555555555555557,0.1830849673202613,0.17663514541575867,attentive,0,2
155.36666666666667,True,-0.9488951433275693,-1.50886716225402,16.555555555555557,0.1830849673202613,0.17664221373446426,attentive,0,2
155.4,True,2.6090623157993633,1.6134479645329567,16.555555555555557,0.1830849673202613,0.17664299945889103,attentive,0,2
155.43333333333334,True,-5.397055875809898,-0.9676444709401854,16.555555555555557,0.1830849673202613,0.17662295004211254,attentive,0,2
155.46666666666667,True,-0.5766538087253587,1.343207880312133,16.555555555555557,0.1830849673202613,0.17661863033035197,attentive,0,2
155.5,True,3.3707975667521697,-1.4430248408570947,16.555555555555557,0.1830849673202613,0.1766106325687624,attentive,0,2
155.53333333333333,True,-5.353848005978945,-4.439309416388819,16.555555555555557,0.1830849673202613,0.17658580349590633,attentive,0,2
155.56666666666666,True,-1.7069339953386642,1.7366601971476259,16.555555555555557,0.1830849673202613,0.17660120228778697,attentive,0,2
155.6,True,3.6597913909672046,0.9338695597680216,16.555555555555557,0.1830849673202613,0.1765876308674053,attentive,0,2
155.63333333333333,True,2.409368968520684,-4.960675008321508,16.555555555555557,0.1830849673202613,0.17659359986870204,attentive,0,2
155.66666666666666,True,5.728257652659775,-1.9971539996083607,16.555555555555557,0.1830849673202613,0.17659192883365135,attentive,0,2
155.7,True,1.9937933217886,0.2750264687911447,16.555555555555557,0.1830849673202613,0.17657445545577033,attentive,0,2
155.73333333333332,True,-1.6164839669127313,0.5054503826934827,16.555555555555557,0.1830849673202613,0.1765734170800283,attentive,0,2
155.76666666666665,True,4.623059572229423,1.1761727628077776,16.555555555555557,0.1830849673202613,0.17659319290716075,attentive,0,2
155.8,True,-0.4369082200983131,-1.2053651868455846,16.555555555555557,0.1830849673202613,0.17657493780493397,attentive,0,2
155.83333333333334,True,10.040991383668919,0.08437982213323866,16.555555555555557,0.1830849673202613,0.17661239095388617,attentive,0,2
155.86666666666667,True,0.2847042072483297,-2.510900256358717,16.555555555555557,0.1830849673202613,0.1766077431856867,attentive,0,2
155.9,True,-5.284355940278873,-1.1179694071387971,16.555555555555557,0.1830849673202613,0.17662557107689936,attentive,0,2
155.93333333333334,True,6.489554891657597,-0.8973812440905768,16.555555555555557,0.1830849673202613,0.1766548103760312,attentive,0,2
155.96666666666667,True,0.6960058463456124,-1.6077600456488084,16.555555555555557,0.1830849673202613,0.17666197548321022,attentive,0,2
156.0,False,6.000086427531425,0.447229829554544,16.61111111111111,0.18330718954248354,0.17667044018487743,attentive,0,2
156.03333333333333,False,-3.9276981004529508,0.48631883057843767,16.666666666666664,0.18575163398692784,0.1766526311993922,attentive,0,2
156.06666666666666,False,3.2222269228152407,-1.2947069802943607,16.72222222222222,0.18819607843137218,0.17666224179185186,attentive,0,2
156.1,False,-0.9395036943126681,-4.4932502378742365,16.77777777777778,0.19064052287581648,0.1766572204777068,attentive,0,2
156.13333333333333,True,-9.127546790107633,-0.242896998040578,16.77777777777778,0.17896296296296277,0.1766412717811246,attentive,0,2
156.16666666666666,True,1.5086230471677178,-1.927040458894304,16.77777777777778,0.17896296296296277,0.17664166755602867,attentive,0,2
156.2,True,1.9966437245111113,3.657043205098601,16.77777777777778,0.17896296296296277,0.1766651698642535,attentive,0,2
156.23333333333332,True,-3.8196234942897602,0.8156703321435009,16.77777777777778,0.17896296296296277,0.17663181532999622,attentive,0,2
156.26666666666665,True,10.107342811574483,1.7047234019481239,16.77777777777778,0.17896296296296277,0.1766520932395289,attentive,0,2
156.3,True,6.291088584265032,-5.467870826422513,16.77777777777778,0.17896296296296277,0.17669216064989862,attentive,0,2
156.33333333333334,True,-1.3706273336680934,-4.761180386307643,16.77777777777778,0.17896296296296277,0.17671204847951621,attentive,0,2
156.36666666666667,True,5.520229413526336,-3.5442881420035657,16.77777777777778,0.17896296296296277,0.1767215108850595,attentive,0,2
156.4,True,-0.778164617567063,1.4814728439991298,16.77777777777778,0.17896296296296277,0.17671215530683412,attentive,0,2
156.43333333333334,True,4.309742137967223,-3.903013670806953,16.77777777777778,0.17896296296296277,0.17671427325258637,attentive,0,2
156.46666666666667,True,-0.9596787874381929,-2.5664634609441084,16.77777777777778,0.17896296296296277,0.1767354440106581,attentive,0,2
156.5,True,1.1813285899102433,-3.2777655226191085,16.77777777777778,0.17896296296296277,0.17674738711469606,attentive,0,2
156.53333333333333,True,5.909004351210601,5.453041813311468,16.77777777777778,0.17896296296296277,0.17674596614726412,attentive,0,2
156.56666666666666,True,-3.3817220514980693,1.3742840584749576,16.77777777777778,0.17896296296296277,0.176728670032737,attentive,0,2
156.6,True,-2.9586898523381215,-2.873759521098875,16.77777777777778,0.17896296296296277,0.1766954456803667,attentive,0,2
156.63333333333333,True,-5.661259932195691,-1.2861714264813893,16.77777777777778,0.17896296296296277,0.17667032049108644,attentive,0,2
156.66666666666666,True,-5.665980966851402,5.570896854276155,16.77777777777778,0.17896296296296277,0.17664569231459193,attentive,0,2
156.7,True,5.207970424685747,4.301520704140785,16.77777777777778,0.17896296296296277,0.17665823350610443,attentive,0,2
156.73333333333332,True,-1.2015843185967956,-4.06037093249471,16.77777777777778,0.17896296296296277,0.17666107706919099,attentive,0,2
156.76666666666665,True,8.381002845563918,2.127422804765762,16.77777777777778,0.17896296296296277,0.1766687085569751,attentive,0,2
156.8,True,2.217258206791173,3.203322273024118,16.77777777777778,0.17896296296296277,0.1766530492193083,attentive,0,2
156.83333333333334,True,-3.670456715469929,-5.864669182756237,16.77777777777778,0.17896296296296277,0.17665037124746813,attentive,0,2
156.86666666666667,True,-2.873121743762989,1.97146752598311,16.77777777777778,0.17896296296296277,0.17662827969763367,attentive,0,2
156.9,True,-3.9256698715646383,0.5314427133171071,16.77777777777778,0.17896296296296277,0.17661814392950653,attentive,0,2
156.93333333333334,True,-1.0580105664776858,2.0778247916067834,16.77777777777778,0.17896296296296277,0.17659668732982386,attentive,0,2
156.96666666666667,True,-0.3586860211142944,-1.2838534087023354,16.77777777777778,0.17896296296296277,0.17659890585566254,attentive,0,2
157.0,True,-2.8585852342061964,4.550913013840841,16.77777777777778,0.17896296296296277,0.17659779347497054,attentive,0,2
157.03333333333333,True,0.8623882107092999,2.2894757531555983,16.77777777777778,0.17896296296296277,0.17660560085634494,attentive,0,2
157.06666666666666,True,-2.434070029920398,5.128914614738435,16.77777777777778,0.17896296296296277,0.17659825620105013,attentive,0,2
157.1,True,0.5276680007847876,4.714773877303873,16.77777777777778,0.17896296296296277,0.17658903306547757,attentive,0,2
157.13333333333333,True,4.998109022884325,0.15982100153547912,16.72222222222222,0.17874074074074053,0.17660752404209873,attentive,0,2
157.16666666666666,True,5.431408019612992,7.562451957260063,16.666666666666664,0.1785185185185183,0.17659230997885522,attentive,0,2
157.2,True,-1.4771629536641988,-0.25854762755575555,16.61111111111111,0.1782962962962961,0.17654543203905504,attentive,0,2
157.23333333333332,True,0.6464471085929338,0.2790693007080867,16.555555555555557,0.17807407407407388,0.17654495384822144,attentive,0,2
157.26666666666665,True,-2.3512924497188994,-1.5703994792449218,16.5,0.17785185185185165,0.17655140082262707,attentive,0,2
157.3,True,-2.3255686638673065,-0.8594232431884706,16.444444444444446,0.17762962962962944,0.17653794403932604,attentive,0,2
157.33333333333334,True,-4.245564440267678,-0.7245939076413996,16.38888888888889,0.1774074074074072,0.17655098300380062,attentive,0,2
157.36666666666667,True,2.2273772001120267,2.6727645868728827,16.38888888888889,0.18124183006535927,0.1765501805446645,attentive,0,2
157.4,True,-7.991916889480761,-4.1601330999873225,16.38888888888889,0.18124183006535927,0.17651650528093255,attentive,0,2
157.43333333333334,True,6.971862374820227,5.745387331195472,16.38888888888889,0.18124183006535927,0.17651572673266638,attentive,0,2
157.46666666666667,True,-7.006162616258739,0.6436023333066778,16.38888888888889,0.18124183006535927,0.1764765025241327,attentive,0,2
157.5,True,-7.165970699437079,6.652633059055199,16.38888888888889,0.18124183006535927,0.1764375184561816,attentive,0,2
157.53333333333333,True,-1.5094832076850464,5.213366699705972,16.38888888888889,0.18124183006535927,0.17641158534070103,attentive,0,2
157.56666666666666,True,1.2396148094151147,0.051579542155410385,16.38888888888889,0.18124183006535927,0.17640587189608786,attentive,0,2
157.6,True,-5.432838469617144,-5.1978104295924075,16.333333333333332,0.18101960784313703,0.17639394323962115,attentive,0,2
157.63333333333333,True,6.083044678388896,-0.48230602698277897,16.27777777777778,0.1807973856209148,0.17642639272969007,attentive,0,2
157.66666666666666,True,5.139055205604766,0.11912638355896281,16.22222222222222,0.18057516339869256,0.176451639326191,attentive,0,2
157.7,True,-12.310082475483183,-1.0260389023944676,16.166666666666664,0.18035294117647035,0.1764213177908011,attentive,0,2
157.73333333333332,True,-1.2792548552917977,1.9170602205781098,16.11111111111111,0.18013071895424815,0.1764027750563829,attentive,0,2
157.76666666666665,True,7.664047597619678,0.6240737494195657,16.055555555555557,0.1799084967320259,0.17641646257035665,attentive,0,2
157.8,True,4.858912219541237,-2.3341548505969745,16.0,0.17968627450980368,0.1764238491589057,attentive,0,2
157.83333333333334,True,4.218539927197765,-3.1081154973383067,15.944444444444445,0.17946405228758147,0.17644882590069055,attentive,0,2
157.86666666666667,True,1.6281142566273419,-7.267181366848001,15.88888888888889,0.17924183006535926,0.17644371983453705,attentive,0,2
157.9,True,5.441463258673129,-0.5471506164488623,15.833333333333332,0.17901960784313703,0.17643462920694006,attentive,0,2
157.93333333333334,True,6.699419132488446,0.36456101623047527,15.777777777777777,0.1787973856209148,0.17644805915333978,attentive,0,2
157.96666666666667,True,6.7754197318873,1.7205371896137451,15.722222222222223,0.1785751633986926,0.1764664591411432,attentive,0,2
158.0,True,5.4960174110234155,3.0415168525262017,15.666666666666668,0.17835294117647038,0.17647323124063374,attentive,0,2
158.03333333333333,True,-0.02853605701855739,-0.02669383907323111,15.611111111111112,0.17813071895424815,0.17647252979466546,attentive,0,2
158.06666666666666,True,4.479003741405927,0.3915547443412443,15.611111111111112,0.17952777777777754,0.1764806314654076,attentive,0,2
158.1,True,0.3384347110687509,-1.1955911159215156,15.611111111111112,0.17952777777777754,0.17649791709729817,attentive,0,2
158.13333333333333,True,-1.0882678938662607,1.619335007195347,15.611111111111112,0.17952777777777754,0.17650690417929796,attentive,0,2
158.16666666666666,True,-0.31059142646908344,2.075487932719089,15.611111111111112,0.17952777777777754,0.17649125514448508,attentive,0,2
158.2,True,1.4305165723658153,-0.6939368810169446,15.611111111111112,0.17952777777777754,0.17649599784186956,attentive,0,2
158.23333333333332,True,-0.7837905154794681,-2.935649438964947,15.611111111111112,0.17952777777777754,0.1765083344276254,attentive,0,2
158.26666666666665,True,-3.171131420490932,-3.917725971402755,15.611111111111112,0.17952777777777754,0.17648657500400916,attentive,0,2
158.3,True,2.1901713656609894,-3.049100417938367,15.611111111111112,0.17952777777777754,0.17648861693091458,attentive,0,2
158.33333333333334,True,4.102564717740992,2.9081361742702976,15.611111111111112,0.17952777777777754,0.1764900213785096,attentive,0,2
158.36666666666667,True,3.042330131937461,-0.7128262337737632,15.611111111111112,0.17952777777777754,0.17648150523078046,attentive,0,2
158.4,True,1.6625429404423167,-3.4514177729300486,15.611111111111112,0.17952777777777754,0.17648181575389923,attentive,0,2
158.43333333333334,True,-4.185076605795003,3.454272220941129,15.611111111111112,0.17952777777777754,0.17645216629890031,attentive,0,2
158.46666666666667,True,3.0055532512208276,-2.1947793373565716,15.611111111111112,0.17952777777777754,0.17643915346194447,attentive,0,2
158.5,True,-2.434696867400355,-2.2547587975023893,15.611111111111112,0.17952777777777754,0.1764196124741791,attentive,0,2
158.53333333333333,True,-5.2095890468189925,3.548485530703287,15.611111111111112,0.17952777777777754,0.1764162678292004,attentive,0,2
158.56666666666666,True,-1.508264492619764,-3.0336121342137967,15.611111111111112,0.17952777777777754,0.17641881088980105,attentive,0,2
158.6,True,-1.7351778417559836,3.6247120979940544,15.611111111111112,0.17952777777777754,0.1764053601568611,attentive,0,2
158.63333333333333,True,1.9553073209396208,-3.0954145430738387,15.611111111111112,0.17952777777777754,0.1764145214712347,attentive,0,2
158.66666666666666,True,3.37380030001313,1.734031828994731,15.611111111111112,0.17952777777777754,0.17640679834821477,attentive,0,2
158.7,True,0.9200950771927574,-0.7212995771914577,15.611111111111112,0.17952777777777754,0.17641982442860843,attentive,0,2
158.73333333333332,True,-0.5366579656251451,-1.704090755842317,15.611111111111112,0.17952777777777754,0.1764183966976949,attentive,0,2
158.76666666666665,True,3.653172438393878,-3.973005451454095,15.611111111111112,0.17952777777777754,0.17642210965266986,attentive,0,2
158.8,True,-3.13221694491439,-0.33926598853483236,15.611111111111112,0.17952777777777754,0.17641057749311834,attentive,0,2
158.83333333333334,True,1.2099221254538597,4.013002473546095,15.611111111111112,0.17952777777777754,0.17639093624693852,attentive,0,2
158.86666666666667,True,-2.601312166050599,2.2492747839858813,15.611111111111112,0.17952777777777754,0.17635187855229667,attentive,0,2
158.9,True,-3.8524310366852244,0.5559787828805267,15.611111111111112,0.17952777777777754,0.17632880085848884,attentive,0,2
158.93333333333334,True,4.830002732580424,-4.354361817603511,15.611111111111112,0.17952777777777754,0.1763322401241431,attentive,0,2
158.96666666666667,True,0.4826531018395353,-1.3383195918480804,15.611111111111112,0.17952777777777754,0.1763156342748958,attentive,0,2
159.0,False,-1.8099919050975473,-4.219726543028318,15.666666666666668,0.17974999999999974,0.17632340434868066,attentive,0,2
159.03333333333333,False,3.9476537464525348,3.514935596197583,15.722222222222223,0.18219444444444408,0.1763202801236747,attentive,0,2
159.06666666666666,False,-6.569637470120182,-3.188186156770981,15.777777777777777,0.18463888888888838,0.1762987728606806,attentive,0,2
159.1,False,-2.0307031923065506,-2.9660260247747097,15.833333333333332,0.1870833333333327,0.1762985089657757,attentive,0,2
159.13333333333333,True,1.3739619620920236,-4.469529559148434,15.833333333333332,0.17509803921568595,0.17629234454871784,attentive,0,2
159.16666666666666,True,2.155927241804269,-1.5974028344327205,15.833333333333332,0.17509803921568595,0.17631593236411577,attentive,0,2
159.2,True,-3.957453567656542,2.982435524043571,15.833333333333332,0.17509803921568595,0.17630897239573057,attentive,0,2
159.23333333333332,True,-1.39440441477402,-4.77840721549085,15.833333333333332,0.17509803921568595,0.17630811676374816,attentive,0,2
159.26666666666665,True,3.344551330954584,4.696745985423223,15.833333333333332,0.17509803921568595,0.17630267888636583,attentive,0,2
159.3,True,5.0068681488296765,-2.701985881661996,15.833333333333332,0.17509803921568595,0.17626944052116836,attentive,0,2
159.33333333333334,True,0.35859358044517015,0.3299122996736357,15.833333333333332,0.17509803921568595,0.17627219433072006,attentive,0,2
159.36666666666667,True,-1.5586406797951458,-0.26565962614998745,15.833333333333332,0.17509803921568595,0.17628745025914147,attentive,0,2
159.4,True,0.177889762793573,0.1919362444232919,15.833333333333332,0.17509803921568595,0.17629214205161858,attentive,0,2
159.43333333333334,True,-0.681924359963271,-5.272118814248818,15.833333333333332,0.17509803921568595,0.1763188501467131,attentive,0,2
159.46666666666667,True,-2.3237405128643402,-3.5515891596473708,15.833333333333332,0.17509803921568595,0.1763115979432405,attentive,0,2
159.5,True,5.066853437221064,6.199066044223731,15.833333333333332,0.17509803921568595,0.17630814270939896,attentive,0,2
159.53333333333333,True,-3.2686634291582073,-3.7223238416794504,15.833333333333332,0.17509803921568595,0.17629339781138031,attentive,0,2
159.56666666666666,True,-0.35182309516815297,2.0503674032411356,15.833333333333332,0.17509803921568595,0.17628578388639285,attentive,0,2
159.6,True,-0.4890833808030071,2.542252256048953,15.833333333333332,0.17509803921568595,0.17626841962466655,attentive,0,2
159.63333333333333,True,-7.229541386182352,-0.39577355041511714,15.833333333333332,0.17509803921568595,0.1762506225492419,attentive,0,2
159.66666666666666,True,0.12003161897564173,0.9565247294688707,15.833333333333332,0.17509803921568595,0.17623633846702252,attentive,0,2
159.7,True,-4.401359997157453,-5.185075253046292,15.833333333333332,0.17509803921568595,0.17620970512564418,attentive,0,2
159.73333333333332,True,-4.743762377535977,1.8406033546084275,15.833333333333332,0.17509803921568595,0.1761808948383309,attentive,0,2
159.76666666666665,True,-0.59899935061802,4.979997100872555,15.833333333333332,0.17509803921568595,0.17616336937326468,attentive,0,2
159.8,True,2.4148263580373497,3.518151120709114,15.833333333333332,0.17509803921568595,0.17616807733338252,attentive,0,2
159.83333333333334,True,-2.554748457508071,-2.211585364947964,15.833333333333332,0.17509803921568595,0.17616922400780927,attentive,0,2
159.86666666666667,True,1.6310812959338503,4.606916195481558,15.833333333333332,0.17509803921568595,0.17617408631330228,attentive,0,2
159.9,True,5.10298305673939,-2.759363827483026,15.833333333333332,0.17509803921568595,0.17617253656412177,attentive,0,2
159.93333333333334,True,-0.5517770276340707,-1.798640959615197,15.833333333333332,0.17509803921568595,0.1761654683915252,attentive,0,2
159.96666666666667,True,1.9781883295901694,-4.748314246021593,15.833333333333332,0.17509803921568595,0.1761800339846348,attentive,0,2
160.0,True,-0.7748159526755716,-1.7023166990810132,15.777777777777777,0.17487581699346372,0.17618554213006915,attentive,0,2
160.03333333333333,True,-2.455602255527087,-3.647036298021197,15.722222222222223,0.1746535947712415,0.1761930393457522,attentive,0,2
160.06666666666666,True,3.8305243163930043,-3.3100715597295354,15.666666666666668,0.1744313725490193,0.1761983904215515,attentive,0,2
160.1,True,0.3688883139071203,-0.4734348158866539,15.611111111111112,0.17420915032679707,0.17618353654427898,attentive,0,2
160.13333333333333,True,0.37337772853939666,3.686325539012436,15.555555555555555,0.17398692810457483,0.1761680579741728,attentive,0,2
160.16666666666666,True,1.59685959457782,2.87051530573774,15.5,0.1737647058823526,0.17616498095409971,attentive,0,2
160.2,True,-3.4108028091398954,-2.2228188293565005,15.444444444444445,0.1735424836601304,0.17614436610255657,attentive,0,2
160.23333333333332,True,5.749947897558559,0.039682967485985696,15.388888888888888,0.17332026143790819,0.17615376468700458,attentive,0,2
160.26666666666665,True,-1.0070389863955407,0.053125510928060844,15.333333333333332,0.17309803921568595,0.17614026970746605,attentive,0,2
160.3,True,2.3278408004390383,0.13851986033752842,15.277777777777779,0.17287581699346372,0.17614163639093394,attentive,0,2
160.33333333333334,True,-2.763943663629377,-1.6742679231114217,15.222222222222223,0.1726535947712415,0.17614870582164974,attentive,0,2
160.36666666666667,True,1.0989361483813296,0.061037265424175625,15.166666666666668,0.1724313725490193,0.17611985333875843,attentive,0,2
160.4,True,3.663629136211679,3.5064362844853596,15.11111111111111,0.17220915032679707,0.1760995409826945,attentive,0,2
160.43333333333334,True,3.1712162509840978,4.127965926732372,15.055555555555555,0.17198692810457483,0.17609500431979863,attentive,0,2
160.46666666666667,True,0.9131225612578509,-1.0036427844652074,15.0,0.1717647058823526,0.17608865059369996,attentive,0,2
160.5,True,-0.5553750885070481,0.21938040407534587,14.944444444444443,0.1715424836601304,0.17607254307914888,attentive,0,2
160.53333333333333,True,-3.991768275331271,3.68493836761387,14.888888888888888,0.17132026143790818,0.17605606324856077,attentive,0,2
160.56666666666666,True,3.8785498856217355,6.119087248917093,14.833333333333334,0.17109803921568595,0.17605364834440487,attentive,0,2
160.6,True,-4.801691186692517,-0.34539075385015583,14.777777777777779,0.17087581699346371,0.17605526422381906,attentive,0,2
160.63333333333333,True,-10.928140505515275,2.626304891429239,14.722222222222223,0.1706535947712415,0.17603867448517696,attentive,0,2
160.66666666666666,True,4.204278538023746,-5.574124975053977,14.666666666666666,0.1704313725490193,0.17604963465043488,attentive,0,2
160.7,True,-5.98189706370848,0.21096513982506018,14.61111111111111,0.17020915032679707,0.17603019431576739,attentive,0,2
160.73333333333332,True,-0.7456856586543834,-0.9456707913924063,14.555555555555555,0.16998692810457483,0.17602863465511615,attentive,0,2
160.76666666666665,True,-3.990436719517466,-0.4961357213082578,14.499999999999998,0.1697647058823526,0.17601354947863423,attentive,0,2
160.8,True,-3.5126830564495988,-1.0322420772051784,14.444444444444443,0.1695424836601304,0.17600157953277673,attentive,0,2
160.83333333333334,True,-3.5130037212494702,1.423710460444184,14.38888888888889,0.16932026143790818,0.17596955895770194,attentive,0,2
160.86666666666667,True,-3.0489007365836396,2.6776198718889197,14.333333333333334,0.16909803921568595,0.17595532927075824,attentive,0,2
160.9,True,5.580395400600139,0.165030971360283,14.277777777777779,0.1688758169934637,0.17598412425036813,attentive,0,2
160.93333333333334,True,-1.5858784619739537,0.9921389839081379,14.222222222222221,0.1686535947712415,0.17597887253932346,attentive,0,2
160.96666666666667,True,-4.113864880508037,0.58094211355771,14.166666666666666,0.1684313725490193,0.1759727820103063,attentive,0,2
161.0,True,-4.935677431802539,-1.1680411004467788,14.11111111111111,0.16820915032679706,0.17596325776034627,attentive,0,2
161.03333333333333,True,-5.269994646659802,-10.135267998766745,14.055555555555554,0.16798692810457483,0.17596744100788464,attentive,0,2
161.06666666666666,True,-4.640882510428486,-0.6873021925342986,14.000000000000002,0.16776470588235262,0.1759629435224892,attentive,0,2
161.1,True,-3.751786671861685,1.3034812866901073,13.944444444444445,0.16754248366013041,0.17595914602737864,attentive,0,2
161.13333333333333,True,5.456005828331104,-1.5889681438620793,13.88888888888889,0.16732026143790818,0.17599165217723248,attentive,0,2
161.16666666666666,True,-5.492273736872806,-3.3908694306968075,13.833333333333334,0.16709803921568595,0.17596975395434264,attentive,0,2
161.2,True,1.774318932029895,-1.0165655396074815,13.777777777777779,0.1668758169934637,0.17597753459127832,attentive,0,2
161.23333333333332,True,2.1378120784984893,-1.6509227099469912,13.722222222222221,0.1666535947712415,0.17600383648181583,attentive,0,2
161.26666666666665,True,-0.9110126622045779,-2.8118864045581993,13.666666666666666,0.1664313725490193,0.17601394249896446,attentive,0,2
161.3,True,-0.6987595861935236,-3.0214829460686516,13.61111111111111,0.16620915032679706,0.1760129608005052,attentive,0,2
161.33333333333334,True,0.8961189304254514,1.7998522314266887,13.555555555555557,0.16598692810457483,0.17600468203240405,attentive,0,2
161.36666666666667,True,-3.8771191966444696,1.5192506670026145,13.5,0.16576470588235262,0.17597438456994058,attentive,0,2
161.4,True,8.260006145033989,3.3729051849376157,13.444444444444445,0.1655424836601304,0.17598049949111652,attentive,0,2
161.43333333333334,True,0.3954632859772107,2.291271259795562,13.38888888888889,0.16532026143790818,0.17596422722117927,attentive,0,2
161.46666666666667,True,-5.534230124973411,1.120112438313181,13.333333333333334,0.16509803921568594,0.17594372469811076,attentive,0,2
161.5,True,5.1837907080874,1.4270768139731114,13.277777777777777,0.1648758169934637,0.17594833999609827,attentive,0,2
161.53333333333333,True,-2.532924933717174,1.7106782561780371,13.222222222222221,0.1646535947712415,0.17594946908201886,attentive,0,2
161.56666666666666,True,-1.9495022301434235,1.3351009185055334,13.166666666666666,0.1644313725490193,0.17592616996014965,attentive,0,2
161.6,True,-0.8337420296379717,-3.940471992061548,13.111111111111112,0.16420915032679706,0.17594065658841498,attentive,0,2
161.63333333333333,True,-0.7527427288794812,-3.875257925446642,13.055555555555557,0.16398692810457483,0.17596079012598814,attentive,0,2
161.66666666666666,True,1.088603748586652,-1.9589143975809191,13.0,0.16376470588235262,0.1759791067419554,attentive,0,2
161.7,True,-4.370348049871736,-0.7700128993619804,12.944444444444445,0.1635424836601304,0.17598160645090666,attentive,0,2
161.73333333333332,True,1.192039507533124,-3.9388807555546848,12.88888888888889,0.16332026143790818,0.17597370280395858,attentive,0,2
161.76666666666665,True,7.635469336889916,0.2576824931845598,12.833333333333332,0.16309803921568594,0.17597951822110394,attentive,0,2
161.8,True,-5.320336196345917,2.4554080151891537,12.777777777777777,0.1628758169934637,0.17596122735306102,attentive,0,2
161.83333333333334,True,-0.3819398977375941,0.42902273485218984,12.722222222222221,0.1626535947712415,0.17595571682833966,attentive,0,2
161.86666666666667,True,-1.4729510321219346,1.7078922501976799,12.666666666666668,0.1624313725490193,0.17594539284335456,attentive,0,2
161.9,True,2.1698916625995595,-6.227838376436025,12.611111111111112,0.16220915032679706,0.17596053623623786,attentive,0,2
161.93333333333334,True,-8.916008963785014,-1.4310079321434166,12.555555555555555,0.16198692810457482,0.17595394962835215,attentive,0,2
161.96666666666667,True,-0.3064692355245,5.004476291756228,12.5,0.16176470588235262,0.17596279089896083,attentive,0,2
162.0,False,-0.0346989941210178,5.744312764962545,12.555555555555555,0.1439722222222219,0.17596124686744946,attentive,0,2
162.03333333333333,False,8.467611999592238,-3.3190846227345303,12.611111111111112,0.1464166666666662,0.17596702141809922,attentive,0,2
162.06666666666666,False,-2.2356237551989526,3.650707943379528,12.666666666666668,0.14886111111111053,0.17595922596435676,attentive,0,2
162.1,False,-8.58309061346117,-0.9957942858331009,12.722222222222221,0.15130555555555483,0.17592407029151425,attentive,0,2
162.13333333333333,True,-3.463537679968889,-1.8752344246537278,12.722222222222221,0.14069281045751592,0.1759300642570677,attentive,0,2
162.16666666666666,True,-9.118443657089674,3.384204069514422,12.722222222222221,0.14069281045751592,0.1758902985107385,attentive,0,2
162.2,True,-4.417164122392083,2.0437335534934307,12.722222222222221,0.14069281045751592,0.17587414029212553,attentive,0,2
162.23333333333332,True,-1.469952221101023,0.8372449656249615,12.722222222222221,0.14069281045751592,0.17587690401151626,attentive,0,2
162.26666666666665,True,-0.130084130818223,-0.6224743406200642,12.722222222222221,0.14069281045751592,0.1758439653404396,attentive,0,2
162.3,True,-2.3445229220649098,-1.2431904824305908,12.722222222222221,0.14069281045751592,0.17583137175224528,attentive,0,2
162.33333333333334,True,-2.697925580825199,0.8760670853479726,12.722222222222221,0.14069281045751592,0.1758332629019042,attentive,0,2
162.36666666666667,True,1.8105938824731211,-2.384455962142124,12.722222222222221,0.14069281045751592,0.17582839027139358,attentive,0,2
162.4,True,3.575858497489876,-0.002215588147277837,12.722222222222221,0.14069281045751592,0.1758453884070964,attentive,0,2
162.43333333333334,True,-2.164833776153272,1.4596562705145864,12.722222222222221,0.14069281045751592,0.17581693393979414,attentive,0,2
162.46666666666667,True,3.8799954998734805,-4.077857105522328,12.666666666666668,0.1404705882352937,0.17583889345945303,attentive,0,2
162.5,True,-2.9857761245839627,1.760987846362249,12.611111111111112,0.1402483660130715,0.17580475584317184,attentive,0,2
162.53333333333333,True,-3.458530673905767,0.9498498257669141,12.555555555555555,0.14002614379084927,0.1757772573777578,attentive,0,2
162.56666666666666,True,-3.8071948701523333,-4.152869123093728,12.5,0.13980392156862703,0.17573002778293728,attentive,0,2
162.6,True,3.76410782376638,0.0019765349630013894,12.444444444444445,0.13958169934640483,0.17573013373767685,attentive,0,2
162.63333333333333,True,-1.1065644617455463,2.1329365245520684,12.38888888888889,0.13935947712418262,0.17571113169195984,attentive,0,2
162.66666666666666,True,-2.4565118497683587,2.3427757720122786,12.333333333333334,0.13913725490196038,0.17568296843882636,attentive,0,2
162.7,True,-1.1183573257104944,2.7244852952417338,12.277777777777779,0.13891503267973815,0.17566719377293158,attentive,0,2
162.73333333333332,True,-8.186255333767054,0.461974908893251,12.222222222222221,0.13869281045751594,0.17566267946925762,attentive,0,2
162.76666666666665,True,0.8719834511434027,6.172134149356597,12.166666666666668,0.1384705882352937,0.17564933885375614,attentive,0,2
162.8,True,1.0816447599278398,0.8247690237293881,12.11111111111111,0.1382483660130715,0.17564332272246846,attentive,0,2
162.83333333333334,True,-7.75927115032026,-2.6676460180860615,12.055555555555555,0.13802614379084926,0.17561905177180523,attentive,0,2
162.86666666666667,True,5.457930496419946,-5.575698653799835,12.0,0.13780392156862703,0.17561382599330055,attentive,0,2
162.9,True,-5.7908588667354035,2.558346363941766,11.944444444444445,0.13758169934640482,0.17561735735027223,attentive,0,2
162.93333333333334,True,-2.2805647412776975,-1.6143541152980163,11.88888888888889,0.13735947712418262,0.17559851383185732,attentive,0,2
162.96666666666667,True,-6.59255259256559,-0.8638686455019483,11.833333333333334,0.13713725490196038,0.1755693370032927,attentive,0,2
163.0,True,-4.926949416920266,-3.483877813013872,11.777777777777777,0.13691503267973815,0.1755506274371198,attentive,0,2
163.03333333333333,True,1.444037088387052,4.089074682838071,11.722222222222223,0.13669281045751594,0.1755306362857706,attentive,0,2
163.06666666666666,True,-2.47843263361715,3.4088920637512303,11.666666666666666,0.1364705882352937,0.17551008311320251,attentive,0,2
163.1,True,-9.56121280390851,0.1740187706069784,11.666666666666666,0.13416666666666632,0.17547351643059267,attentive,0,2
163.13333333333333,True,-2.6473756840779603,2.5746833910631315,11.666666666666666,0.13416666666666632,0.17546365222602475,attentive,0,2
163.16666666666666,True,-5.252787026116418,-0.7750622142393312,11.666666666666666,0.13416666666666632,0.17543311783908122,attentive,0,2
163.2,True,3.043315416344275,-1.5508530836258447,11.666666666666666,0.13416666666666632,0.17541508411563284,attentive,0,2
163.23333333333332,True,-2.8036934970701517,-2.1129785456462082,11.666666666666666,0.13416666666666632,0.17542794775220782,attentive,0,2
163.26666666666665,True,-0.3713515057530817,2.33210150004574,11.666666666666666,0.13416666666666632,0.17542396554338302,attentive,0,2
163.3,True,-3.268961552300435,0.18700281262201154,11.666666666666666,0.13416666666666632,0.17540998436073815,attentive,0,2
163.33333333333334,True,-0.01140200651583037,5.015450241659297,11.666666666666666,0.13416666666666632,0.17537374679064616,attentive,0,2
163.36666666666667,True,-5.005684180814535,3.831568251402008,11.666666666666666,0.13416666666666632,0.17534064876120015,attentive,0,2
163.4,True,-4.238988114224071,-2.9388997255300935,11.666666666666666,0.13416666666666632,0.1753179048864869,attentive,0,2
163.43333333333334,True,-1.562798011918074,-1.645567593888367,11.666666666666666,0.13416666666666632,0.17531292957531708,attentive,0,2
163.46666666666667,True,4.95131497014449,-1.777938535361341,11.666666666666666,0.13416666666666632,0.17531571856137781,attentive,0,2
163.5,True,9.047970342277289,-2.998686216135785,11.666666666666666,0.13416666666666632,0.1753683584955615,attentive,0,2
163.53333333333333,True,7.698084667113924,-1.3070073182800517,11.666666666666666,0.13416666666666632,0.17536721154291807,attentive,0,2
163.56666666666666,True,3.4133203043889493,1.9646394291073286,11.666666666666666,0.13416666666666632,0.1753551513086224,attentive,0,2
163.6,True,2.424541596316702,-1.1743372605859315,11.666666666666666,0.13416666666666632,0.17533748775911573,attentive,0,2
163.63333333333333,True,6.036387103774139,2.387533940315013,11.666666666666666,0.13416666666666632,0.1753597184304146,attentive,0,2
163.66666666666666,True,-0.8287143945203101,-0.8559745167476149,11.666666666666666,0.13416666666666632,0.17537831410857424,attentive,0,2
163.7,True,0.551144732123053,-1.7777988716133262,11.666666666666666,0.13416666666666632,0.17535755054093732,attentive,0,2
163.73333333333332,True,-3.328375356738751,-4.456502897198494,11.666666666666666,0.13416666666666632,0.17534155679653168,attentive,0,2
163.76666666666665,True,4.204419665268297,1.120857371892336,11.666666666666666,0.13416666666666632,0.1753368966333208,attentive,0,2
163.8,True,1.4178507460383056,0.4768005697819179,11.666666666666666,0.13416666666666632,0.1753532797976709,attentive,0,2
163.83333333333334,True,2.4940660507137755,5.286209919486475,11.666666666666666,0.13416666666666632,0.17534646599291345,attentive,0,2
163.86666666666667,True,4.8699146178648745,-1.698025911714622,11.666666666666666,0.13416666666666632,0.17532758945433732,attentive,0,2
163.9,True,-1.9130772093238981,0.7528839364752768,11.666666666666666,0.13416666666666632,0.1753195875479638,attentive,0,2
163.93333333333334,True,5.012683757784599,5.034730412051946,11.666666666666666,0.13416666666666632,0.1753210578497164,attentive,0,2
163.96666666666667,True,1.562959390311728,2.1308486743018333,11.666666666666666,0.13416666666666632,0.17530989385771734,attentive,0,2
164.0,True,3.720205686993827,-1.2005237212602067,11.666666666666666,0.13416666666666632,0.17533072976404526,attentive,0,2
164.03333333333333,True,4.793640309308343,-1.6280696328317932,11.666666666666666,0.13416666666666632,0.17533216138060892,attentive,0,2
164.06666666666666,True,4.558288992258711,-7.087437939687936,11.666666666666666,0.13416666666666632,0.1753495549883158,attentive,0,2
164.1,True,2.1256771652916346,-2.695151364773218,11.666666666666666,0.13416666666666632,0.17534213740626226,attentive,0,2
164.13333333333333,True,0.16634869282905979,-0.127893001375608,11.666666666666666,0.13416666666666632,0.17534205857727703,attentive,0,2
164.16666666666666,True,0.4377523744376352,-0.20881268557884972,11.666666666666666,0.13416666666666632,0.17535063884046864,attentive,0,2
164.2,True,-2.55494191423798,2.334690496408109,11.666666666666666,0.13416666666666632,0.17534141198583217,attentive,0,2
164.23333333333332,True,1.366772483694413,-2.2886490724495347,11.666666666666666,0.13416666666666632,0.17534117150137457,attentive,0,2
164.26666666666665,True,0.6305439228402923,-4.5114440290682225,11.666666666666666,0.13416666666666632,0.17533170912067111,attentive,0,2
164.3,True,-1.0438357181524305,-1.1068147778837187,11.666666666666666,0.13416666666666632,0.17533237401835505,attentive,0,2
164.33333333333334,True,-5.446712234489376,-1.158725471261395,11.666666666666666,0.13416666666666632,0.1753265974196251,attentive,0,2
164.36666666666667,True,-3.4057935032257096,-2.42324017410389,11.666666666666666,0.13416666666666632,0.1753182884782152,attentive,0,2
164.4,True,-1.0021884192639343,3.0878040652167993,11.666666666666666,0.13416666666666632,0.17528445576856866,attentive,0,2
164.43333333333334,True,-1.142318872274003,3.5419400056318846,11.666666666666666,0.13416666666666632,0.1752635433218049,attentive,0,2
164.46666666666667,True,-0.8802692845502809,2.0151818554043426,11.666666666666666,0.13416666666666632,0.17524808680717208,attentive,0,2
164.5,True,7.557441054028619,1.8105845487192171,11.666666666666666,0.13416666666666632,0.17522981157888473,attentive,0,2
164.53333333333333,True,-4.81046804173459,1.7227551138421997,11.61111111111111,0.1339444444444441,0.1752145418743189,attentive,0,2
164.56666666666666,True,4.926561568682053,-1.7407572388308272,11.555555555555555,0.13372222222222185,0.17522399670392771,attentive,0,2
164.6,True,5.791146186395961,1.7927448961581933,11.5,0.13349999999999965,0.1752577022670109,attentive,0,2
164.63333333333333,True,-1.8049243514691382,1.2231140439328576,11.444444444444445,0.13327777777777744,0.17527341502418609,attentive,0,2
164.66666666666666,True,2.664555612003055,0.8689208539384972,11.38888888888889,0.1330555555555552,0.17526559056932214,attentive,0,2
164.7,True,-3.2633364797652713,1.2319501709425236,11.333333333333332,0.13283333333333297,0.1752404598275905,attentive,0,2
164.73333333333332,True,-0.3987267062492211,-2.6160838936985575,11.277777777777779,0.13261111111111076,0.17521901522857836,attentive,0,2
164.76666666666665,True,-3.863798404835991,0.08784444847628974,11.222222222222221,0.13238888888888853,0.1751990520540046,attentive,0,2
164.8,True,-0.5923631206845442,1.6614834732045685,11.166666666666666,0.13216666666666632,0.17520525541618395,attentive,0,2
164.83333333333334,True,-0.6859340143747504,-4.341086755540685,11.11111111111111,0.1319444444444441,0.17519075303529175,attentive,0,2
164.86666666666667,True,-0.9967505656063953,-3.6153109294989267,11.055555555555555,0.13172222222222188,0.17517163933079832,attentive,0,2
164.9,True,1.1133526164638805,-0.21875948851197743,11.0,0.13149999999999964,0.1751768809492544,attentive,0,2
164.93333333333334,True,3.9008598024604466,-3.010610296738924,10.944444444444445,0.13127777777777744,0.17518171354495238,attentive,0,2
164.96666666666667,True,-0.15731483995630827,0.38085262199003295,10.888888888888888,0.1310555555555552,0.17517217372178023,attentive,0,2
165.0,False,0.5355769576149603,-2.297909009004178,10.888888888888888,0.1310555555555552,0.17518890521110853,attentive,0,2
165.03333333333333,False,4.654478497741165,1.358895071967763,10.944444444444445,0.13266666666666618,0.17518843798012768,attentive,0,2
165.06666666666666,False,6.179098161985886,0.11573395668490984,11.0,0.1351111111111105,0.17518639348450388,attentive,0,2
165.1,False,1.120553582647127,-0.40853593087269885,11.055555555555555,0.13755555555555482,0.17522243392257644,attentive,0,2
165.13333333333333,True,3.777043249329833,-1.36686432123684,11.055555555555555,0.12713888888888844,0.17522630183328872,attentive,0,2
165.16666666666666,True,0.009883681029741407,-4.912425132902563,11.055555555555555,0.12713888888888844,0.1752442872737766,attentive,0,2
165.2,True,2.8868240138650476,-3.9559205995050606,11.055555555555555,0.12713888888888844,0.17527967437165504,attentive,0,2
165.23333333333332,True,-1.950024636935328,-0.2592212883519963,11.055555555555555,0.12713888888888844,0.17526441460998865,attentive,0,2
165.26666666666665,True,2.74034866141255,2.605353697245355,11.055555555555555,0.12713888888888844,0.1752551923298934,attentive,0,2
165.3,True,1.3765807213869188,-0.30721300388993855,11.055555555555555,0.12713888888888844,0.17527550073881484,attentive,0,2
165.33333333333334,True,3.4774448058263756,0.36642737196029,11.055555555555555,0.12713888888888844,0.17527424105096545,attentive,0,2
165.36666666666667,True,-3.3552065929240587,-5.101393642370186,11.055555555555555,0.12713888888888844,0.17524704684593972,attentive,0,2
165.4,True,0.18821085395856724,1.3070797269923535,11.055555555555555,0.12713888888888844,0.17524573386470127,attentive,0,2
165.43333333333334,True,-3.448757373422567,-0.4289763062017966,11.055555555555555,0.12713888888888844,0.1752283952257253,attentive,0,2
165.46666666666667,True,0.7770799939555592,-1.3625579175520564,11.055555555555555,0.12713888888888844,0.17523986712793607,attentive,0,2
165.5,True,-2.451929529875336,-0.46866123943708815,11.055555555555555,0.12713888888888844,0.17523315112897417,attentive,0,2
165.53333333333333,True,0.1703472824492717,3.276255347107355,11.055555555555555,0.12713888888888844,0.1752362418164407,attentive,0,2
165.56666666666666,True,0.1462596193357658,-2.7979191785463375,11.055555555555555,0.12713888888888844,0.17524799142670372,attentive,0,2
165.6,True,-1.521935159502205,1.9417327332614598,11.055555555555555,0.12713888888888844,0.17526161785541217,attentive,0,2
165.63333333333333,True,1.4855857057910282,-1.9266846783360005,11.055555555555555,0.12713888888888844,0.17526711925411204,attentive,0,2
165.66666666666666,True,2.8127877645987955,-0.3211070933281786,11.055555555555555,0.12713888888888844,0.1752915552835735,attentive,0,2
165.7,True,2.259407264571302,3.094850694630586,11.055555555555555,0.12713888888888844,0.17527810573695743,attentive,0,2
165.73333333333332,True,2.1194848903593875,3.85653554956761,11.055555555555555,0.12713888888888844,0.175295699140637,attentive,0,2
165.76666666666665,True,-3.8258313005485274,-1.897034563400117,11.055555555555555,0.12713888888888844,0.17528199065207567,attentive,0,2
165.8,True,-0.6808352943673504,-1.3276342909503824,11.055555555555555,0.12713888888888844,0.17527953623930967,attentive,0,2
165.83333333333334,True,0.22040474883681108,0.024209569117656624,11.055555555555555,0.12713888888888844,0.17529446435997525,attentive,0,2
165.86666666666667,True,1.4417470386611104,-2.0546953392243448,11.055555555555555,0.12713888888888844,0.17530645198574685,attentive,0,2
165.9,True,-0.28597055439035396,-0.07942218188551939,11.055555555555555,0.12713888888888844,0.17531868944129544,attentive,0,2
165.93333333333334,True,-1.5218660337287109,1.6193168589684894,11.055555555555555,0.12713888888888844,0.17531931813761176,attentive,0,2
165.96666666666667,True,0.07020633930051974,-1.6353198471924106,11.055555555555555,0.12713888888888844,0.17531265932382942,attentive,0,2
166.0,True,1.48514086946226,0.8820494383497948,11.055555555555555,0.12713888888888844,0.17529134034243157,attentive,0,2
166.03333333333333,True,2.267556175120642,1.1542902308617176,11.055555555555555,0.12713888888888844,0.17528936374142667,attentive,0,2
166.06666666666666,True,-4.682116598252925,3.8910336838284922,11.055555555555555,0.12713888888888844,0.17527097422003823,attentive,0,2
166.1,True,-5.704361467696325,-2.2943924962626827,11.055555555555555,0.12713888888888844,0.17523632057640956,attentive,0,2
166.13333333333333,True,-0.253240924491681,-0.40978355741029315,11.055555555555555,0.12713888888888844,0.17524300927827619,attentive,0,2
166.16666666666666,True,1.9991295979467776,1.2010921256698937,11.055555555555555,0.12713888888888844,0.17525897241806998,attentive,0,2
166.2,True,-1.0530862873804276,2.855495509174018,11.055555555555555,0.12713888888888844,0.17523965679803866,attentive,0,2
166.23333333333332,True,0.8276757326811939,1.1018400534266988,11.055555555555555,0.12713888888888844,0.17523985859971208,attentive,0,2
166.26666666666665,True,-2.1842821323945194,-1.708843954947355,11.055555555555555,0.12713888888888844,0.17523172126231185,attentive,0,2
166.3,True,2.813243527523775,-4.329670503340047,11.055555555555555,0.12713888888888844,0.17524945028847502,attentive,0,2
166.33333333333334,True,-3.2915833745331855,1.1968552487825004,11.0,0.12691666666666623,0.17520250385903147,attentive,0,2
166.36666666666667,True,-1.7011218616314898,-5.429701323286802,10.944444444444445,0.126694444444444,0.1751957954253125,attentive,0,2
166.4,True,5.181217045332642,-2.4497281997293077,10.888888888888888,0.12647222222222176,0.17522854816858202,attentive,0,2
166.43333333333334,True,1.4602499960496584,2.264275428785564,10.833333333333334,0.12624999999999956,0.17521902923862134,attentive,0,2
166.46666666666667,True,-3.582075280228461,-1.480692200400895,10.777777777777779,0.12602777777777735,0.17519612316169447,attentive,0,2
166.5,True,2.963498319928711,-0.5738158188194622,10.722222222222221,0.12580555555555512,0.17519631048790496,attentive,0,2
166.53333333333333,True,0.5775584073613114,-1.0886891291578256,10.666666666666668,0.12558333333333288,0.17519849478526878,attentive,0,2
166.56666666666666,True,-2.1074295678359714,-1.1682403694140677,10.61111111111111,0.12536111111111067,0.17517219665312034,attentive,0,2
166.6,True,-3.2344333585813922,1.7687896811717743,10.555555555555555,0.12513888888888844,0.17515760132058694,attentive,0,2
166.63333333333333,True,0.15668429472303283,-2.419684112439684,10.5,0.12491666666666623,0.17514980365881094,attentive,0,2
166.66666666666666,True,2.277041703025465,-1.350061291968338,10.444444444444445,0.124694444444444,0.17517270592020925,attentive,0,2
166.7,True,0.28811207107988573,-2.7908892606031497,10.38888888888889,0.12447222222222179,0.17514987808760593,attentive,0,2
166.73333333333332,True,1.440878626755017,-1.099626999711504,10.38888888888889,0.12447222222222179,0.17513355096661365,attentive,0,2
166.76666666666665,True,6.618090591342834,-4.609111786772208,10.38888888888889,0.12466666666666612,0.17516361447892337,attentive,0,2
166.8,True,-1.2444348331223687,0.29451952548831134,10.38888888888889,0.12466666666666612,0.17515656421858816,attentive,0,2
166.83333333333334,True,1.6077321843715942,-1.2142700534045447,10.38888888888889,0.12466666666666612,0.1751696616222373,attentive,0,2
166.86666666666667,True,-5.178559900037011,-0.37049766085686864,10.38888888888889,0.12466666666666612,0.1751788524486996,attentive,0,2
166.9,True,2.0832934149544355,4.632225645032602,10.38888888888889,0.12466666666666612,0.1751908408120066,attentive,0,2
166.93333333333334,True,3.496389609694242,-0.2828809942753225,10.38888888888889,0.12466666666666612,0.1751729361946474,attentive,0,2
166.96666666666667,True,-0.4683020417287609,0.7489535403887834,10.38888888888889,0.12466666666666612,0.17519851280857862,attentive,0,2
167.0,True,-4.4818583348389325,3.5970715453619277,10.38888888888889,0.12466666666666612,0.1751884634895954,attentive,0,2
167.03333333333333,True,-0.010022467692343653,-2.285252930412593,10.38888888888889,0.12466666666666612,0.17523133830072318,attentive,0,2
167.06666666666666,True,3.450160009372301,0.9838710138846959,10.38888888888889,0.12466666666666612,0.17520343112505815,attentive,0,2
167.1,True,-1.316756776100642,-0.1738895502220353,10.38888888888889,0.12466666666666612,0.17517971373173136,attentive,0,2
167.13333333333333,True,-4.306770340203069,-0.6541645105602195,10.38888888888889,0.12466666666666612,0.1751612683857782,attentive,0,2
167.16666666666666,True,-1.718416837089281,-2.833789439782133,10.38888888888889,0.12466666666666612,0.1751460633781306,attentive,0,2
167.2,True,1.6181094340543514,0.5683428390231987,10.38888888888889,0.12466666666666612,0.1751709837940365,attentive,0,2
167.23333333333332,True,1.8596019042304208,0.05165171939381458,10.38888888888889,0.12466666666666612,0.17514627846326097,attentive,0,2
167.26666666666665,True,-1.4481466144579125,-1.4229573338516384,10.38888888888889,0.12466666666666612,0.17512714838797327,attentive,0,2
167.3,True,6.263696840292032,-1.0783353781801386,10.38888888888889,0.12466666666666612,0.1751269797619291,attentive,0,2
167.33333333333334,True,-4.621911434588218,-4.582336248666029,10.38888888888889,0.12466666666666612,0.17512139234076113,attentive,0,2
167.36666666666667,True,-5.134329167470026,-1.0079406537433648,10.38888888888889,0.12466666666666612,0.17509584453628602,attentive,0,2
167.4,True,-1.9242141043235184,-2.480751906790946,10.38888888888889,0.12466666666666612,0.17507307900704477,attentive,0,2
167.43333333333334,True,1.736629855587268,-2.8066512256933205,10.38888888888889,0.12466666666666612,0.1750817729183658,attentive,0,2
167.46666666666667,True,3.5127808156703044,3.7118952307791924,10.38888888888889,0.12466666666666612,0.17508633132955978,attentive,0,2
167.5,True,2.7175201597978935,-2.731688376523688,10.38888888888889,0.12466666666666612,0.17507978580385472,attentive,0,2
167.53333333333333,True,-0.8396424835991377,2.606742702868736,10.38888888888889,0.12466666666666612,0.1750686291436088,attentive,0,2
167.56666666666666,True,4.219541531891277,1.4734730368033153,10.38888888888889,0.12466666666666612,0.1751020762085554,attentive,0,2
167.6,True,5.10094404490268,0.3757813427672779,10.38888888888889,0.12466666666666612,0.17512346230099363,attentive,0,2
167.63333333333333,True,-6.146827945862414,-0.47656204528737284,10.38888888888889,0.12466666666666612,0.1750911647493351,attentive,0,2
167.66666666666666,True,-0.2518825188294318,0.9609971252966086,10.38888888888889,0.12466666666666612,0.175083035547478,attentive,0,2
167.7,True,-5.983229914380895,-0.843624009774986,10.38888888888889,0.12466666666666612,0.17507934670622038,attentive,0,2
167.73333333333332,True,-1.46912570598804,-0.5754488656519023,10.38888888888889,0.12466666666666612,0.17505928625414025,attentive,0,2
167.76666666666665,True,1.7763610230268323,-1.190439537225148,10.38888888888889,0.12466666666666612,0.17505729725093055,attentive,0,2
167.8,True,3.2207827324076086,4.925899832803481,10.38888888888889,0.12466666666666612,0.1750389894898656,attentive,0,2
167.83333333333334,True,-1.0454842857550373,-0.9464369605946478,10.38888888888889,0.12466666666666612,0.17500051625516924,attentive,0,2
167.86666666666667,True,2.5375316943456,0.050744543776764225,10.38888888888889,0.12466666666666612,0.17504015976466064,attentive,0,2
167.9,True,-1.4275320629405932,-1.5302024806715488,10.38888888888889,0.12466666666666612,0.1750060417857504,attentive,0,2
167.93333333333334,True,4.065721840419316,-4.827428299360578,10.38888888888889,0.12466666666666612,0.17504104215812727,attentive,0,2
167.96666666666667,True,-2.5257515629998966,0.684039128594706,10.38888888888889,0.12466666666666612,0.17500903312274013,attentive,0,2
168.0,False,-5.795053112860975,2.3184232518650147,10.38888888888889,0.12466666666666612,0.17497308721475915,attentive,0,2
168.03333333333333,False,1.5975612152623848,-2.833099924989868,10.38888888888889,0.12688888888888822,0.17499122367164133,attentive,0,2
168.06666666666666,False,1.215289636307555,-2.329455728377975,10.38888888888889,0.12911111111111032,0.17498805793609878,attentive,0,2
168.1,False,1.1009660885028862,0.4103292927582724,10.38888888888889,0.1313333333333324,0.1749648921601939,attentive,0,2
168.13333333333333,True,3.7268190201339437,2.2999262994506653,10.333333333333334,0.12091666666666606,0.1749486164758928,attentive,0,2
168.16666666666666,True,-0.9375746867219149,2.508718022373387,10.277777777777777,0.12069444444444384,0.17493619468915433,attentive,0,2
168.2,True,-2.2567079328159476,-4.202885092430191,10.222222222222223,0.12047222222222162,0.17494929279643637,attentive,0,2
168.23333333333332,True,-0.11396265235673284,-1.3758981774263623,10.166666666666666,0.12024999999999939,0.17494380440413632,attentive,0,2
168.26666666666665,True,-5.087388189223801,-2.0723805133320425,10.11111111111111,0.12002777777777718,0.1749213112455162,attentive,0,2
168.3,True,1.0853452748099053,3.794198982669805,10.11111111111111,0.12133333333333272,0.17491473856857276,attentive,0,2
168.33333333333334,True,-2.3250526249294214,1.8282783877928261,10.11111111111111,0.12133333333333272,0.1748739639178319,attentive,0,2
168.36666666666667,True,-7.671762837571224,-0.9888155860765053,10.11111111111111,0.12133333333333272,0.17485873069390132,attentive,0,2
168.4,True,-5.085305988747793,-3.1860844146740805,10.11111111111111,0.12133333333333272,0.17485272188556217,attentive,0,2
168.43333333333334,True,-0.6576040461628496,4.820220290249697,10.11111111111111,0.12133333333333272,0.17481956623467065,attentive,0,2
168.46666666666667,True,-1.2593996445605422,-2.4060074761966352,10.11111111111111,0.12133333333333272,0.17481179846611947,attentive,0,2
168.5,True,4.520378029885506,-0.5755531199455215,10.11111111111111,0.12133333333333272,0.1747942796432239,attentive,0,2
168.53333333333333,True,-3.4783360419755747,-2.2345832516741555,10.11111111111111,0.12133333333333272,0.1747738156510315,attentive,0,2
168.56666666666666,True,-2.2657166080630637,3.60867962340471,10.11111111111111,0.12133333333333272,0.17476523331400437,attentive,0,2
168.6,True,-4.483123703912177,-0.8652766817519892,10.11111111111111,0.12133333333333272,0.1747553639263353,attentive,0,2
168.63333333333333,True,-1.581045766306527,2.437819069123324,10.11111111111111,0.12133333333333272,0.1747565025424891,attentive,0,2
168.66666666666666,True,-0.1971055934856011,-1.8683098352782543,10.11111111111111,0.12133333333333272,0.17474799616187198,attentive,0,2
168.7,True,2.120829586165668,-2.0254497727171454,10.11111111111111,0.12133333333333272,0.17472532373137,attentive,0,2
168.73333333333332,True,-1.4068815953641018,-0.9048275939477055,10.11111111111111,0.12133333333333272,0.17473695187732538,attentive,0,2
168.76666666666665,True,4.579783091175972,-3.2485377085440894,10.11111111111111,0.12133333333333272,0.17474204906798993,attentive,0,2
168.8,True,-2.3020657241452964,1.3784936930366853,10.11111111111111,0.12133333333333272,0.17472484752444364,attentive,0,2
168.83333333333334,True,0.7726883856933076,-2.758257750750454,10.11111111111111,0.12133333333333272,0.17470504187760555,attentive,0,2
168.86666666666667,True,1.55467343561269,0.4879269622991196,10.11111111111111,0.12133333333333272,0.17468906663755376,attentive,0,2
168.9,True,-2.0382748996976754,-1.0041374841483206,10.11111111111111,0.12133333333333272,0.1746681864014949,attentive,0,2
168.93333333333334,True,-1.734263571411087,0.6869664702045247,10.11111111111111,0.12133333333333272,0.1746212404667552,attentive,0,2
168.96666666666667,True,0.9916855780711072,-1.5907770647853856,10.11111111111111,0.12133333333333272,0.17464371658110778,attentive,0,2
169.0,True,-1.7155817861819902,-3.5681373311831286,10.11111111111111,0.12133333333333272,0.17462047040818385,attentive,0,2
169.03333333333333,True,6.96590339836648,-0.39140338991979146,10.11111111111111,0.12133333333333272,0.17461642621088647,attentive,0,2
169.06666666666666,True,-2.5140226522364393,1.5225610481508118,10.11111111111111,0.12133333333333272,0.17457643130843578,attentive,0,2
169.1,True,-0.6266848351902286,-1.327580420801954,10.11111111111111,0.12133333333333272,0.1745831339592954,attentive,0,2
169.13333333333333,True,-1.4565197075821614,-4.441080233283377,10.11111111111111,0.12133333333333272,0.17457089961416256,attentive,0,2
169.16666666666666,True,-2.7876074873047645,-0.8297959144872553,10.11111111111111,0.12133333333333272,0.17456232947651584,attentive,0,2
169.2,True,-0.24687069848421622,-1.9204847193104126,10.11111111111111,0.12133333333333272,0.17458858024675603,attentive,0,2
169.23333333333332,True,4.696753561665378,3.076713331588485,10.11111111111111,0.12133333333333272,0.17461180135676002,attentive,0,2
169.26666666666665,True,-4.2396978028584575,-0.8536122445258724,10.11111111111111,0.12133333333333272,0.1745931614566055,attentive,0,2
169.3,True,1.8046859689132495,-0.5644320464000956,10.11111111111111,0.12133333333333272,0.17460533567608705,attentive,0,2
169.33333333333334,True,-4.413760981662898,-0.6301264373086531,10.11111111111111,0.12133333333333272,0.17460146751451644,attentive,0,2
169.36666666666667,True,1.4437707964361874,0.11699556681297064,10.055555555555555,0.1211111111111105,0.17460473463132437,attentive,0,2
169.4,True,0.16292709309984302,1.4594484911764676,10.0,0.12088888888888828,0.17460801438789958,attentive,0,2
169.43333333333334,True,0.8055805980070313,2.721250931017369,9.944444444444445,0.12066666666666606,0.17462243364550922,attentive,0,2
169.46666666666667,True,-2.602187047493223,-0.37014950140673547,9.88888888888889,0.12044444444444383,0.17464960663040205,attentive,0,2
169.5,True,-3.4709233719228108,-2.2880297161282748,9.833333333333332,0.1202222222222216,0.17466233098433653,attentive,0,2
169.53333333333333,True,-0.654198484548871,-0.21137643900507194,9.777777777777779,0.11999999999999938,0.17437365175267577,attentive,0,2
169.56666666666666,True,-3.3357369185944155,-0.2653835254889265,9.722222222222223,0.11977777777777718,0.17436130326374966,attentive,0,2
169.6,True,-0.9243987359129312,-2.1613933543147006,9.666666666666666,0.11955555555555494,0.17434513924522116,attentive,0,2
169.63333333333333,True,1.3094470269720169,-0.8162415799763401,9.61111111111111,0.11933333333333272,0.1743571259395668,attentive,0,2
169.66666666666666,True,-0.5509453822532636,2.3855641605067017,9.555555555555555,0.1191111111111105,0.17433192983764512,attentive,0,2
169.7,True,6.498611724010436,0.1493996608433265,9.5,0.11888888888888828,0.17433795996524948,attentive,0,2
169.73333333333332,True,3.8072627149240414,-0.8474168167392349,9.5,0.11888888888888828,0.1743393206452501,attentive,0,2
169.76666666666665,True,2.109278101158464,0.80857749324355,9.5,0.11942857142857068,0.17434137838318167,attentive,0,2
169.8,True,3.0513311715267517,-1.3511301797405886,9.5,0.11942857142857068,0.17432755248407106,attentive,0,2
169.83333333333334,True,1.6498941499907018,0.6095044769063349,9.5,0.11942857142857068,0.1743269060474355,attentive,0,2
169.86666666666667,True,1.7521137679393062,-1.6671988847341201,9.5,0.11942857142857068,0.1743590341594407,attentive,0,2
169.9,True,2.6048090870823355,-0.19074547861139213,9.5,0.11942857142857068,0.1743734601282119,attentive,0,2
169.93333333333334,True,1.0802614023150665,0.847052014375409,9.5,0.11942857142857068,0.17434636377564577,attentive,0,2
169.96666666666667,True,2.1018701790610335,-1.2013668729827314,9.5,0.11942857142857068,0.17434085067978267,attentive,0,2
170.0,True,3.18849309178575,0.06519741047404692,9.444444444444445,0.11920634920634846,0.17435042476825158,attentive,0,2
170.03333333333333,True,1.219598262516475,-0.8000638849709719,9.388888888888888,0.11898412698412622,0.1743326813585691,attentive,0,2
170.06666666666666,True,3.257242455973154,0.02985162999344285,9.333333333333334,0.11876190476190401,0.17433901037367305,attentive,0,2
170.1,True,0.3944363822631785,-3.5932105394359524,9.277777777777779,0.11853968253968178,0.17435834259409144,attentive,0,2
170.13333333333333,True,-4.591886191659952,-0.19469302595134969,9.222222222222221,0.11831746031745956,0.1743213338546345,attentive,0,2
170.16666666666666,True,3.2253120393243457,-6.93580469798454,9.166666666666666,0.11809523809523734,0.17433024398429275,attentive,0,2
170.2,True,-5.069082887075141,1.423186127253651,9.11111111111111,0.1178730158730151,0.17431718608502172,attentive,0,2
170.23333333333332,True,2.4226579353114044,-1.6523806157819905,9.055555555555555,0.1176507936507929,0.1743260781867264,attentive,0,2
170.26666666666665,True,2.93405506681019,3.386836371504284,9.0,0.11742857142857066,0.1743037451072394,attentive,0,2
170.3,True,2.2218346850548247,0.9204560944533532,8.944444444444443,0.11720634920634844,0.1743020307842575,attentive,0,2
170.33333333333334,True,-0.7681337019951409,-0.26264792803748405,8.88888888888889,0.11698412698412622,0.1743156551134924,attentive,0,2
170.36666666666667,True,-0.6155230463686509,-2.808359977514469,8.833333333333334,0.11676190476190401,0.1742933138154445,attentive,0,2
170.4,True,-1.0114037317183253,-2.131974092096936,8.777777777777777,0.11653968253968178,0.1742834824497937,attentive,0,2
170.43333333333334,True,0.24913171735917258,1.8530908139606266,8.722222222222223,0.11631746031745957,0.17427344949798834,attentive,0,2
170.46666666666667,True,-0.6532894867576601,-4.233967950066086,8.666666666666668,0.11609523809523734,0.17427925265681454,attentive,0,2
170.5,True,0.32484309539375306,-0.6609721715451865,8.61111111111111,0.11587301587301511,0.1742581592027953,attentive,0,2
170.53333333333333,True,5.7177294051080425,-1.6566744405742966,8.555555555555555,0.1156507936507929,0.17428069383598377,attentive,0,2
170.56666666666666,True,-0.6722876532721929,-0.7464733323338696,8.5,0.11542857142857067,0.1742828361258931,attentive,0,2
170.6,True,2.43698071486009,2.653093614400661,8.444444444444445,0.11520634920634845,0.17426297185765152,attentive,0,2
170.63333333333333,True,1.7986387030303639,0.7717810719285301,8.38888888888889,0.11498412698412622,0.17427448881246088,attentive,0,2
170.66666666666666,True,0.22845416436316654,1.671179409224739,8.333333333333332,0.114761904761904,0.17427704699691707,attentive,0,2
170.7,True,1.504237493209002,0.47914975587310704,8.277777777777779,0.11453968253968178,0.17428591942735672,attentive,0,2
170.73333333333332,True,1.8710383325412796,2.6501459030303485,8.222222222222223,0.11431746031745957,0.1742933795854022,attentive,0,2
170.76666666666665,True,3.132671223726779,1.5336922037719902,8.166666666666666,0.11409523809523733,0.17429635208042465,attentive,0,2
170.8,True,2.0712935725523494,1.1550612717138666,8.11111111111111,0.11387301587301511,0.1742809242442869,attentive,0,2
170.83333333333334,True,-4.27509685440976,-0.42714430090194966,8.055555555555555,0.11365079365079289,0.17427902215961447,attentive,0,2
170.86666666666667,True,-0.31533002642422764,1.3170692773289814,8.0,0.11342857142857067,0.17429598093919568,attentive,0,2
170.9,True,0.680182715969475,1.5954286127377095,7.944444444444445,0.11320634920634845,0.17428732927347146,attentive,0,2
170.93333333333334,True,-2.423069640055822,-0.17691793473685588,7.888888888888888,0.11298412698412622,0.1742954179756371,attentive,0,2
170.96666666666667,True,-1.4708080266604748,-3.1067974251097406,7.833333333333334,0.11276190476190401,0.17428422060285442,attentive,0,2
171.0,False,0.3104595765273028,1.2367054261560253,7.833333333333334,0.11276190476190401,0.17428424282376914,attentive,0,2
171.03333333333333,False,0.1709253320650267,0.45945449422011975,7.833333333333334,0.1149841269841261,0.17424844006748477,attentive,0,2
171.06666666666666,False,-1.9230734147647432,-3.7331817357092985,7.833333333333334,0.1172063492063482,0.17424306354736768,attentive,0,2
171.1,False,0.1005470412503761,-2.3348559180621673,7.833333333333334,0.1194285714285703,0.17424048167068223,attentive,0,2
171.13333333333333,True,2.278292466896522,1.9922191680889982,7.777777777777778,0.10888888888888808,0.17423684312429655,attentive,0,2
171.16666666666666,True,-3.4076783662478944,-1.0626553568333819,7.722222222222222,0.10866666666666586,0.17421526033288406,attentive,0,2
171.2,True,-0.8415309024598299,-1.3526682868843576,7.666666666666666,0.10844444444444362,0.17421513674402705,attentive,0,2
171.23333333333332,True,-1.2899138118112095,-1.6758038633850343,7.611111111111112,0.10822222222222141,0.1742236577804782,attentive,0,2
171.26666666666665,True,-5.278149759654525,-1.4385628389563223,7.555555555555555,0.10799999999999918,0.17420081182848518,attentive,0,2
171.3,True,-3.284313324328288,1.1193746346410725,7.5,0.10777777777777696,0.17415894739595195,attentive,0,2
171.33333333333334,True,-2.1532304712709074,2.732088542440403,7.444444444444444,0.10755555555555474,0.17415618299353497,attentive,0,2
171.36666666666667,True,-4.148373027146973,1.6017128566298897,7.388888888888889,0.10733333333333252,0.17415776638406977,attentive,0,2
171.4,True,-0.8092820609527375,2.890183603305022,7.333333333333333,0.1071111111111103,0.1741416221626021,attentive,0,2
171.43333333333334,True,-4.287628870650922,-1.2658030386477512,7.277777777777778,0.10688888888888808,0.17408476467105258,attentive,0,2
171.46666666666667,True,0.7302900118860608,-0.255966355099073,7.222222222222221,0.10666666666666585,0.17408570111988075,attentive,0,2
171.5,True,0.17990718028132321,2.529895358057263,7.166666666666667,0.10644444444444363,0.174098562978523,attentive,0,2
171.53333333333333,True,-0.701734885693813,-0.23597037869021542,7.111111111111111,0.10622222222222141,0.1740871497370533,attentive,0,2
171.56666666666666,True,1.8419701968621625,0.5131832211111423,7.055555555555555,0.10599999999999918,0.17407499520487757,attentive,0,2
171.6,True,1.5530710641352499,0.505235105684724,7.000000000000001,0.10577777777777697,0.1740502444741827,attentive,0,2
171.63333333333333,True,1.189011554542819,3.6055945348130534,6.944444444444445,0.10555555555555474,0.17402417015823476,attentive,0,2
171.66666666666666,True,1.5809488142655963,-2.8403575185159227,6.888888888888889,0.10533333333333252,0.17402210746769947,attentive,0,2
171.7,True,2.393990419491375,1.570870311650777,6.833333333333333,0.1051111111111103,0.17401740756722217,attentive,0,2
171.73333333333332,True,-0.09498492217255439,2.6348461017706364,6.777777777777779,0.10488888888888807,0.1740057328978484,attentive,0,2
171.76666666666665,True,5.042543552459915,1.6805291811931868,6.722222222222222,0.10466666666666585,0.1739876798268036,attentive,0,2
171.8,True,-3.6938527253652196,-1.5317920885841498,6.666666666666667,0.10444444444444363,0.17397302867790387,attentive,0,2
171.83333333333334,True,3.2768783285582948,-0.9961043347719922,6.611111111111111,0.10422222222222141,0.1739869497261357,attentive,0,2
171.86666666666667,True,1.6899203744973967,0.07998187653583634,6.555555555555556,0.10399999999999919,0.17397335495957436,attentive,0,2
171.9,True,-1.3195476439440494,-0.44289309819749645,6.5,0.10377777777777697,0.17397430105974981,attentive,0,2
171.93333333333334,True,-0.7831869217326142,0.47414389675577484,6.444444444444445,0.10355555555555473,0.17394496677148302,attentive,0,2
171.96666666666667,True,5.071188766382961,-3.094710132574937,6.388888888888888,0.10333333333333251,0.17394553335648424,attentive,0,2
172.0,True,-3.4587662890121162,-1.2701335715937803,6.388888888888888,0.08031746031745943,0.1739233007697395,attentive,0,2
172.03333333333333,True,-1.1628910905157548,0.19620487362338423,6.333333333333334,0.08009523809523722,0.1739332782283226,attentive,0,2
172.06666666666666,True,3.5458226720668455,1.0760572244524162,6.277777777777778,0.07987301587301499,0.17393500692746822,attentive,0,2
172.1,True,-1.2035087409141283,-2.799114969394078,6.222222222222222,0.07965079365079278,0.17392572826653943,attentive,0,2
172.13333333333333,True,0.6783783562584665,2.1291086287647585,6.166666666666667,0.07942857142857054,0.17391203432754618,attentive,0,2
172.16666666666666,True,0.1738784907570911,2.9133772603877324,6.111111111111111,0.07920634920634832,0.17389321517255424,attentive,0,2
172.2,True,2.4188260801410357,-0.8083883066091562,6.055555555555555,0.0789841269841261,0.17388085295093453,attentive,0,2
172.23333333333332,True,-1.2840442286445943,-0.9034919195068123,6.055555555555555,0.0789841269841261,0.17387349446069134,attentive,0,2
172.26666666666665,True,-1.8238688866647648,1.2490540010323299,6.055555555555555,0.08011965811965714,0.17383400436352092,attentive,0,2
172.3,True,-0.128145565969782,0.07642280532236272,6.055555555555555,0.08011965811965714,0.1738373761034707,attentive,0,2
172.33333333333334,True,-5.101873148828825,-1.21297525119388,6.055555555555555,0.08011965811965714,0.17383629228010927,attentive,0,2
172.36666666666667,True,-4.049327826336603,1.5109804814761774,6.055555555555555,0.08011965811965714,0.1738131037968223,attentive,0,2
172.4,True,-0.002906290477824979,-2.2658569369253803,6.055555555555555,0.08011965811965714,0.17381021256421192,attentive,0,2
172.43333333333334,True,2.0263523724499115,1.8063096156542213,6.055555555555555,0.08011965811965714,0.1738032724354041,attentive,0,2
172.46666666666667,True,-2.344985610305343,3.3110081463925916,6.055555555555555,0.08011965811965714,0.17376020056635927,attentive,0,2
172.5,True,-1.9218594753462979,-0.5373237798952833,6.055555555555555,0.08011965811965714,0.17375723477228516,attentive,0,2
172.53333333333333,True,1.3585439386552907,-1.7454123392333918,6.055555555555555,0.08011965811965714,0.17373846197356374,attentive,0,2
172.56666666666666,True,3.044651518860881,-1.3774262277530018,6.055555555555555,0.08011965811965714,0.17374559995509398,attentive,0,2
172.6,True,-2.197966292408628,1.6770165088278028,6.055555555555555,0.08011965811965714,0.17375614472273582,attentive,0,2
172.63333333333333,True,-0.5263090578694819,1.9487064604093456,6.055555555555555,0.08011965811965714,0.17357343712899886,attentive,0,2
172.66666666666666,True,-0.8137744045356524,4.286042555023669,6.055555555555555,0.08011965811965714,0.1735538308422982,attentive,0,2
172.7,True,-2.36650676806888,0.13650342327477527,6.055555555555555,0.08011965811965714,0.1735760497790717,attentive,0,2
172.73333333333332,True,-2.776866617240588,-0.5953691768651156,6.055555555555555,0.08011965811965714,0.1735631185911533,attentive,0,2
172.76666666666665,True,2.6334613025891924,-3.060959566222278,6.055555555555555,0.08011965811965714,0.17355398744952044,attentive,0,2
172.8,True,-0.37006633155625457,-0.5377079372336586,6.055555555555555,0.08011965811965714,0.17355063796458603,attentive,0,2
172.83333333333334,True,0.31825889837442045,-0.5148850640237815,6.055555555555555,0.08011965811965714,0.17352774121847267,attentive,0,2
172.86666666666667,True,1.1508194370759264,-3.1495880727349603,6.055555555555555,0.08011965811965714,0.1735397925988048,attentive,0,2
172.9,True,-2.5387780636721615,-0.26004623395104,6.055555555555555,0.08011965811965714,0.17354536154920014,attentive,0,2
172.93333333333334,True,-1.0873150437000003,0.730085375007794,6.055555555555555,0.08011965811965714,0.17354535082990866,attentive,0,2
172.96666666666667,True,1.2112703568412118,2.874194995313725,6.055555555555555,0.08011965811965714,0.17355775162530407,attentive,0,2
173.0,True,-2.503009789688345,-2.364551440778754,6.055555555555555,0.08011965811965714,0.17356918200958488,attentive,0,2
173.03333333333333,True,-0.47933618161542796,0.06625067692078454,6.055555555555555,0.08011965811965714,0.17354853178014074,attentive,0,2
173.06666666666666,True,-2.558365915119751,-2.695086389190317,6.055555555555555,0.08011965811965714,0.17352853910435395,attentive,0,2
173.1,True,2.9339426295954913,0.4142393545071705,6.055555555555555,0.08011965811965714,0.17355298905132854,attentive,0,2
173.13333333333333,True,1.7857865439366725,-1.8290073685027226,6.055555555555555,0.08011965811965714,0.17355872326975,attentive,0,2
173.16666666666666,True,-1.9804593361971716,1.705901776446608,6.055555555555555,0.08011965811965714,0.1735060237634139,attentive,0,2
173.2,True,-1.7031472493953366,-0.5724568317704636,6.055555555555555,0.08011965811965714,0.1735028605959197,attentive,0,2
173.23333333333332,True,8.083484675867222,-0.24855098675294643,6.055555555555555,0.08011965811965714,0.1735084067787695,attentive,0,2
173.26666666666665,True,-0.012089063966128705,1.7213583903681033,6.055555555555555,0.08011965811965714,0.17351000976042863,attentive,0,2
173.3,True,0.7322436802602351,-0.5211207393395757,6.055555555555555,0.08011965811965714,0.17351241596399458,attentive,0,2
173.33333333333334,True,1.9009153640720136,-2.2335416291308388,6.0,0.07989743589743492,0.17353396001317817,attentive,0,2
173.36666666666667,True,0.7814911377145306,2.7027853615543775,6.0,0.08399999999999896,0.17357010143215362,attentive,0,2
173.4,True,-6.821036467870841,-0.9656671695276974,6.0,0.08399999999999896,0.1735440177142156,attentive,0,2
173.43333333333334,True,-2.280238686210664,-0.6373355755487117,6.0,0.08399999999999896,0.1735509477822918,attentive,0,2
173.46666666666667,True,-1.8231976986153224,-1.4185661718385953,6.0,0.08399999999999896,0.17356428130031282,attentive,0,2
173.5,True,5.282131600733441,-0.5372621961617631,6.0,0.08399999999999896,0.17357589228348752,attentive,0,2
173.53333333333333,True,-1.456154760942192,-2.1416095261270662,6.0,0.08399999999999896,0.17357249822420479,attentive,0,2
173.56666666666666,True,0.5900307255929756,-0.2813490952826923,6.0,0.08399999999999896,0.17356096874803667,attentive,0,2
173.6,True,-2.5014299453203663,-0.22410245721339533,6.0,0.08399999999999896,0.17352879473005406,attentive,0,2
173.63333333333333,True,-0.020677839735091012,1.0362374584939384,6.0,0.08399999999999896,0.17352220911160687,attentive,0,2
173.66666666666666,True,1.5322502043122515,-0.30804040913444003,6.0,0.08399999999999896,0.17351785762503352,attentive,0,2
173.7,True,-2.5587217369885127,1.1436840707115896,6.0,0.08399999999999896,0.17350980538827848,attentive,0,2
173.73333333333332,True,2.3208659363046578,1.1632636408193884,6.0,0.08399999999999896,0.17351509541377386,attentive,0,2
173.76666666666665,True,-0.6660333384215754,-2.274158198318358,6.0,0.08399999999999896,0.17350134159428976,attentive,0,2
173.8,True,-3.8029704196522935,2.153019324194108,6.0,0.08399999999999896,0.17350675317957714,attentive,0,2
173.83333333333334,True,-3.059174795222164,1.0441396490101698,6.0,0.08399999999999896,0.1734872877402568,attentive,0,2
173.86666666666667,True,-0.5274625149634802,-0.6251723752915856,6.0,0.08399999999999896,0.17348415852666915,attentive,0,2
173.9,True,3.7508900704814265,-0.25850448429535394,6.0,0.08399999999999896,0.17351271063557733,attentive,0,2
173.93333333333334,True,1.4727797988769575,-0.9965319927347221,6.0,0.08399999999999896,0.1734829087533021,attentive,0,2
173.96666666666667,True,1.4743695873922862,2.1405602402433663,6.0,0.08399999999999896,0.1734767149588579,attentive,0,2
174.0,False,1.7357744355121543,1.5474474350681386,6.055555555555555,0.08422222222222119,0.17347147366982746,attentive,0,2
174.03333333333333,False,0.0330989698959467,-0.6439323854413004,6.111111111111111,0.0866666666666655,0.1734619765510239,attentive,0,2
174.06666666666666,False,1.650645523405591,1.278776848468052,6.166666666666667,0.08911111111110982,0.1734798302997378,attentive,0,2
174.1,False,-1.5094670357706235,-1.1565269521233272,6.222222222222222,0.09155555555555414,0.17346141429599626,attentive,0,2
174.13333333333333,True,-0.6390627238542742,0.22949703724913395,6.222222222222222,0.08232478632478525,0.17346222990048804,attentive,0,2
174.16666666666666,True,-4.524023964892392,-3.232451784193541,6.222222222222222,0.08232478632478525,0.17344621600057114,attentive,0,2
174.2,True,-1.4070170766629952,-0.5002960586444772,6.222222222222222,0.08232478632478525,0.17343276458098622,attentive,0,2
174.23333333333332,True,0.4132760572483857,1.4231107264868548,6.222222222222222,0.08232478632478525,0.1734286820300635,attentive,0,2
174.26666666666665,True,0.05168969104918333,0.7280041049854767,6.222222222222222,0.08232478632478525,0.1734319895952387,attentive,0,2
174.3,True,-2.040455908949801,2.187332342042397,6.222222222222222,0.08232478632478525,0.17343490853994398,attentive,0,2
174.33333333333334,True,-0.49348099760507547,1.1441931344617067,6.166666666666667,0.08210256410256303,0.17341491679710325,attentive,0,2
174.36666666666667,True,-0.3271578785438781,-0.9594760677798604,6.111111111111111,0.08188034188034081,0.1734076900406729,attentive,0,2
174.4,True,-2.231350892270608,-1.1327175731019221,6.055555555555555,0.08165811965811859,0.1733962963084298,attentive,0,2
174.43333333333334,True,-5.776610940944476,1.5849345801278043,6.0,0.08143589743589635,0.17339257356033283,attentive,0,2
174.46666666666667,True,2.335224363692448,1.2039772684088101,5.944444444444445,0.08121367521367415,0.1734127046456166,attentive,0,2
174.5,True,-1.1820216226505886,-0.9015858755572015,5.888888888888888,0.08099145299145191,0.17338370615976303,attentive,0,2
174.53333333333333,True,3.742343153062149,-0.15055375927629014,5.833333333333333,0.08076923076922969,0.17337265458776835,attentive,0,2
174.56666666666666,True,4.255481795327924,1.3688599215434012,5.777777777777778,0.08054700854700747,0.17335876558174484,attentive,0,2
174.6,True,-3.3204914811491677,-0.2876774744837036,5.722222222222222,0.08032478632478525,0.1733555345050786,attentive,0,2
174.63333333333333,True,-2.1975958401832525,-0.2983652114913542,5.666666666666666,0.08010256410256303,0.17338231248798147,attentive,0,2
174.66666666666666,True,6.575117341182906,2.2553091424774667,5.611111111111111,0.07988034188034081,0.17342493916060314,attentive,0,2
174.7,True,0.02873325868082883,0.4246928207725466,5.611111111111111,0.07988034188034081,0.17341669091183,attentive,0,2
174.73333333333332,True,2.0650066706048698,-0.5564684131653728,5.611111111111111,0.07855555555555425,0.17343444515256,attentive,0,2
174.76666666666665,True,-3.352320800348279,1.749173004665194,5.611111111111111,0.07855555555555425,0.1734182816405882,attentive,0,2
174.8,True,-1.0790790082795738,-1.4728523644944862,5.611111111111111,0.07855555555555425,0.1734271449810656,attentive,0,2
174.83333333333334,True,0.3505361360143907,2.2136605573194568,5.611111111111111,0.07855555555555425,0.17344147954697486,attentive,0,2
174.86666666666667,True,5.3199011453904035,1.8568369436517602,5.611111111111111,0.07855555555555425,0.1734647962321797,attentive,0,2
174.9,True,-0.13616354858377422,-1.05217273757406,5.611111111111111,0.07855555555555425,0.17345402375277708,attentive,0,2
174.93333333333334,True,-4.396715420706256,0.10047255181822905,5.611111111111111,0.07855555555555425,0.1734838533982355,attentive,0,2
174.96666666666667,True,2.4925671953470823,0.7095175730525892,5.611111111111111,0.07855555555555425,0.17348940876417263,attentive,0,2
175.0,True,-3.3071443662162894,-0.8874637146937245,5.611111111111111,0.07855555555555425,0.1734461358112323,attentive,0,2
175.03333333333333,True,-0.29718099795274255,-3.1935212998262736,5.611111111111111,0.07855555555555425,0.17345569592383447,attentive,0,2
175.06666666666666,True,-1.8788126314188593,1.6006292269047522,5.611111111111111,0.07855555555555425,0.17343109556907071,attentive,0,2
175.1,True,-0.5745720836947583,-2.851819992970667,5.611111111111111,0.07855555555555425,0.17341630620438825,attentive,0,2
175.13333333333333,True,1.0603532771689828,-2.162854960044037,5.611111111111111,0.07855555555555425,0.17338238731446623,attentive,0,2
175.16666666666666,True,4.563502116614064,1.2058641467724682,5.611111111111111,0.07855555555555425,0.17340156270002577,attentive,0,2
175.2,True,0.8369760052506992,1.3304349948908731,5.555555555555555,0.07833333333333203,0.17340969372174528,attentive,0,2
175.23333333333332,True,0.14830756638577053,-0.6494817472847755,5.5,0.07811111111110981,0.17338848862825093,attentive,0,2
175.26666666666665,True,0.313344186796257,0.37887416580937794,5.444444444444444,0.07788888888888759,0.1733729798157866,attentive,0,2
175.3,True,-2.5874442701903018,0.5188405520425845,5.388888888888889,0.07766666666666537,0.1733261911183941,attentive,0,2
175.33333333333334,True,-2.538179147343668,3.8372837411110123,5.333333333333334,0.07744444444444315,0.1733293240449129,attentive,0,2
175.36666666666667,True,-1.0679759481860018,1.6458538102528841,5.277777777777778,0.07722222222222093,0.17333633324631448,attentive,0,2
175.4,True,-1.841752616259891,4.0651028555909985,5.222222222222222,0.07699999999999871,0.1733288822546747,attentive,0,2
175.43333333333334,True,0.09764102650705885,1.3115413419722304,5.166666666666667,0.07677777777777647,0.17332620511284164,attentive,0,2
175.46666666666667,True,3.2033217800062856,1.1970689025402927,5.111111111111112,0.07655555555555427,0.1731577267961294,attentive,0,2
175.5,True,2.4034499761897075,1.000560764767343,5.055555555555555,0.07633333333333203,0.17315804309505994,attentive,0,2
175.53333333333333,True,0.9469865215722512,3.108329046356013,5.0,0.07611111111110982,0.17314271934784714,attentive,0,2
175.56666666666666,True,0.9133582083121504,-1.6188091342245237,4.944444444444445,0.07588888888888759,0.17313137696889613,attentive,0,2
175.6,True,-0.47223287664943275,-2.698211205760676,4.888888888888889,0.07566666666666537,0.17312202700600082,attentive,0,2
175.63333333333333,True,-1.7173052713902301,0.7609199406551717,4.833333333333333,0.07544444444444315,0.17309585972282443,attentive,0,2
175.66666666666666,True,4.789953568229551,-0.8377294625608495,4.777777777777778,0.07522222222222093,0.17310136632475015,attentive,0,2
175.7,True,1.2839097872097593,2.8764999114121728,4.722222222222222,0.0749999999999987,0.1730978516270994,attentive,0,2
175.73333333333332,True,1.7752883028078261,1.332646641459369,4.666666666666667,0.07477777777777649,0.17308787322730237,attentive,0,2
175.76666666666665,True,-0.6363371550644562,-1.4863836526202565,4.611111111111111,0.07455555555555426,0.17310259795269883,attentive,0,2
175.8,True,0.935676335981045,-0.7224619415343476,4.611111111111111,0.06874747474747345,0.17310819823137186,attentive,0,2
175.83333333333334,True,0.34917324986542914,-1.1647305038941598,4.611111111111111,0.06874747474747345,0.17309189281182058,attentive,0,2
175.86666666666667,True,1.661789560246929,0.9935195173456921,4.611111111111111,0.06874747474747345,0.17309440813243906,attentive,0,2
175.9,True,-2.0070029584915297,-1.6077289995807165,4.611111111111111,0.06874747474747345,0.17308801648457917,attentive,0,2
175.93333333333334,True,2.1628940187934522,1.2004335074238124,4.611111111111111,0.06874747474747345,0.17310229192656224,attentive,0,2
175.96666666666667,True,0.6343899871717869,-1.4520438641469025,4.611111111111111,0.06874747474747345,0.1730765683477945,attentive,0,2
176.0,True,-2.8957755572761514,-0.33367809012188543,4.611111111111111,0.06874747474747345,0.17306657609561804,attentive,0,2
176.03333333333333,True,-0.3787079107444259,-0.9791074217201972,4.555555555555555,0.06852525252525121,0.17306470067425217,attentive,0,2
176.06666666666666,True,-0.9932048123938344,-0.7121599499942209,4.5,0.06830303030302899,0.1730707320300368,attentive,0,2
176.1,True,-4.4705223334741655,-2.5843625363217795,4.444444444444445,0.06808080808080677,0.17303840713455643,attentive,0,2
176.13333333333333,True,3.902207107575005,-1.5630857554785162,4.388888888888888,0.06785858585858455,0.1730700541862685,attentive,0,2
176.16666666666666,True,2.057071972005257,-2.750146270740017,4.333333333333334,0.06763636363636233,0.17306923048645934,attentive,0,2
176.2,True,-1.3559239116436888,-1.1868554192864644,4.277777777777778,0.06741414141414011,0.1730402508474646,attentive,0,2
176.23333333333332,True,3.550344964095307,0.08185226346451441,4.222222222222222,0.06719191919191789,0.17303691990511688,attentive,0,2
176.26666666666665,True,-1.4657522000807413,-2.5455879566255004,4.166666666666666,0.06696969696969565,0.17301894171073912,attentive,0,2
176.3,True,-1.771545493788624,-0.8309890598908374,4.111111111111112,0.06674747474747345,0.17301227798733537,attentive,0,2
176.33333333333334,True,0.672459840161011,-1.8170279523024906,4.055555555555555,0.06652525252525121,0.17300169627704534,attentive,0,2
176.36666666666667,True,-0.09247670103016536,1.078568615970808,4.0,0.066303030303029,0.17298403974706383,attentive,0,2
176.4,True,4.420762456386959,0.4244588374971853,3.944444444444444,0.06608080808080677,0.17298786671537503,attentive,0,2
176.43333333333334,True,-3.420544659508619,-0.2652554351108902,3.888888888888889,0.06585858585858455,0.17299883210879818,attentive,0,2
176.46666666666667,True,2.235745880526665,0.2700416421309828,3.833333333333333,0.06563636363636233,0.1730172202088644,attentive,0,2
176.5,True,1.2405581943095774,0.9068558371911897,3.7777777777777777,0.0654141414141401,0.17299374545792062,attentive,0,2
176.53333333333333,True,0.6399788089184816,-0.10259863888970919,3.7777777777777777,0.060444444444443,0.17296660968857186,attentive,0,2
176.56666666666666,True,0.7900337259467779,-1.3569906831873815,3.7777777777777777,0.060444444444443,0.17294476808367287,attentive,0,2
176.6,True,-0.6805495433906801,-1.9171225847936975,3.7777777777777777,0.060444444444443,0.17297495716597155,attentive,0,2
176.63333333333333,True,2.832797945634189,-0.2576226187873948,3.7777777777777777,0.060444444444443,0.1729884210394741,attentive,0,2
176.66666666666666,True,0.5462941598920107,-1.383712590637249,3.7777777777777777,0.060444444444443,0.17297142903196805,attentive,0,2
176.7,True,-0.3906892077655268,0.47639876774475565,3.7777777777777777,0.060444444444443,0.17298589778431858,attentive,0,2
176.73333333333332,True,-2.7388684716620775,-0.3620857654014454,3.7777777777777777,0.060444444444443,0.17298552589711574,attentive,0,2
176.76666666666665,True,0.7398888308512372,1.3213514360757495,3.7777777777777777,0.060444444444443,0.17295197280885055,attentive,0,2
176.8,True,1.59543396262368,-1.457889679819899,3.7777777777777777,0.060444444444443,0.1729677741436197,attentive,0,2
176.83333333333334,True,0.023735764696378055,0.1940165096441595,3.7777777777777777,0.060444444444443,0.17297197387446717,attentive,0,2
176.86666666666667,True,0.8690924561387989,3.9826292753590153,3.7777777777777777,0.060444444444443,0.17294509894802806,attentive,0,2
176.9,True,-0.8321640233837695,2.945645207269463,3.7777777777777777,0.060444444444443,0.1729606434804859,attentive,0,2
176.93333333333334,True,-0.9048830877867745,0.5465596171660231,3.7777777777777777,0.060444444444443,0.17293398215691685,attentive,0,2
176.96666666666667,True,3.0703248940789893,0.31790846019434355,3.7777777777777777,0.060444444444443,0.1729113473095302,attentive,0,2
177.0,False,-3.40525823855011,-0.2934061865531133,3.833333333333333,0.060666666666665224,0.17289573454205243,attentive,0,2
177.03333333333333,False,4.676330128586391,-1.0721945614952297,3.888888888888889,0.06311111111110955,0.17289896277399908,attentive,0,2
177.06666666666666,False,1.1666812757972782,-0.8718557662994674,3.944444444444444,0.06555555555555387,0.17292258345446054,attentive,0,2
177.1,False,2.6436107671572606,-0.03188275206999896,4.0,0.06799999999999819,0.17291478651811418,attentive,0,2
177.13333333333333,True,0.7488777954793929,-1.8108132644130581,4.0,0.0596363636363622,0.17294894225482876,attentive,0,2
177.16666666666666,True,-0.17755609132348457,1.658754446132992,4.0,0.0596363636363622,0.17296702095687155,attentive,0,2
177.2,True,-1.673713244580792,-3.095717774189364,4.0,0.0596363636363622,0.1729720918674143,attentive,0,2
177.23333333333332,True,-2.393150070794576,2.042661998478592,4.0,0.0596363636363622,0.17291632230615134,attentive,0,2
177.26666666666665,True,-0.6525342392931829,0.35925833978259125,4.0,0.0596363636363622,0.1729334648712217,attentive,0,2
177.3,True,1.2552655820089196,-2.429265354828793,4.0,0.0596363636363622,0.17290887873352603,attentive,0,2
177.33333333333334,True,-1.1196419931548909,2.5647069165503553,4.0,0.0596363636363622,0.17290667211964092,attentive,0,2
177.36666666666667,True,-2.1211532916400087,2.147618275251233,4.0,0.0596363636363622,0.17291083267335017,attentive,0,2
177.4,True,3.0889235358445317,-2.741834853184818,4.0,0.0596363636363622,0.1729059419766974,attentive,0,2
177.43333333333334,True,1.102235220033152,-2.876048896303553,4.0,0.0596363636363622,0.17289163848135314,attentive,0,2
177.46666666666667,True,3.4591132390976025,0.35287318799076217,4.0,0.0596363636363622,0.17289319936081415,attentive,0,2
177.5,True,0.2534979995299108,2.1142462537900055,4.0,0.0596363636363622,0.17288729885550863,attentive,0,2
177.53333333333333,True,-0.20142317503351548,0.3288276904431743,4.0,0.0596363636363622,0.17289916028533128,attentive,0,2
177.56666666666666,True,1.1900138667969928,-0.8154987168302176,4.0,0.0596363636363622,0.1728949666697394,attentive,0,2
177.6,True,-2.8344442286258977,2.338378748848377,4.0,0.0596363636363622,0.17288112195508148,attentive,0,2
177.63333333333333,True,0.7155349034653733,-4.070488075046504,4.0,0.0596363636363622,0.1728686147253708,attentive,0,2
177.66666666666666,True,-1.7950512146118158,1.1652113794594152,4.0,0.0596363636363622,0.17287743490703628,attentive,0,2
177.7,True,2.599287671244616,0.2360879839387248,4.0,0.0596363636363622,0.17288430927554232,attentive,0,2
177.73333333333332,True,2.5258071118013117,-1.0444315653772527,4.0,0.0596363636363622,0.17289320008869824,attentive,0,2
177.76666666666665,True,-0.7161815115764355,-0.2700150846296248,4.0,0.0596363636363622,0.17288900768018628,attentive,0,2
177.8,True,1.9366481411037066,0.5260265265998699,4.0,0.0596363636363622,0.17285960215475926,attentive,0,2
177.83333333333334,True,-0.715530650483798,1.7049425026671512,4.0,0.0596363636363622,0.1728854976450898,attentive,0,2
177.86666666666667,True,-0.6309024835609675,0.01913560357532463,4.0,0.0596363636363622,0.17287642927495328,attentive,0,2
177.9,True,-0.48565613297150645,2.4188508764225123,4.0,0.0596363636363622,0.17287518982244526,attentive,0,2
177.93333333333334,True,-0.7137560961815657,-0.4441750730587739,4.0,0.0596363636363622,0.17288140233133414,attentive,0,2
177.96666666666667,True,0.5526121965905683,-1.3235276998418555,4.0,0.0596363636363622,0.17289998547240104,attentive,0,2
178.0,True,-1.3330604809894493,0.14072861761454983,4.0,0.0596363636363622,0.17289586404905954,attentive,0,2
178.03333333333333,True,-1.3760437250200463,-1.6623006066733543,4.0,0.0596363636363622,0.1728860805946154,attentive,0,2
178.06666666666666,True,-1.4373512093809093,-0.9513157276930821,3.944444444444444,0.059414141414139976,0.17288434633613875,attentive,0,2
178.1,True,1.3987282511224615,1.5505188543529553,3.888888888888889,0.059191919191917755,0.1728618459255027,attentive,0,2
178.13333333333333,True,-3.801887520102704,0.2033398496201435,3.833333333333333,0.05896969696969553,0.17285998836120203,attentive,0,2
178.16666666666666,True,1.28074130506246,-1.4203941252383,3.7777777777777777,0.058747474747473306,0.17285451568864685,attentive,0,2
178.2,True,0.8307125530819698,0.47478921280065645,3.722222222222222,0.058525252525251086,0.1728579743743649,attentive,0,2
178.23333333333332,True,-2.7193804165628066,0.28120273129043605,3.6666666666666665,0.058303030303028865,0.17284770853653403,attentive,0,2
178.26666666666665,True,-2.671549537947187,2.4309931927303823,3.6111111111111107,0.05808080808080664,0.17283316937558346,attentive,0,2
178.3,True,1.315287160816896,-2.135731161747363,3.5555555555555554,0.057858585858584416,0.1728287004100179,attentive,0,2
178.33333333333334,True,-1.4276062118447332,-0.10000505136685144,3.5000000000000004,0.057636363636362195,0.1727990187126462,attentive,0,2
178.36666666666667,True,-2.7653322355163894,2.5039015779000975,3.4444444444444446,0.057414141414139974,0.1727989558568211,attentive,0,2
178.4,True,0.8030883001554109,0.12262335953685635,3.3888888888888893,0.05719191919191775,0.17279621323341798,attentive,0,2
178.43333333333334,True,-0.9370099907466265,2.5892735761488814,3.3333333333333335,0.05696969696969553,0.17277547413675431,attentive,0,2
178.46666666666667,True,-2.3069079781317785,0.16333883940654792,3.277777777777778,0.05674747474747331,0.17275896467297036,attentive,0,2
178.5,True,1.989170735112504,2.546854237419324,3.2222222222222223,0.056525252525251084,0.17275198538211306,attentive,0,2
178.53333333333333,True,-1.1230848714209434,0.6981362564225193,3.166666666666667,0.05630303030302886,0.17273724720958972,attentive,0,2
178.56666666666666,True,-0.6707906690570858,0.024502704436857002,3.111111111111111,0.05608080808080664,0.17270315860598429,attentive,0,2
178.6,True,2.1615121379790976,1.566575680836394,3.0555555555555554,0.05585858585858442,0.17267457245424245,attentive,0,2
178.63333333333333,True,-0.44935384179104587,-0.010406772843879857,3.0,0.05563636363636219,0.17262286600240667,attentive,0,2
178.66666666666666,True,5.4920818673704845,-0.10063340601047939,2.944444444444444,0.05541414141413997,0.17266465677924092,attentive,0,2
178.7,True,1.1110260355193025,1.3150136400798624,2.888888888888889,0.05519191919191775,0.17266854510477048,attentive,0,2
178.73333333333332,True,1.2789984689646936,1.556979890068256,2.833333333333333,0.05496969696969553,0.17268569314137472,attentive,0,2
178.76666666666665,True,-4.469025337358475,-1.5460361756534247,2.7777777777777777,0.05474747474747331,0.1726853888647652,attentive,0,2
178.8,True,0.7780983156897667,-2.9912719981670106,2.722222222222222,0.05452525252525108,0.17270070018839057,attentive,0,2
178.83333333333334,True,-2.4540238692722225,-0.1753008397041797,2.666666666666667,0.05430303030302887,0.1726937270262791,attentive,0,2
178.86666666666667,True,-0.2714842534784316,-0.6212879349250958,2.611111111111111,0.05408080808080664,0.17265347174012707,attentive,0,2
178.9,True,-2.5324796050219924,-1.3326296682658623,2.555555555555556,0.05385858585858442,0.17268059279291037,attentive,0,2
178.93333333333334,True,-0.8942930930098086,1.2935280191316165,2.5,0.0536363636363622,0.1726652083089612,attentive,0,2
178.96666666666667,True,3.215609457867437,-1.705505867762866,2.4444444444444446,0.05341414141413998,0.17266660862500413,attentive,0,2
179.0,True,0.8957968595208137,3.081405683419045,2.388888888888889,0.05319191919191775,0.1726315619437176,attentive,0,2
179.03333333333333,True,2.4831847370672557,-0.8694845082905562,2.3333333333333335,0.05296969696969553,0.17261833353712008,attentive,0,2
179.06666666666666,True,0.7482837106049818,0.7456362759642902,2.2777777777777777,0.05274747474747331,0.17261646139653203,attentive,0,2
179.1,True,4.32454620449186,-4.3733642511828315,2.2222222222222223,0.05252525252525109,0.17259338783256206,attentive,0,2
179.13333333333333,True,1.7629236082553805,-1.258864584941667,2.2222222222222223,0.03555555555555404,0.17260247479629673,attentive,0,2
179.16666666666666,True,0.39855307995517275,-0.004527386163397942,2.2222222222222223,0.03555555555555404,0.17261304602396255,attentive,0,2
179.2,True,-1.5801092950892617,1.2443472091245449,2.2222222222222223,0.03555555555555404,0.17257975574989437,attentive,0,2
179.23333333333332,True,0.6906728172478052,0.17415008415546152,2.2222222222222223,0.03555555555555404,0.17254864913048223,attentive,0,2
179.26666666666665,True,-1.5116366568972162,1.9402156096048855,2.2222222222222223,0.03555555555555404,0.17249998796592467,attentive,0,2
179.3,True,1.0194218798162262,-3.2287526194436666,2.2222222222222223,0.03555555555555404,0.17249544170964293,attentive,0,2
179.33333333333334,True,1.638637530998704,1.6470656283651697,2.2222222222222223,0.03555555555555404,0.17251813695870338,attentive,0,2
179.36666666666667,True,-2.4207162035358114,1.6446864249394477,2.2222222222222223,0.03555555555555404,0.1725084250713929,attentive,0,2
179.4,True,1.7475307262059425,0.9883547266893333,2.2222222222222223,0.03555555555555404,0.17249382848685002,attentive,0,2
179.43333333333334,True,-2.520635285762448,-1.3024504134458026,2.2222222222222223,0.03555555555555404,0.17249269794207805,attentive,0,2
179.46666666666667,True,-0.2657167630422322,1.008191699900857,2.2222222222222223,0.03555555555555404,0.17248804646389876,attentive,0,2
179.5,True,2.499586138419191,1.2202565479811736,2.2222222222222223,0.03555555555555404,0.17248158538267322,attentive,0,2
179.53333333333333,True,0.14725679583398021,-1.054389735622976,2.2222222222222223,0.03555555555555404,0.1724759889009052,attentive,0,2
179.56666666666666,True,-0.3735229137229111,1.1924935657044988,2.2222222222222223,0.03555555555555404,0.1724441690345562,attentive,0,2
179.6,True,-0.484393765897669,-2.5438557433907265,2.2222222222222223,0.03555555555555404,0.17240093242392998,attentive,0,2
179.63333333333333,True,-0.13391293927085743,1.3959764219201645,2.2222222222222223,0.03555555555555404,0.1723992367024288,attentive,0,2
179.66666666666666,True,0.21209419758870293,-1.287423169840416,2.2222222222222223,0.03555555555555404,0.17241531967062357,attentive,0,2
179.7,True,3.0793565235060556,-1.5491167474032173,2.2222222222222223,0.03555555555555404,0.17243865206744857,attentive,0,2
179.73333333333332,True,-0.3453795327415499,2.0969879263545623,2.2222222222222223,0.03555555555555404,0.1724217578337557,attentive,0,2
179.76666666666665,True,-1.2382278959887554,0.9040096541189442,2.2222222222222223,0.03555555555555404,0.17241565981545043,attentive,0,2
179.8,True,2.583148729398735,1.5599635955900224,2.2222222222222223,0.03555555555555404,0.172436590676709,attentive,0,2
179.83333333333334,True,1.5839355305419256,0.5728201357044698,2.2222222222222223,0.03555555555555404,0.1724065445194487,attentive,0,2
179.86666666666667,True,2.712681079687207,-1.0724403400743798,2.2222222222222223,0.03555555555555404,0.1723777812036621,attentive,0,2
179.9,True,3.8836528622788706,1.699772142298171,2.2222222222222223,0.03555555555555404,0.17237142364362307,attentive,0,2
179.93333333333334,True,-3.634969397559337,1.5851448043879792,2.2222222222222223,0.03555555555555404,0.17232682206288527,attentive,0,2
179.96666666666667,True,-2.5409760862154522,0.449321806168518,2.2222222222222223,0.03555555555555404,0.17232225182695318,attentive,0,2
